1,Roxanne,The Police
2,SULTANS OF SWINGS,DIRE STRAITS
3,BLACKBIRD,THE BEATLES
4,I Love Rock And Roll,Joan Jett
5,I Wanna Dance With Somebody,Whitney Houston
6,Mona Lisa,Nat King Cole
7,Tie A Yellow Ribbon..,Tony Orlando
8,Groovin',Young Rascals
9,Good Vibartions,Beach Boys
10,Mustang Sally,Wilson Pickett
12,Ballad Of John & Yoko,Beatles
13,"Paint It, Black",The Rolling Stones
14,Jumping Jack Flash,Rolling Stones
15,Goodbye,Air Supply
16,If Love Is Blind,Tiffany
17,Baby You're A Rich Man,Beatles
19,Everybody Loves Somebody Sometimes,Dean Martin
20,I Could Have Danced All Night,Paula Mesina
23,St. Elmo's Fire,John Farr
24,All The Way,Jeffrey Osborne
26,As Long As He Needs Me,Anita Bryant
27,Could It Be Magic,Barry Manilow
28,Till They Take My Heart Away,Claire Marlo
29,Blue Christmas,Wynonna
30,Breaking Up Is Hard To Do,N. Sedaka
31,COME SOFTLY TO ME,FLEETWOOD MAC
32,Don't Make Me Over,Dionne Warwick
33,How High The Moon,Jerry Vale
34,I'd Like To Teach The World To Sing,The New Seekers
35,I Love You For Sentimental Reasons,Linda Ronstadt
36,It's Impossible,Perry Como
37,IT'S BEGINNING TO LOOK LIKE CHRISTMAS,BING CROSBY
38,Itsy Bitsy Teenie Weenie Yellow Polka Dot Bikini,Brian Hyland
39,Let Me Try Again,Frank Sinatra
40,Let Me Call You Sweetheart,P. Boon
42,Look Of Love,Sergio Mendez
43,Do You Know The Way To San Jose,Dionne Warwick
44,She's Out Of My Life,Michael Jackson
45,Some Guys Have All The Luck,Rod Stewart
46,I Only Have Eyes For You,ART GARFUNKEL
47,THE IMPOSSIBLE DREAM (THE QUEST),ANDY WILLIAMS
48,Merry Christmas,Carpeters
49,Woman,John Lennon
50,Bad Girls,Donna Summer
51,Don't You Want Me,Human League
52,DO YOU WANT TO KNOW A SECRET?,Beatles
53,Island In the Stream,Rogers & Paron
54,Said I Love You. But I Lied,Michael Bolton
55,Can't Fight This Feeling Anymore,Reo Speedwagon
56,Mrs. Robinson,Simon & Garfunkle
57,I'll Never Love This Way Again,Dionne Warwick
59,Joy to the World,Three Dog Night
63,COTTON FIELDS,CCR
64,HE AIN'T HEAVY HE'S MY BROTHER,Hollies
65,I Won't Last A Day Without You,Carpenters
66,Scarborough Fair,Simon & Garfunkel
67,You Are My Sunshine,Gary Davis
69,Surfin' U.S.A,Beach Boys
70,That's What Friends Are For,Dionne Warwick
71,Five Hundred Miles,Peter Paul & Mary
72,GROOVY KIND OF LOVE,PHIL COLLINS
74,59th St. Bridge Song,S.R.Contreras
75,A Hazy Shade of Winter,Bangles
77,I've Gotta Get A Message To You,Bee Gees
79,Zombie,Cranberries
80,25 Minutes,Michael Learns To Rock
81,A Big Hunk of Love,Elvis Presley
84,A Man Without Love,Engelbert Humperdinck
85,No More Rhyme,Debbie Gibson
88,A Horse With No Name,Daryll Hall
89,18 and Life,Skidrow
90,25 OR 6 TO 4,CHICAGO
91,My Sharona,The Knacks
92,1999,Prince
146,I Left My Heart in San Francisco,Tony Bennett
147,How Can You Mend,Bee Gees
148,I'VE GOTTA GET A MESSAGE TO YOU,BEE GEES
149,You Don't Have To Say You Love Me,Vic Damone
150,TENNESSEE WALTZ,PATTI PAGE
153,How Am I Supposed To Live Without You,Laura Branigan
154,The Most Beautiful Girl In The World,Prince
155,Regrets,Fra Lippo Lippi
156,NEW YORK NEW YORK,FRANK SINATRA
159,God Bless USA,J. Ford
160,Tie A Yellow Ribbon Round The Old Oak Tree,Tony Orlando
161,Don't It Make My Brown Eyes Blue,Crystal Gale
162,The First Time Ever I So Your Face,Roberta Flack
163,Lucy In The Sky With Diamonds,The Beatles
164,Spring Summer Winter and fall,Aphrodite's Child
165,Raindrops Keeps Fallin' On My Head,J. Thomas
166,Beautiful Sunday,Daniel Boone
167,Help Me Make It Through The Night,Kris Kristofferson
168,Nothing's Gonna Change My Love For You,Glen Medeiros
169,Have I Told You Lately,Rod Stewart
170,I Just Can't Stop Loving You,Michael Jackson
172,Strong Enough,Sheryl Crow
181,Don't Cry Joni,Conway Twitty and Joni Lee
183,ESCAPADE,JANET JACKSON
184,I WILL FOLLOW HIM,PETULA CLARK
185,I'm A Believer,Neil Diamonds/The Monkees
186,I'm Sorry,Brenda Lee
187,Indian Reservation,Paul Revere
189,Killing Me Softly With His Song,Roberta Flack
191,Le Freak,Chic
192,Listen To The Music,Doobie Brothers
193,LITTLE DARLIN',MAURICE WILLIAMS
195,Nights In White Satin,Moody Blues
197,One,Three Dog Knight
199,Romeo And Juliet,Dire Strait
202,Speak Softly Love,Andy Williams
203,Morning After,C. Davis
205,The Wedding,Julie Rogers
207,TO YOU,Leslie Chung
208,Tom Dooley,Bob Weirs
209,"Turn, Turn, Turn",The Byrds
210,Where Have All The Flowers Gone,Kingston Trio
211,Young Love,Tab Hunter
212,Solitary Man,Neil Diamond
214,Another Day In Paradise,Phil Collins
215,Glory Of Love,Peter Cetera
216,Hold The Line,Toto
217,I'M NOT IN LOVE,10CC
218,Jump,Van Halen
224,Handyman,James Taylor
225,FEEL LIKE MAKING LOVE,ROBERTA FLACK
226,Foolish Heart,Steve Perry
227,Tie A Yellow Ribbon Round The Old Oak Tree,Tony Orlando
228,The Sign,Aace Of Base
229,Love,John Lennon
230,Surfin' U.S.A,Beach Boys
231,Lady Love,Lou Rawls
233,Money For Nothing,Dire Strait
235,You'd Be So Nice To Come,FRANK SINATRA
236,YOU'LL NEVER FIND ANOTHER LOVE LIKE MINE,LOU RAW
237,Back In the USSR,Beatles
241,My Heart Will Go On,Celine Dion
242,SHA LA LA,DREAMHOUSE
246,ALWAYS AND FOREVER,HEATWAVE
247,Truly,Lionel Richie
248,CATHY'S CLOWN,EVERLY BROTHERS
252,If You Asked Me To,Celine Dion
253,Lonely Is The Night,Air Supply
255,My Happiness,Connie Francis
256,Walk Right Back,Everly Brothers
257,Someone That I Used To Love,Natalie Cole
258,You'll Never Walk Alone,Frank Sinatra
259,The Color Of The Night,Lauren Christy
260,The Minute Your Gone,Harry Ventura
261,Take A Chance,Abba
262,True Love Ways,Buddy Hollie
263,Thank You For The Music,Abba
264,I'LL BE SEEING YOU,BARRY MANILOW
266,All At Once,Whitney Houston
267,Because Of Love,Menudo
268,Lunatic,Gazebo
269,Human,Human League
270,Please be Good to Me,Menudo
271,I WANNA DO IT WITH YOU,Barry Manilow
272,Some People,Fra Lippo Lippi
273,A Long And Lasting Love,Crystal Gayle
274,WHENEVER I CALL YOU FRIEND,KENNY LOGGINS & STEVIE NICKS
275,One Moment In Time,Whitney Houston
276,Straight From The Heart,Bryan Adams
278,I MISS YOU,KLYMAXX
279,Love Is Love,Culture Club
280,Jealous Guy,John Lennon
281,The Sweetest Days,Vanessa Williams
282,Just Another Woman In Love,Anne Murray
283,I've Been Waitng For You,Guys Next Door
284,MAKING LOVE,ROBERTA FLACK
285,WHISPERING WAVES,Donna Summer
286,Any Man Of Mine,Shania Twain
287,Can't We Try,Dan Hill and Vonda Shepard
288,Do I Have To Say The Words,Bryan Adams
289,Don't Talk To Strangers,Rick Springfield
290,Love Takes Time,Mariah Carey
291,Oh My Love,John Lennon
292,Never Thought,Dan Hill
294,Don't think Twice,Celine Dion
305,BLUER THAN BLUE,MICHAEL JHONSON
329,ONE MORE CHANCE,MADONNA
330,2 BECOME 1,SPICE GIRLS
331,For The First Time,Kenny Loggins
332,FOR YOU I WILL,MONICA
333,ALWAYS SOMEWHERE,SCORPIONS
334,Change The World,Eric Clapton
335,Can We Talk,Code Red
336,Dream On,Aerosmith
337,I'm Gonna Be Around,Michael Learns To Rock
338,How Could An Angel Break My Heart,Toni Braxton & Kenny G.
339,How Do I Live,Trisha Yearwood
340,I Could Fall In Love,Selena
341,I GO CRAZY,BARRY MANILOW
343,I Wouldn't Be Here If I Didn't Love You,Belinda Carlisle
344,Valentine,Martina Mcbride
345,How Many Hours,Michael Learns To Rock
346,ALL BY MYSELF,Eric Carmen
347,I'll Never Break Your Heart,Backstreet Boys
348,From Russia With Love,Frank Sinatra
349,Skyline Pigeon,Elton John
350,So Far Away,Carole King
351,Massachusetts,Bee Gees
352,MELODY FAIR,BEE GEES
353,Mocking Bird Hill,Patti Page
354,MOONLIGHT FLOWER,MICHAEL CREATU
355,Me And Mrs. Jones,Dr.  Dre
356,Summer Holiday,B Welch
357,Suzie Q,CCR
358,STORMY MONDAY,ALLMAN BROTHERS
359,Take On Me,A-ha
360,The Rose,Bette Midler
361,THIS LITTLE BIRD,MARIANNE FAITHFULL
362,TICKET TO THE TROPICS,GERARD JOLING
363,Till,Tom Jones
364,Tonight I Celebrate My Love,Peabo Bryson &
366,WELCOME TO MY WORLD,ANITA KERR SINGERS
367,What A Wonderful World,Louis Armstrong
369,YESTER ME YESTER YOU YESTER DAY,STEVIE WONDER
370,You Call It Love,Karoline Kruger
371,Love Hurts,Nazareth
372,Kokomo,Beach Boys
373,JEANIE WITH THE LIGHT BROWN,S.C.Foster
374,ABACAB,GENESIS
375,Bad Case Of Loving You,Robert Palmer
376,Ben,Michael Jackson
377,Break It To Me Gently,Angela Boffil
378,Love Letters,Pat Boone
379,Three Times A Lady,Lionel Richie
381,CARRIE,EUROPE
382,Green Green Grass Of Home,Tom Jones
383,Help Me Make It Through The Night,Kris Kristofferson
384,JANE,JEFFERSON STARSHIP
385,Lead Me On,Al Green
386,MY SWEET LADY,JOHN DENVER
387,Sunshine On My Shoulder,John Denver
388,SYMPATHY,RAREBIRD
389,LET IT GROW,ERIC CLAPTON
390,Before The Dawn,Judas Priest
391,I Shot The Sheriff,Eric Clapton
392,I Get Around,Beach Boys
393,Hold On I'm Coming,Sam And Dave
394,HELLO I LOVE YOU,DOORS
395,HEARTBREAK HOTEL,ELVIS PRESLEY
396,Hang on Sloopy,Rick Derringer
397,Good Molly Miss Molly,Little Richard
398,"Girl, you'll Be A Woman Soon",Neil Diamonds
399,Jail House Rock,Elvis Presley
400,LOVE ON THE ROCKS,NEIL DIAMOND
401,Love Is Blue,Al Martino
402,"SPRING, SUMMER WINTER AND FALL",APHRODITE'S CHILD
403,Take Me Home Country Roads,John Denver
404,Time In A Bottle,Jim Croce
405,Happy Together,The Turtles
406,I Wanna Hold Your Hand,The Beatles
407,HOMEWARD BOUND,SIMON & GARFUNKEL
408,LOVE ME DO,BEATLES
409,BOTH SIDES NOW,JUDY COLLINS
410,Every Breath You Take,The Police
411,Can't Help Fallin' In Love With You,Elvis Presley
412,Don't It Make My Brown Eyes Blue,Crystal Gale
413,The First Time Ever I So Your Face,Roberta Flack
414,House Of The Rising Sun,Animals
415,I Write The Songs,Barry Manilow
416,I'M ON FIRE,BRUCE SPRINGSTEEN
417,HAWAIIAN WEDDING SONG,ANDY WILLIAMS
418,Lookin' Out My Back,CCR
419,DRIVE MY CAR,BEATLES
420,ELEANOR RIGBY,BEATLES
421,Get Back,The Beatles
422,Good Day Sunshine,Beatles
423,GOT TO GET YOU INTO MY LIFE,BEATLES
424,HERE COMES THE SUN,BEATLES
425,If I Fell,The Beatles
426,Lady Madonna,The Beatles
427,LUCY IN THE SKY WITH DIAMONDS,BEATLES
428,NORWEGIAN WOOD,BEATLES
429,Paper Back Writer,The Beatles
430,Please Please Me,The Beatles
431,DO RE MI,Julie Andrews
432,Do You Wanna Dance,Mamas & The Papas
433,Misty,Johnny Mathis
434,SHE'S A LADY,RICHARD SANDERSON
435,Addicted To Love,Robert Palmer
436,COMING UP,WINGS
437,DAYDREAM BELIEVER,THE MONKEES
438,Don't Be Cruel,Elvis Presley
439,BIG GIRLS DON'T CRY,FOUR SEASONS
440,BE BOP A LULA,GENE VINCENT
441,HONKY TONK WOMEN,THE ROLLING STONES
442,GEORGIA ON MY MIND,RAY CHARLES
443,Great Balls Of Fire,Jerry Lewis
444,Lodi,CCR
445,That'll Be The Day,Buddy Hollie
446,Memories,Elvis Presley
447,Wake Up Little Susie,The Everly Brothers
449,Unforgettable,Natalie Cole
450,Under my Thumb,Rolling Stones
451,Tutti Frutti,Little Richard
452,Time OF The Season,The Zombies
453,TEDDY BEAR,ELVIS PRESLEY
454,REACH OUT I'LL BE THERE,GLORIA GAYNOR
455,ONE OF THESE NIGHTS,Henley Frey
456,MY HOMETOWN,BRUCE SPRINGSTEEN
457,Maybe Baby,Buddy Holly
458,It's Only Love,The Beatles
459,IS THIS LOVE,WHITE SNAKE
460,IN THE GHETTO,ELVIS PRESLEY
462,ALL FOR LOVE,"BRYAN ADAMS,ROD STEWART & STING"
463,Bed Of Roses,Bon Jovi
466,Faithful,Go West
467,Fallin',Teri Desario
470,I'll Never Get Over You,Expose'
471,I WISH THE PHONE WOULD RING,EXPOSE
472,Sometimes Love Just Ain't Enough,Patty Smith
473,Keep This Love Alive,Tom Scott
474,Lean On Me,Michael Bolton
477,Stupid Cupid,Connie Francis
478,I'm Too Sexy,Right Said Fred
479,Put Your Head On My Shoulder,Paul Anka
488,THE REASON WHY,JOHN FARNHAM
489,Nightbird,Kalapana
490,YOU MAKE IT HARD,KALAPANA
496,Miracle,Whitney Houston
497,Bizaare Love Triangle,New Order
498,All The Man That I Need,Whitney Houston
501,For All We Know,Carpenters
503,You're All I Need,White Lion
504,DYING INSIDE TO HOLD YOU,TIMMY THOMAS
505,Stars,Simply Red
507,Run To You,Whitney Houston
508,I Will Be Here For You,Michael W.  Smith
509,By The Time This Night,Peabo Bryson
510,Number Two,Joe
511,Break It Down Again,Tears For Fears
512,All I Want,Toad The Wet Sprocket
513,Creep,Radiohead
514,People Are Strange,Doors
515,NOTHING COMPARES..,SINEAD O' CONNORS
516,More To Lose,Seona Dancing
518,Everything Counts,Depeche Mode
519,Some Good Things Never Last,Barry Manilow
520,ANYTIME,THE JETS:
522,MUSIC BOX,MARIAH CAREY
525,Part Of Your Wold,Little Mermaid
527,SANTA FE,BON JOVI
530,STRANGER IN PARADISE,TONY BENNET
532,What's Up,4 Non Blondes
534,The First Time I Loved Forever,Beauty and the Beast
535,Again,Janet Jackson
539,EVERYBODY WANTS TO RULE THE WORLD,TEARS FOR FEARS
541,HEAD OVER HEELS,TEARS FOR FEARS
544,Kiss,Tom Jones
545,Material Girl,Madonna
547,All My Life,America
548,Out Here On My Own,Leslie Gore
549,FIRST OF MAY,BEE GEES
550,I CAN'T SEE NOBODY,BEE GEES
551,RUN TO ME,BEE GEES
552,LIGHT AND SHADE,FRA LIPPO LIPPI
553,If You Walked Away,David Pomeranz
554,WORLD,BEE GEES
555,NEW YORK MINING DISASTER,BEE GEES
556,SPICKS AND SPECKS,THE BEE GEES
557,I'VE GOTTA GET A MESSAGE TO YOU,BEE GEES
558,The Gift Of Love,Bette Midler
559,If We Hold On Together,Diana Ross
560,If This Is Love,Melissa Manchester
561,I Need You,America
562,PUSSYWILLOWS CATTAILS,KENNY RANKIN
563,In The Morning,The Bee Gees
566,Copacobana,Barry Manilow
567,Heart Of Mine,Bobby Caldwell
568,Too Much Love Will Kill You,Brian May
569,Ride Like The Wind,Christopher Cross
570,If I Ever Loose My Faith..,Sting
571,Funky Town,Lipps Inc.
572,RADIO GA GA,QUEEN
573,I Want To Break Free,Queen
574,Always In My Heart,Tevin Campbell
575,STANDING RIGHT NEXT TO ME,CELINE DION
577,La La La Means,Swing Out Sisters
578,LUCKY ONE,Amy Grant
580,Tell Me Where It Hurts,Kathy Trocolli
581,MAKE IT RIGHT,LISA STANSFIELD
582,Someones Rockin',Natalie Cole
587,Something To Say,Harem Scarem
588,Till Death Do Us Part,White Lion
589,HURTING EACH OTHER,CARPENTERS
590,Dress You Up,Madonna
592,ACHY BREAKY HEART,DON VON TRESS
593,Arthur's Theme,Christopher Cross
595,English Man In New York,Sting
596,I Swear,All 4 One
597,Baby I Love Your Way,Big Mountain
598,STAY (I MISSED YOU,LIZA LOEB
606,Close To Heaven,Color Me Badd
607,CAN YOU FEEL THE LOVE TONIGHT,ELTON JOHN
608,Steep,Lauren Christy
610,Aubrey,Bread
612,By The Light Of The…,Mel & Lyr
613,Down By The River Side,Mel & Lyr
614,THE MORE YOU IGNORE ME,MORRISSEY
615,Lady,Kenny Rogers
617,Please Mr. Postman,Carpenters
618,THE POWER OF LOVE,CELINE DION
619,Promise Me,Beverly Craven
620,Somewhere Out There,Linda Ronstadt
621,Sometimes When We Touch,Dan Hill
623,Wind Beneath My Wings,Bette Midler
624,EASY,LIONEL RICHIE
635,Baby I Don't Care,Elvis Presley
636,It Must Have Been Love,Roxette
638,Borderline,Madonna
639,BRING YOUR PROBLEMS..,JON DUNMORE
640,GET UP,Technotronic
641,Don't Look In My Eyes,Sam Harris
642,FINDING OUT THE HARD..,CYNTHIA RHODES
643,Good Luck Charm,Elvis Presley
644,Hey Mr. DJ,Zhane
645,Ice Ice Baby,Vanilla Ice
653,Shouldn't Have To Be Like That,Fra Lippo Lippi
654,That's The Way Love Goes,Janet Jackson
655,The More You Live..,Flock Of Seagulls
659,It's Not Unusual,Tom Jones
660,ORDINARY WORLD,DURAN DURAN
661,Regrets,Fra Lippo Lippi
662,WHY DO FOOLS FALL IN LOVE,FRANKIE LYNON
663,SEPTEMBER MORN',NEIL DIAMOND
664,Shout,Tears For Fears
665,Never Let Her Slip Away,Andew Gold
666,One Day Soon,Tom Jones
667,One Last Cry,Bryan McKnight
668,Get Here,Oleta Adams
669,Footloose,Kenny Loggins
670,Il Mondo,Engelbert Humperdinck
672,I'll Never Fall In Love,Mary Carpenter
673,HEAVEN KNOWS,RICK PRICE
677,The Best Thing That Ever Happened,Gladys Knight and the Pips
680,I Have Nothing,Whitney Houston
681,EVERGREEN,Barbara Streisand
682,Love Me Tonight,Tom Jones
683,Rock With You,Michael Jackson
685,Especially For You,Kylie Minogue and Jason Donovan
686,Emotion,Bee Gees
687,CONSTANTLY,CLIFF RICHARD
689,I COULD EASILY FALL IN LOVE,CLIFF RICHARD
690,JUST THE WAY YOU ARE,BILLY JOEL
691,Outside,George Michael
693,This Time I Know Is Forever,Errol Brown
694,The Next Time I Fall,Peter Cetera And Amy Grant
695,When The Girl,Cliff Richardson
696,WIND ME UP (LET ME GO),CLIFF RICHARD
697,I'll Stand By You,C. Taylor
698,I'll Remember,Madonna
699,Only One Road,Celine Dion
700,There Goes My Everything,Engelbert Humperdinck
701,Two Steps Behind,Def Leppard
702,WITHOUT LOVE,ENGELBERT HUMPERDINCK
703,Danny's Song,Loggins & Messina
705,Go Away Little Girl,Tony Bennet
706,How Sweet It Is (To Be Loved By You),James Taylor
707,I AM WOMAN,HELEN REDDY
708,I Can See Clearly..,Hothouse Flowers
709,I Feel The Earth Move,Carole King
710,Hello Mary Lou,The Executives
711,Honesty,Billy Joel
712,Baby Come To Me,Patti Austin
714,Knock On Wood,Eddie Floyd
715,I Could Have Danced All Night,Paula Mesina
718,It's My Turn,Diana Ross
719,You're The Inspiration,Chicago
720,The Actor,Michael Learns To Rock
721,Through The Fire,Chaka Khan
722,Cry For Help,Rick Ashley
723,Time & Chance,Color Me Badd
724,WEAK,SWV
725,Something About You,Level 42
726,Shine,Collective Soul
727,First Time,Styx
728,All Behind Us Now,Patti Austin
729,Fame And Fortune,Elvis Presley
730,Ocean Of Love,H. Coleman
731,COME UNDONE,DURAN DURAN
732,Live To Tell,Madonna
733,NO SON OF MINE,GENESIS
734,THE RIVER OF DREAMS,BILLY JOEL
735,Moving On Up,M. People
737,All For Love,Color Me Badd
738,Back For Good,Take That
739,DON'T EVER LEAVE ME,PAUL ANKA
741,Leader Of The Band,Dan Fogelberg
742,Lost In Love,Air Supply
743,Lost In Emotion,Lisa Lisa
744,OPERATOR,JIM CROCE
745,You Make Me Feel Brand New,Stylistics
747,Your Cheating Heart,Hank Williams
748,No Limit,2 Unlimited
750,POOR BOY,ELVIS PRESLEY
751,"WHEN IT RAINS, IT REALLY POURS",ELVIS PRESLEY
752,Smoke On The Water,Deep Purple
753,SOMEBODY TO LOVE,QUEEN
754,SOMETHING GOT ME STARTED,Simply Red
755,SO NATURAL,Lisa Stansfield
756,Stayin' Alive,Bee Gees
758,Take A Bow,Madonna
759,Tears On My Pillow,The Imperials
760,Captain Of Her Heart,Double
761,THE LOGICAL SONG,SUPERTRAMP
762,TILL THEY TAKE MY HEART,CLAIR MARLO
764,TRUE,Spandau Ballet
765,Just A Touch Of Love,C&C Music Factory
766,We Are The World,USA For Africa
767,WEAR MY RING AROUND...,ELVIS PRESLEY
769,WHAT'S LOVE GOT TO DO WITH IT,TINA TURNER
770,The Woman In My Life,The Commodores
771,Would I Lie To You,Annie Lennox
772,Yakety Yak,The Coasters
774,Someday,Mariah Carey
775,I Want You,Elvis Presly
776,ONE OF THESE SOUNDS,BOB AND SUSAN
777,J JUMP,JOE RAPOSO
779,RAINBOW CONNECTION,DANA VALLERY
783,"BAD, BAD LEROY BROWN",JIM CROCE
784,AN OLD FASHIONED LOVE SONG,TREE DOG NIGHTS
785,I HEARD IT THROUGH THE GRAPEVINE,MARVIN GAYE
788,After The Lovin',Engelbert Humperdinck
789,All Things You Are,Sarah Vaughn
790,All My Loving,The Beatles
791,ALL NIGHT LONG,LIONEL RITCHIE
793,Boy From New York City,Manhattan Transfer
794,Broken Wings,Mr. Mister
795,Candida,Toni Orlando
796,The Candy Man,Sammy Davis Jr.
798,The Closer I Get To You,R. Flack
799,Crying In The Chapel,P. Frazier
800,Do You Think I'm Sexy,Rod Stewart
801,When I Fall In Love,Ant And Dec
802,All I've Got To Do,BEATLES
803,OLD TIME ROCK AND ROLL,BOB SEEGER
804,BLUE BAYOU,LINDA RONSTADT
805,EYE OF THE TIGER,SURVIVOR
806,Can't Help Fallin' I Love With You,Elvis Presley
807,CAN'T SMILE WITHOUT YOU,BARRY MANILOW
808,Flash Dance(What A Feelin),Irene Cara
809,LIGHT MY FIRE,DOORS
810,BALLAD OF JOHN AND YOKO,THE BEATLES
811,Birthday,The Beatles
812,LAYLA,ERIC CLAPTON
813,Hello Goodbye,The Beatles
814,Help,The Beatles
815,WE CAN WORK IT OUT,THE BEATLES
816,Obladi Oblada,Beatles
817,Desperado,Eagles
818,Another Day,Paul McCartney
819,BAD MOON RISING,J.C FOGETTY
820,Born To Be Wild,Stephen Wolffe
823,Fernando,Abba
825,Mrs. Robinson,Simon & Garfunkel
826,Jet,Paul McCartney
827,Listen To What The Man Said,Paul McCartney
828,DANCING IN THE DARK,Bruce Springsteen
829,Fun Fun Fun,Beach Boys
830,AFTER MIDNIGHT,ERIC CLAPTON
831,Give Peace A Chance,John Lennon
832,Hound Dog,Elvis Presley
833,Wanted Dead Or Alive,Bon Jovi
834,Viva Las Vegas,Elvis Presley
835,Uptown Girl,Billy Joel
836,THE MIDNIGHT SPECIAL,CCR
837,Manic Monday,Bangles
838,Make The World Go Away,Willie Nelson
839,(YOU'VE GOT) THE MAGIC TOUCH,THE PLATTERS
840,The Letter,Box Tops
841,Last Train To Clarksville,The Monkees
842,Here I Go Again,White Snake
843,Heartache Tonight,Eagles
844,GLORY DAYS,BRUCE SPRINGSTEEN
845,Garden Party,Ricky Nelson
846,Walk Of Life,Dire Straits
847,Gimme Shelter,Rollin' Stones
848,AT THE HOP,DANNY AND JRS.
849,Piano Man,Billy Joel
850,MOTHER OF MINE,JIMMY OSMOND
852,AND WHEN I DIE,BLOOD SWEAT AND TEARS
853,"Baby, Baby",Amy Grant
854,Be Still My Beating Heart,J.  Bernardo
855,Color My World,Chicago
856,Crimson And Clover,Tommy James
857,DON'T CRY FOR ME ARGENTINA,OLIVIA NEWTON JOHN
859,Dude Looks Like A Lady,Aerosmith
860,Empty Room,Gary Moore
861,EVIL WAYS,SANTANA
862,Faith,George Michael
863,For My Lady,Moody Blues
864,For The Peace Of All Mankind,Albert Hammond
865,For Once In My Life,Tony Bennet
866,Goodbye Jimmy Goodbye,Jack Vaughn
868,I've Got My Mind Set On You,George Harrison
870,Holiday,Madonna
871,I Can Dream About You,Dan Hartman
872,I Understand,Herman's Hermit
874,I Want To Know What Love Is,Foreigner
875,I'll Be There,Jackson 5
876,If I Needed You,D. Williams
878,Knife,Rockwell
879,Knockin' On Heaven's Door,Guns N' Roses
881,Last Christmas,Wham
882,Living Next Door To Alice,Smokie
883,Last Waltz,Engelbert Humperdinck
884,LITTLE WING,STING
885,Living In The Past,Jethro Tull
886,Looking for love,Johnny Lee
887,Lucille,Little Richard
888,Make Me Smile,Chicago
889,Midnight Confession,The Grass Roots
890,Moonlight Shadow,Mike Oldfield
891,Nothing's Gonna Stop Us Now,Starship
892,Never Ending Story,Limahl
896,Open Arms,Journey
898,ONLY THE LONELY,ROY ORBISON
899,Paradise City,Guns N' Roses
900,Perhaps Love,John Denver
901,Poor Man's Moody Blues,B.J. Harvest
903,Private Dancer,Tina Turner
904,Purple Rain,Prince
905,Put Your Head On My Shoulder,Paul Anka
906,Rivers Of Babylon,Bonnie M.
907,Raspberry Beret,Prince
909,Scarborough Fair,Simon & Garfunkle
910,Sea Of Heartbreak,Poco
911,She Bop,Cyndi Lauper
913,Sloop John B,Beach Boys
914,Smile Again,Newton Family
915,Still Loving You,Scorpions
916,Sugar Sugar,The Archies
918,The Boxer,Simon & Garfunkel
919,Final Countdown,Europe
920,Tonight,Alex E.
921,Up Where We Belong,Joe Cocker
924,HAVE YOU EVER BEEN MELLOW,OLIVIA NEWTON JOHN
925,Willie And The..,Eric Clapton
926,If You Leave Me Now,Chicago
927,MY SHARONA,THE KNACKS
928,Sir Duke,Stevie Wonder
929,COCAINE,ERIC CLAPTON
930,Don't Let Me Be Misunderstood,David Soul
931,REBEL YELL,BILLY JOEL
932,Midnight Rider,Allman Brothers
933,Don't Lose My Number,Phil Collins
934,THE HEART OF ROCK AND ROLL,HUEY LEWIS
935,JOHNNY B GOOD,CHUCK BERRY
938,CRAZY FOR YOU,MADONNA
939,Owner Of A Lonely Heart,Yes
940,CHERRY CHERRY,NEIL DIAMOND
941,PAPA'S GOT A BRAND NEW BAG,JAMES BROWN
942,Funky Broadway,Lester Chrisitan
943,Chain Of Fools,Aretha Franklin
944,Devil With A Blue Dress On,Mitch Ryder
945,INVISIBLE TOUCH,GENESIS
946,Mr. Sandman,The Chordettes
947,Pinball Wizard,Elton John
948,All I've Got To Do,BEATLES
949,FEELING ALL RIGHT,JOE COCKER
950,My Boyfriend's Back,The Angels
952,Burning Love,elvis Presley
953,If Tomorrow Never Comes,Garth Brooks
954,Mandolin Rain,Bruce Hornsby
956,As Sure As I'm Standing Here,Barry Manilow
957,Tell Me That You Love Me,Anne Murray
958,That's Why You Go,Michael Learns To Rock
959,In These Arms,Bon Jovi
960,Times Of Your life,Paul Anka
961,Trying To Get That Feeling,Barry Manilow
962,You On My Mind,Swing Out Sisters
963,YOU'RE THE ONE,THE CARPENTERS
964,When I Die,Milli Vanilli
965,WILL OF THE WIND,Jim Photoglo
967,Better Days,Diane Reeves
968,Black Or White,Michael Jackson
969,CINDERELLA EXPRESS,A.S.A.P.
970,Heart And Soul,Huey Lewis
971,HELP ME RHONDA,BEACH BOYS
972,Holding Back The Years,Simply Red
973,IF THIS IS IT,HUEY LEWIS
974,I'll Supply The Love,TOTO
975,Miss You In A Heartbeat,Def Leppard
976,BABY FACE,U2
977,It's Too Late,Carol King
978,LOVE WILL KEEP US TOGETHER,NEIL SEDAKA
979,I Made It Through The Rain,Barry Manilow
980,Man In The Mirror,Michael Jackson
981,MUSKRAT LOVE,AMERICA
982,ONE NIGHT,ELVIS PRESLEY
983,Suddenly,Olivia Newton-John and Cliff Richard
985,Thanks To You,Tyler Collins
986,TURNING JAPANESE,THE VAPORS
987,Vision Of Love,Mariah Carey
988,WE'VE GOT TONIGHT,KENNY ROGERS
990,TAKE THE TRAIN,BILLY STRAYHORN
991,AFTER THE LOVE HAS GONE,EARTH WIND AND FIRE
992,Astrud,Basia
993,BABY NOW THAT I FOUND,ALISON KRAUSS
994,Because You Love Me,Celine Dion
995,BEGIN THE BEGUINE,COLE PORTER
996,For Better Or Worst,Debbie Gibson
998,Down In Brazil,Michael Franks
999,COULD'VE BEEN,TIFFANY
1000,Somewhere In The Night,Barry Manilow
1001,Downtown,Petula Clark
1002,Dream About You,Stevie B.
1004,EVERYBODY,MADONNA
1005,EXPLOSION,MENUDO
1006,Fever,Elvis Presley
1008,MY FAVORITE THINGS,Julie Andrews:
1010,Gold,Spandau Ballet
1011,GOOD TO BE BACK,NATALIE COLE
1012,Hand In My Pocket,Alanis Morissette
1013,HERE COMES THE RAIN AGAIN,EURYTHMICS
1014,How Do You keep The Music Playing,James Ingram and Patti Austin
1015,I Can Love You Like That,All-4-One
1016,IF YOU REMEMBER ME,BARRY MANILOW
1017,In The Groove,Madonna
1018,Ironic,Alanis Morissette
1019,It's The Lover,Tiffany
1020,Keep On Loving You,Reo Speedwagon
1021,LET'S TAKE ALL NIGHT,BARRY MANILOW
1022,Love Me For A Reason,Boyzone
1023,Mas Que Nada,Sergio Mendez
1024,More Than You'll Ever Know,Michael Ruff
1025,More Than A Woman,Bee Gees
1026,My Life,Billy Joel
1027,Night And Day,Frank Sinatra
1028,You Are Not Alone,Michael Jackson
1029,Nothing Can Stop Us Now,Rick Price
1030,If I'm Not In Love,Kathy Troccoli
1031,ONE SHINING MOMENT,DIANA ROSS
1032,PROMISES,BASIA
1033,RIP IT UP,ELVIS PRESLEY
1034,SHARING THE NIGHT..,DR. HOOK
1035,SHOWER ME WITH YOUR LOVE,SURFACE
1036,Summer Nights,Olivia Newton John
1037,Smooth Operator,Sade
1038,SOMEKIND OF FRIEND,BARRY MANILOW
1039,Song Sung Blue,Neil Diamond
1124,I BELIEVE IN YOU,DON WILLIAMS
1127,Long Hair,Weed
1182,ALWAYS IN MY HEART,TEVIN CAMPBELL
1253,First Love,The Seekers
1260,Don't Say Goodbye,Human Nature
1309,I Need To Be In Love,The Crapenters
1317,Amazing,Aerosmith
1318,Angel On My Shoulder,The Cascades
1319,ANYTIME YOU NEED A FRIEND,MARIAH CAREY
1320,AS TIME GOES BY,FRANK SINATRA
1324,We've Only Just Begun,Carpenters
1325,I Believe In Dreams,Janno Gibbs
1327,BREATHE AGAIN,TONI BRAXTON
1330,CAN'T CRY HARD ENOUGH,WILLIAM BROTHERS
1332,DAUGHTERS OF TRITON,ARIEL'S SISTERS
1333,De Do Do Do,The Police
1337,SINCE I DON'T HAVE YOU,GUN 'N ROSES
1338,Don't Know Much,Linda Ronstadt and Aaron Neville
1340,Dreamin',Cliff Richard
1341,Dream Lover,Mariah Carey
1342,Drive,The Cars
1343,End Of The World,Carpenters
1345,Farmer In The Dell,Kevin Crate
1346,Fields Of Gold,Sting
1347,My First Day Alone,Cascades
1348,Fixing A Broken Heart,Indecent Obsession
1350,I Want To Give It All,Air Supply
1351,I'VE GOT A CRUSH ON YOU,FRANK SINATRA
1352,A Groovy Kind Of Love,Phil Collins
1355,HASTA MANANA,ABBA
1356,Hero,Mariah Carey
1363,I WANNA BE YOUR..,CASCADES
1365,Sometimes Love Just Ain't Enough,Patty Smith
1370,GETTING TO KNOW YOU,THE KING AND I
1371,THE LAST LEAF,The Cascades
1372,LET ME BE,CASCADES
1375,Lucky Guy,The Cascades
1386,Ocean Deep,Cliff Richard
1394,PUNCH AND JUDY,CASCADES
1395,THERE'S A REASON,CASCADES
1397,Rhythm Of The Rain,Cascades
1399,Another Sad Love Song,Toni Braxton
1401,SHY GIRL,CASCADES
1404,STARDUST,BILLY WAYWARD
1407,BECAUSE OF YOU,TONY BENNET
1408,Boulevard Of Broken Dreams,Tony Bennett
1409,COLD COLD HEART,TONY BENNET
1410,SMILE,TONY BENNET
1411,WHO CAN I TURN TO,TONY BENNET
1415,TWILIGHT TIME,A. DUNU
1418,SOMEONE'S WAITING..,THE RESCUERS
1419,Was I Dreamin',The Cascades
1421,I WHISTLE A HAPPY..,THE KING AND I
1422,Will You Be There,Michael Jackson
1423,WHEN YOU WISH UPON A STAR,JIMINY CRICKET
1425,You Were There,Southern Sons
1427,CAN'T TAKE MY EYES,GLORIA GAYNOR
1428,Born to be alive,Patrick Hernandez
1431,YOU MEAN THE WORLD TO ME,TONI BRAXTON
1433,GOOD ENOUGH,CYNDI LAUPER
1435,Am I That Easy To Forget,Engelbert Humperdinck
1436,Around The World,Aqua
1437,Chiquitita,Abba
1439,FANTASY,EWF
1441,Merry Christmas,Carpeters
1442,Merry Christmas Darling,The Carpenters
1450,Rosanna,ToTo
1451,Close To You,Carpenters
1452,Deep In My Soul,Acosta & Russell
1455,SELFISH,THE OTHER TWO
1466,CAN YOU FEEL THE LOVE TONIGHT,ELTON JOHN
1469,I'll Always Love You,Michael Johnson
1470,Always,Atlantic Star
1472,BEAUTIFUL IN MY EYES,JOSHUA KADISON
1474,About A Girl,Nirvana
1476,By The Light Of The Silvery,Mel & Lyr
1478,Can't Help Wondering Why,Dessa
1481,Don't Wanna Lose You,Gloria Estefan
1482,Doors,Michael Johnson
1484,EYE IN THE SKY,ALAN PARSONS PROJECT
1485,My Fair Share,Seals & Crofts
1486,Fallen,Lauren Wood
1489,Heaven,Bryan Adams
1491,Here We Are,Gloria Estefan
1493,If Looks Could Kill,Heart
1500,La Isla Bonita,Madonna
1502,YOUR LOVE IS KING,SADE
1503,Love Is All Around,Wet Wet Wet
1504,I'll Make Love To You,Boys II Men
1506,The Moment Of Truth,Survivor
1509,MY PRAYER,THE PLATTERS
1510,I NEED TO BE IN LOVE,THE CARPENTERS
1511,New Kid In Town,Eagles
1512,Goodnight Girl,Wet Wet Wet
1513,No Arms Can Ever Hold You,Chris Norman
1514,NO RAIN,BLIND MELON
1516,NOTHIN' AT ALL,HEART
1517,Out Of The Blue,Michael Learns To Rock
1524,STRANGER,BILLY JOEL
1527,Take It To The Limit,Eagles
1528,Time,Alan Parsons Project
1529,It's Sad To Belong,Englang Dan & John Ford Coley
1530,TOO MANY WALLS,CATHY DENNIS
1531,YOU'RE ALWAYS ON MY MIND,GALLERY
1533,Wind Of Change,Scorpions
1535,What About Love,Heart
1536,WHAT'S GOING ON,MARVIN GAYE
1538,I WON'T HOLD YOU BACK,TOTO
1539,Devoted To You,Everly Brothers
1542,Breakout,Swing Out Sister
1543,Forever,Rex Smith
1544,AIN'T THAT A SHAME,FATS DOMINO
1545,ALMAS,RANDY CRAWFORD
1546,Baby I Don't Care,Elvis Presley
1547,BARBARA ANN,BEACH BOYS
1548,Beauty And Madness,Fralippo Lippi
1549,On Bended Knees,Boys II Men
1551,BLUEBERRY HILL,FATS DOMINO
1552,Blue Suede Shoes,Elvis Presley
1554,SEE YOU LATER ALLIGATOR,BILL HALEY
1556,THE DISTANCE..,FRA LIPPO LIPPI
1557,DON'T TAKE AWAY..,FRA LIPPO LIPPI
1559,Somewhere Down The Road,Barry Manilow
1561,Everytime I See You,Fra Lippo Lippi
1562,AFTER THE FIRE IS GONE,FREDDIE FENDER
1564,A FOOL SUCH AS I,ELVIS PRESLEY
1565,Forever Young,Alphaville
1566,HARD HEADED WOMAN,ELVIS PRESLEY
1568,I'm Not A Fool Anymore,Freddie Fender
1571,KISS ME QUICK,ELVIS PRESLEY
1572,All That She Wants,Ace Of Base
1573,PUMP UP THE JAM,TECHNOTRONIC
1574,All Apologies,Nirvana
1575,BOYS DON'T CRY,THE CURE
1577,Don't Fade Away,Acosta & Russel
1579,IF I SING YOU LOVE SONG,BONNIE TYLER
1580,It's A Heartache,Bonnie Tyler
1582,Lady In Red,Chris De Burgh
1583,Shouldn't Have To Be Like That,Fra Lippo Lippi
1586,LOVE ME,ELVIS PRESLEY
1587,I LOVE ROCK 'N..,JOAN JETT
1592,Mandy,Barry Manilow
1594,The More You Live The More You Love,A Flock Of Seagulls
1595,The Most Beautiful Girl,Prince
1597,My Special Angel,Bobby Helms
1599,NEXT DOOR TO ANGEL,NEIL SEDAKA
1603,READY TO TAKE..,BARRY MANILOW
1604,RIGHT HERE,S.W.V.
1605,ROCK AROUND THE CLOCK,BILL HALEY
1607,SECRET,MADONNA
1609,All Shook Up,Elvis Presley
1611,Sleeping Child,Michael Learns To Rock
1612,WITCHITA LINEMAN,GLEN CAMPBELL
1613,Gambler,David Benoit
1614,You are Everything,S Club 7
1616,Help Yourself,Tom Jones
1618,MY LOVE AND DEVOTION,PERRY COMO
1619,No Other Love,Jo Stafford
1621,Secret Love,George Michael
1625,Babe,Styx
1628,Constantly,Cliff Richard
1629,HIGH HOPES,FRANK SINATRA
1631,Portrait of My Love,Matt Monroe
1632,Theme For A Dream,Cliff Richard
1633,Do You Know Where Your Going To,Diana Ross
1634,What I Did For Love,Jack Jones
1635,Memory,Barbra Streisand
1636,"Quando, Quando, Quando",Engelbert Humperdinck
1637,The Music Played,Matt Monroe
1638,The Nearness Of You,Sheena Easton
1639,You're My World,Helen Reddy
1640,Baby I Need Your Loving,THE FOUR TOPS
1641,EVEN NOW,BARRY MANILOW
1642,AULD LANG SYNE,Guy Lombardo
1643,Blue Velvet,Bbby Vinton
1644,ACT NATURALLY,RINGO STAR
1645,Half Crazy,Johnny Gil
1646,TENDER IS THE NIGHT,TONY BENNETT
1647,Always Something There To Remind Me,Naked Eyes
1650,I'm Still Not Over You,Richard Carpenter
1651,GOODBYE TO LOVE,THE CARPENTERS
1652,Didn't We Almost Have It All,Whitney Houston
1653,Roses Are Red,Bobby Vinton
1655,In The Still Of The Night,Five Satins
1656,GIRLS GIRLS GIRLS,ELVIS PRESLEY
1657,HAVE I TOLD YOU LATELY,ELVIS PRESLEY
1659,DON'T,ELVIS PRESLEY
1663,Where Are You Now,Jimmy Harnen
1665,HOW MUCH IS THAT..,FREDDIE FENDER
1669,WAIT TILL YOU SEE,NEIL SEDAKA
1671,The Diary,Neil Sedaka
1672,HEAVENLY ANGEL,MENUDO
1673,HOLD ME,MENUDO
1674,SWEET LITTLE YOU,NEIL SEDAKA
1675,COME SUMMER,FRA LIPPO LIPPI
1676,Happy Birthday Sweet Sixteen,Paul Anka
1677,SURE,DEBBIE GIBSON
1678,Stairway To Heaven,Led Zeppelin
1680,Just As I Am,Air Supply
1681,ODE TO MY FAMILY,THE CRANBERRIES
1682,To Be With You,Mr. Big
1683,TOO MUCH,ELVIS PRESLEY
1684,RETURN TO SENDER,ELVIS PRESLEY
1685,All I Wanna Do,Sheryl Crow
1686,The Way It Used To Be,Engelbert Humperdinck
1687,No More Rhyme,Debbie Gibson
1688,All This Time,Tiffany
1689,BAD,MICHAEL JACKSON
1690,I've Been Away Too Long,George Baker Selection
1691,WHO IS IT,MICHAEL JACKSON
1692,CALENDAR GIRL,NEIL SEDAKA
1694,CRAZY IN LOVE,KIM CARNES
1695,DISAPPOINTMENT,The Cranberries
1696,THESE DREAMS,HEART
1697,From A Distance,Bette Midler
1699,LITTLE DEVIL,NEIL SEDAKA
1700,I Can't Be With You,The Cranberries
1701,THE ICICLE MELTS,THE CRANBERRIES
1704,BEING GREEN,KERMIT THE FROG
1705,LISTEN TO YOUR HEART,SONIA
1706,LOVE WILL KEEP US,EAGLES
1707,LOST IN YOUR EYES,DEBBIE GIBSON
1710,Just Once,James Ingram
1711,Could It Be Magic,Barry Manilow
1712,Through The Years,Kenny Rogers
1713,Touch Me In The Morning,Diana Ross
1714,RAINY DAYS AND MONDAYS,CARPENTERS
1715,HIP TO BE SQUARE,HUEY LEWIS
1718,Climb Every Mountain,Julie Andrews
1719,NOW AND FOREVER,RICHARD MARX
1720,ALFIE,DIONNE WARWICK
1721,You Are My Destiny,Paul Anka
1723,Almost Paradise,Mike Reno ft. Ann Wilson
1725,You To Me Are Everything,The Real Thing
1729,YOU'LL NEVER FIND ANOTHER LOVE LIKE MINE,LOU RAW
1730,BEEN AROUND THE..,LIZA STANSFIELD
1731,BUILD ME UP BUTTERCUP,The Foundations
1732,Chick To Chick,Matt Monroe
1733,THE GREAT PRETENDER,THE PLATTERS
1736,LINGER,THE CRANBERRIES
1748,I'M STILL REMEMBERING,THE CRANBERRIES
1750,Gold,Spandau Ballet
1756,Chocolatte,Soul Control
1765,All I Want Is Everything,Def Leppard
1766,3 A.M.,Matchbox 20
1778,My Strongest Suit,Spice Girls
1786,Someone That I Used To Love,Natalie Cole
1788,STAR,BRYAN ADAMS
1792,The APL Song,Black Eyed Peas
1799,What Took You So Long,Emma Bunton
1814,Miss Flawless,Angelica Jones
1826,MAGNIFY THE LORD,MICHAEL O'SHIELDS
1829,Only By Grace,Integrity
1830,OUT OF REACH,GABRIELLE
1832,What A Mighty God,Gospel Song
1834,When You Look At Me,Christina Millian
1837,Blame It On The Weatherman,B'Withched
1846,Anytime,Kelly Clarkson
1848,Hunter,Dido
1851,Thank God I Found You,Mariah Carey
1852,HE WASN'T MAN ENOUGH,TONI BRAXTON
1895,Luna de octubre,Hermanos Michel
1977,Seguir`e mi viaje,Olga Quillot
2054,TIBUR`ON A LA VISTA,MIKE LAURE
2085,No debes jugar,Selena
2099,LINDA,MIGUEL BOSE
2106,FUEGO CONTRA FUEGO,RICKY MARTIN
2109,SE VA EL CAIMAN,MIKE LAURE
2116,LA ABUSADORA,LAURA LEON
2118,AMANTE BANDIDO,MIGUEL BOSE
2120,CERO TREINTA Y NUEVE,MIKE LAURE
2139,TODO A PULMON,MIGUEL RIOS
2154,PENAS,SANDRO
2194,No hay adi`os,Laureano Brizuela
2218,ETAPAS DE MI VIDA,TOPPAZ
2222,LA CHULA,MIGUEL BOSE
2233,No s`e muri`o el amor,Mijares
2247,CARNAVALITO,MERCOSUR
2333,QUIERO LLENARME DE TI,SANDRO
2338,BAILA ESTA CUMBIA,SELENA
2360,ME CUESTA TANTO OLVIDARTE,MECANO
2453,HOY CANTO POR CANTAR,NYDIA CARO
2458,"Nieva,nieva",Paulina Rubio
2480,LA BANDA BORRACHA,MIKE LAURE
2529,A time for us,Donny Osmond
2531,All for the love of a girl,Johnny Horton
2532,All Of Me,Frank Sinatra
2534,AND I LOVE HER,BEATLES
2535,And I Love You So,Perry Como
2536,ANTONIO'S SONG,Michael Franks
2537,Are You Lonesome Tonight?,Elvis Presley
2538,As tears go by,Rolling Stones
2539,Autumn Leaves,Tony Bannett
2540,Beautiful Brown Eyes,Grace Walter
2541,Beautiful Sunday,Daniel Boone
2542,Bridge Over Troubled Water,Simon & Garfunkel
2543,Beauty and the Beast,Peabo Bryson & Celine Dion
2545,Bye Bye Love,Everly Brothers
2546,Careless Whisper,George Michael
2547,California Dreamin',Mamas & Papas
2548,Casablanca,Bertie Higgins
2549,Changing Partners,Skeeter Davis
2550,Can't Help Fallin' I Love With You,Elvis Presley
2551,Cotton Fields,C.C.R
2552,Crazy Love,Paul Anka
2553,Don't Forget to Remember Me,Bee Gees
2554,Diana,P.Anka
2556,Danny Boy,Conway Twitty
2557,Dust In The Wind,Kansas
2558,EDELWEISS,JULIE ANDREWS
2559,EL CONDOR PASA,SIMON & GARFUNKEL
2560,End Of the Road,Boys II Men
2561,Endless Love,Lionel Richie & D. Ross
2562,Evergreen,Susan Jackson
2563,Feelings,Morris Albert
2564,The First Time Ever I So Your Face,Roberta Flack
2565,Fly Me To The Moon,Brenda Lee
2566,For The Good Times,Kris Kristofferson
2569,Speak softly love,Andy Williams
2571,Green Fields,The Brothers Four
2572,The Green Green Grass Of Home,Tom Jones
2573,Honesty,Billy Joel
2574,Hard To Say I'm Sorry,Chicago
2575,Have you Ever Seen The Rain,CCR
2576,He'll have to go,Jim Reeves
2577,HELLO DOLLY,LOUIS^ ARMSTRONG
2578,Help Me Make It Through The Night,Kris Kristofferson
2579,Hey Jude,The Beatles
2580,house of The Rising Sun,Animals
2581,Hotel California,Eagles
2582,I Can't Stop Loving You,Ray Charles
2583,I like Chopin,Gazebo
2584,I Really Don't Want To Know,Elvis Presley
2585,I've Been Away Too Long,George Baker Selection
2586,Ace Of Sorrow,Brown & Donna
2587,Imagine,John Lennon
2588,ITSY BITSY TEENIE WEENIE YELLOW...,BRIAN HYLAND
2589,I Just Called To Say I Love You,Stevie Wonder
2590,Just When I Needed You Most,Randy Vanwarmer
2591,Kiss And Say Goodbye,The Manhattans
2592,Killing Me Softly With His Song,Roberta Flack
2593,LA BAMBA,RICHIE VALENS
2595,Let It Be,The Beatles
2596,Let it Be ME,Everly Brothers
2597,Let Me Be There,Olivia Newton John
2598,Like A Virgin,Madonna
2599,Love,John Lennon
2600,Love is a Many Splendored thing,Andy Williams
2601,Love Me Tender,Elvis Presley
2602,Love Story (Where Do I Begin),Andy Williams
2603,MICHELLE,THE BEATLES
2604,Moon River,Andy Williams
2605,More Than I Can Say,Leo Sayer
2606,My Way,Frank Sinatra
2608,Oh Carol,Neil Sedaka
2611,Only You,Platters
2612,One Way Ticket,Neil Sedaka
2613,Paper Roses,Marie Osmond
2614,Proud Mary,C.C.R.
2615,Reality,Richard Sanderson
2616,Raindrops Keeps Fallin' On My Head,J. Thomas
2617,Rain and Tears,Aphrodite's Child
2618,YOU NEEDED ME,ANNE MURRAY
2619,Sailing,Rod Stewart
2620,San Francisco,Gleen Camble
2621,SING,THE CARPENTERS
2622,Sealed With A Kiss,Letterman
2623,Seven Daffodils,The Brothers Four
2624,The End,Earl Grant
2625,Somewhere My Love,Ray Conniff
2626,Something,The Beatles
2627,You're My Everything,Santa Esmeralda
2628,The Sound Of Silence,Simon & Garfunkel
2629,Stand By Me,John Lennon
2630,Stand By Your Man,Tammy Wynette
2631,Strangers In The Night,Frank Sinatra
2633,Sunshine On My Shoulder,John Denver
2634,Surfin' U.S.A,Beach Boys
2635,You Mean Everything To Me,Neil Sedaka
2636,Take Me Home Country Roads,John Denver
2637,TENNESSEE WALTZ,PATTI PAGE
2638,The Way We Were,Babra Streisand
2639,THIS MASQUERADE,LEON RUSSELL
2640,Tears In Heaven,Eric Clapton
2641,Today,Jimmy Rogers
2642,Too Young,Dony Osmond
2643,Unchained Melody,Ringhteous Brothers
2644,You Light Up My Life,Debbie Boone
2647,Wonderful Tonight,Eric Clapton
2648,Yesterday,The Beatles
2649,Yesterday Once More,Carpenters
2650,Woman In Love,Barbra Streisand
2653,STUMBLIN' IN,Suzi Cuatro
2654,HOW CAN I TELL HER,LOBO
2655,I'd Love You To Want Me,Lobo
2657,SAY YOU WILL,David Liang
2658,GIRL YOU ARE MY LOVE,Pink Boys
2659,Black Is Black,Joy
2660,WITHOUT YOU,Harry Nilsson
2661,Papa,Paul Anka
2662,Hey Hello,Joy
2664,Within You'll Remain,Tokyo Square
2665,Touch By Touch,Joy
2666,Happy New Year,Abba
2668,Hello,Lionel Richie
2669,"You're My Heart, You're My Soul",Modern Talking
2670,ONLY YESTERDAY,CARPENTERS
2671,Tell Laura I Love Her,Ray Peterson
2672,You Can Win If You Want,Modern Talking
2673,Superstar,Carpenters
2674,Delilah,Tom Jones
2675,S.O.S.,Abba
2676,Sad Movies,Lennon Sister
2677,Right Here Waiting,Richard Marx
2678,LOVE ME WITH ALL OF YOU HEART,E.  Humperdink
2679,Knock Three Times,DAWN
2680,MIDNIGHT LADY,CHRIS NORMAN
2681,Venus,BANANARAMA
2682,I Just Fall In Love Again,Anne Murray
2683,VOULEZ VOUS,ABBA
2684,We Are The World,USA For Africa
2685,Flash Dance(What A Feelin),Irene Cara
2686,Top Of The World,Carpenters
2688,IF,BREAD
2689,NOTHING'S GONNA STOP US NOW,Starship
2690,I Don't Like To Sleep Alone,Paul Anla
2691,LET'S TWIST AGAIN,CHUBBY CHECKER
2692,Paloma Blanca,George Baker
2693,BOULEVARD,DAN BYRD
2694,Rhythm Of The Rain,Cascades
2695,Nothing's Gonna Change My Love For You,Glenn Medeiros
2696,Dancing Queen,Abba
2697,SELF CONTROL,LAURA BRANIGAN
2698,OH! DARLING,THE BEATLES
2699,I Started A Joke,Bee Gees
2700,ANNIE'S SONG,JOHN DENVER
2701,Because,The Dave Clark Five
2702,Crying In The Rain,Everly Brothers
2704,HAWAIIAN WEDDING SONG,ANDY WILLIAMS
2706,The Locomotion,Little Eva
2707,MORE,Andy Williams
2708,Mister Lonely,Bobby Vinton
2709,TRY TO REMEMBER,ANDY WILLIAMS
2710,Walk Away,Matt Monroe
2711,The Last Waltz,Engelbert Humperdinck
2712,GIMME GIMME GIMME,ABBA
2713,THE LADY IN RED,CHRIS DE BURGH
2714,OVER AND OVER,Nana Muskouri
2715,Say You Say Me,Lionel Richie
2716,Alone Again,Gilbert O'Sullivan
2717,Jambalaya,Carpenters
2719,Sorry Seems To Be The Hardest Word,Elton John
2720,HEART OF GOLD,NEIL YOUNG
2721,THOSE WERE THE DAYS,MARY HOPKINS
2722,REACHIN' OUT,BEE GEES
2723,Ebb Tide,Pat boone
2724,FASCINATION,Jane Morgan
2725,Smoke Gets In Your Eyes,The Platters
2726,Seasons In The Sun,Westlife
2727,You Don't Have To Say You Love Me,Vic Damone
2728,ONE MORE TRY,GEORGE MICHAEL
2730,NEEDLES AND PINS,Smokie Robinson
2731,Moonlight Lady,David Bowie
2733,The Green Leaves Of Summer,Brothers Four
2737,When I Need You,Albert Hammond
2738,We're All Alone,Boz Scaggs
2739,ONE MORE NIGHT,PHIL COLLINS
2740,When Will I See You Again,The Three Degrees
2741,Saving All My Love For You,Whitney Houston
2742,FOOLISH BEAT,DEBBIE GIBSON
2743,Too Much Heaven,Bee Gees
2744,To All The Girls I've Loved Before,Julio Iglesias ft Willie Nelson
2745,Do That To Me One More Time,Captain & Tennille
2746,When A Man Loves A Woman,Percy Sledge
2747,Billie Jean,Michael Jackson
2748,Heal The World,Michael Jackson
2749,ETERNAL FLAME,BANGLES
2750,IT'S SO EASY,LINDA RONSTADT
2751,ALL OUT OF LOVE,AIR SUPPLY
2752,Sweet Caroline,Neil Diamond
2753,Come Together,Beatles
2754,Another Day In Paradise,Phil Collins
2756,EVERY TIME YOU GO AWAY,PAUL YOUNG
2757,Livin' On A Prayer,Bon Jovi
2758,Born Free,Andy Williams
2759,Charade,Matt Monroe
2767,Aline,Adamo
2769,Everything I Do I Do It For You,Bryan Adams
2770,Lipstick On Your Collar,Connie Francis
2771,I SAW HER STANDING THERE,THE BEATLES
2772,All I Have To Do Is Dream,Juice Newton
2779,Save The Best For Last,Vanessa Williams
2780,Soldier Of Fortune,Deep Purple
2782,THE YOUNG ONES,CLIFF RICHARD
2783,ALONE,HEARTS
2784,The One You Love,Glenn Frey
2785,THE WINNER TAKES IT ALL,ABBA
2786,OCTOPUS'S GARDEN,THE BEATLES
2787,I LEFT MY HEART IN..,Frank Sinatra
2789,Don't Let The Sun Go Down On Me,ELTON JOHN
2790,Beat It,Michael Jackson
2791,ISLAND GIRL,ELTON JOHN & BERNIE TAUPIN
2792,Suspicious Mind,Elvis Presley
2793,Don't It Make My Brown Eyes Blue,Crystal Gale
2794,Karma Chameleon,Culture Club
2795,AGAINST ALL ODDS,PHIL COLLINS
2797,Take My Breath Away,Berlin
2798,YOU WON'T SEE ME,THE BEATLES
2800,ANGEL EYES,ABBA
2801,NOBODY DOES IT BETTER,CARLY SIMON
2802,Blue Eyes,Elton John
2803,New York New York,Frank Sinatra
2804,DADDY'S HOME,SHEP AND THE...
2805,Words,F.R.David
2806,IT'S NOW OR NEVER,ELVIS PRESLEY
2807,BEFORE THE NEXT TEARDROP FALLS,FREDDIE^ FENDER
2808,I Don't Know How To...,Helen Reddy
2809,Puppy Love,Paul Anka
2810,CAN'T BUY ME LOVE,THE BEATLES
2811,YOU'RE SIXTEEN,BOBBY SHERMAN
2812,You've Got A Friend,Carole King/James Taylor
2814,KING OF THE ROAD,ROGER MILLER
2815,I Don't Wanna Talk About It,Rod Stewart
2816,KISS ME GOODBYE,PETULA CLARK
2818,Why,Carole King
2819,WHO'LL STOP THE RAIN,C.C.R
2820,I'M STILL STANDING,ELTON JOHN & BERNIE TAUPIN
2821,HERE YOU COME AGAIN,DOLLY PARTON
2823,Tie A Yellow Ribbon Round The Old Oak Tree,Tony Orlando
2824,I Just Died In Your Arms Tonight,Cutting Crew
2825,Torn Between Two Lovers,Mary MacGregor
2826,Unchain My Heart,Joe Cocker
2827,HE AIN'T HEAVY HE'S MY BROTHER,HOLLIES
2828,Stuck On You,Lionel Richie
2829,To Love Somebody,Bee Gees
2830,I Can't Tell You Why,Eagles
2831,I HATE MYSELF FOR LOVING YOU,JOAN JETT
2832,SACRIFICE,ELTON JOHN
2833,The Most Beautiful Girl,Charlie Rich
2834,Always On My Mind,Willie Nelson
2835,Smooth Criminal,Michael Jackson
2836,NIKITA,ELTON JOHN
2838,The Girl Is Mine,Michael Jackson
2839,Daniel,Elton John
2840,How Deep Is Your Love,Bee Gees
2841,Your Song,Elton John
2842,No More Lonely Nights,Paul McCartney
2843,CROCODILE ROCK,ELTON JOHN & BERNIE TAUPIN
2844,GOODBYE YELLOW BRICK ROAD,Elton John
2845,The Power Of Love,Celine Dion
2846,I Only Wanna Be With You,Dusty Springfield
2847,Take Good Care Of My Baby,Bobby Vee
2848,How Am I Supposed To Live Without You,Michael Bolton
2849,Wind Of Change,Scorpions
2850,I JUST CAN'T STOP LOVING YOU,MICHAEL JACKSON
2851,Everything I Own,Bread
2852,Ebony And Ivory,Paul McCartney And Stevie Wonder
2853,Handyman,James Taylor
2854,YOUNG GIRL,GARY PUCKETT
2855,SWEET BABY JAMES,JAMES TAYLOR
2856,BLUEBIRD,PAUL McCARTNEY
2857,Never My Love,The Association
2858,A Very Special Love Song,Charlie Rich
2859,NIghts On Broadway,Bee Gees
2860,Band On The Run,Paul McCartney
2861,Baby I'm a Want You,Bread
2862,That's Why They Call It Blues,Elton John
2863,I PUT A SPELL ON YOU,CCR
2864,SAVE THE LAST DANCE..,De Franco Family
2865,Long Cool Woman,The Hollies
2866,My Love,Paul McCartney
2869,HOW CAN YOU MEND..,BEE GEES
2870,Telephone Line,ELO
2871,Rhiannon,Steve Nicks
2872,Sooner Or Later,The Grass Roots
2873,I Went To Your Wedding,Patti Page
2874,You Give Love A Bad Name,Bon Jovi
2875,No Woman No Cry,Bob Marley
2876,All I Ever Need Is You,Sonny And Cher
2878,In The Midnight Hour,Wilson Pocket
2879,Bang Bang (My Baby Shot Me Down),Cher
2880,Aquarius,5th Dimension
2881,Goin' out of my head,Frank Sinatra
2882,Mr. Bojangles,Sammy Davis Jr.
2883,Fire and Rain,James Taylor
2884,The Air that I Breath,The Hollies
2885,LOVESICK BLUES,JIMMY BUFFET
2887,RELEASE ME,WILSON PHILIPS
2888,Cry Me A River,Joe Cocker
2889,All Right Now,Free
2890,When I Was Young,The Animals
2891,If There Was Any Other Way,Celine Dion
2892,What's New Pussycat,Burt Bacharat
2893,Runaway,Del Shannon
2894,Dizzy,Tommy Roe
2895,Will You Still Love Me Tomorrow,Carole King
2896,SOMETHING 'BOUT YOU..,RICHARD SUPA
2897,CANDLE IN THE WIND,ELTON JOHN
2898,Sexy Eyes,Dr. Hook
2899,PHYSICAL,Olivia N. John
2900,DON'T LET ME BE LONELY,JAMES TAYLOR
2901,The Way You,Michael Jackson
2903,Earth Angel,The Penguins
2904,Spanish Harlem,Ben E.King
2905,I Who Have Nothing,Tom Jones
2906,OBLADI OBLADA,BEATLES
2907,LOVE POTION No.9,THE SEARCHERS
2909,APRIL LOVE,Pat Boone
2910,Great Pretender,The Platters
2911,Easy Lover,Phil Collins
2912,Limbo Rock,Chubby Checker
2913,Rhinestone Cowboy,Glenn Campbell
2914,Dedicated To The One I Love,Carpenters
2915,Nice To Be With You,Gallery
2917,Playground In My Mind,Ray Conniff
2921,I've Got The Music In Me,KKI DEE BAND
2922,Montego Bay,Bobby Bloom
2923,A Certain Smile,Johnny Mathis
2924,Hold me thrill me,Johnny Mathis
2925,Jada,B. Carleton
2926,Under Your Spell Again,Buck Owens
2927,American Made,Oakridge Boys
2929,Dream Baby,Glen Campbell
2930,I Love A Rainy Night,Eddie Rabbit
2931,Kids Says The Darndest Thing,Tammy Wynneth
2932,Together Again,Buck Owens
2934,We Belong Together,Pat Benatar
2935,Steamy Windows,Tina Turner
2937,Silent Lucidity,Queensryche
2938,DO YOU REALLY WANT TO HURT ME,CULTURE CLUB
2940,Laughter In The Rain,Neil Sedaka
2941,Blue Moon,Frank Sinatra
2942,I Love How You Love Me,Paris Sisters
2943,I do I do I Do,Abba
2944,I Feel Fine,The Beatles
2945,A Hard Days Night,Beatles
2946,Help,The Beatles
2947,I Will,The Beatles
2948,I'll Follow The Sun,The Beatles
2949,I'm Looking Through You,The Beatles
2950,In My Life,Beatles
2951,The Long And Winding Road,The Beatles
2952,Nowhere Man,The Beatles
2953,Penny Lane,The Beatles
2954,Tell Me Why,The Beatles
2955,DIARY,BREAD
2957,For Your Eyes Only,Sheena Easton
2958,Step By Step,New Kids On The Block
2960,Knowing Me Knowing You,ABBA
2963,The shadow of your smile,Brenda Lee
2964,Help,Beatles
2965,Look Of Love,Jackie Deshannon
2967,Have Yourself A Merry Little..,Carpenters
2972,Different Drum,M. Nesmith
2973,Blue Monday,Fats Domino
2974,For Your Love,Ed TownSend
2976,Hawaiin War Chart,Ames Bors.
2977,CHERISH,THE ASSOCIATION
2979,Delta Dawn,Helen Reddy
2980,Sit Down,Buffalo SpringField
2982,The Ceremony,WYNETTE & JONES
2983,GOOD LOVIN',BILLY SHIRRILL
2984,She Called Me Baby,Charlie Rich
2985,Dadday's Hand,Holly Dunn
2986,Hot Girls In Love,Loverboy
2987,We're In This Love Together,Al Jarreau
2988,I Love My Friend,Charlie Rich
2989,Alive And Kicking,Simple Minds
2990,I'm So Excited,The Pointer's Sister
2992,Working For The Weekend,Lover Boy
2993,"RIGHT HERE, RIGHT NOW",JESUS JONES
2994,Solitaire,Carpenters
2996,Waterloo,ABBA
2997,All You Need Is Love,The Beatles
2998,Day Tripper,The Beatles
2999,Eight Days A Week,The Beatles
3000,THE FOOL ON THE HILL,THE BEATLES
3001,Hello Goodbye,Beatles
3002,Here There And Everywhere,The Beatles
3004,If I Fell,The Beatles
3005,I'll Be Back,The Beatles
3006,Strawberry Fields Forever,The Beatles
3007,On Broadway,Ben E. King
3008,We Don't Talk Anymore,Cliff Richard
3009,Fame,Irene Cara
3011,Hooked On A Feeling,BJ Thomas
3013,There's A Kind Of Hush,Herman's Hermit
3014,To Sir With Love,Lulu
3015,Somewhere Over The Rainbow,Judy Garland
3017,Make It With You,Bread
3018,Money Money Money,ABBA
3023,Spanish Eyes,Al Martino
3024,Never On Sunday,Connie Francis
3025,Be My Love,Mario Lanza
3026,The Greatest Love Of All,Whitney Houston
3027,Sukiyaki,4 P.M.
3031,Having My Baby,Paul Anka
3032,2 BECOME 1,SPICE GIRLS
3033,A Big Hunk O' Love,Elvis Presley
3034,A Horse With No Name,Daryll Hall
3035,A WORD IN SPANISH,ELTON JOHN & BERNIE TAUPIN
3036,ABC,Jackson 5
3037,Adam And Eve,Paul Anka
3039,AFRICA,TOTO
3040,AFTER THE LOVE HAS GONE,EARTH WIND AND FIRE
3041,AIN'T NOTHING LIKE THE REAL THING,MARVIN GAYE
3043,All At Once,Whitney Houston
3044,ALL BY MYSELF,ERIC CARMEN
3046,All Shook Up,Elvis Presly
3047,All That She Wants,Ace Of Base
3048,Always,Bon Jovi
3049,Always Somewhere,Scorpions
3052,Angel Of Harlem,U2
3053,Anything For You,Miami Sound Machine
3054,Anything Goes,Frank Sinatra
3056,Are You Lonesome Tonight?,Elvis Presley
3058,BAD MOON RISING,J.C FOGETTY
3065,BEAUTIFUL LIFE,ACE OF BACE
3067,Bell Bottom Blues,Eric Clapton
3068,Best Of My Love,Eagles
3071,BLACK MAGIC WOMAN,SANTANA
3072,Blue Eyes,Elton John
3073,Blue Moon,Frank Sinatra
3075,Boogie Wonderland,"Earth, Wind & Fire"
3077,BORN TO BE MY BABY,BON JOVI
3078,BORN TO LOSE,RAY CHARKES
3080,CALIFORNIA GIRLS,BEACH BOYS
3081,I Can't Smile Without You,Barry Manilow
3082,CAROLINA IN MY MIND,JAMES TAYLOR
3083,Cocaine,Eric Clapton
3084,Colors Of The Wind,Vanessa Williams
3085,Come Rain Or Come Shine,Frank Sinatra
3087,Come What May,Air Supply
3089,Copacabana,Barry Manilow
3090,Could It Be Magic,Barry Manilow
3091,Cycles,Frank Sinatra
3092,DANCE ON LITTLE GIRL,PAUL ANKA
3093,"DANCE, DANCE, DANCE",Brian Wilson / Carl Wilson
3094,Desire,U2
3096,Diana,Paul Anka
3097,DIARY,BREAD
3098,Does Your Mother Know,ABBA
3099,DON'T,ELVIS PRESLEY
3101,DON'T BE CRUEL,Elvis Presley
3103,Don't Speak,No Doubt
3104,Empty Garden,Elton John
3105,ENGLISHMAN IN NEW YORK,Sting
3106,Enter Sandman,Metallica
3110,Every Little Thing She Does Is Magic,The Police
3111,Every Woman In the World,Air Supply
3112,Every Woman In the World,Air Supply
3114,Eveytime You Go Away,Paul Young
3115,Evil Ways,Santana
3116,EXODUS,BOB MARLEY
3117,Fernando,Abba
3118,FIELDS OF GOLD,STING
3119,Final Countdown,Europe
3121,For Mama,Matt Monro
3122,Fortess ArounD Your Heart,Sting
3123,Free As A Bird,The Beatles
3124,From Russia With Love,Frank Sinatra
3125,From This Moment On,Shania Twain
3126,Fun Fun Fun,Beach Boys
3127,Got Off Back My Woman,B.B. King
3128,Got Off Back My Woman,B.B. King
3131,GOD ONLY KNOWS,BEACH BOYS
3132,Goin Back To Indiana,F. Peren
3133,Goin' out of my head,The Imperials
3134,GOOD LUCK CHARM,ELVIS PRESLEY
3138,Handyman,James Taylor
3140,Hard Headed Woman,Elvis Presley
3142,Have You Ever Really Loved A Woman,Bryan Adams
3143,HELP ME RHONDA,BEACH BOYS
3146,Hopelessly Devoted To You,Olivia Newton-John
3147,Hound Dog,Elvis Presley
3148,How Sweet It Is To Be Loved By You,Marvin Gaye
3149,Human,Human League
3150,HURTING EACH OTHER,CARPENTERS
3152,I Don't Wanna Go On With You..,Elton John
3154,How Sweet It Is (To Be Loved By You),Frank Sinatra
3155,I Get Around,Beach Boys
3156,I GUESS THAT'S WHY THEY CALL IT THE BLUES,ELTON JOHN
3157,I Heard It Through The Grapevine,Marvin Gaye
3158,I Kept On Loving You,R. Carpenter
3159,I Love The,Alicia Bridge
3160,I Need You,America
3161,I Shot The Sheriff,Bob Marley
3162,I Swear,All 4 One
3163,I LOVE THE NIGHT LIFE,ALICIA BRIDGE
3164,I Need You,America
3165,I THANK YOU,SAM AND DAVE
3166,I Wanna Dance With Somebody,Whitney Houston
3167,I Want You Back,F. Perren
3168,I Will Always Love You,Whitney Houston
3169,I Won't Last A Day Without You,Carpenters
3170,I Write The Songs,Barry Manilow
3173,Im Still Standing,Elton John
3177,It Don't Matter To Me,Bread
3178,It Takes Ywo,Sylvia Moy
3179,It's A Miracle,Barry Manilow
3180,It's Going To Take Sometime,Carpenters
3181,I've Been Loving You,Isaac Hayes
3182,I'VE GOT YOU UNDER MY SKIN,FRANK SINATRA
3183,Jailhouse Rock,Elvis Presley
3184,Jammin',Bob Marley
3186,JINGO,SANTANA
3190,Lay Down Sally,Eric Clapton
3192,Let's Groove,"Earth, Wind & Fire"
3193,LET'S GROOVE,"EARTH, WIND, FIRE"
3197,Looks Like We Made It,Barry Manilow
3198,Love Is A Wonderful Thing,Michael Bolton
3200,Love Will Lead You Back,Taylor Dayne
3206,Mandy,Barry Manilow
3209,Mercy Mercy Mercy,Marvin Gaye
3211,Miss You LIke Crazy,The Moffats
3214,More than words,Extreme
3215,Morning Has Broken,Cat Stevens
3216,Mother Freedom,David Gates
3218,My Elusive Dreams,Tom Jones
3220,New Years Day,U2
3221,Nothing Broken But My Heart,Celine Dion
3223,ONE MAN PARADE,JAMES TAYLOR:
3224,One of Us,Joan Orborne
3227,Oye Como Va,Santana
3228,Paint My Love,Michael Learns To Rock
3235,PRESENCE OF THE LORD,ERIC CLAPTON
3236,Pretty Woman,Roy Orbison
3237,PRIVATE NUMBER,ISAAC HAYES
3238,Quit Playing Games,Backstreet Boys
3240,Remember Me This Way,Jordan Hill
3241,RESPECT YOURSELF,ISAAC HAYES
3242,Ridin' On A Railroad,James Taylor
3245,September,"Earth, Wind & Fire"
3246,She's Like The Wind,Patrick Swayze
3247,Ships,Barry Manilow
3250,Sing A Song,Earth Wind And Fire
3252,Sister Golden Hair,America
3254,SOUL MAN,Isaac Hayes
3256,Speak Softly Love,Andy Williams
3258,STEAM ROLLER (BLUES),JAMES TAYLOR
3259,Still,Lionel Richie
3263,Sweet River,Lionel Richie
3266,Take Good Care Of My Baby,Bobby Vee
3267,That's Life,Frank Sinatra
3268,Lady Is A Tramp,Frank Sinatra
3269,The Love You Save,F. Peren
3270,The Most Beautiful Girl In The World,Jack Jones
3271,The Soul Cages,Sting
3272,The Way You Look Tonight,Frank Sinatra
3273,THEME FROM NEW YORK NEW YORKF,FRANK SINATRA
3275,Three Little Birds,Bob Marley
3279,To Know You Is To Love You,Bobby Vinton
3280,TONIGHT,ALEX E.
3281,Torn,Natalie Imbruglia
3282,Travelin' Band,CCR
3284,Turn Back Time,Aqua
3286,UP AROUND THE BEND,J.C. Fogerty
3287,Ventura Highway,America
3289,We Are The Champions,Queen
3290,What Matters Most,Kenny Rankin
3291,Where The Streets Have No Name,U2
3292,Wishful Thinking,China Crisis
3293,With Or Without You,U2
3294,Would'nt It Be Nice,Beacj Boys
3295,You Are The Sunshine of My Life,Stevie Wonder
3296,You're Closer To Me,Matt Monroe
3297,You're Still The One,Shania Twain
3300,Breakfast In America,SuperTramp
3301,Two Princes,Spin Doctors
3302,It's Raining Again,Supertramp
3303,Three Coins In The Fountain,Frank Sinatra
3304,Give A Little Bit,Supertramp
3305,Take the Long Way Home,Supertramp
3306,School,Supertramp
3307,74-75,The Connels
3308,86,Green Day
3310,ABRACADABRA,STEVE MILLER BAND
3312,A Day In The Life,The Beatles
3313,Ain't Nothing Wrong With The Radio,Aaron Tippon
3314,Always Be My Baby,Mariah Carey
3315,Song Title,Rolling Stones
3317,She's Always A Woman,Billy Joel
3318,Living In America,Neil Diamond
3321,ANGIE,ROLLING STONES
3322,Any Dream Will Do,Boston
3323,Don't Cry For Me Argentina,Madonna
3326,A Whole New World,Peabo Bryson and Celine Dion
3327,Babushka,Kate Bush
3328,Baby Baby,Amy Grant
3329,Baby Come Back,Player
3330,Bad Love,Eric Clapton
3332,Get it On,Marc Bolan
3334,For The Benefit Of Mr. Kite,The Beatles
3335,SULTANS OF SWINGS,DIRE STRAITS
3336,Beautiful Goodbye,Amanda Marshall
3337,Bed Time Story,Madonna
3338,Behind Closed Doors,Charlie Rich
3341,Bette Davis Eyes,Kim Carnes
3343,Another One Bites The Dust,Queen
3344,Big In Japan,Alfajet
3345,Black Hole Sun,Sound Garden
3346,Blessed,Elton John
3347,Black Velvet,ALLANAH MYLES
3348,ME AND BOBBY MCGEE,JANIS JOPLIN
3350,The Brady Bunch,Candle Box
3351,BREAK OUT,SWING OUT SISTER
3352,Breath Of Life,Erasure
3353,Bright Eyes,Art Garfunkel
3355,Brother Louie,Modern Talking
3361,California Dreamin',Mamas & Papas
3362,CALIFORNIA GIRLS,BEACH BOYS
3363,It Never Rains In Southern California,Albert Hammond
3364,Candle in The Wind,Elton John
3365,Can't Stand Losing You,Police
3366,I Just Can't Wait To Be A King,Lion King Theme
3367,The Captain of Her Heart,Double
3368,Carry On,Sailor Moon Theme
3370,Cats In The Cradle,Ugly Kid Joe
3371,Cecilia,Simon & Garfunkle
3373,Chains Of Love,Erasure
3374,Champagne Supernova,Oasis
3375,Chapel Of Love,Dizie Cups
3376,The Chauffuer,Duran Duran
3378,Cheri Cheri Lady,Modern Talking
3379,CHERISH,THE ASSOCIATION
3380,When The Children Cry,White Lion
3381,China Grove,Doobie Brothers
3382,I Think I'm A Clone Now,Wierd Al
3383,The Promise You Made,Cock Robin
3384,LAVERNE AND SHIRLEY,THEME SONG
3385,COME RAIN OR COME SHINE,FRANK SINATRA
3386,COTTON EYE JOE,REDNEX
3388,Crazy Little Thing Called Love,Queen
3389,Cream,Police
3390,THESE ARE THE DAYS OF OUR LIVES,QUEEN
3392,THE DEVIL WENT DOWN TO GEORGIA,CHARLIE DANIELS BAND
3393,DIRTY LAUNDRY,DON HENNLEY
3396,Please Don't Go,KWS
3397,Don't Go Breakin' My Heart,Elton John
3398,DON'T LEAVE ME THIS WAY,THELMA HOUSTON
3399,Don't Stand So Close To Me,The Police
3400,Don't Turn Around,Ace Of Base
3401,Down Under,Men At Work
3402,Do You Remeber,Phil Collins
3403,Do You Wanna,Modern Talking
3404,I Have A Dream,Abba
3405,DREAM A LITTLE DREAM,MAMAS & PAPAS
3406,DREAMING OF YOU,SELENA
3407,Dream A Little Dream,Beautiful South
3408,DREAMS,EDWARD VAN HALEN
3409,D'yer Maker,Sheryl Crow
3410,Total Eclipse Of The Heart,Bonnie Tyler
3411,Eight Miles High,The Byrds
3412,It's A Small World,Disney Theme
3413,ELEANOR RIGBY,BEATLES
3414,El Paso,Marty Robbins
3415,Everybody's Talkin',Harry Nilson
3416,Everything I Do I Do It For You,Bryan Adams
3417,Exhale(Shoop Shoop Song),Whitney Houston
3418,Expressway To Your Heart,Ohio Players
3419,Faded Love,Lefty Frizel
3420,Faithfully,Journey
3421,Can't Help Falling In Love,Elvis Presley
3423,Feelings,Morris Albert
3424,Ferry Cross The Mecry,Gerry And The Pacemaker
3425,Fixing A hole,The Beatles
3429,Fortunate Son,CCR
3431,Fragile,Sting
3433,FRIENDS WILL BE FRIENDS,QUEEN
3435,Goergy Girl,The Seekers
3436,Its Getting Better,The Beatles
3437,Ghost Busters,Ray Parker
3438,Gimme Three Steps,Lynard Skynard
3439,The Girl Is Mine,Michael Jackson
3441,Gold Dust Woman,Stevie Nicks
3442,Good,Better Than Ezra
3443,Good Times Bad Times,Led Zeppelin
3444,Good Lovin',Billy Shirril
3445,Good Morning,The Beatles
3446,She's Got The Power,Sailormoon US
3447,Go West,Pet Shop Boys
3449,Greatest Love Of All,Whitney Houston
3450,Green Vest In The Sky(Parody),Greg Norman
3451,Guitar Man,Bread
3453,Into The Wide Open,Tom Petty
3454,Gypsy,Stevie Nicks
3457,Happy Xmas (War Is Over),"John  & Yoko, The Plastic Ono Band"
3458,A Hard Days Night,The Beatles
3459,Heart Of Glass,Blondie
3461,Head Over Feet,Alanis Morisette
3462,Heart Shape Box,Nirvana
3465,Hey Good Lookin',Hank Williams
3466,Hey Tonight,CCR
3467,Honey Pie,Beatles
3468,Here Comes The Hotstepper,Ini Kamoze
3469,House Of The Rising Sun,Animals
3471,I Can't Dance,Genesis
3472,I Dig Rock And Roll,Peter Paul and Mary
3473,I Feel Love,Donna Summer
3474,I FEEL THE EARTH MOVE,CAROLE KING
3475,I HEAR YOU KNOCK,FATS DOMINO
3476,Immigrant Song,Led Zeppelin
3477,The Impossoble Dream (The Quest),Andy Williams
3479,In The Summer Time,Duongo Jerry
3481,In Too Deep,Phil Collins
3484,Isn't She Lovely,Stevie Wonder
3485,Its I His Kiss,Cher
3487,I Was Made For Loving You,Kiss
3488,I Get A Kick Out Of You,Cole Porte
3492,King Herod's Song Of Hearts,Someone
3497,Bad Case Of Loving You,Robert Palmer
3498,Leaving On A Jetplane,John Denver
3499,Love Is In The Air,John Paul Young
3501,Kansas City,Fats Domino
3502,Kayleigh,Marillion
3504,Killer Queen,Queen
3505,Killing Me Softly,Fugees
3506,KIND OF A HUSH,HERMAN'S HERMITS
3507,LA ISLA BONITA,MADONNA
3508,Lady Jane,Rolling Stones
3509,THE LADY IS A TRAMP,FRANK SINATRA
3510,LAGRANGE,ZZ TOP
3511,Lake Of Fire,Nirvana
3512,Landslide,Fleetwood Mac
3513,Lemon Tree,Fools Garden
3514,Love Hurts,Nazareth
3515,LEAVING ON A JET,John Denver
3516,The Lion Sleeps Tonight,The Tokens
3517,Lithium,Nirvana
3518,Live And Let Die,Guns N' Roses
3519,THE LOGICAL SONG,SUPERTRAMP
3520,LOLA,THE KINKS
3522,THE LONG RUN,EAGLES
3524,Losing My Religion,R.E.M.
3525,Lost Without Your Love,Bread
3529,LUCKY LOVE,ACE OF BASE
3531,MACARTHUR PARK,JIM WEBB
3532,Bed Time Story,Madonna
3534,Maggie May,Beatles
3536,MARGARITAVILLE,JIMMY BUFFET
3537,Mary's Boy Child,Harry Belafonte
3539,Memphis Tenessy,Johnny Rivers
3540,Message In A Bottle,Police
3542,Missing,Everything But Girl
3543,Gonna Make You Sweat,C&C Factory
3544,Monday Monday,Mamas And Papas
3547,Moonlight Shadow,Mike Oldfield
3548,Morning Has Broken,Cat Stevens
3549,Mornin',Al Jarreu
3550,Please Mr. Postman,Carpenters
3555,My Generation,The Who
3557,The Night Before,The Beatles
3560,I'M NOT SAYING A WORD,BLUES BROTHERS
3561,November Rain,Guns N' Roses
3562,Oakie From Muskogee,Merle Haggard
3564,One Tin Soldier,The Original Caste
3565,Just One Of Those Things,Cole Porter
3568,Paint It Black,Rolling Stones
3569,Papa Don't Preach,Madonna
3572,Penny Royal Tea,Nirvana
3576,Play That Funky Music,Wild Cherry
3577,Pretty Paper,Roy Orbison
3578,Puff The Magic Dragon,Peter Paul & Mary
3579,Pulling Teeth,Green Day
3580,PURPLE HAZE,JIMI HENDRIX
3581,Put Your Hand In Hand,Anne Murray
3583,Rape Me,Nirvana
3584,Reach,Gloria Estefan
3587,You Really Got Me,The Nicks
3588,Red Rubber Ball,The Seekers
3590,Revolution,The Beatles
3592,Riders On The Storm,Doors
3594,Right Time,The Corrs
3596,Rocket Man,Elton John
3597,We Will Rock You,Queen
3599,Roof Garden,Al Jarreau
3600,The Rose,Bette Midler
3601,Rose Garden,Lynn Anderson
3602,"Ruby, Don't Take Your",Elvis Prestley
3603,Runaway Train,Soul Asylum
3606,Sara,Steve Nicks
3607,Satisfaction,Tom Jones
3608,Say You'll Be There,Spice Girls
3609,Sgt. Pepper's Lonely Hearts Club Band,The Beatles
3610,WE'LL SHARE THE..,BILL BATSTONE
3611,SHATTERED DREAMS,JOHNNY HATES JAZZ
3612,She Loves You,The Beatles
3614,She's Leaving Home,The Beatles
3615,SHOULD I STAY OR SHOULD I GO,THE CLASH
3616,The Show Must Go On,Queen
3619,SINCE I'VE BEEN LOVING YOU,LED ZEPPELIN
3621,Sledge Hammer,Peter Gabriel
3623,It's A Small World,Disney Theme
3626,So Loney,Police
3627,some Are Diamonds,John Denver
3629,SON OF A SON OF A..,JIMMY BUFFET
3630,Sound of Silence,Simon & Garfunkle
3632,Spinning Wheel,And Tears
3633,SPIRITS IN THE..,THE POLICE
3634,Spirits In The Material World,Police
3635,Oh Starry Night,SAILOR MOON US
3636,Straight Up,Paula Abdul
3637,Strange Currencies,R.E.M.
3639,Stupid Girl,Garbage
3640,Summer In The City,Joe Cocker
3642,SUPERSTAR,THE CARPENTERS
3643,SUPERSTITIOUS,STEVIE WONDER
3644,Surfer Girl,Beach Boys
3645,Suzanne,Leonard Cohen
3646,SWEET DREAMS,EURYTHMICS
3647,Sweet Freedom,Michael McDonald
3648,Sweet home Alabama,Lynard Skynard
3650,Take It On The Run,REO SPEEDWAGON
3652,The Beat Goes On,Sonny & Cher
3653,Smells Like Teen Spirit,Nirvana
3654,Try A Little Tenderness,Kiss
3655,Tequila Sunrise,The Eagles
3656,That'll Be The Day,LINDA RONSTADT
3657,That's The Way I Like It,Kc And The...
3658,Under The Boardwalk,Bette Midler
3659,Ticket To Ride,The Beatles
3660,Simply The Best,Tina Turner
3661,The Letter,Box Tops
3662,The Man Who Sold The World,Nirvana
3663,The One,Elton John
3664,There Must Be An Angels,Eurythmics
3665,THE RIVER,BRUCE SPRINGSTEEN
3666,These Boots Are Made For Walkin',Nancy Sinatra
3667,The Sign,Aace Of Base
3668,The Way It Is,Bruce Hornsby
3669,The Way We Were,Babra Streisand
3670,That Thing You Do,The Wonders
3671,The Thin Ice,Pink Floyd
3672,Tink Of Me,Charles Heart
3673,Think Of You,Whigfield
3675,Try A Little Kindness,Glen Campbell
3676,Twenty-One,Cranberries
3677,Don't Think Twice It's Alright,M. Johnson
3678,Two Out Of Three Ain't Bad,Meatloaf
3679,Unchained Melody,Ringhteous Brothers
3680,Under The Sea,Sebastian
3681,Under Pressure,Queen
3682,Under The Bridge,Red Hot Chili Peppers
3683,VIDEO KILLED RADIO STAR,BUGGLES
3684,Vogue,Madonna
3685,Walking On The Moon,Police
3686,Walk On By,Dionne Warwick
3687,ANOTHER BRICK IN THE,PINK FLOYD
3689,The Wanderer,Dion
3690,WANNABE,SPICE GIRLS
3693,WE BUILT THIS CITY,JEFFERSON STARSHIP
3694,WE CAN WORK IT OUT,BEATLES
3699,Wheel Of Fortune,Ace Of Base
3700,When I Come Around,Greenday
3701,When I'm 64,The Beatles
3702,While My Guitar Gently Weeps,The Beatles
3703,Whipping Post,Allman Brothers
3704,White Wedding,Billy Idol
3706,Who's That Girl,Madonna
3707,Whole Lotta Love,Led Zeppelin
3708,Who Wants To Live Forever,Queen
3709,Why Worry,Dire Straits
3710,The Wind Cries Mary,Jimmy Hendrix
3711,THE WINNER TAKES IT ALL,ABBA
3712,Wish You Were Here,Pink Floyd
3713,Witchy Woman,Eagles
3714,A Little Help From My Friends,The Beatles
3716,What The World Needs Now,Burt Bacharach
3717,Wonderful Tonight,Eric Clapton
3718,The Wonder Of You,Elvis Presley
3719,Woodstock,Joni Mitchell
3720,Wrapped Around Your Finger,Police
3721,Y.M.C.A.,Village People
3722,The Year Of The Cat,Al Steward
3723,Yellow Brick Road,Elton John
3724,You Can Leave Your Hat On,Joe Cocker
3726,YOU'LL SEE,MADONNA
3727,You Make Me Feel Like Dancing,Leo Slayer
3728,YOU'RE THE ONE THAT..,TRAVOLTA & N-JOHN
3729,Your Time Is Gonna Come,Led Zeppelin
3730,You've Got A Friend,Carole King
3731,You've Lost That Lovin' Feeling,Righteous Brothers
3732,Your Wildest Dreams,Moody Blues
3749,ANYTHING THAT'S PART OF YOU,ELVIS PRESLEY
3750,"10,000 Promises",Backstreet Boys
3760,BABY THE RAIN MUST FALL,GLENN YARBOROUGH
3771,Be Still My Beating Heart,J.  Bernardo
3772,Because,The Beatles
3775,BLASK AND WHITE,3 DOG NIGHT
3776,Blue Hawaii,Elvis Prestley
3782,BYE BYE BABY,MADONNA
3788,Changes,Black Sabbath
3801,DARKTOWN STRUTTERS BALL,FATS DOMINO
3802,De Do Do Do,The Police
3805,Don't Fall In Love With A Dreamer,Kenny Rogers & Kim Carnes
3806,Dont Let Me Down,The Beatles
3809,Down In The Valley,Justine Tyler
3811,DREAM POLICE,CHEAP TRICK
3812,DREAMS OF THE EVERYDAY,GLEN CAMPBELL
3813,Il Mondo,Engelbert Humperdinck
3826,EVERGREEN TREE,CLIFF RICHARD
3831,Five Hundred Miles,Peter Paul & Mary
3833,Four Strong Winds,Neil Young
3854,Hey little girl,Dee Clair
3857,HOT CHILD IN THE CITY,NICK GILDER
3858,Hot Stuff,Donna Summer
3863,I Who Have Nothing,Tom Jones
3864,I Don't Want To,Toni Braxton
3869,I Love You,Celine Dion
3871,I Understand,Herman's Hermit
3872,I want to walk you home,Fats Domino
3873,I Went To Your Wedding,Patti Page
3875,i'LL MEET YOU AT MIDNIGHT,SMOKIE
3876,I'm Gonna Be A Wheel,Fats Domino
3877,I'm Happy Just to Dance With You,The Beatles
3878,IF YOU LOVE ME,Branda Lee
3904,July Morning,Uriah Heep
3906,Just For You,Lionel Richie
3913,LA Isla Bonita,Madonna
3914,La La La Means,Swing Out Sisters
3918,Lady,Kenny Rogers
3923,The Letter,Box Tops
3928,LOAD OUT & STAY,Jackson Brown
3931,Longer Than,Dan Fogelberg
3933,Love Of My Life,Queen
3939,Make It Real,The Jets
3940,MAKE YOUR OWN KIND OF MUSIC,Mama Cass
3941,Making Love Out Of Nothing At All,Air Supply
3958,Mexican Girl,Smokie
3959,MICHAEL ROW THE BOAT ASHORE,THE KINGSMEN
3976,NO SON OF MINE,GENESIS
3987,Oh Pretty Woman,Roy Orbison
3988,Oh Pretty Woman,Roy Orbison
3995,ONCE BITTEN TWICE SHY,GREAT WHITE
3996,ONE MORE CUP OF COFFEE,Bob Dylan
3998,ONLY SIXTEEN,Dr. Hook
3999,Original Prankster,Offspring
4013,Please Forgive Me,Bryan Adams
4017,Poor man's moody blues,Barclay James Harvest
4039,THE REFLEX,DURAN DURAN
4045,Rhiannon,Fleetwood Mac
4046,Ride A Cock Horse,William Charles
4054,RUSSIAN,STING
4059,SATURDAY NIGHT,BAY CITY ROLLERS
4064,Shake Your Booty,Kc & The Sunshine Band
4065,Shake Your Booty,Kc & Sunshine Band
4083,Girl,The Beatles
4095,Starting Over,John Lennon
4099,SUNDAY MORNING,JOHNNY CASH
4100,SUNDAY SUNRISE,BRENDA LEE
4110,The Best Of Times,Styx
4120,THE KID IS HOT TONITE,LOVER BOY
4121,The Knife,Rockwell
4122,The Lady In Red,Chris Deburgh
4129,The Saddest Thing,Melanie Safka
4132,THE STRANGER,BILLY JOEL
4137,THIS IS MY NIGHT,CHAKA KHAN
4145,Twist And Shout,The Beatles
4147,Unforgettable,Natalie Cole
4153,Vincent,Don Mclean
4154,Voulez Vouz,Abba
4155,Waiting For A Girl Like You,Foreigner
4164,WANTED,Dolleys
4168,Wednesday's Child,Matt Monro
4173,WHO CAN I TURN TO,TONY BENNET
4174,WHO CAN IT BE NOW,MEN AT WORK
4175,WHO'S CRYIN' NOW,JOURNEY
4176,Whole Lotta Loving,Fats Domino
4180,WINTER TIME,Steve Miller Band
4181,Yellow Submarine,The Beatles
4182,YES WE CAN CAN,THE POINTER SISTERS
4183,All Night Long,Lionel Ritchie
4184,All Things You Are,Sarah Vaughn
4186,Because You Loved Me,Celine Dion
4187,Can't Help Falling In Love,UB40
4188,Careless Whisper,George Michael
4189,Could You Be Loved,Bob Marley
4190,Country Road,James Taylor
4191,Dancing Queen,Abba
4193,DON'T LET ME BE LONELY,JAMES TAYLOR
4194,Don't Let The Sun Go Down On Me,ELTON JOHN
4195,DOWN ON THE CORNER,CCR
4196,EASY,LIONEL RICHIE
4197,Even Now,Barry Manilow
4198,Fantasy,"Earth, Wind & Fire"
4199,Father Figure,Wham
4201,FOREVERMAN,ERIC CLAPTON
4202,GEORGIA ON MY MIND,RAY CHARLES
4203,GOOD VIBRATIONS,THE BEACH BOYS
4204,Have you Ever Seen The Rain,CCR
4205,Hello,Lionel Richie
4206,HOPE YOU'RE FEELING BETTER,SANTANA
4207,How Will I Know,Whitney Houston
4208,I GET A KICK,FRANK SINATRA
4209,I Need You,America
4210,I Still Haven't Found What Im Looking For,U2
4211,I WANT YOU...,ELVIS PRESLEY
4212,IF,BREAD
4213,If You Asked Me To,Celine Dion
4214,IF YOU LOVE SOMEBODY SET THEM FREE,STING
4215,I'LL BE THERE,JACKSON 5
4216,I'M A FOOL TO CARE,RAY CHARLES
4217,I'M YOUR BABY TONIGHT,BABYFACE
4218,IN THE GHETTO,ELVIS PRESLY
4219,INNER CITY BLUES,MARVN GAYE
4220,INTO THE NIGHT,BB KING
4221,Is This Love,Bob Marley
4223,Island Girl,"B.Taupin, Elton John"
4224,IT'S NOW OR NEVER,ELVIS PRESLEY
4226,LET ME BE THE ONE,CARPENTERS
4227,Let The Good Times Roll#1#2Leonard Lee,Ray Charles
4228,Lonely Boy,Paul Anka
4230,MONKEY,GEORGE MICHAEL
4232,OL'MAN RIVER,Frank Sinatra
4233,ONE,U2
4234,PRAYING FOR TIME,GEORGE MICHAEL
4235,PRIDE,U2
4236,PUNKY REGGAE PARTY,BOB MARLEY
4237,SAIL ON,LIONEL RICHIE
4238,SANDMAN,AMERICA
4239,Sexual Healing,Marvin Gaye
4240,Shape Of My Heart,Backstreet Boys
4241,SHE'S WAITING,ERIC CLAPTON
4242,SHINING STAR,EWF
4243,SOMETHING IN THE WAY SHE MOVES,JAMES TAYLOR
4244,SUNDAY BLOODY SUNDAY,U2
4245,Sweet Little 16,Chuck Berry
4246,THE NAME OF THE GAME,ABBA
4248,This One's For You,Barry Manilow
4249,Three Times A Lady,Lionel Richie
4250,Walkin' The Dog,Rolling Stones
4252,WHAT IS THIS THING CALLED LOVE,FRANK SINATRA
4253,WHITE ROOM,ERIC CLAPTON
4255,Believe,Cher
4257,CINNAMON GIRL,NEIL YOUNG
4258,CIRCLE OF LIFE,ELTON JOHN & TIM RICE
4262,Gangsta's Paradise,Coolio
4263,IN YOUR EYES,GEORGE BENSON
4266,25 6 to 4,Chicago
4267,WE GOT MARRIED,PAUL MCCARTNEY
4268,MMM MMM MMM MMM,CRASH TEST DUMMIES
4270,On My Own,Michael Mcdonald
4272,START ME UP,THE ROLLING STONES
4273,I Will Survive,Gloria Gaynor
4274,Sussudio,Phil COllins
4275,Hey Tonight,CCR
4276,Livin' La Vida Loca,Ricky Martin
4277,BABY ONE MORE TIME,BRITNEY SPEARS
4278,Stop,Spice Girls
4279,Stay The Same,Joey McIntyre
4280,YOU ON MY MIND,SWING OUT SISTERS
4281,Kiss Me,Six Pence None The Richer
4282,Picture Of You,Boyzone
4283,Baby Can I Hold You,Boyzone
4284,NO SCRUBS,TLC
4285,2 BECOME 1,SPICE GIRLS
4286,As Long As You Love Me,Backstreet Boys
4287,Sometimes,Britney Spears
4288,Tears In Heaven,Eric Clapton
4289,From This Moment On,Shania Twain
4290,Mama,Spice Girls
4291,Turn Back Time,Aqua
4292,You're Still The One,Shania Twain
4293,All My Life,KC & Jojo
4294,How Do I Live,Trisha Yearwood
4295,DR. JONES,AQUA
4296,BARBIE GIRL,AQUA
4297,ETERNAL FLAME,BANGLES
4298,Boom Boom Boom,Venga Boys
4299,My All,Mariah Carey
4300,My Oh My,Aqua
4301,All I Have To Give,Backstreet Boys
4302,Beautiful Life,Ace Of Base
4303,Crush,Jennifer Paige
4304,BIG BIG WORLD,EMILIA
4305,Miss You Like Crazy,Moffats
4306,If You Had My Love,Jennifer Lopez
4307,We Like To Party,Venga Boys
4308,Goodbye,Spice Girls
4309,EVERYBODY,BACKSTREETBOYS
4311,The Animal Song,Savage Garden
4312,Father And Son,Boyzone
4313,ALL THAT I NEED,BOYZONE
4314,So Young,The Corrs
4315,What Can I Do,The Corrs
4316,Don't Say You Love Me,The Corrs
4317,I Knew I Love You,Savage Garden
4318,You Needed Me,Boyzone
4319,Iris,Goo Goo Dolls
4320,There She Goes,Sixpence None The Richer
4321,LARGER THAN LIFE,BACKSTREET BOYS
4322,Buses And Train,Bachelor Girl
4323,I Drive Myself Crazy,N'Sync
4324,25 Minutes,Michael Learns To Rock
4325,How Am I Supposed To Live Without You,Michael Bolton
4326,I Love The Way You Love Me,Boyzone
4327,I Wanna Be With You,Fun Factory
4328,CAN YOU FEEL THE LOVE TONIGHT,ELTON JOHN
4329,Please Forgive Me,Bryan Adams
4330,DREAMING OF YOU,SELENA
4331,Always Something There To Remind Me,Naked Eyes
4332,You Are Not Alone,Michael Jackson
4333,TOO MANY WALLS,CATHY DENNIS
4339,Genie In A Bottle,Cristina Aguilera
4340,When You Say Nothing At All,Allison Kraus
4341,Swear It Again,Westlife
4342,Shakespear In Love,Layla Kalif
4343,LUCKY LOVE,ACE OF BASE
4344,Heaven Knows,Rick Price
4345,I Believe I Can Fly,R. Kelly
4346,More than words,Extreme
4347,If You Leave Me Now,Chicago
4348,MY HEART WILL GO ON,CELINE DION
4349,Waiting For Tonight,Jennifer Lopez
4350,IF,BREAD
4351,Diary,Bread
4352,QUIT PLAYING GAMES,BACKSTREET BOYS
4353,Hard To Say I'm Sorry,Chicago
4354,ONE OF US,JOAN OSBOURNE
4355,Truly Madly Deeply,Savage Garden
4356,Too Much,Spice Girls
4357,All That She Wants,Ace Of Base
4358,Cry For Help,Rick Ashley
4359,Never Gonna Give You Up,Rick Astley
4360,The Sign,Aace Of Base
4361,Viva Forever,Spice Girls
4362,Head Over Feet,Alanis Morissette
4363,We Built This City,Starship
4364,Love Will Keep Us Alive,Eagles
4365,Beat It,Michael Jackson
4366,What A Girl Wants,Christina Aguilera
4367,All By Myself,Celine Dion
4368,(YOU DRIVE ME) CRAZY,BRITNEY SPEARS
4370,RUNAWAY,THE CORRS
4371,One Moment In Time,Whitney Houston
4372,You'll See,Madonna
4373,Everything I do..,Bryan Adams
4374,BECAUSE OF YOU,98 DEGREES
4375,Crazy For You,Madonna
4376,I JUST CAN'T STOP LOVING YOU,MICHAEL JACKSON
4377,Together Again,Janet Jackson
4391,A Big Hunk O' Love,Elvis Presley
4396,A Night Like This,The Cure
4397,A Very Special Love Song,Charlie Rich
4398,A View To Kill,Duran Duran
4400,Adia,Sarah McLachlan
4402,All Around The World,Oasis
4403,All Day And All Of The Night,The Kinks
4404,All I Want Is You,Carly Simon
4405,You're All I Need,White Lion
4406,All Woman,Lisa Stansfield
4407,Alright,Supergrass
4408,Amazed,Lonestar
4410,ANGEL OF THE MORNING,JUICE NEWTON
4411,Angels,Robbie Williams
4414,Anyway You Want Me,Elvis Presley
4416,Autumn Leaves,Tony Bannett
4417,Autumn Leaves,Tony Bannett
4418,BABY ONE MORE TIME,BRITNEY SPEARS
4421,Bailamos,Enrique Iglesias
4422,Ballroom Dancing,Paul McCartney
4423,BEAUTIFUL STRANGER,MADONNA
4427,BIG BIG WORLD,EMILIA
4428,Bip Bop,Paul McCartney
4429,BLACK NIGHT,DEEP PURPLE
4430,Blame It On The Weatherman,B'Withched
4431,Blowing Kisses In The Wind,Paula Abdul
4432,Blue Moon,Frank Sinatra
4433,BLUEBIRD,PAUL McCARTNEY
4434,Bohemian Rhapsody,Queen
4435,BOHEMIAN RHAPSODY,QUEEN
4436,Boogie Shoes,KC & Sunshine Band
4443,CAN YOU FEEL IT,JANET JACKSON
4446,Dancing Queen,Abba
4450,EVERYBODY,BACKSTREETBOYS
4451,EVERYBODY,BACK STREET BOYS
4456,Figure Of Eight,Paul McCartney
4457,I FINALLY FOUND SOMEONE,ADAMS & STREISAND
4458,Fly Away,john Denver
4459,Fly Like An Eagle,Steve Miller band
4460,Fool's Parade,Tom Petty
4461,FOR EVERY MAN A WOMAN,FRANK SINATRA
4463,For Your Babies,Mick
4464,Freed Home Desire,Gala
4467,From The Heart,Dianne
4471,GET DOWN MAKE LOVE,Freddie Mercury
4473,GETTING CLOSER,PAUL McCARTNEY
4474,Girls Just Wanna Have Fun,Cindi Lauper
4479,Going to The Counrty,Steve Miller
4480,GOOD LUCK CHARM,ELVIS PRESLEY
4482,GOODNIGHT TONIGHT,WINGS
4483,GOTTA SING GOTTA DANCE,PAUL McCARTNEY
4486,GUYS AND DOLLS,FRANK SINATRA
4495,HEART FULL OF SOUL,THE YARDBIRDS
4496,Heart Of The Country,Paul McCartney
4498,Here I Am,Air Supply
4502,HOLD ME,MENUDO
4507,Horny,Mousse T. ft Hot & Juicy
4508,HOT CHILD IN THE CITY,NICK GILDER
4511,HOW DO YOU DO!,Per Gessle
4514,HOW MANY PEOPLE,PAUL McCARTNEY
4517,HUSBANDS AND WIVES,R.  MI
4523,I Don't Wanna Miss A Thing,Aerosmith
4524,I FOUND SOMEONE,Michael Bolton
4526,I GOT YOU,James
4528,I KNOW HIM SO WELL,WHITNEY HOUSTON
4529,I Love A Rainy Night,Eddie Rabbit
4530,I NEVER LOVED A MAN,ARETHA FRANKLYN
4535,I Want You For My Self,Another Level
4536,I WILL BE WAITING,Lisa Stansfield
4540,I'll Be Over You,Toto
4544,IF IT MAKES YOU HAPPY,SHERYL CROW
4546,I'M WALKIN',FATS DOMINO
4551,If I Let You Go,Westlife
4559,Immortality,Celine Dion
4562,It's All Coming Back To Me Now,Celine Dion
4563,It's Alright,Annie Lennox
4565,IT'S YOUR LOVE,S.  Sm
4572,JACK AND DIANE,John Cougar Mellencamp
4574,Jennifer Eccles,The Hollies
4575,JET AIRLINER,Paul Pena
4578,JUNIOR'S FARM,WINGS
4580,JUST CAME BACK,COLLIN JAMES
4585,LADY DOWN ON LOVE,Randy Owen
4587,LAUGHING,GUESS WHO
4593,LET 'EM IN,PAUL McCARTNEY
4594,LET HER CRY,HOOTIE AND THE BLOWFISH
4595,LET HER CRY,HOOTIE AND THE BLOWFISH
4597,LET ME ROLL IT,PAUL McCARTNEY
4599,LETTING GO,PAUL McCARTNEY
4600,LIFE IS A FLOWER,Bergg
4603,LISTEN TO ME,BUDDY HOLLY
4605,Livin' La Vida Loca,Ricky Martin
4607,Living In America,Neil Diamond
4608,LIVING IN THE U.S.A.,Steve Miller Band
4609,LONDON TOWN,PAUL McCARTNEY
4611,LONESOME TEARS,BUDDY HOLLY
4612,LOOK AT ME,BUDDY HOLLY
4615,LOVE IS A STRANGER,Annie Lennox
4618,LOVE'S MADE A FOOL OF YOU,Buddy Holly
4619,LUCK BE A LADY,FRANK SINATRA
4620,LUCK BE A LADY,FRANK SINATRA
4621,MAGNETO AND TITANIUM MAN,PAUL McCARTNEY
4624,MAME,PLAY
4630,MELLOW YELLOW,DONOVAN
4634,MIDNIGHT HOUR,WILSON PICKETT
4635,MILLENNIUM,Robbie Williams
4638,MISSIONARY MAN,Annie Lennox
4640,MOONDREAMS,BUDDY HOLLY
4641,More Than This,Norah Jones
4642,Mother-In-Law,Ernie K. Doe
4646,MY BRAVE FACE,PAUL McCARTNEY
4648,MY HEART WILL GO ON,CELINE DION
4655,NEVER WILL I MARRY,GREENWILLOW
4657,NEW WORLD MAN,RUSH
4658,NINENTEEN HUNDRED AND EIGHTY FIVE,PAUL McCARTNEY
4659,No Matter What,Boyzone
4661,NO SUGAR TONIGHT,GUESS WHO
4662,NO TIME,GUESS WHO
4664,NOTORIOUS,DURAN DURAN
4673,OH BOY!,BUDDY HOLLY
4678,ONE FOR MY BABY,FRANK SINATRA
4679,ONE IN A MILLION,LARRY GRAHAM
4684,OU EST LE SOLEIL,PAUL McCARTNEY
4685,PARANOID,Black Sabbath
4686,PARDON ME SIR,Joe Cocker
4690,PEGGY SUE,BUDDY HOLLY
4692,PERFECT,ALANIS MORISSETTE
4697,PICASSO'S LAST WORDS,PAUL McCARTNEY
4698,PIPES OF PEACE,PAUL McCARTNEY
4699,PLEASANT VALLEY SUN,THE MONKEES
4703,Praise You Father,Gospel
4704,Pretty Fly,Offspring
4706,PUT IT OFF UNTIL TOMORRO,Dolly Parton
4707,PUT IT THERE,PAUL McCARTNEY
4708,RAVE ON,BUDDY HOLLY
4710,REAL REAL REAL,JESUS JONES
4711,RED SECTOR A,Rush
4715,ROCK 'N ME,Steve Miller
4716,ROCK ME MY BABY,BUDDY HOLLY
4717,ROCK SHOW,Paul McCartney
4718,ROCK THE BOAT,HUES CORPORATION
4722,ROLLER COASTER,B*WITCHED
4723,RUMOR HAS IT,REBA MCENTIRE
4725,RUSH,PAULA ABDUL
4726,SALLY G.,PAUL McCARTNEY
4732,SCHOOL'S OUT,ALICE COOPER
4735,SENTIMENTAL JOURNEY,DORIS DAY
4736,SHE,KISS
4739,Shining Star,EWF
4740,SIGHT FOR SORE EYES,M PEOPLE
4742,Silly Love Songs,Paul McCartney
4744,Sisters Are Doin It,Annie Lennox
4747,SOMETHING ABOUT THE..,ELTON JOHN
4751,SPACE COWBOY,Steve Miller Band
4752,SPOOKY,Classics IV
4754,STELLA BY STARLIGHT,Tony Bennett
4757,STONEY END,BARBARA STREISAND
4767,SWEET DREAMS,PATSY CLINE
4771,SYMPH OF DESTRUCTION,MEGADETH
4772,TAKE A CHANCE ON ME,ABBA
4773,TAKE IT AWAY,PAUL McCARTNEY
4775,TAKE THE MONEY AND RUN,Steve Miller
4776,TAKE YOUR TIME,BUDDY HOLLY
4777,Talking In Your Sleep,The Romantics
4779,TEARS OF A CLOWN,SMOKEY ROBINSON
4785,THAT DAY IS DONE,PAUL McCARTNEY
4786,That'll Be The Day,Buddy Hollie
4787,The Air That I Breath,Buddy Holly
4788,THE BOY IS MINE,BRANDY AND MONICA
4792,THE GREAT PRETENDER,THE PLATTERS
4793,THE JOKER,Steve Miller
4796,The Most Beautiful Girl,Charlie Rich
4797,THE MOST HAPPY FELLA,PLAY
4798,THE NAME OF THE GAME,ABBA
4801,The One that You Love,Air Supply
4802,THE PROMISE OF A NEW DAY,Peter Lord
4804,THE SECOND TIME AROUND,Sammy Cahn
4805,The Shadow Of Your Smile,Brenda Lee
4806,The Sign,Aace Of Base
4810,THE TURN OF A FRIENDLY CARD,Alan Persons Project
4812,The Way We Were,Babra Streisand
4813,JUST THE WAY YOU ARE,BILLY JOEL
4814,THE WAYS TO LOVE A MAN,Billy Sherrill
4815,THE WINNER TAKES IT ALL,ABBA
4816,The Word,The Beatles
4817,THEME FROM NEW YORK NEW YORKF,FRANK SINATRA
4821,THERE IS A MOUNTAIN,Donovan Leitch
4822,There Will Never Be Another,Andy Williams
4824,THESE EYES,GUESS WHO
4827,Think Twice,Celine Dion
4828,THIS COULD BE THE NIGHT,Paul Dean
4829,THIS IS THE RIGHT TIME,Lisa Stansfield
4833,TIGER FEET,Chapman
4834,TIME STAND STILL,Rush
4835,Together Forever,Rick Astley
4836,Traces,Johnny Mathis
4837,Tragedy,Bee Gees
4839,TRISTE,TOM JOBIM
4840,True Colors,Phil Collins
4841,TRUST IN ME,Francesca Beghe
4842,TUBTHUMPING,CHUMBAWAMBA
4843,TUG OF WAR,PAUL McCARTNEY
4847,Unchained Melody,Ringhteous Brothers
4848,UNCLE ALBERT,THE BEATLES
4849,UNDERGROUND,Colin Hay
4850,UNION OF THE SNAKE,Bates
4851,UPTOWN,THE CRYSTALS
4854,VENUS AND MARS,McCartney
4859,WALKING IN MY SHOES,DEPECHE MODE
4860,WANDERLUST,PAUL McCARTNEY
4861,Wannabe,Spice Girls
4867,WELL ALL RIGHT,Buddy Holly
4868,WHAT GOES UP,ALAN PARSONS PROJECT
4872,WHAT KIND OF FOOL..,RICK SPRINGFIELD
4873,Whats New Pussycat,David Hall
4875,WHEN,Shania Twain
4878,WHEN I THINK OF YOU,JANET JACKSON
4883,GET RIGHT WITH ME,DEPECHE MODE
4884,WHERE YOU LEAD,Toni Stern
4886,WHY WOULD I SAY GOODBYE,K.Brooks
4888,WILD THING,JIMI HENDRIX
4890,WITH A LITTLE LUCK,PAUL MCCARTNEY
4891,WOMAN TO WOMAN,Joe Cocker
4892,Wonderwall,Oasis
4894,WORDS OF LOVE,BUDDY HOLLY
4895,WRITTEN IN THE STARS,Elton John
4896,In The Navy YMCA Medley,Village People
4898,YOU AND ME,ALICE COOPER
4899,YOU CAN'T DENY IT,Lisa Stansfield
4900,YOU DECORATED MY LIFE,Debbie Hupp
4901,You Gotta Be,Des'ree
4902,You Made Me Love You,Patti Page
4903,You Make Me Feel Like A..,Carole King
4904,YOU MIGHT NEED SOMEBODY,T.Snow
4907,YOU'RE MY BEST FRIEND,QUEEN
4908,YOU'VE GOT LOVE,BUDDY HOLLY
4911,2 Times,Ann Lee
4917,BACK AT ONE,BRIAN MCNIGHT
4924,BLUER THAN BLUE,MICHAEL JHONSON
4926,Its My Life,Bon Jovi
4927,Baby One More Time,Britney Spears
4928,Email My Heart,Britney Spears
4929,What You See Is What You Get,Britney Spears
4933,I Turn To You,Christina Aguilera
4934,GENIE IN A BOTTLE,CHRISTINA AGUILERA
4941,For Baby,John Denver
4943,Get Down,Backstreet Boys
4949,HEARTACHE TONIGHT,EAGLES
4953,I'll Be There For You,The Moffatts
4954,I'll Do Anything For Love,Meatloaf
4961,Won't Cry,Krezip
4968,Bye Bye Bye,NSync
4969,It's Gonna Be Me,NSYNC
4975,Life Is A Rollercoaster,Ronan Keating
4977,Flying Without Wings,Westlife
4980,Sex Bomb,Tom Jones
4981,The Shadow Of Your Smile,Brenda Lee
4982,Fool Again,Westlife
4986,Come and Get It,Good Guys
4988,Oops... I Did It Again,Britney Spears
4992,BACK AT ONE,BRIAN MCNIGHT
5019,Tonight I Climbed The Wall,Alan Jackson
5021,VERONICA,ELVIS COSTELLO
5023,Il Mondo,Engelbert Humperdinck
5024,CONSTANTLY,CLIFF RICHARD
5025,Portrait Of My Love,Matt Monro
5026,Little Old Lady From Pasadena,Jan And Dean
5027,HASTA MANANA,ABBA
5030,LE FREAK,CHIC
5031,LIPSTICK ON YOUR COLLAR,CONNIE FRANCIS
5032,Casablanca,Bertie Higgins
5033,SOS,ABBA
5035,The Lady In Red,Chris De Burgh
5049,I've Got You Under My Skin,Frank Sinatra
5051,I've Got A Crush On You,FRANK SINATRA
5052,THER'S A REASON,CASCADES
5054,I'VE GOTTA GET A MESSAGE TO YOU,BEE GEES
5055,LA LA LA MEANS I LOVE YOU,SWING OUT SISTER
5057,Rosanna,ToTo
5067,Ice Ice Baby,Vanilla Ice
5073,Candida,Toni Orlando
5078,Words,Bee Gees
5079,LA Isla Bonita,Madonna
5083,EL CONDOR PASA,PAUL SIMON/SIMON & GARFUNKEL
5084,C'EST LA VIE,B*WITCHED
5085,Release Me,Engelbert Humperdink
5086,HELP ME RHONDA,BEACH BOYS
5087,Mas Que Nada,Sergio Mendez
5088,Escapade,Janet Jackson
5089,Voulez Vouz,AbbA
5090,I've Been Waiting For You,Guys Next Door
5093,DANNY BOY,CONWAY TWITTY
5094,I've Been Away Too Long,George Baker Selection
5095,Release Me,Engelbert Humperdink
5100,No More,Elvis Presley
5101,Do They Know Its Christmas Time,Band Aid
5102,DOIN' THE BEST I CAN,Elvis Presley
5103,FROZEN,MADONNA
5104,Here For You,Fire House
5105,HIGH,LIGHTHOUSE FAMILY
5106,Immortality,Celine Dion
5109,TELL HIM,C.DION & B.STREISAND
5119,I Still Believe,Mariah Carey
5127,Angel Of Mine,Monica
5135,Born For You,David Pomeranz
5139,Destiny,Jim Brickman
5141,Don't Say You Love Me,M2M
5143,Get On Your Feet,Gloria Estefan
5145,"Happy,Happy Birthday",Beerhouse Gang
5147,I Do,98 Degrees
5148,I Think I'm In Love With you,Jessica Simpson
5149,I Wanna Be With You,Mandy Moore
5152,I'm Your Angel,Celine Dione
5154,Just Another Woman In Love,Anne Murray
5161,King And Queen Of Hearts,David Pomeranz
5167,Let's Get Loud,Jennifer Lopez
5168,Love Is All That Matters,Eric Carmen
5176,Mambo No 5,Lou Bega
5180,Mercury Blues,Alan Jackson
5183,Mirror Mirror,M2M
5184,My Love,Westlife
5185,My Uncle John From Jamaica,Vengaboys
5199,Portrait Of My Love,Matt Monro
5200,PRETTY BOY,M2M
5215,The Gift,Jim Brickman
5217,Torn,Natalie Imbruglia
5221,Waiting In Vain,Bob Marley
5223,When You Beleive,Mariah Carey
5226,You've Got A Way,Shania Twain
5230,Before I Fall Inlove,COCO Lee
5241,Got To Believe In Magic,David Pomeranz
5245,How Can You Mend A Broken Heart,Bee Gees
5247,I'LL NEVER FALL IN LOVE AGAIN,TOM JONES
5253,I Never Cry,Alice Cooper
5257,Kiss Me GoodBye,Ray Conniff Singers
5260,Lately,Stevie Wonder
5262,Life,Des'ree
5263,YOU SHOULD KNOW BY NOW,ANGELA BOFILL
5268,Maybe This Time,Michael Murphy
5269,Miles Away,Colin Blunstone
5272,NILUNOK KONG LAHAT,SELINA SEVILLA
5273,One In A Million You,Larry Graham
5274,Please Don't Ask Me,John Farnham
5275,Somebody,Depeche Mode
5278,Telephone,Sheena Easton
5279,The Love She Found In Me,Michael Johnson
5284,You Changed My Life In A Moment,Angela Bofill
5286,Love Don't Cost A Thing,Jennifer Lopez
5288,Crazy Little Party Girl,Aaron Carter
5289,Crush On You,Aaron Carter
5290,Dear Heart,Matt Monro
5292,For All Of My Life,For Real
5299,If Ever You're In My Arms Again,Peabo Bryson
5300,I Love You,Celine Dion
5301,I Want To Spend My Lifetime Loving You,Marc Anthony & Tina Arena
5303,If I Could,Jonathan Davis
5305,Is It Okay If I Call You Mine,Paul McCrane
5306,My Girl,Phil Collins
5308,Oblivious,Kaya
5309,One By One,Cher
5310,ORDINARY WORLD,DURAN DURAN
5314,POSTCARDS FROM HEAVEN,LIGHTHOUSE FAMILY
5315,Push,Matchbox 20
5316,REFLECTION,CHRISTINA AGUILERA
5320,Sandy,Carpenters
5321,Shalala Lala,Vengaboys
5324,SO YOUNG,THE CORRS
5325,The Old Songs,David Pomeranz
5326,The One I love,Mike Mcklellan
5327,Tonight I Climbed The Wall,Alan Jackson
5331,Was It Something I Didn't Say,98 Degrees
5332,WHY,3T BROTHERHOOD
5333,You're The Best Thing That Ever Happen To Me,Ray Price
5335,MY EVERYTHING,98 DEGREES
5337,Love Me For What I Am,The Carpenters
5338,A TALE THAT WASN'T RIGHT,HELLOWEEN
5340,Another Somebody,B.J.Thomas
5341,APRIL COME SHE WILL,SIMON AND GARFUNKELL
5342,You Can't Do That,The Beatles
5343,BACK TO YOU,BRYAN ADAMS
5344,Bailamos,Enrique Iglesias
5348,Best That You Can Do,Michael Ruff
5351,Butterfly,Mariah Carey
5352,Do They Know Its Christmas Time,Band Aid
5353,Does Anybody Knows What Time Is It,Chicago
5354,Don't Cry Out Loud,Nuntida Kaewbuasai
5355,Don't Dream It's Over,Crystal Gale
5356,End Of The Road,Boys II Men
5359,Everytime I Close My Eyes,Babyface
5361,I Don't Want To,Toni Braxton
5362,FROZEN,MADONNA
5364,HAZARD,RICHARD MARX
5366,In My Dreams,Reo Speedwagon
5367,JUST A SONG BEFORE I GO,Crosby Still
5370,No More,Elvis Presley
5373,THE BEST OF LOVE,MICHAEL BOLTON
5375,THE HEAT IS ON,GLEN FREY
5376,The Lady Is A Vamp,Spice Girls
5378,THE POWER OF GOODBYE,MADONNA
5382,WHY ME,KRIS KRISTOFFERSON
5383,Wild World,Mr. Big
5385,WHAT YOU WON'T DO FOR LOVE,BABBY CALDWELL
5386,When You Tell Me That You Love Me,Diana Ross
5387,You Can't Hurry Love,The Supremes
5388,You're A Woman,Bad Boys Blue
5389,A Collection,Marillion
5391,NO ONE CAN,MARILLION
5392,The Memory Remains,Metallica
5393,Don't Look Back In Anger,Oasis
5394,Hot Legs,Rod Stewart
5396,ARE YOU GONNA GO MY WAY,LENNY KRAVITZ
5397,All The Girls Love Alice,Elton John
5398,A MATTER OF TRUST,BILLY JOEL
5399,CUTS LIKE A KNIFE,BRYAN ADAMS
5401,All I Wanna Do Is Make Love To You,Heart
5402,IN THE STONE,"EARTH, WIND & FIRE"
5403,IT'S ONLY A PAPER MOON,NAT KING COLE
5404,NOBODY WINS,ELTON JOHN
5405,ONE LOVE PEOPLE GET READY,BOB MARLEY
5406,Againts The Wind,Bob Segar
5407,PLASTER CASTER,KISS
5408,WE HAVE NO SECRETS,CARLY SIMON
5409,WHY DID IT HAVE TO BE ME,ABBA
5411,You Oughta Know,Alanis Morissette
5412,HE KNOWS YOU KNOW,MARILLION
5413,Nothing Else Matters,Metallica
5414,At The Beginning,Richard Marx & Donna Lewis
5416,YOU GOT IT,ROY ORBISON
5417,Affairs Of The Heart,Fleetwood Mac
5418,Boat On The River,Styx
5419,To The Moon And Back,Savage Garden
5421,BEHIND BLUE EYES,THE WHO
5422,Blister In The Sun,Violent Femmes
5423,BURN DOWN THE MISSION,ELTON JOHN
5424,Heart Of The Sunrise,Yes
5425,IF I CAN'T HAVE YOU,BEE GEES
5426,Love Her Madly,Doors
5427,No Reply,The Beatles
5428,Pictured Life,Scorpions
5429,Send Me An Angel,Scorpions
5430,SO EMOTIONAL,WHITNEY HOUSTON
5432,YOU CAN'T DO THAT,BEATLES
5433,You're Going To Lose That Girl,The Beatles
5434,Absolutely Everybody,Vanesa Amorosi
5435,Again,Lenny Kravitz
5437,American Pie,Madonna
5438,No Woman No Cry,Bob Marley
5440,DON'T TELL ME,MADONNA
5441,Everyday I Love You,Boyzone
5443,I DON'T WANNA WAIT,PAULA COLE
5444,I Love All The Way,Jannie Frickie
5445,I Want To Give,Perry Como
5446,I Was Looking For Someone,Leif Garret
5447,Ibaon Mo,Selina Sevilla
5448,If I Never Sing Another Song,Matt Monro
5449,If You're Gone,Matchbox
5450,I'll Be There,Solid Harmonie
5451,Impossible Dream,Matt Monroe
5452,IT'S OVER NOW,ULTRA NATE'
5453,It's Time To Cry,Paul Anka
5455,KISS OF LIFE,BEE GEES
5456,LET'S MAKE A NIGHT TO REMEMBER,BRYAN ADAMS
5457,LIFE IN MONO,MONO
5458,LOVE SOMEBODY,RICK SPRINGFIELD
5460,Magic,Michael Learns To Rock
5461,Maneater,Hall And Oates
5467,Someday,Sugar Ray
5468,Stuck In A Moment You Can't Get Out Of,U2
5469,That's Me,Abba
5470,THE LONGEST TIME,BILLY JOEL
5471,The Only One,Chicago
5473,TOO LATE TOO SOON,JOHN SECADA
5474,When The Smoke Is Going Down,Scorpions
5475,Where Are You Now,Nazareth
5476,Wild Boys,Duran Duran
5477,You And Me Against The World,Helen Reddy
5479,You'll Be In My Heart,Phil Collins
5480,CARTOON HEROES,AQUA
5483,WHAT MAKES A MAN,WESTLIFE
5486,Come As You Are,Wild Orchids
5487,Cool Change,Little River Band
5488,Everytime,A1
5491,I Lay My Love On You,WestLife
5494,Intimacy,The Corrs
5497,Liquid Dreams,O-Town
5499,"Love Gives, Love Takes",The Corrs
5500,LUCKY,BRITNEY SPEARS
5508,Mickey,Toni Basil
5511,Never Had A Dream Come True,S CLub 7
5514,At Your Side,The Corrs
5515,Queen Of Hollywood,The Corrs
5516,Radio,The Corrs
5518,Sabi Mo,Wise Guys
5519,She Bangs,Ricky Martin
5522,THANK YOU,DIDO
5524,The Call,Backstreet Boys
5527,Uptown Girl,Westlife
5529,BETCHA' BY GOLLY WOW,STYLISTICS
5530,Bitch,Meredith Brooks
5531,Breathless,The Corrs
5533,I'm Like A Bird,Nelly Furtado
5535,SWEET CHILD O' MINE,GUNS N' ROSES
5537,All For You,Janet Jackson
5538,All The Love In The World,The Corrs
5539,Angel,Shaggy
5540,Everything You Want,Vertical Horizon
5541,Girl On Tv,LFO
5542,Hungry Like A Wolf,Duran Duran
5543,It Wasn't Me,Shaggy
5545,One Night,The Corrs
5546,Rio,Duran Duran
5547,Save A Pray,Duran Duran
5548,Someday,Sugar Ray
5549,Try Again,Aaliyah
5550,You're A God,Vertical Horizon
5551,6 8 12,BRIAN MCKNIGHT
5552,A SONG FOR MAMA,BOYZIIMEN
5554,AFTERNOON DELIGHT,STARLAND VOCAL BAND
5574,BY HEART,LAURA CREAMER
5579,FAST CAR,TRACY CHAPMAN
5581,Your's Until Tomorow,Engelbert Humperdinck
5584,Girl,The Beatles
5585,GIRL IN THE MIRROR,BRITNEY SPEARS
5586,HEAVEN BY YOUR SIDE,A1
5591,I Believe,Tom Jones
5592,I Can't Say Goodbye To You,Helen Reddy
5593,I DON'T WANT YOU TO GO,LANI HALL
5599,I'LL SAY GOODBYE FOR THE TWO OF US,EXPOSE
5602,Independent Woman,Destiny's Child
5609,Kiss Me GoodBye,Ray Conniff Singers
5620,LOLLIPOP,AQUA
5627,Miserablism,Pet Shop Boys
5628,MUSIC,MADONNA
5631,NO GOOD FOR ME,THE CORRS
5644,Shape Of My Heart,Backstreet Boys
5647,SOMEBODY FOR SOMEONE,THE CORRS
5651,Superman,Five For Fighting
5652,SWEET LOVE,ANITA BAKER
5653,Take This Love,Sergio Mendez
5659,That Wonderful Sound,Tom Jones
5661,THIS IS MY SONG,ENGELBERT HUMPERDINCK
5662,TO LOVE YOU MORE,CELINE DION
5664,TUBTHUMPING,CHUMBAWAMBA
5670,Without You,Samantha Cole
5675,American Pie,Madonna
5676,CARTOON HEROES,AQUA
5701,NEVER SAY GOODBYE,BON JOVI
5702,She's Gone,Steel Heart
5732,"Manana, Mamaya Na",Jalil
5748,Uninvited,Alanis Morissette
5749,All For Love,Brian Adams
5751,I Finally Found Someone,Bryan Adams & Barbra Streisand
5752,Just Can't Get Enough,Depeche Mode
5755,Our House,Madness
5757,ALWAYS ON MY MIND,PET SHOP BOYS
5758,SUBURBIA,PET SHOP BOYS
5760,DON'T YOU FORGET ABOUT ME,SIMPLE MINDS
5764,THANK YOU,ALANIS MORISSETTE
5765,BETTER OFF ALONE,ALICE DEEJAY
5766,LADY MARMALADE,ALL SAINTS
5767,SWEET LOVE,ANITA BAKER
5768,NO MORE I LOVE YOU'S,ANNIE LENNOX
5769,WHOLE AGAIN,ATOMIC KITTEN
5770,All The Small Things,Blink 182
5771,A Song For Mama,Boyz II Men
5772,Jaded,Aerosmith
5773,6 8 12,BRIAN MCKNIGHT
5774,TUBTHUMPING,CHUMBAWAMBA
5775,No Good For Me,The Corrs
5776,Mmm Mmm Mmm Mmm,Crash Test Dummies
5777,Independent Women,Destiny's Child
5778,Say My Name,Destiny's Child
5779,Survivor,Destiny's Child
5780,Sharing The Night Together,Dr. Hook
5783,MMM BOP,HANSON
5786,Candy,Mandy Moore
5787,All About The Money,Meja
5788,Wishing I Was There,Natalie Imbruglia
5789,AS I LAY ME DOWN,SOPHIE B. HAWKINS
5790,AFTERNOON DELIGHT,STARLAND VOCAL BAND
5791,FAST CAR,TRACY CHAPMAN
5792,In The Navy,Village People
5795,Larger Than Life,Backstreet Boys
5796,THE ONE,ELTON JOHN
5797,Stronger,Britney Spears
5798,Come On Over,Cristina Aguilera
5799,I Turn To You,Christina Aguilera
5800,DON'T CRY FOR ME ARGENTINA,MADONNA
5801,(I'VE HAD) THE TIME OF MY LIFE,DIRTY DANCING THEME
5802,MUSIC,MADONNA
5803,This Used to Be My Playground,Madonna
5804,Children Need A Helping Hand,N'Sync
5805,TEARIN' UP MY HEART,N SYNC
5806,This I Promise You,NSYNC
5807,Yo Te Voy Amar,N'Sync
5808,Music Of My Heart,N'sync And Gloria Estefan
5809,Smooth,Santana
5810,All Of A Sudden,Matt Monroe
5811,Angelina,Lou Bega
5820,HEAD TO TOE,LISA LISA & ...
5821,Heart Attack,Oliva Newton John
5823,I CROSS MY HEART,GEORGE STRAIT
5838,One Sweet Day,Mariah Carey ft Boyz II Men
5839,On This Day,David Pomeranz
5844,QUEEN OF MY HEART,WESTLIFE
5845,Return To Innocence,Enigma
5857,Soledad,Westlife
5859,Superwoman,Karyn White
5864,The Color Of The Night,Lauren Christy
5878,Heart To Heart,Kenny Loggins
5880,I Just Didn't Know What To Do With Myself,Nicky Holland
5883,I LIVE MY LIFE FOR YOU,FIREHOUSE
5885,I was Born To Love You,Eric Carmen
5886,Like A Rose,A1
5894,One By One,Cher
5895,One More Try,A1
5907,Sweet Child O' Mine,Guns N' Roses
5911,Who Let The Dogs Out,Baha Men
5912,You're In Love,Wilson Philips
5917,I Feel For You,Chaka Khan
5918,Lookin' Through The Eyes Of Love,Melissa Manchester
5923,ACHY BREAKY HEART,BILLY RAY CYRUS
5925,All Or Nothing,O-Town
5926,AM I THE SAME GIRL,SWING OUT SISTER
5929,ANGEL OF THE MORNING,JUICE NEWTON
5931,ANOTHER PLACE ANOTHER TIME,E. HUMPERDINCK
5932,Anywhere For You,Backstreet Boys
5943,BETCHA' BY GOLLY WOW,STYLISTICS
5944,BOP BOP BABY,WESTLIFE
5945,Brown Eyes,Destiny's Child
5950,CAN'T GET YOU OUT..,KYLIE MINOGUE
5951,Cross My Heart,Everything But Girl
5952,Crush,Mandy Moore
5957,Did'nt We,Jimmy Webb
5958,EXODUS,PAT BOONE
5960,"Funny, Familiar, Forgotten, Feelings",Tom Jones
5962,HERO,ENRIQUE IGLESIAS
5964,Hey,Fatima Rainey
5967,I Can't Find The Words To Say Goodbye,David Gates
5968,I GOT A GIRL,LOU BEGA
5970,I'm A Slave For You,Britney Spears
5971,I'm Not A Girl Not Yet A Woman,Britney Spears
5972,In The End,Linkin' Park
5974,IRRESISTIBLE,THE CORRS
5976,I've Just Seen A Face,The Beatles
5977,Just Another Day Without You,John Secada
5984,Love's Been Good To Me,Frank Sinatra
5993,MILES AWAY,BASIA
5995,MY KIND OF GIRL,Matt Monro
6010,SHE BELIEVES IN ME,KENNY ROGERS
6012,Simply Jessie,Rex Smith
6016,SPINNING AROUND,KYLIE MINOGUE
6017,Sweet Surrender,Bread
6020,Ten Guitars,E.Humperdinck
6021,Final Countdown,Europe
6022,THE HURT,KALAPANA
6025,THE WAY YOU MAKE ME FEEL,RONAN KEATING
6027,THIS IS OUR SONG,CODE RED
6032,2 In A Million,S Club 7
6036,WHATS NEW PUSSYCAT,TOM JONES
6041,WITH THESE HANDS,TOM JONES
6042,World Of Our Own,Westlife
6044,YOU SHOULD BE DANCING,BEE GEES
6045,YOU WILL BE MY MUSIC,FRANK SINATRA
6046,YOU'RE CLOSER TO ME,MATT MONRO
6047,You're My Everything,Santa Esmeralda
6048,ABRACADABRA,STEVE MILLER BAND
6052,CARNAVALITO,MERCOSUR
6062,Enter Sandman,Metallica
6068,Honey Pie,The Beatles
6070,I GUESS THAT'S WHY THEY CALL IT THE BLUES,ELTON JOHN
6072,All The Small Things,Blink 182
6075,Just For You,Lionel Richie
6076,LET ME BE,CASCADES
6082,MICHAEL ROW THE BOAT ASHORE,THE KINGSMEN
6084,MRS. ROBINSON,PAUL SIMON/SIMONS&GARFANKEL
6090,All About The Money,Meja
6091,ALL I ASK OF YOU,BARBRA STREISAND
6092,All The Small Things,Blink 182
6093,Amnesia,Lukas
6100,BREAKING MY HEART,MICHAEL LEARNS TO ROCK
6104,Closing Time,Semisonic
6105,COUNT ON ME,WHITNEY HOUSTON
6108,CRY,MANDY MOORE
6112,Forever As One,Vengaboys
6113,How Do You Want Me To Love you,911
6115,I Honestly Love You,Olivia Newton John
6117,If Tomorrow Never Comes,Ronan Keating
6118,I'm All About You,Aaron Carter
6119,IN YOUR EYES,KYLIE MINOGUE
6124,LIFE IN MONO,MONO
6125,LITTLE HONDA,BEACH BOYS
6126,LOVING YOU,MINNIE RIPERTON
6133,Never Never Never,Linda Ronstadt
6135,One Last Song,A1
6136,ONLY HOPE,MANDY MOORE
6149,THAT'S THE WAY IT IS,CELINE DION
6150,The Air That I Breathe,Simply Red
6151,Walking Away,Craig David
6152,WAVE,SERGIO MENDES
6155,HURTING EACH OTHER,CARPENTERS
6157,A DREAM GOES ON FOREVER,TODD RUNDGREN
6158,A MAN I'LL NEVER BE,BOSTON
6159,A Natural Woman,Carole King/Aretha Franklin
6160,A WORD IN SPANISH,ELTON JOHN & BERNIE TAUPIN
6161,ABRACADABRA,STEVE MILLER BAND
6162,Abraham Martin And John,Celine Dion
6164,AIN'T NO SUNSHINE,BILL WITHERS
6166,Ashes To Ashes,David Bowie
6167,Baby What A Big Surprise,Chicago
6168,BAD COMPANY,BAD COMPANY
6169,Bad Habbits,Billy Fields
6170,Bad Lands,Bruce Springsteen
6173,Brain Damage,Pink Floyd
6174,BRAIN STEW,GREEN DAY
6175,Breakfast In America,SuperTramp
6177,Ceremony,Tammy Wynnette
6178,The Christmas Song,Nat King Cole
6180,CRYSTAL BLUE PERSUASION,TOMMY JAMES&SHONDELLS
6182,D'YER MAKER,SHERYL CROW(UNPLUGGED)
6183,Dawn (Go Away),Four Seasons
6184,Day After Day,Badfingers
6185,DEUCE,KISS
6186,DEVIL WENT TO GOERGIA,CHARLIE DANIEL
6187,DIDN'T I,CARLY SIMON
6188,DIRTY LAUNDRY,DON HENNLEY
6189,DISCOTHEQUE,U2
6190,The Distance Between Us,Fra Lippo Lippi
6191,DOES MY HEART BEAT NOW,CELINE DION
6192,DOMINO,KISS
6194,Donna Donna,Joan Baez
6196,DUM DUM DIDDLE,ABBA
6197,Dumb,Nirvana
6198,EASTER,MARILLION
6200,Enola Gay,OMD
6201,Enter Sandman,Metallica
6202,Enter Sandman,Metallica
6203,GOD BLESS THE CHILD,BILLY HOLIDAY
6204,GOD OF THUNDER,KISS
6206,HELLO IT'S ME,TODD RUNDGREN
6210,I LOVE YOUR SMILE,SHANICE
6211,ICICLE,THE CRANBERRIES
6214,It's Still Rock And Roll To Me,Billy Joel
6216,Jazz Police,Leonard Cohen
6217,JINGO,SANTANA
6218,JOAN OF ARC,O.M.D
6220,JUST A BOY,KISS
6222,JUST FOR THE RECORD,MARILLION
6226,Kids Says The Darndest Thing,Tammy Wynneth
6227,Kind Of A Drag,The Buckinghams
6228,KIND OF A HUSH,HERMAN'S HERMITS
6232,LADY IN BLACK,URIAH HEEP
6233,Lady Is A Tramp,Frank Sinatra
6234,LADY OF THE NIGHT,E. Humperdick
6237,LAND OF CONFUSION,GENESIS
6238,Somewhere My Love,Ray Conniff
6239,The Last Resort,Eagles
6240,Last Thing On My Mind,Steps
6241,LAY ALL YOUR LOVE ON ME,ABBA
6243,LESSONS OF LOVE,LEVEL 42
6244,THE LOGICAL SONG,SUPERTRAMP
6245,LONESOME LOSER,LITTLE RIVER BAND
6246,LONG LIVE ROCK,THE WHO
6247,THE LONG RUN,EAGLES
6248,LONG TIME,BOSTON
6249,Look Of Love,Burt Bacharach
6252,Lover's Moon,Glen Frey
6253,Lovin' You,Minnie Ripperton
6254,Low Man's Lyric,Metallica
6255,Lucky Lips,Ruth Brown
6256,LYING EYES,EAGLES
6257,MAGIC MAN,HEART
6258,Make It Real,The Jets
6262,Maxwell's Silver Hammer,The Beatles
6265,MIND GAMES,JOHN LENNON
6266,MOON AGE DAYDREAM,DAVID BOWIE
6267,MOONLIGHT SWIM,ELVIS PRESLEY
6270,MOST BEAUTIFUL GIRL,PRINCE
6271,The Most Beautiful Girl,Prince
6272,MOST BEAUTIFUL GIRL IN THE WORLD,FRANK SINATRA
6273,THE MOST HAPPY FELLA,FRANK LOESSER
6275,Mr. Speed,Kiss
6278,MY CHERIE AMOUR,STEVIE WONDER
6279,MY FATHERS EYES,ERIC CLAPTON
6281,Mysterious Ways,U2
6283,Neon Knights,Black Sabbath
6284,NICE AND SLOW,USHER
6285,The Night Has A Thousand Eyes,Gary Lewis
6286,A Night Like This,The Cure
6288,No More Mr. Nice Guy,Alice Cooper
6290,NO TELL LOVER,CHICAGO
6291,Nobody's Wife,Amoks
6293,Not If You Were The Last On Earth,Dandy Warhols
6294,Now And Forever,Richard Marx
6296,ON MY OWN,MICHAEL MCDONALD
6297,ONE,U2
6298,One Day At A Time,Lena Martell
6299,ONE NIGHT,ELVIS PRESLEY
6300,Only The Beginning,Chicago
6301,OPIUM,DANIEL BELANGER
6302,OUR DAY WILL COME,FOUR SEASONS
6303,Oye Como Va,Santana
6308,Peace Of Mind,Boston
6309,PIPER,ABBA
6310,PLANET CARAVAN,BLACK SABBATH
6311,Pleasant Valley Sunday,THE MONKEES
6312,Poor Little Fool,Ricky Nelson
6313,THE POWER OF LOVE,CELINE DION
6314,POWER OF LOVE,HUEY LEWIS
6315,PRETTY MAIDS ALL IN A ROW,EAGLES
6316,RAINING IN MY HEART,LEO SLAYER
6318,THEY CALL THE WIND MARIAH,KINGSTON TRIO
6319,RoadHouse Blues,The Doors
6320,ROCK ME,ABBA
6322,RONNIE,FOUR SEASONS
6323,Room With A View,Tony Carey
6324,Round And Round,Perry Como
6326,Ruby Tuesday,Rolling Stones
6327,Runaway,Bon Jovi
6328,Run For Your Life,The Beatles
6330,SALVATION,THE CRANBERRIES
6332,She Works Hard For The Money,Donna Summer
6334,SIMPLY THE BEST,TINA TURNER
6335,SINCE I'VE BEEN LOVING YOU,LED ZEPPELIN
6336,SISTERS OF THE MOON,FLEETWOOD MAC
6339,South of The Border,MARIAH CAREY
6340,Southern Cross,Bing Crosby
6341,SPACE COWBOY,Steve Miller Band
6342,Stairway To Heaven,Led Zepplin
6343,Starman,David Bowie
6344,Stay Another Day,East 176
6345,STEAMY WINDOWS,TONY JOE WHITE
6370,WHEN WILL I BE LOVED,EVERLY BROTHERS
6378,Don't Tell Me,Madonna
6379,I Love You All The Way,Janie Frickie
6380,I Was Looking For Someone,Leif Garret
6381,I'LL BE THERE,SOLID HARMONIE
6384,SLIPPING THROUGH MY FINGERS,ABBA
6385,Hungry Like A Wolf,Duran Duran
6386,Never Say Goodbye,BonJovi
6387,SUBURBIA,PET SHOP BOYS
6388,Don't You Forget About Me,Simple Minds
6390,Stronger,Britney Spears
6391,Music Of My Heart,N'sync And Gloria Estefan
6392,Affirmation,Savage Garden
6394,Almost Over You,Sheena Easton
6395,AUTUMN LEAVES,TONY BENNETT
6396,Anyone Can See,Irene Cara
6402,Caribbean Queen,Billy Ocean
6407,Dear Prudence,The Beatles
6409,Don't Worry Baby,Beach Boys
6410,EVERYBODY PLAYS A FOOL,AARON NEVILLE
6415,HONESTLY,HAREM SCAREM
6417,I'll Be There,Mariah Carey
6418,I'm Every Woman,Witney Houston
6419,I'M GONNA MAKE U LOVE ME,SUPREMES
6420,I'M GONNA MISS YOU,AARON CARTER
6422,I've Just Seen A Face,The Beatles
6423,I Was Born To Love You,Eric Carmen
6424,If I had hammer,Peter Paul & Mary
6425,IF LIFE IS SO SHORT,THE MOFFATTS
6428,It's Probably Me,Sting
6430,Just Another Day Without You,John Secada
6432,KING CREOLE,ELVIS PRESLEY
6433,LET'S GROOVE,"EARTH, WIND, FIRE"
6434,Long And Winding Road,Luther Vandross
6435,Long Tall Sally,The Beatles
6436,Love's Been Good To Me,Frank Sinatra
6437,Luka,Suzanne Vega
6441,MY GIRL,THE TEMPTATIONS
6442,NEITHER ONE OF US,GLADYS KNIGHT
6443,Never Be The Same Again,Mel C.
6444,NIGHT FEVER,BEE GEES
6450,Sentimental Lady,Bob Welch
6451,SHE'S THE ONE,ROBBIE WILLAMS
6452,She Makes Me Feel,Matthew Fisher
6453,So Sad,Everly Brothers
6459,YOUR SMILING FACE,JAMES TAYLOR
6463,CAUGHT UP IN THE RAPTURE,ANITA BAKER
6464,CENTERFOLD,J.  GEILS BAND
6467,ERRIE MY LOVE,RAY CHARLES
6470,Mas Que Nada,Sergio Mendez
6471,Make It Easy On Me,Steps
6474,PHOTOGRAPHS AND MEMORIES,JIM CROCE
6477,YOU'RE SO VAIN,CARLY SIMON
6478,You Really Got A Hold On Me,The Beatles
6480,I'D RATHER,LUTHER VANDROSS
6481,INSPECTOR MILLS,AMERICA
6483,IT'S GONNA BE LOVE,MANDY MOORE
6501,SMILE LIKE MONALISA,ALL-4-ONE
6507,When You're Looking Like That,Westlife
6508,YOUNG AT HEART,FRANK SINATRA
6509,ALIVE,JENNIFER LOPEZ
6511,EVERGREEN,WESTLIFE
6512,IF YOUR HEART'S NOT IN IT,WESTLIFE
6514,One Love,Blue
6517,Someday We'll Know,Mandy Moore
6519,UNBREAKABLE,WESTLIFE
6520,Shake Your Booty,Kc & The Sunshine Band
6521,Pop,NSYNC
6523,Gentleman,Lou Vega
6524,Freak On A Leash,Korn
6525,Emotion,Destiny's Child
6526,ADRIENNE,The Calling
6529,All The Things She Said,Tatu
6530,Almost Over You,Sheena Easton
6533,Ask For More,F4
6534,AT SEVENTEEN,JANIS IAN
6536,BEAUTIFUL,CHRISTINA AGUILERA
6537,BEST IN ME,BLUE
6539,Boys Do Fall In Love,Robin Gibb
6541,BROKEN VOW,LARA FABIAN
6542,Can't Lose You,F4
6543,Unbreakable,Westlife
6544,Qing Fei Di Yi,F4
6545,CAN'T HELP FALLIN' IN LOVE,F4
6550,Complicated,Avril Lavigne
6551,COUNT ON ME,WHITNEY HOUSTON
6552,Crazy Love,POCO
6554,DANCE WITH ME TONIGHT,THE WONDERS
6556,Desert Moon,Dennis DeYoung
6557,DILEMMA,NELLY
6558,Don't Dream Its Over,Crowded House
6559,Escape,Enrique Iglesias
6560,Fly By,Blue
6561,For Your Babies,Simply Red
6562,Gentleman,Lou Vega
6567,How Can I Fall,Breath
6569,I Live My Life For You,Firehouse
6570,I Love You Goodbye,Celine Dion
6571,IF I CAN DREAM,ELVIS PRESLEY
6572,If You're Not The One,Daniel Beddingfield
6573,I'll Never Fall In Love Again,Tom Jones
6574,I'm Gonna Come Back,Michael Learns To Rock
6575,I'm Gonna Getcha Good,Shania Twain
6576,I'M MISSING YOU,MEJA
6577,I'm With You,Avril Lavigne
6578,I'm Over You,Martin McCutcheon
6580,I've Got You,Martin Mccutcheon
6581,I Will Love Again,Lara Fabian
6585,Kiss From A Rose,Seal
6586,LIO SING YI,F4
6587,Loaded,Ricky Martin
6588,Love To See You Cry,Enrique Iglesias
6589,Love Me,Martin McCutcheon
6590,Love's Terrain,F4
6592,Lui Sing Yi,F4
6593,MISSING YOU,DIANA ROSS
6594,Missing You,Backstreet Boys
6595,MORE TODAY THAN YESTERDAY,SPIRAL STAIRCASE
6596,MY CONFESSION,RICHARD MARX
6597,My Girl,Phil Collins
6598,Never Surrender,Corey Hart
6599,Ni Yao Di Ai,F4
6600,Ni Yao Di Ai,F4
6602,Objection Tango,Shakira
6607,Passenger Seat,Stephen Speaks
6608,Perfect Moment,Martin McCutchheon
6610,Pretty Baby,Vanessa Carlton
6615,Season Of FireWorks,F4
6616,Settling,Tara Mclean
6617,Sk8ter Boi,Avril Lavigne
6618,Somewhere I Belong,Linkin Park
6619,Sorry Song,Brian McKnight
6623,Te Amo,F4
6624,TELL HIM,C.DION & B.STREISAND
6625,TELL HIM,THE EXCITERS
6626,THAT'S THE WAY (I LIKE IT),BACKSTREET BOYS
6627,The Tide Is High,Atomic Kitten
6628,The Cheeky Song,Cheeky girls
6629,There's Your Trouble,Dixie Chicks
6631,Ti Li Shi Chyen,F4
6634,TO LOVE YOU MORE,CELINE DION
6635,Together Again,Janet Jackson
6636,TOO LATE TOO SOON,JON SECADA
6637,Underneath Your Clothes,Shakira
6640,VICTIMS OF LOVE,JOE LAMONT
6641,VISIONS OF A SUNSET,SHAWN STOCKMAN
6644,Welcome To The Fun Club,Meja
6646,When You Believe,Mariah Carey
6647,When You're In Love With A..,Dr. Hook
6648,WHENEVER I CALL YOU..,JOHNSON & KRAUSS
6649,"Whenever, Wherever",Shakira
6651,Wherever You Will Go,The Calling
6652,Wild Women,Michael Learns To Rock
6653,I Truly Love You,F4
6654,I Truly Love You,F4
6655,I Truly Love You,F4
6656,Would You Be Happier,The Corrs
6657,Yellow,Coldplay
6658,A MAN I'LL NEVER BE,BOSTON
6660,Dream Lover,Bobby Darin
6661,Dreams,The Cranberries
6663,I JUST SHOT JOHN LENNON,CRANBERRIES
6664,I'm Glad,J.Lopez
6665,Jannie's Got A Gun,Aerosmith
6669,All The Small Things,Blink 182
6670,Linger,The Cranberries
6671,Lucky Star,Madonna
6675,NEVER EVER,ALL SAINTS
6676,ONE STEP CLOSER,LINKIN PARK
6678,Pink,Aerosmith
6679,Roses Are Red,Aqua
6682,Salvation,Cranberries
6684,SHE'S THE ONE,ROBBIE WILLAMS
6685,Someday I'll Be Saturday Night,Bon Jovi
6687,Thank You,Alanis Morissette
6688,Tonight,Rod Stewart
6689,What's My Age Again,Blink 182
6690,YOU LEARN,ALANIS MORISSETTE
6691,Bring Me To Life,Evanesence
6692,You Make Me Sick,Pink
6693,Can't Lose You,F4
6694,CARTOON HEROES,AQUA
6696,CHARMLESS MAN,BLUR
6697,Cloud Number 9,Bryan Adams
6698,Objection,Shakira
6707,Queen Of My Heart,Westlife
6708,Play,Jennifer Lopez
6712,World Of Our Own,Westlife
6714,Brown Eyes,Destiny' Child
6716,EVERGREEN,WESTLIFE
6718,SEXY,FRENCH AFFAIR
6737,CHERISH,THE ASSOCIATION
6745,FOLLOW ME,JOHN DENVER
6746,Forgiven Not Forgotten,The Corrs
6750,Hit Me With Your Best Shot,Pat Benatar
6751,I Lay My Love On You,WestLife
6756,One Love,Blue
6759,The Past,Ray Parker
6760,The Promise,Plus One
6761,The Right Time,The Corrs
6764,"Turn, Turn, Turn",The Byrds
6765,Up Up And Away,5th Dimension
6767,Uptown Girl,Westlife
6769,YOU MUST LOVE ME,MADONNA
6770,You Sang To Me,Marc Anthony
6790,Everly Brothers Medley,E.Brothers
6791,Everybody Loves A Clown,The Playboys
6792,EVERYTHING,JODY WATLEY
6795,Ice Ice Baby,Vanilla Ice
6799,The Search Is Over,Survivor
6800,The Things We Never Did,A1
6801,Three Ring Circus,Blue Magic
6803,TORN BETWEEN TWO LOVERS,MARY MACGREGOR
6808,Forever As One,Vengaboys
6809,Amnesia,Lukas
6818,Candina,Tony Orlando
6824,WHEN YOU'RE LOOKING,WESTLIFE
6825,If You're Heart's Not,Westlife
6828,You've Got A Friend,Carole King
6839,Bee Gees Medley,Bee Gees
6840,BEST IN ME,BLUE
6841,BLACK MAGIC WOMAN,SANTANA
6842,Close,Westlife
6843,DIRRTY,Christina Aguilerra
6848,Same Old Brand New You,A1
6851,Adrienne,The Calling
6852,Don't Say,Paulina Rubio
6855,There's Your Trouble,Dixie Chicks
6856,Till I Loved you,Barbara Streisand
6858,What About Me,Kim Carnes
6859,Electrical Storm,U2
6860,ENOLA GAY,O.M.D
6861,Everyday,Bon Jovi
6862,Everywhere,Michelle Branch
6865,Hitchin' A Ride,Greenday
6866,How Can I Fall,Breath
6868,Ain't It Funny,Jennifer Lopez
6869,In My Place,Cold Play
6870,It's Ok,Atomic Kitten
6871,Jenny From The Block,Jennifer Lopez
6874,Later,Fra Lippo Lippi
6875,Memory,Barry Manilow
6876,MY SWEET LORD,GEORGE HARRISON
6877,NEVER EVER,ALL SAINTS
6878,A New Day Has Come,Celine Dion
6879,AMERICAN LIFE,MADONNA
6880,Next 100 Years,Bon Jovi
6881,Pretty Fly,Offspring
6885,Ready To Run,Dixie Chicks
6886,Rock DJ,Robbie Williams
6887,Rosemary Blue,Neil Sedaka
6888,Run Samson Run,Neil Sedaka
6890,Big Me,Foo Fighters
6892,Summer Of '69,Bryan Adams
6895,THAT OLD BLACK MAGIC,FRANK SINATRA
6896,The Scientist,Cold Play
6897,The Way I Feel,Air Supply
6898,Think I'm In Love,Paul Anka
6899,This Ain't A Love Song,Bon Jovi
6900,Through The Rain,Mariah Carey
6902,Unwell,Matchbox 20
6903,Up,Shania Twain
6904,Upside Down,Diana Ross
6905,Walk Through This World With Me,Engelbert Humperdinck
6906,What's My Age Again,Blink 182
6907,Without You,Mariah Carey
6909,You Belong To Him,The Duprees
6910,You Make Me Feel So Young,Frank Sinatra
6911,You Rock My World,Michael Jackson
6912,By The Way,Red Hot Chili Peppers
6913,You Will Be My Music,Frank Sinatra
6914,Your's Until Tomorow,Engelbert Humperdinck
6921,Bridges,Sergio Mendez
6923,Californication,Red Hot Chili Peppers
6925,DEJAVU,DIONNE WARWICK
6926,Disease,Matchbox 20
6929,Even The Night Are Better,Air Supply
6930,HERE WE ARE,F4(KEN ZU)
6931,From The Bottom Of My Broken Heart,Britney Spears
6932,Our Last Song Together,Neil Sedaka
6933,Get Over You,Sophie Bextor
6934,Clocks,Cold Play
6935,GOT TO HAVE YOU,F4(JERRY YAN)
6936,Have You Ever,S Club 7
6939,I'll Be,Edwin McCain
6940,I'm Over You,Martin McCutcheon
6945,Cowboy Take Me Away,Dixie Chicks
6947,Lonely Is The Night,Air Supply
6949,MALCHIK GAY,TATU
6950,Murder On The Dance Floor,Sophie Bextor
6952,Try It On My Own,Whitney Houston
6954,Take Me Home,Sophie Bextor
6962,Closing Time,Semisonic
6963,Crawling,Linkin Park
6964,Crush,Mandy Moore
6965,CRY,MANDY MOORE
6969,Don't Cry,Gun's N' Roses
6970,DR. JONES,AQUA
6971,Drowning,Backstreet Boys
6973,Elvis Presley Medley,Elvis Presley
6974,E.Humperdinck Medley,E.Humperdinck
6977,Free,Lighthouse Family
6978,GENIE IN A BOTTLE,CHRISTINA AGUILERA
6980,Give Love On Christmas Day,Jackson 5
6982,Lucky,Britney Spears
6985,More Than Words,Extreme
6989,Patience,Guns N' Roses
6992,Tragedy,Steps
6993,In The Navy YMCA Medley,Village People
6995,Breathless,The Corrs
6997,Can't Get You Out Of My Head,Kylie Minogue
6998,Cascades Medley,Cascades
6999,CLEANING MY CLOSET,EMINEM
7001,A Matter Of Trust,Billy Joel
7002,All Star,Smash Mouth
7007,Runaway,Bon Jovi
7009,See You Later Alligator,Bill Haley
7012,SPINNING WHEEL,BLOOD SWEAT AND TEARS
7013,All The Way,Johnny Mathis
7014,SUSPICIOUS MINDS,ELVIS PRESLEY
7015,Take Good Care Of My Baby,Bobby Vee
7018,THERE MUST BE AN ANGEL,EURYTHMICS
7020,Try A Little Tenderness,Kiss
7021,WE'LL SHARE THESE MOMENTS,BILL BATSTONE
7023,When Will You Say I Love You,Billy Flurry
7025,When You Say Nothing At All,Ronan Keating
7027,WILD WORLD,MR. BIG
7028,Without You,Badfinger
7029,You Always Hurt The One You Love,Patti Page
7030,You Are My All in All,GOSPEL SONG
7031,You Are My Hiding Place,GOSPEL SONG
7032,You Are My King,GOSPEL SONG
7033,You Are The Love Of My LIfe,Diana Ross
7034,YOU DON'T KNOW ME,FLOYD CRAMER
7036,YOU MAY BE RIGHT,BILLY JOEL
7038,You Should Know By Now,Angela Bofill
7039,You'll Never Walk Alone,Frank Sinatra
7040,Your Love,Gospel Song
7041,Your Unfailing Love,GOSPEL
7043,You're So Square Baby I Don't Care,Elvis Presley
7044,You're So Vain,Carole King
7045,You've Got A Way,Shania Twain
7046,ALONE,HEARTS
7047,Unbreak My Heart,Toni Braxton
7048,Thriller,Michael Jackson
7049,Reunited,Peaches and Herbs
7051,BELIEVE,Cher
7053,HERO OF THE DAY,METALLICA
7054,SEEK AND DESTROY,METALLICA
7055,Till There Was You (Live),The Beatles
7056,Caught In A Web,DreamTheater
7057,Always,Atlantic Star
7058,Nobody Wants To Be Lonely,Ricky Martin ft Christina Aguilera
7059,Michico Latino,Gerri Halliwell
7060,Dub I Dub,Me And My
7061,Summer's Son,Texas
7063,BLUE CHRISTMAS,ELVIS PRESLEY
7068,AND WHEN I DIE,BLOOD SWEAT AND TEARS
7075,I LOVE ROCK 'N ROLL,BRITNEY SPEARS
7078,Make It Real,The Jets
7080,White Flag,Dido
7082,May Kakaibang Kutob,Jason Martines
7086,Numb,Linkin Park
7088,Perfect,Simple Plan
7092,Swing Swing,All American Rejects
7094,Time Will Reveal,El Debarge
7095,Where's The Love,Black Eyed Peas
7096,DIRRTY,Cristina Aguilerra
7097,Yesterday,The Beatles
7098,Where The Boys Are,Connie Francis
7099,ALWAYS AND FOREVER,MARIAH CAREY
7100,SEXY MUSIC,NOLANS
7101,Meteor Rain,F4
7107,86,Green Day
7115,Let Me Be,Aero
7116,The Memory Remains,Metallica
7118,NO ONE ELSE COMES CLOSE,Joe
7119,One Hello,Randy Crawford
7122,Here Comes The Hotstepper,Ini Kamoze
7124,ANGIE,ROLLING STONES
7132,Skin,Madonna
7133,SOMEDAY,SUGAR RAY
7134,Beatles Medley(Stars on 45),The Beatles
7136,Strong,Robbie Williams
7142,Another Brick In The Wall,Pink Floyd
7144,Any Dream Will Do,Boston
7146,Anytime,Janet Jackson
7147,APRIL COME SHE WILL,SIMON AND GARFUNKELL
7148,Around The World,Marlyn Monroe
7149,As Long As He Needs Me,Jack Jones
7150,Astrud,Basia
7152,Autumn Leaves,Tony Bannett
7160,Baby Come Back To Me,Michael Bolton
7161,BABY I'M A WANT YOU,BREAD
7162,Baby Baby,George Strait
7163,Back In the USSR,The Beatles
7164,"BAD, BAD LEROY BROWN",JIM CROCE
7165,Bad To Me,Billy J. Kramer
7166,BAD,MICHAEL JACKSON
7171,BARBARA ANN,BEACH BOYS
7174,BEAUTIFUL BODY,CAT STEVENS
7176,The Best Thing That Ever Happened,Gladys Knight and the Pips
7177,Betcha By Golly Wow,Stylistics
7186,Born On The Bayou,Carole King
7187,Born To Be Alive,Patrick Hernandez
7188,BORN TO LOSE,RAY CHARKES
7189,Breaking Up Is Hard To Do,N. Sedaka
7191,(YOU'VE GOT) THE MAGIC TOUCH,THE PLATTERS
7194,Burn,Tina Arena
7195,Buses And Train,Bachelor Girl
7196,But I Will,Faith Hill
7200,CALIFORNIA GIRLS,BEACH BOYS
7201,Call Me,Aretha Franklin
7202,Don't Think Twice It's Alright,M. Johnson
7206,Girls Just Wanna Have Fun,Cindi Lauper
7209,Heart Of Glass,Blondie
7210,Honesty,Billy Joel
7217,Mandy,Barry Manilow
7225,All In Love Is Fair,Stevie B.
7227,Never Be The Same Again,Mel C.
7229,Shooting Star,F4 (Yellow)
7230,Ask For More,F4
7231,DAN NI BU HUAI,F4
7240,Won't Cry,Krezip
7247,Bye Bye Bye,NSYNC
7248,It's Gonna Be Me,NSYNC
7254,Life Is A Rollercoaster,Ronan Keating
7256,Flying Without Wings,Westlife
7259,Sex Bomb,Tom Jones
7260,The Shadow Of Your Smile,Brenda Lee
7261,Fool Again,Westlife
7265,Come and Get It,Good Guys
7267,OOPS (I DID IT AGAIN),BRITNEY SPEARS
7271,Back At One,Brian Mcnight
7290,Climb Every Mountain,Julie Andrews
7291,Have you Ever Seen The Rain,CCR
7292,He'll have to go,Jim Reeves
7293,We Don't Talk Anymore,Cliff Richard
7294,Fame,Irene Cara
7296,Remember Me This Way,JORDAN HILL
7298,SHATTERED DREAMS,JOHNNY HATES JAZZ
7299,She Loves You,The Beatles
7300,I Don't Want To Spoil The Party,The Beatles
7303,Fantasy,"Earth, Wind & Fire"
7304,Father Figure,Wham
7306,Everybody (Backstreet's Back),Backstreet Boys
7307,Face To Face,Peter Paul & Mary
7308,I Want It That Way,Backstreet Boys
7309,I Want You For My Self,Another Level
7311,THIS KISS,FAITH HILL
7315,Love Me For What I Am,The Carpenters
7316,A TALE THAT WASN'T RIGHT,HELLOWEEN
7319,Another Somebody,B.J.Thomas
7320,A Collection,Marillion
7322,No One Can,Marillion
7323,AFFAIRS OF THE HEART,STEVE NICKS
7324,Angel,Shaggy
7325,Everything You Want,Vertical Horizon
7328,HEAD TO TOE,LISA LISA & ...
7334,MOST BEAUTIFUL GIRL,PRINCE
7337,MAGNIFY THE LORD,MICHAEL O'SHIELDS
7342,Only By Grace,Integrity
7344,OUT OF REACH,GABRIELLE
7349,What A Mighty God,Gospel Song
7352,When You Look At Me,Christina Millian
7353,What Took You So Long,Emma Bunton
7357,The APL Song,Black Eyed Peas
7360,BABY BOY,BEYONCE
7362,Better Man,Robbie Williams
7363,Blame It On The Weatherman,B'Withched
7369,(NICE TO BE)Happy,Alexia
7375,Like I Love You,Justin Timberlake
7376,Anytime,Kelly Clarkson
7378,Because Of You,Keith Martin
7379,Crazy Inlove,Beyonce
7381,Get Busy,Sean Paul
7382,HALF-LIFE,DUNCAN SHIEK
7383,Hollywood,Madonna
7384,Hunter,Dido
7386,ON A HIGH,DUNCAN SHIEK
7388,Thank God I Found You,Mariah Carey
7389,HE WASN'T MAN ENOUGH,TONI BRAXTON
7394,I'M STILL REMEMBERING,THE CRANBERRIES
7395,Gold,Spandau Ballet
7407,My Strongest Suit,Spice Girls
7414,Miss Flawless,Angelica Jones
7427,Fastfood Song,Fast Food Rockers
7430,Back To You,John Mayer
7436,Miss Flawless,Angelica Jones
7447,Billy S,Skye Sweetnam
7449,FLOWER SCENT,AMBROSE
7450,Here In My Heart,Plus One
7451,I GOT YOU BABE,SONNY & CHER
7453,Insensitive,Jann Arden
7454,IS IT OVER,RONNIE MILSAP
7458,MISSING YOU,TINA TURNER
7460,QUESTION OF FAITH,LIGHTHOUSE FAMILY
7461,Show Me Your Love,F4(Ken)
7462,THAT'S WHEN I LOVE YOU,ASLYN
7463,The Ghost Of You,Michael Learns To Rock
7465,Walking In The Rain,A1
7467,WHO LET YOU CRY,VANESS WU
7468,Why Can't I,Tom Jones
7469,Ain't No Way To Treat A Lady,Helen Reddy
7470,All Those Years Ago,George Harrison
7471,Any day Now,Elvis Presley
7473,Bachelor Boy,Cliff Richard
7474,BAKERSTREET,GERRY RAFFERTY
7475,Beth,Kiss
7476,Blue Night,Michael Learns To Rock
7477,Brand New Key,Melanie Safka
7478,Bring It Home To Me,Sam Cooke
7481,CALL ME RESPONSIBLE,JACK JONES
7482,CAN YOU READ MY MIND,MAUREEN MCGOVERN
7483,Can't Fight The Moonlight,Lean Rhymes
7484,CARAVAN,KITARO WITH PAGES
7485,Chances Are,Johnny Mathis
7488,CLAIR,GILBERT O'SULLIVAN
7489,ELECTRIC BLUE,THE CRANBERRIES
7490,Feel,Robbie Williams
7491,FOOLS RUSH IN,RICK NELSON
7493,Free Again,Jack Jones
7494,FRIEND,MIKE FRANCIS
7497,I CAN'T GET OVER YOU,LIONEL RICHIE
7499,I NEVER DREAMED SOMEONE LIKE YOU,CATHY IRVING
7500,I Think I Love You,Parridge Family
7501,If You're Happy,NURSERY RHYMES
7502,IndaClub,50 Cents
7503,IT'S NOT FOR ME TO SAY,JOHNNY MATHIS
7504,It's Raining Men,Gerri Halliwell
7505,Just Say I LOve Him,Timi Yuro
7506,Just Tell Her Jim Said Hello,Elvis Presley
7508,LALABAS SANA AKO,SELINA SEVILLA
7509,Last Flight Out,Plus One
7514,MY WORLD KEEPS GETING SMALLER,NEIL SEDAKA
7515,NOTHING REALLY MATTERS,MADONNA
7516,Old And Wise,Alan Parsons Project
7519,RAY OF LIGHT,MADONNA
7520,The Day We Caught The Train,Ocean Colour Scene
7522,THE LOOK OF LOVE,MICHELLE BRANCH FEAT SANTANA
7524,THE ONLY THING THAT,BRYAN ADAMS
7525,THE SHOOP SHOOP SONG,WHITNEY HOUSTON
7526,The Tide Is High,Blondie
7527,THIS GIRL HAS TURNED INTO A WOMAN,MARY MacGREGOR
7528,This Time I Know Is Forever,Errol Brown
7530,We Could Have It All,Maureen McGovern
7534,I Just Died In Your Arms Tonight,Cutting Crew
7535,A DREAM GOES ON FOREVER,TOD RUNDGREN
7536,A PLACE IN THE SUN,STEVIE WONDER
7537,(You Drive Me) Crazy,Britney Spears
7538,(I'VE HAD) THE TIME OF MY LIFE,DIRTY DANCING THEME
7539,2001 C.C. RIDER,ELVIS PRESLEY
7541,A Girl Like You,Edwyn Collins
7543,A Kind Of Magic,Queen
7544,A Man and A Woman,Engelbert Humperdick
7545,A Place For The Winter,Lettermen
7547,A Taste of Honey,The Beatles
7548,A VERY SPECIAL LOVE,MAUREEN MCGOVERN
7549,A Well Respected Man,Gary Lewis
7550,98.6,KEITH
7552,Across The Universe,The Beatles
7554,A View To A Kill,Duran Duran
7555,Ain't No Way To Treat A Lady,Helen Reddy
7556,Ain't No Stopping Us Now,Mc Fadden
7557,AIR THAT I BREATHE,SIMPLY RED
7559,All The Legal Furies Seize You,Gilbert Sullivan
7563,All I Need,Jack Wagner
7567,A Man After Your Own,Gospel
7568,A Place At Your,Gospel
7569,A Pure Heart,Gospel
7586,Shadow In Your Light,Gospel Song
7587,Shakespear In Love,Layla Kalif
7592,Why,Avril Lavigne
7597,A Broken Spirit,Gospel Song
7599,Classic,Adrian Gurvitz
7622,Breath,Michelle Branch
7623,Can't Hold Us Down,Christina Aguilera
7625,Chances,Air Supply
7626,Draw Me Close,Gospel Song
7630,Are You Happy Now,Michelle Branch
7644,SWEET DREAMS,PATSYE CLINE
7650,THE DISTANCE..,FRA LIPPO LIPPI
7652,Fastfood Song,F.Food Rockers
7661,Solitaire,Carpenters
7664,Show Me Your Love,F4
7666,To Where You Are,Josh Groban
7667,Toxic,Britney Spears
7669,Your Body Is A Wonderland,John Mayer
7674,THE ZEPHYR SONG,RED HOT CHILI PEPPERS
7678,Cruisin',Gwyneth Paltrow & Huey Lewis
7679,Stacy's Mom,Fountain Of Waine
7680,I Need You,Leann Rimes
7681,Everytime,Britney Spears
7683,All You Wanted,Michelle Branch
7684,Back To You,John Mayer
7685,If You Come Back,BLUE
7686,BRING ME TO LIFE,EVANESCENCE
7687,HEY SEXY LADY,SHAGGY
7688,My Immortal,Evanescence
7691,I Need To Be Next To You,Leigh Nash
7692,No Such Thing,John Mayer
7693,Only Time,Enya
7695,Goodbye To You,Michelle Branch
7698,Take My Breath Away,Emma Bunton
7699,Breathe Easy,Blue
7701,Obvious,Westlife
7702,Guilty,Blue
7711,Breaking The Habit,Linkin Park
7724,Alfie,Matt Monro
7727,Half A World Away,REM
7730,Here Today Gone Tomorrow,Ray Conniff
7734,La La,Hardineros
7745,Padjakero,Jojit Pelaez
7762,Ang Aking Lola,Dodie
7763,Pautang,Nel
7770,GOTHAM CITY,R.Kelly
7774,Hole In The Head,Sugababes
7778,Imaginary,Evanescence
7779,Intuition,Jewel
7785,Lonestart,Norah Jones
7788,More Than This,Norah Jones
7795,Sorry Seems To Be The Hardest Word,Blue Feat. Elton John
7796,Drive,Incubus
7798,Bent,Matchbox 20
7799,Kryptonite,3 Doors Down
7801,Sway,Bic Runga
7802,Yeah,Usher ft Ludacris Lil' Jon
7803,Come Clean,Hillary Duff
7804,So Yesterday,Hillary Duff
7805,Stan,Eminem
7807,Naughty Girl,Beyonce
7809,Hey Ya,Outkast
7814,100 Years,Five For Fighting
7818,Always Been You,Imajin
7821,Anticipating,Britney Spears
7830,Boys Don't Cry,Plumb
7834,Come Away With Me,Norah Jones
7835,Cupid,112
7836,Daisy Otso,Keekaayz
7839,Faith In Me,Mandy Moore
7842,Family Affair,Mary J. Blige
7845,How Did I Fall In Love,Backstreet Boys
7846,I Do,Lisa Loeb
7849,Just Breath,Faith Hill
7850,Me Againts The Music,Britney Spears
7852,Natural,S Club 7
7854,Only Love,Trademark
7855,Overprotected,Britney Spears
7857,This Love,Maroon 5
7860,The Voice Within,Christina Aguilera
7862,A THOUSAND MILES,VANESSA CARLTON
7866,Bringing Heartbreak,Mariah Carey
7867,The Reason,Hoobastank
7869,Don't Tell Me,Avril Lavigne
7870,Faint,Linkin Park
7871,Find My Way Back,Michelle Branch
7876,I Did It For You,Westlife
7887,ONE OF THESE DAYS,BARRY MANILOW
7888,Our Lives,The Calling
7892,Penny And Me,Hanson
7896,Summer Sunshine,The Corrs
7898,Take Me To Your Heart,Michael Learns To Rock
7899,TELL HIM,DION & STREISAND
7904,You've Got To Hide Your Love Away,The Beatles
7905,STAND BY ME,BEN E.KING
7906,LOST WITHOUT YOUR LOVE,BREAD
7907,The Best Of Me,Bryan Adams
7908,Calling Your Name,Geri Halliwell
7909,Hard Habit To Break,Chicago
7912,Don't Take Away My Heart,Modern Talking
7913,Relax,Frankie Goes To Hollywood
7914,TEQUILA SUNRISE,EAGLES
7915,BE WITH YOU,ENRIQUE IGLESIAS
7916,"ERASE,REWIND",THE CARDIGANS
7917,Flood,Jars Of Clay
7919,THREE COINS IN A FOUNTAIN,FRANK SINATRA
7920,Free Love,Depeche Mode
7921,I CAN'T DANCE,GENESIS
7922,Get Down On It,Kool And The Gang
7923,I JUST WANNA STOP,VANELLI
7928,I Hate Everything About You,Ugly Kid Joe
7931,YOU ARE SO BEAUTIFUL,JOE COCKER
7935,Lana,Roy Orbison
7936,Little Past Little Rock,Leanne Rimes
7937,Love Ain't,Take That
7938,Sad But True,Metallica
7942,Road Trippin',Red Hot Chili Peppers
7944,Save Tonight,Eagle Eye Cherry
7945,Sexy Lover,Modern Talking
7946,Taking Over Me,Evansecene
7947,Teacher I Need You,Elton John
7948,TEENAGE DIRTBAG,WHEATEUS
7950,THE CHEAP SEATS,ALABAMA
7951,First Day Of My Life,Rasmus
7952,Walking Contradiction,Greenday
7953,WHAT IT FEELS LIKE FOR A GIRL,Madonna
7954,Whatever We Imagine,James Ingram
7957,Deeper Underground,Godzilla Theme
7959,DON'T LET ME BE THE LAST TO KNOW,BRITNEY SPEARS
7960,Fill Me In,Craig David
7961,Game Of Love,Santana
7962,Crying,Roy Orbison
7963,Wall,Kansas
7964,I'm Walking,Fats Domino
7965,TOM DOOLEY,KINGSTON TRIO
7966,Tearin' Up My Heart,NSYNC
7967,Smoke,Natalie Imbruglia
7968,Desire,Samantha
7969,HELLO AGAIN,NEIL DIAMOND
7970,SMOOTH CRIMINAL,MICHAEL JACKSON
7971,Physical,Olivia Newton-John
7972,YOU'RE THE ONE THAT..,TRAVOLTA & N-JOHN
7973,DOWNTOWN,PETULA CLARK
7975,Lucky Lips,Ruth Brown
7976,SMOOTH OPERATOR,SADE
7977,SEND ME AN ANGEL,SCORPIONS
7978,SUMMER BREEZE,SEALS & CROFTS
7979,Zero,Smashing Pumpkins
7980,KING OF PAIN,ALANIS M.
7981,Closer,The Corrs
7982,DREAMS,THE CORRS
7984,Mony Mony,Tomy James Shondells
7985,The Sweetest Thing,U2
7986,Nice And Slow,Usher
7987,Jump,Van Halen
7988,Shalala Lala,Vengaboys
7989,AUTOMATIC,UTADA HIKARU
7991,XANADU,OLIVIA NEWTON JOHN
7993,Wildflower,Skylark
7995,A Woman's Worth,Alicia Keys
7996,All About Lovin' You,Bon Jovi
7999,Walk Like An Egyptian,Bangles
8001,Angel,The Corrs
8002,Pieces of Me,Ashly Simpson
8004,Superstar,Jamelia
8006,Angels Brought Me Here,Guy Sebastian
8016,AMERICAN PIE,DON MCLEAN
8019,Think of Laura,Christopher Cross
8022,It Don't Mean A Thing,Duke Ellington
8025,It's Been A While,Staind
8026,I Live For Your Love,Natalie Cole
8027,I Love Paris Every Moment,Frank Sinatra
8028,I Remember You,Skidrow
8031,I Want You,Savage Garden
8032,I Was Born To Make You,Britney Spears
8033,If Ever You're In My Arms Again,Peabo Bryson
8037,Love And Marriage,Frank Sinatra
8038,Nativity In Black,Black Sabbath
8042,Carwash,Cristina Aguilerra
8044,First Love,Utada Hikaru
8045,My Prerogative,Britney Spears
8051,Don't Know Much,Don McLean
8052,Everybody's Fool,Evanescence
8053,Look What You've Done,Jet
8054,Don't Give Your Love Away,Jack Jones
8057,The Love Boat,Jack Jones
8062,Burn,Usher
8067,Nobody's Home,Avril Lavigne
8081,It Won't Be Long,Beatles
8082,Officially Missing You,Tamia
8086,Plush,Stone Temple Pilots
8088,Hey Mama,Black Eyed Peas
8089,My Boo,Usher ft. Alicia Keys
8091,Virtual Insanity,Jamiroquai
8092,What If,Baby Face
8099,Chocolatte,Soul Control
8101,Tattooed On My Mind,D'Sound
8102,EASY,LIONEL RICHIE
8105,Stupid Girl,Garbage
8107,Taking Over Me,Evanescence
8108,The Most Beautiful Girl In The World,Charlie Rich
8109,Speechless,Thomas Mason
8110,Until I Fall In Love Again,David Pomeranz
8111,We May Never Love Like..,Maureen McGovern
8112,Can We Still Be Friends,Mandy Moore
8113,I Need You,3T And Michael Jackson
8115,TRUE,Ryan Cabrera
8116,One Night,The Corrs
8118,Could It Be Any Harder,The Calling
8119,Harder To Breathe,Maroon 5
8120,Out Of Control,Hoobastank
8122,My Place,Nelly
8123,Sometimes You CAn Make It..,U2
8124,Dear Lie,TLC
8125,What You Waiting For,Gwen Stefani
8126,Welcome To My Life,Simple Plan
8127,Concrete Angel,Martina McBride
8128,I Believe In You,Kylie Minogue
8131,Sunday Morning,Maroon 5
8151,If I Ain't Got You,Alicia Keys
8152,I'm Gonna Catch You Baby,Lonnie Gordon
8153,Don't Chain My Heart,Toto
8154,Everybody Dance Now,C&C Music Factory
8155,I Always Get Caught...,Dionne Warwick
8156,Never Gonna Let You Go,Sergio Mendez
8157,Shiver,NAtalie Imbruglia
8159,Sweetest Goodbye,Maroon 5
8161,I Don't Wanna Lose You,The Spinners
8163,Matt Monroe Medley,Matt Monroe
8167,It's The Same Old Song,The Supremes
8168,ETERNAL FLAME,ATOMIC KITTEN
8169,True Love,All About Eve
8170,Try Again,Aaliyah
8171,FINAL DISTANCE,UTADA HIKARU
8172,I Believe In The Thing Called Love,The Darkness
8173,Get Right,Jennifer Lopez
8175,Untitled,Simple Plan
8191,La La,Ashly Simpson
8201,Part Time Lover,Stevie Wonder
8202,Must Get Out,Maroon 5
8203,Lightning Crashes,Live
8204,I'm Already There,Lonestar
8205,Beautiful Soul,Jesse Mccartney
8207,Do Something,Britney Spears
8208,Incomplete,Backstreet Boys
8211,Gonna Get Your Love,Sister Sledge
8212,Don't Let It End,Styx
8213,Always,Erasure
8215,Living to Love You,Sarah Connor
8216,Save The Last Dance,Michael Buble
8217,The Unforgiven,Metallica
8218,Were In This Love Together,Al Jarreau
8219,Fighter,Christina Aguilera
8220,Warpigs,Black Sabbath
8221,Behind these Hazel Eyes,Kelly Clarkson
8222,Mr. Brightside,The Killers
8223,The Next Best Superstar,Mel C.
8225,Melt With You,Modern English
8226,Let Me Love You,Mario
8227,WISHING I WAS THERE,NATALIE IMBRUGLIA
8228,Don't Let Me Get Me,Pink
8229,It's Like That,Mariah Carey
8231,Daughter,Pearl Jam
8233,Feel Good Inc.,Gorillaz
8234,Helena,My Chemical Romance
8235,Gasolina,Daddy Yankee
8243,Sexy Naughty Bitchy,Tata Young
8244,We Belong Together,Mariah Carey
8245,Lose My Breath,Destiny's Child
8247,Don't Phunk With My Heart,Black Eyed Peas
8261,All Rise,Blue
8262,Basket Case,Greenday
8264,Crazy,KC and Jojo
8266,Disco Inferno,The Trampps
8267,Don't Stop Believing,Journey
8268,Go The Distance,Michael Bolton
8269,Don't Love You No More (I'm Sorry),Craig David
8270,Every Rose Has Its Thorn,Poison
8271,Friday I'm In Love,The Cure
8272,Break Away,Kelly Clarkson
8273,Hung Up,Madonna
8274,Beautiful Disaster,Kelly Clarkson
8275,Hard To Handle,Black Crowes
8276,Don't lie,BLack Eyed Peas
8277,Don't Cha Wanna Ride,Joss Stone
8278,Dance With Me,The Orleans
8279,Breathe On Me,Britney Spears
8280,I Alone,Live
8281,Just Want You To Know,Backstreet Boys
8282,My World,Avril Lavign
8283,One Two Step,Ciara
8284,Push The Button,Sugababes
8285,Every Now And Then,"Earth, Wind and Fire"
8286,Low,Kelly Clarkson
8287,Quando Quando Quando,Michael Buble' and Nelly
8288,Sacrifice,Tatu
8289,Sorry,Madonna
8290,Monkey Wrench,Foo Fighters
8291,Hollaback Girl,Gwen Stefani
8292,Together,Avril Lavign
8293,Shake it Off,Mariah Carey
8294,You Can Do Magic,America
8297,Cool,Gwen Stefani
8299,You're Beautiful,James Blunt
8300,Wake Me Up When September Ends,Greenday
8301,Lonely No More,Rob Thomas
8302,Waterfall,TLC
8303,Ugly,Sugababes
8304,There You'll Be,Faith hill
8306,Overload,Sugababes
8307,Separate Lives,Phil Collins And Cindy Lauper
8308,Since You've Been Gone,Kelly Clarkson
8309,Somebody Told Me,The Killers
8313,A Moment Like This,Kelly Clarkson
8317,I Dont Care,Ricky Martin
8322,Because Of You,Kelly Clarkson
8351,My Humps,Black Eyed Peas
8361,So Good,Al Jarreu
8362,Forever and A Day,Michael Learns to Rock
8363,Wake Up,Hillary Duff
8364,I Still,Backstreet Boys
8366,Just Feel Better,Santana & Steve Tyler
8367,Forbidden Love,Madonna
8368,Get Together,Madonna
8369,Walking on the Sun,Smashmouth
8371,Someday,Michael Learns To Rock
8372,The One I Love,R.E.M.
8374,Here Without You,3 Doors Down
8375,I Can Wait Forever,Air Supply
8376,Stick Wit U,Pussy Cat Dolls
8377,Don't Cha,Pussy Cat Dolls
8391,Average Joe,Y-Not
8395,Bebot,Black Eyed Peas
8400,Sometimes A Fantasy,Billy Joel
8401,Crazy,Simple Plan
8414,Bad Day,Daniel Powter
8416,Don't Forget About Us,Mariah Carey
8418,Missing You,John Waite
8419,Don't Stop Believing,Journey
8420,Jump,Madonna
8421,Knocks Me Off My Feet,Stevie Wonder
8423,Stupid Girls,Pink
8424,Pretty Vegas,Inxs
8425,Put Your Records On,Corrine Baely Rae
8426,THE BEAUTIFUL ONES,SUEDE
8427,Terminal,Rupert Holmes
8428,Walk Away,Kelly Clarkson
8429,Collide,Howie Day
8430,Because You Live,Jesse McCartney
8433,Beep,Pussycat Dolls
8461,Beat Of My Heart,Hilary Duff
8462,IS IT ANY WONDER,KEANE
8464,YOUR LOVE,JIM BRICKMAN
8467,HIPS DON'T LIE,SHAKIRA FEAT WYCLEF JEAN
8468,SO SICK,NE-YO
8470,BUTTONS,PUSSYCAT DOLLS
8471,YOU AND ME,LIFEHOUSE
8472,DANI CALIFORNIA,RHCP
8481,CALL ME WHEN YOU'RE SOBER,EVANESCENCE
8487,As Long As It Matters,Gin Blossoms
8492,Interstate Love Song,Stone Temple Pilots
8494,FALL TO PIECES,AVRIL LAVIGN
8498,TEARS,X-JAPAN
8499,We Did'nt Start The Fire,Billy Joel
8500,STARS ARE BLIND,PARIS HILTON
8502,THIS TIME I'LL BE SWEETER,ANGELA BOFFIL
8503,YOUNG LOVE,AIR SUPPLY
8508,TWO LESS LONELY PEOPLE IN THE WORLD,AIR SUPPLY
8509,You've Got It All,The Jetts
8512,I Can't Let Go,Air Supply
8514,Get The Party Started,Pink
8524,WHO DO YOU THINK YOU ARE,SPICE GIRLS
8526,You,Carpenters
8529,I Have You,Carpenters
8530,EVERSINCE THE WORLD BEGUN,SURVIVOR
8531,HOLDING OUT FOR A HERO,BONNIE TYLER
8532,ALL OVER YOU,LIVE
8533,Keep Holding On,Avril Lavigne
8535,RICH GIRL,GWEN STEFANI
8536,HURT,CRISTINA AGUILERA
8537,HANGING BY A MOMENT,LIFEHOUSE
8538,WELCOME TO THE BLACK PARADE,MY CHEMICAL ROMANCE
8539,AIN'T NO OTHER MAN,CRISTINA AGUILERA
8540,NOTHING IN THIS WORLD,PARIS HILTON
8551,DEFINE,HILERA
8556,HOW TO SAVE A LIFE,THE FRAY
8557,FAMOUS LAST WORDS,MY CHEMICAL ROMANCE
8558,KARMA,ALICIA KEYS
8560,LIPS OF AN ANGEL,HINDER
8561,IRREPLACEABLE,BEYONCE
8565,MANEATER,NELLY FURTADO
8566,SWAY,MICHAEL BUBLE
8567,L.O.V.E.,Ashely Simpson
8568,LITHIUM,EVANESCENCE
8569,ROCK STEADY,ALL SAINTS
8570,GRACE KELLY,MIKA
8571,IN BETWEEN DAYS,THE CURE
8581,Girl Friend,Avril Lavigne
8582,Miss You In A Heartbeat,Def Leppard
8583,GEORGY PORGY,TOTO
8584,CANDY MAN,CHRISTINA AGUILERA
8587,UPSIDE DOWN,2 MINDS CRACK
8596,CLOSER TO ME,THE OUTFIELD
8597,LONG LONG TIME,LINDA RONSTADT
8599,WHEN LOVE AND HATE COLLIDE,DEF LEPPARD
8601,Listen,Beyonce
8602,EVERYTHING,MICHAEL BUBLE
8603,ROUND AND ROUD,SPANDAU BALLET
8604,Wasted Time,Skidrow
8605,When She Cries,Restless Heart
8606,THE SWEET ESCAPE,SWEN STEFANI
8607,Reasons,"Earth, Wind & Fire"
8609,WHAT I'VE DONE,LINKIN PARK
8610,MAKES ME WONDER,MAROON 5
8611,FOR YOU,THE CALLING
8612,BEAUTIFUL LIAR,BEYONCE & SHAKIRA
8614,I'LL BE THERE,ESCAPE CLUB
8778,TEENAGERS,MY CHEMICAL ROMANCE
8779,UMBRELLA,RIHANNA FT. JAYZEE
8780,When You're Gone,Avril Lavign
8828,Big Girls Don't Cry,Fergie
8835,DON'T MATTER,AKON
8840,Home,Chris Daughtry
8842,WAITING ON THE WORLD TO CHANGE,JOHN MAYER
8858,THNKS FR TH MMRS,FALL OUT BOY
8863,THANK YOU FOR LOVING ME,BON JOVI
8864,BUT FOR THE GRACE OF GOD,KEITH URBAN
8865,Beautiful Girls,Sean Kingston
8866,VACATION,CONNIE FRANCIS
8867,A LITTLE RESPECT,WHEATUS
8869,Nothing To Lose,Michael Learns To Rock
8870,Mamma Mia,Abba
8871,Just Like A Pill,Pink
8872,I'll Be There For You,Bon Jovi
8874,BEER FOR MY HORSES,TOBY KEITH & WILLIE NELSON
8876,THROUGH THE BARRICADES,SPANDAU BALLET
8880,WAKE UP CALL,MAROON 5
8881,FOUR IN THE MORNING,GWEN STEFANI
8883,At Your Best,Aaliyah
8886,IT'S NOT OVER,DAUGHTRY
8894,Way Back Into Love,Hugh Grant and Drew Barrymore
8922,Beautiful Girl,Sean Kingston
8931,PIANO IN THE DARK,BRENDA RUSSELL
8933,IF I BELIEVE,JINKY VIDAL
8950,A Love Song,Kenny Rogers
8952,HOT,AVRIL LAVIGNE
8953,BECAUSE OF YOU,NE-YO
8967,DON'T STOP THE MUSIC,RIHANNA
8998,THE REMEDY,JASON MRAZ
9016,Reminiscing,Little River Band
9022,Who's Holding Donna Now,El DeBarge
9038,Do You Believe In Me,Eric Gadd
9039,DON'T GIVE UP ON US BABY,DAVID SOUL
9042,FOLLOW THE LEADER,The Soca Boys
9081,Never Gonna Give You Up,Sergio Mendez
9084,One Day I'll Fly Away,Randy Crawford
9093,Shut Up,Black Eyed Peas
9095,Still A Friend Of Mine,Incognito
9102,Tell Her About It,Billy Joel
9104,THE APL SONG,BLACKEYED PEAS
9109,1963,New Order
9130,Desert Rose,Sting
9139,Don't Tell Me You Love Me,The Corrs
9141,Everybody Loves Somebody Sometimes,Dean Martin
9146,Foolish Games,Jewel
9155,Hands,Jewel
9156,Harbor Lights,The Platters
9166,How Soon,Matt Monroe
9172,I Know,Tom Jones
9176,I'd Still Say Yes,Climax
9177,If I Should Love Again,Barry Manilow
9219,All I Have,Jennifer Lopez feat. LL Cool  J.
9231,LITTLE WONDERS,ROB THOMAS
9232,RUNAWAY,AVRIL LAVIGNE
9234,Apologize,Timbaland
9235,BACK TO BLACK,AMY WINEHOUSE
9236,ONE OF THOSE GIRLS,AVRIL LAVIGNE
9237,LOST,MICHAEL BUBLE
9238,REHAB,AMY WINEHOUSE
9239,Clumsy,Fergie
9240,EARLY WINTER,GEWN STEFANI
9241,INTO THE NIGHT,CHAD KROEGER FT. SANTANA
9242,No One,Alicia Keys
9243,HEY THERE DELILAH,PLAIN WITE T'S
9268,Your Guardian Angel,The Red Jumpsuit Apparatus
9275,Swept Away,Dianne Elise
9280,Take You There,Sean Kingston
9286,Hold You Down,Jennifer Lopez Ft. Fat Joe
9287,Waiting For Your Love,Stevie B.
9288,New Soul,Yael Naim
9289,FOUR MINUTES,MADONNA FT. JUSTIN TIMBERLAKE
9290,Bubbly,Colbie Caillat
9292,Bleeding Love,Leona Lewis
9303,BELLY DANCER,AKON
9306,BREAKING FREE,HIGH SCHOOL MUSICAL
9308,I WANNA LOVE YOU,AKON FT. SNOOP DOGG
9309,I Won't Go Home Without You,Maroon 5
9314,SHADOW OF THE DAY,LINKIN' PARK
9315,LONELY,AKON
9318,LOVE SONG,NANCY JANE
9323,START OF SOMETHING NEW,HIGH SCHOOL MUSICAL
9324,SUMMER WIND,MICHAEL BUBLE
9328,WE BE BURNIN',SEAN PAUL
9345,BOP TO THE TOP,HIGH SCHOOL MUSICAL
9347,Tattoo,Jordin Sparks
9348,ONE STEP AT A TIME,JORDIN SPARKS
9349,NO AIR,JORDIN SPARKS
9350,BLEED IT OUT,LINKIN PARK
9351,WHAT I'VE DONE,LINKIN PARK
9352,TOUCH MY BODY,MARIAH CAREY
9354,TAKE A BOW,RIHANNA
9359,Low,Flo Rida ft. T-Pain
9367,HEAVEN,WARRANT
9368,LOVE OF A LIFETIME,FIREHOUSE
9374,Bartender,T-Pain ft. Akon
9375,Better In Time,Leona Lewis
9377,Disturbia,Rihanna
9380,Give It To Me,Madonna
9383,I Kissed A Girl,Katy Perry
9392,Sugat Sa Puso,DJ Sundalong Bata Feat Ms Ganda
9394,Always Be My Baby,David Cook
9407,Smack That,Akon ft Eminem
9427,Keeps Getting Better,Christina Aguilera
9428,I'm Yours,Jason Mraz
9429,Hot N Cold,Katy Perry
9435,Stop And Stare,One Republic
9440,So What,Pink
9444,Superwoman,Alicia Keys
9445,Superhuman,Chris Brown ft Keri Hilson
9446,Crush,David Archuleta
9448,I'll Be Loving You Long Time,Mariah Carey ft. T.I.
9449,Miss Independent,Ne-yo
9453,Womanizer,Britney Spears
9454,Time Of My Life,David Cook
9456,What About Now,Chris Daughtry
9459,Light On,David Cook
9466,Broken,Lifehouse
9476,Billie Jean,David Cook
9487,Control,Nancy Jane
9497,Closer,Ne-yo
9501,HERO,Miguel
9515,PERMANENT MONDAY,Jordin Sparks
9520,Just Dance,Lady Gaga
9523,"RIGHT HERE, RIGHT NOW",High School Musical 3
9533,Forever,Kenny Loggins
9535,WHAT ABOUT NOW,Chris Daughtry
9536,Circus,Britney Spears
9537,Single Ladies,Beyonce
9541,Mad,Neyo
9543,Fire And Ice,Poison
9547,A Little Too Not Over You,David Archuleta
9554,Bye Bye,Marah Carey
9575,I Stay In Love,Mariah Carey
9592,If You're Not The One,Dianne Elise
9598,Love Bug,Jonas Brothers
9622,Loving,Gabby Eigenman
9648,Right Now Na Na,Akon
9649,Use Somebody,Kings Of Leon
9650,Decode,Paramore
9651,When It Rains,Paramoe
9652,When I Grow Up,Pussycat Dolls
9653,Poker Face,Lady Gaga
9654,This Is Me,Demi Lovato
9749,Real Girl,Mutya Buena
9755,If You Seek Amy,Britney Spears
9756,My Life Would Suck Without You,Kelly Clarkson
9757,Halo,Beyonce
9758,"Please, Don't Leave Me",Pink
9762,The Boy Does Nothing,Alesha Dixon
9768,Dek A Doodle Dandy,Duster
9769,Fairytale,Alexander Rybak
9772,Love Games,Lady Gaga
9773,Moondance,Michael Buble
9778,Everything I Own,Gian Magdangal
9793,TOUCH MY HAND,David Archuleta
9812,Insomnia,Craig David
9813,No Surprise,Daughtry
9814,Come Back To Me,David Cook
9817,Love Me,Michael Cretu
9818,Time And Tide,Basia
9820,Love Me With All Of Your Heart,Engelbert Humperdinck
9821,Highway Star,Deep Purple
9845,Last Dance,Donna Summer
9891,I'm Never Gonna Give You Up,Frank Stallone and Cynthia Rhodes
9893,Gone Too Soon,Michael Jackson
9895,Give Me One Reason,Tracy Chapman
9897,London,Lily Allen
9898,Best Of Both Worlds,Miley Cyrus
9899,Sound Of The Underground,Girls Aloud
9900,Every Time You Turn Around,Daughtry
9901,Ghost Of Me,Daughtry
9902,Life After You,Daughtry
9910,STAND AND DELIVER,ADAM AND THE ANTS
9911,Prince Charming,Adam And The Ants
9912,Poison,Alice Cooper
9913,All The Young Dudes,Mott The Hoople
9914,Dancing Shoes,Arctic Monkeys
9915,I Bet You Look Good On The Dance Floor,Arctic Monkeys
9916,Because You're,Babybird
9917,Agadoo,Black Lace
9918,Chelsea Dagger,The Fratellis
9919,It's In His Kiss (The Shoop Shoop Song),Cher
9920,Mercy,Duffy
9921,A Little Respect,Erasure
9922,American Boy,Estelle
9923,Two Tribes,Frankie Goes To Hollywood
9924,Scooby Snacks,Fun Loving Criminals
9925,Crazy,Gnarls Barkley
9926,Greased Lightnin',Grease Movie OST
9927,Sit Down (Next To Me),James
9928,Hi-Ho Silver Lining,Jeff Beck
9929,Boy Named Sue,Johnny Cash
9930,I Predict A Riot,Kaiser Chiefs
9931,Ruby,Kaiser Chiefs
9932,I Should Be So Lucky,Kylie Minogue
9933,A Moment Like This,Leona Lewis
9934,Three Lions (Football's Coming Home),Lightning Seeds
9935,London,Lilly Allen
9936,Smile,Lily Allen
9937,Like A Prayer,Madonna
9938,All About You,Mcfly
9939,In Bloom,Nirvana
9940,The Riverboat Song,Ocean Colour Scene
9941,Sitting On The Dock Of The Bay,Otis Redding
9942,D. I. S. C. O,Ottawan
9943,West End Girls,Pet Shop Boys
9944,Flash (Flash Gordon Theme),Queen
9947,Shiny Happy People,R.E.M.
9948,DON'T STOP MOVING,S CLUB 7
9949,I Don't Feel Like Dancing,Scissors Sisters
9950,Killer,Seal
9951,Mr. Boombastic,Shaggy
9952,Chasing Cars,Snow Patrol
9953,Cool For Cats,Squeeze
9954,I Wanna Be Adored,Stone Roses
9955,About You Now,Sugababes
9956,Alright,Supergrass
9957,Small Blue Thing,Suzanne Vega
9958,Shine,Take That
9959,Patience,Take That
9960,Monster,The Automatics
9961,I Don't Like Mondays,The Boomtown Rats
9962,Fairytale of New York,The Pogues
9963,Waterfall,The Stone Roses
9964,Dry Your Eyes Mate,The Streets
9965,Big Sur,The Thrills
9966,Lucky Man,The Verve
9967,Valerie,The Zutons
9968,"You Will, You Won't",The Zutons
9969,Is This The Way To Amarillo,Tony Christie
9970,Drift Wood,Travis
9971,Saturday Night,Whigfield
9972,Keep Believing,Aaron Carter
9973,I Will Take You Forever,Christopher Cross
9974,Maybe You Should Know,Kenny Rogers
9976,Stigmatized,The Calling
9977,Count On You,Tommy Shaw
9978,Leave Right Now,Will Young
9979,If I Were A Boy,Beyonce Knowles
9980,Speed Of Sound,Coldplay
9981,Viva La Vida,Coldplay
9982,Call The Shots,Girls Aloud
9983,Sound Of The Underground,Girls Aloud
9984,The Promise,Girls Aloud
9986,Best Of Both Worlds,Miley Cyrus
9987,Rockstar,Nickelback
9988,Half The World Away,Oasis
9989,Married With Children,Oasis
9990,Hate That I Love You,Rihanna feat. Nelly
9995,I Could Not Ask For More,Edwin McCain
9999,One Day In Your Life,Michael Jackson
10017,Ang Kalibutan Karon,Roots
10641,Dika Malipatan,Jhonnie Belisario
10727,Maysa Ak Nga Ul-ulila,Fairy Mar Flojo
11004,21 Guns,Greenday
11008,Make It Mine,Jason Mraz
11011,Paper Gangsta,Lady Gaga
11012,This Is It,Michael Jackson
11017,Russian Roulette,Rihanna
11018,We Weren't Born To Follow,Bon Jovi
11019,White Horse,Taylor Swift
11020,Bad Romance,Lady Gaga
11023,Pyramid,Charice ft Sean Kingston
11031,One Time,Justin Bieber
11033,Baby,Justin Bieber ft Ludacris
11038,Fearless,Taylor Swift
11039,When I Look At You,Miley Cyrus
11044,Billionare,Travie McCoy
11045,Gypsy,Shakira
11049,Hush Hush Hush Hush,Pussycat Dolls
11054,Telephone,Lady Gaga & Beyonce
11059,Wind It Up,Gwen Stefani
11060,Who I Am,Nick Jonas
11063,Thinking Of You,Katy Perry
11064,Dangerous,Akon feat. Kardinal Official
11065,Hearts On Fire,Hammer Fall
11066,Wait A Minute,Pussycat Dolls feat Timbaland
11068,Who Knew,Pink
11071,Gotta Be Somebody,Nickelback
11072,When We Were Young,The Killers
11073,Photograph,Nickelback
11074,Replay,Iyaz
11075,Who Says You Can't Go Home,Bon Jovi
11076,What Goes Around,Justin Timberlake
11077,I Want To Know What Love Is,Mariah Carey
11078,Sexy Love,Ne-yo
11079,Summer Love,Justin Timberlake
11080,Tonight I Wanna Cry,Keith Urban
11081,U & Ur Hand,Pink
11082,Upside Down,Jack Johnson
11084,Binguel Binguel,U-Kiss
11088,All Summer Long,Kid Rock
11089,Best Days Of Your Life,Kellie Pickler ft Taylor Swift
11090,Everytime We Touch,Cascada
11091,Haven't Met You Yet,Michael Buble
11092,High,James Blunt
11093,If Everyone Cared,Nickelback
11094,Leavin',Jesse McCartney
11095,Look After You,The Fray
11096,Lucky,Jason Mraz feat. Colbie Caillat
11097,Never Say Never,The Fray
11098,Nobody's Perfect,Hannah Montana
11099,Over It,Katherine McPhee
11100,Over My Head,The Fray
11101,Say It Right,Nelly Furtado
11102,So Small,Carrie Underwood
11103,S.O.S. (Rescue Me),Rihanna
11104,Suddenly I See,KT Tunstall
11105,A Public Affair,Jessica Simpson
11106,A Woman's Love,Alan Jackson
11107,Before He Cheats,Carrie Underwood
11108,Black Horse And The Cherry Tree,KT Tunstall
11109,Gives You Hell,All American Rejects
11110,Her Diamonds,Rob Thomas
11111,How Do You Sleep,Jesse McCartney feat. Ludacris
11112,Human,The Killers
11113,I Call It Love,Lionel Richie
11114,I Do Not Hook Up,Kelly Clarkson
11115,I Told You So,Randy Travis
11116,In God's Hands,Nelly Furtado
11117,It Ends Tonight,All American Rejects
11118,Just Go,Lionel Richie feat. Akon
11119,Last Name,Carrie Underwood
11120,Love Drunk,Boys Like Girls
11121,Me & U,Cassie
11122,Never Again,Kelly Clarkson
11123,Where Are You Now,Honor Society
11125,Can't Be Tamed,Miley Cyrus
11126,California Gurls,Katy Perry ft Snoop Dogg
11128,Homeless,Leona Lewis
11129,Hush Hush,Pussycat Dolls
11130,One Friend,Dan Seals
11131,Jungle Drum,Emiliana Torrini
11132,Not MySelf Tonight,Christina Aguilera
11133,Rewind,Paolo Nutini
11134,Stereo Love,E Maya & V Jigulina
11135,Never Forget You,Noisettes
11136,Coming Up Easy,Paulo Nutini
11137,Last Request,Paolo Nutini
11138,New Shoes,Paulo Nutini
11139,Sexy Bitch,David Guetta ft Akon
11140,Fireflies,Owl City
11142,Secrets,One Republic
11143,Pyromania,Cascada
11144,Evacuate The Dance Floor,Cascada
11145,Man Who Can't Be Moved,The Script
11146,If We Ever Meet Again,Timbaland ft Katy Perry
11148,3 Words,Cheryl Cole ft Will I. Am
11149,Te Amo,Rihanna
11150,Hold On,Michael Buble
11151,Drops Of Jupiter,Train
11152,Two Is Better Than One,Boys Like Girls ft Taylor Swift
11153,Neutron Star Collision(Love Is Forever),Muse
11154,Careful,Paramore
11155,Bodies,Robbie Williams
11156,You're Not Sorry,Taylor Swift
11157,The Last Of American Girls,Greenday
11158,Working On A Dream,Bruce Springsteen
11159,Candy,Paulo Nutini
11160,All Behind Us Now,Patti Austin
11161,The Show,Lenka
11162,That's What You Get,Paramore
11164,Brick By Boring Brick,Paramore
11165,Alejandro,Lady Gaga
11166,Wheels,Foo Fighters
11167,Half Of My Heart,John Mayer ft Taylor Swift
11168,She's Got Me Dancing,Tommy Sparks
11169,Don't Tell Me That It's Over,Amy MacDonald
11172,Airplane,B.O.B. Feat Hayley and Eminem
11174,Waka Waka,Shakira
11175,Tik-Tok,Keisha
11179,OMG,Usher ft WIll I Am
11181,"Hey, Soul Sister",Train
11188,Eenie Meenie,Sean Kingston ft Justin Bieber
11189,Somebody To Love (Remix),Justin Bieber ft Usher
11190,Never Let You Go,Justin Bieber
11191,Never Say Never,Justin Bieber ft. Jaden Smith
11192,Old Photographs,Jim Capaldi
11193,Starlight Express,El Debarge
11194,All The Lovers,Kylie Minogue
11195,Nothin' On You,B.O.B ft Bruno Mars
11196,Darkside Of The Sun,Tokio Hotel
11197,One Less Lonely Girl,Justin Bieber
11198,You Lost Me,Christina Aguilera
11199,Westside,TQ
11213,Dreaming With A Broken Heart,John Mayer
11214,Duffle Bag Boy,Playas Circle Ft. Lil Wayne
11215,Face Down,The Red Jumpsuit Apparatus
11216,Get It Shawty,Lloyd
11217,Grillz,Nelly ft Paul Wall
11218,Heaven Sent,Keyshia Cole
11219,I Luv It,Young Jeezy
11220,If Today Was Your Last Day,Nickelback
11222,I'm In Love With A Girl,Gavin DeGraw
11223,Invisible,Ashlee Simpson
11224,Just Might (Make Me Believe),Sugarland
11225,Like A Boy,Ciara
11226,Lost Without U,Robin Thicke
11227,Move Along,The All-American Rejects
11228,Need You Now,Lady Antellebum
11229,Paralyzer,Finger Eleven
11230,Savin' Me,Nickelback
11231,Say,John Mayer
11232,The Great Escape,Boys Like Girls
11233,Whatever It Takes,Lifehouse
11234,Where Is Your Heart Tonight,Jordan Knight
11235,December,Collective Soul
11250,Johnny Cash,Jason Aldean
11251,Living for the Night,George Strait
11252,Tough,Craig Morgan
11253,Down The Road,Kenny Chesney With Mac McAnally
11254,Love Your Love The Most,Eric Church
11255,If You're Reading This,Tim McGraw
11256,Don't Think I Can't Love You,Jake Owen
11258,This Is Why Im Hot (DIRTY),Mims
11259,Fall,Clay Walker
11260,Love You,Jack Ingram
11261,When I Get Where Im Going,Brad Paisley & Dolly Parton
11262,My Little Girl,Tim McGraw
11263,Don't Think I Don't Think About It,Darius Rucker
11264,Size Matters,Joe Nichols
11265,Watching Airplanes,Gary Allan
11266,In Color,Jamey Johnson
11267,Shawty Is A 10,The Dream
11268,Wait for Me,Bob Seger
11269,S.O.S.,Jonas Brothers
11270,Ladies Love Country Boys,Trace Adkins
11271,Every Mile A Memory,Dierks Bentley
11272,Ring The Alarm,Beyonce'
11273,Fireflies,Faith Hill
11274,Sorry,Buckcherry
11275,These Hard Times,Matchbox Twenty
11276,More Than A Memory,Garth Brooks
11277,Love Me If You Can,Toby Keith
11278,The Last Day of My Life,Phil Vassar
11279,I'm Still A Guy,Brad Paisley
11280,Johnny & June,Heidi Newfield
11281,Who You'd Be Today,Kenny Chesney
11282,Prom Queen,Lil Wayne
11283,Poppin My Collar,Three 6 Mafia
11286,Walk It Out (Dirty),DJ Unk
11287,Pretty Wings,Maxwell
11288,"This Aint A Scene, Its An Arms Race",Fall Out Boy
11289,Out Last Night,Kenny Chesney
11291,What Time Is It,High School Musical 2
11292,Gettin' You Home (The Black Dress Song),Chris Young
11293,February Song,Josh Groban
11294,Not Ready to Make Nice,Dixie Chicks
11295,Leave The Pieces,The Wreckers
11296,Want To,Sugarland
11297,If You're Going Through Hell (Before The Devil Even Knows),Rodney Atkins
11298,Picture To Burn,Taylor Swift
11299,Put A Girl In It,Brooks and Dunn
11300,We Taking Over,DJ Khaled
11301,Ticks,Brad Paisley
11302,God Love Her,Toby Keith
11303,How 'Bout Them Cowgirls,George Strait
11304,Where I'm From,Jason Michael Carroll
11305,It's Good To Be Us,Bucky Covington
11306,Push It To The Limit,High School Musical 2
11307,Only You Can Love Me This Way,Keith Urban
11308,Everybody,Keith Urban
11309,Long Trip Alone,Dierks Bentley
11310,Holler Back,The Lost Trailers
11311,Throw Some Ds (Dirty),Rich Boy
11312,Small Town Southern Man,Allen Jackson
11313,Find Out Who Your Friends Are,Tracy Lawrence
11314,Pump It,Black Eyed Peas
11315,Ride,Martina McBride
11316,The World,Brad Paisley
11317,When I'm Gone,Eminem
11318,Stand,Rascal Flatts
11319,River Of Love,George Strait
11320,Nothing To Die For,Tim Mcgraw
11321,The Seashores Of Old Mexico,George Strait
11322,Falling In Love At A Coffee Shop,Landon Pigg
11323,Paper Planes,M.I.A.
11324,Life Is a Highway,Rascal Flatts
11325,Sweet Thing,Keith Urban
11326,Second Chance,Shinedown_
11327,She Says,Howie Day
11332,Mine,Taylor Swift
11333,The Only Exception,Paramore
11335,Whataya Want From Me,Adam Lambert
11336,Rock That Body,Black Eyed Peas
11337,Find Your Love,Drake
11338,Love The Way You Lie,Eminem ft Rihanna
11339,The Way I Am,Eminem
11340,I Like It,Enrique Iglesias ft Pitbull
11341,Fight For This Love,Cheryl Cole
11342,Please Don't Stop The Rain,James Morrison
11343,Do Wah Doo,Kate Nash
11344,Wavin' Flag,K'naan
11345,Eh Eh (Nothing Else I Can Say),Lady Gaga
11346,Teeth,Lady Gaga
11347,Fashion,Lady Gaga
11348,Trouble Is A Friend,Lenka
11349,Hollywood,Marina And The Diamonds
11350,Misery,Maroon 5
11351,Hollywood,Michael Buble
11352,Monsoon,Tokio Hotel
11353,Hero,Nickelback
11354,Ten Out Of Ten,Paulo Nutini
11356,Fire With Fire,Scissor Sisters
11357,Fire Burning,Sean Kingston
11358,Magic,Selena Gomez
11359,Dynamite,Taio Cruz
11360,Fifteen,Taylor Swift
11361,Umbrella,The Baseballs
11362,Heartbreak Warfare,John Mayer
11363,Shame,Robbie Williams and Gary Barlow
11364,A Year Without Rain,Selena Gomez
11365,Stand Up For Love,Destiny's Child
11366,Stay The Night,James Blunt
11367,The Flood,Take That
11368,If I Die Young,The Band Perry
11369,What Am I To You,Norah Jones
11370,Waiting For The End,Linkin' Park
11371,Delirious,David Guetta
11372,Wonderful Life,Hurts
11373,What If,Kate Winslet
11374,Deep River Woman,Lionel Richie
11375,Shampain,Marina and the Diamonds
11376,Who Owns My Heart,Miley Cyrus
11377,Na na na,My Chemical Romance
11378,Sunrise,Norah Jones
11379,I Told You So,Randy Travis
11380,Dear Mr. President,Pink
11382,Down With The Sickness,Disturbed
11383,Firework,Katy Perry
11385,Never Again,Nickleback
11386,Only Girl,Rihanna
11387,Whats My Name,Rihanna ft Drake
11388,We R Who We R,Kesha
11389,Angels Cry,Mariah Carey ft Ne-Yo
11390,DJ Got Us Falling In Love Again,Usher Ft Pitbull
11391,Mistake,Nickelback
11416,Club Can't Handle Me,Flo Rida
11418,Just The Way You Are,Bruno Mars
11419,Like A G6,Far East Movement
11421,Love Me,Justin Bieber
11422,You Smile,Justin Bieber
11423,Sweet Dreams,Air Supply
11425,Water Runs Dry,Boyz  II Men
11426,One Friend,Dan Seals
11427,Dance With My Father,Luther Vandross
11429,Head Over Heels,The Go Go's
11430,Wake Me Up Before You Go-Go,Wham
11431,Poison,Nicole Scherzinger
11435,War Of My Life,John Mayer
11436,Break Your Heart,Taio Cruz
11437,Do You Know Me,John Mayer
11440,What Do You Got,Bon Jovi
11441,Try Sleeping With A Broken Heart,Alicia Keys
11442,Better Than Revenge,Taylor Swift
11443,Pack Up,Eliza Doolittle
11444,Your Song,Ellie Goulding
11445,We Are The People,Empire Of The Sun
11446,Higher,Taio Cruz ft Kylie Minogue
11447,Empire State Of Mind (New York),Jay-Z ft Aicia Keys
11448,Thingking Of Me,Olly Murs
11449,Nothing,The Script
11450,For The First Time,The Script
11451,Higher,The Saturdays
11452,Teenage Dream,Katy Perry
11453,Best Behavior,N-Dubz
11454,Beautiful Monster,Ne-yo
11455,Forever and a Day,Kelly Rowland ft David Guetta
11456,One In A Million,Neyo
11457,Night Is Young,Nelly Furtado
11458,Sparks Fly,Taylor Swift
11459,Perfect Nightmare,Shontelle
11460,Please Don't Let Me Go,Olly Murs
11462,Shine A Light,McFly ft Taio Cruz
11463,Something 'Bout Love,David Archuleta
11464,The Time (Dirty Bit),Black Eyed Peas
11471,Peacock,Katy Perry
11472,Haunted,Taylor Swift
11476,Grenade,Bruno Mars
11477,Pray,Justine Bieber
11479,Speak Now,Taylor Swift
11484,Make You Feel My Love,Adele
11485,Do You Know Me,John Mayer
11487,Grow Old With You,Adam Sandler
11490,Just Take My Heart,Mr. Big
11491,Marry Me,Train
11493,Dont Want To Leave You,Scouting For Girls
11494,Hold My Hand,Michael Jackson ft Akon
11495,Down To Earth,Justin Bieber
11504,Well Well Well,Duffy
11506,God Gave Me You,Bryan White
11508,Airplanes Part 1,B.O.B Feat Hayley Williams
11509,Rolling In The Deep,Adele
11510,Obsessed,Mariah Carey
11513,Rocketeer,Far East Movement
11514,Who Says,Selena Gomez
11516,The Lazy Song,Bruno Mars
11517,Unspoken,Hurts
11518,Skinny Genes,Eliza Doolittle
11521,S & M,Rihanna
11523,Break Your Heart,Taio Cruz
11524,Blah Blah Blah,Kesha ft 3OH3
11526,Heart And I,Robbie Williams
11527,Love You More (Children In Need),JLS
11528,Can't Make This Over,Pixie Lott
11531,Your Love Is My Drug,Kesha
11532,Eyes Wide Shut,JLS ft Tinie Tempah
11536,Hold It Against Me,Britney Spears
11541,Price Tag,Jessie J ft B.O.B
11544,Just Can't Get Enough,Black Eyed Peas
11545,War Of My Life,John Mayer
11548,Rude Boy,Rihanna
11549,Look At Me Now,Chris Brown Ft Lil Wayne & Busta Rhyme
11550,Born This Way,Lady Gaga
11554,Marry You,Bruno Mars
11556,Tonight I'm Loving You,Enrique Iglesias ft Ludacris
11557,6 Foot 7 Foot,Lil Wayne
11558,Blow,Kesha
11560,Born Free,Kid Rock
11561,If You Can Afford Me,Katy Perry
11562,Till The World Ends,Britney Spears
11563,Forget You,Cee Lo Green
11564,That Should Be Me,Justin Bieber ft Rascal Flats
11565,Yeah 3x,Chris Brown
11566,On The Floor,Jennifer Lopez Ft. Pitbull
11567,What The Hell,Avril Lavigne
11569,Back To December,Taylor Swift
11570,E.T.(Remix),Katy Perry ft Kany West
11572,Air Supply Medley,Air Supply
11574,Barry Manilow Medley,Barry Manilow
11576,Lady Gaga Medley,Lady Gaga
11583,David Archuleta Medley,David Archuleta
11585,Bruno Mars Medley,Bruno Mars
11591,Solo,Iyaz
11594,BASS DOWN LOW,THE CATARACS ft DEV
11596,Moves Like Jagger,Maroon 5 feat. Christina Aguilera
11597,I Wanna Go,Britney Spears
11599,Edge of Glory,Lady Gaga
11600,Don't Stop The Party,The Black Eyed Peas
11601,Last Friday Night (T.G.I.F.),Katy Perry
11603,WISH YOU WERE HERE,AVRIL LAVIGNE
11604,Next To You,Chris Brown ft. Justin Bieber
11607,Space Bound,Eminem
11608,You and I,Lady Gaga
11610,Muli,Ebe Dancel
11611,Cheers (Drink To That),Rihanna
11612,Monster,Paramore
11614,Friday,Rebbeca Black
11615,Super Bass,Nicki Minaj
11618,MEAN,TAYLOR SWIFT
11620,See No More,JOE JONAS
11623,Run the World (Girls),Beyonce
11624,Naiisip Mo Ba,David DiMuzio
11625,Lighters,Bad Meets Evil ft. Bruno Mars
11628,Never Gonna Leave This Bed,Maroon 5
11629,Judas,Lady Gaga
11630,Terrified,Katharine McPhee
11631,Best Thing I Never Had,Beyonce Knowles
11633,Waiting Outside The Lines,Greyson Chance
11635,Your Love,Marie Digby
11636,Goin Where The Wind Blows,Mr. Big
11638,Imma Be,Black Eyed Peas
11640,The Last Goodbye,David Cook
11642,Science And Faith,The Script
11644,1 + 1,Beyonce
11647,Love You Like A Love Song,Selena Gomez
11652,Amanda,Boston
11653,Best Of My Love,Emotions
11654,Sailing,Christopher Cross
11655,Come As You Are,Nirvana
11656,Electric Youth,Debbie Gibson
11657,Les Bicyclettes De Belsize,Engelbert Humperdinck
11659,Forever,Damage
11661,Welcome To The Jungle,Guns N' Roses
11664,Just Got Lucky,Jo Boxers
11665,Fly Away,Lenny Kravitz
11666,Lost In Space,Lighthouse Family
11667,Love You Down,INOJ
11672,Angel,Sarah Mclachlan
11675,Boogie On Reggae Woman,Stevie Wonder
11676,Till I Hear It From You,Gin Blossoms
11677,Elevation,U2
11678,Macho Man,Village People
11680,Learn To Fly,A1
11681,Hometown Glory,Adele
11682,SOMEONE LIKE YOU,ADELE
11683,Having You Near Me,Air Supply
11684,Keeping The Love Alive,Air Supply
11685,The One That You Love,Air Supply
11686,Without You,Aj Rafael
11689,Smile,Avril Lavigne
11691,DANCE FOR YOU,BEYONCE KNOWLS
11692,Bleed For Me,Saliva
11693,Goodbye Girl,Bread
11694,Today My Life Begins,Bruno Mars
11696,Teach Me How To Dougie,Cali Swag District
11697,Calling Your Name Again,Richard Carpenter
11700,What Are Words,Chris Medina
11701,Some Hearts Are Diamonds,Chris Norman
11702,JARS OF HEART,CHRISTINA PERRI
11703,A THOUSAND YEARS,CHRISTINA PERRI
11704,Princess Of China,Coldplay ft. Rihanna
11705,Every Teardrop Is A Waterfall,Coldplay
11706,Paradise,Coldplay
11707,I Fall Over Again,Dan Hill
11708,Wait,David Archuleta
11709,DAYDREAMER,ADELE
11710,Skyscraper,Demi Lovato
11711,DON'T HAVE TO LOSE,Michael Learns To Rock
11712,I'd Really Love To See You Tonight,England Dan & John Ford Coley
11713,Crazy For This Girl,Evan And Jaron
11714,The Distance,Evan And Jaron
11715,Sleeping With You,Firehouse
11720,Anyone Of Us (Stupid Mistake),Gareth Gates
11721,Hold On Til The Night,Greyson Chance
11726,Adolescents,Incubus
11727,Megalomaniac,Incubus
11729,It Will Rain,Bruno Mars
11730,IT'S GONNA MAKE SENSE,Michael Learns To Rock
11731,I Don't Have The Heart,James Ingram
11732,2012 It Ain't The End,Jay Sean Ft. Nicki Minaj
11734,FLY WITH ME,JONAS BROTHERS
11735,JUST TELL ME YOU LOVE ME,ENGLAND DAN AND JOHN FORD COLEY
11738,The One That Got Away,Katy Perry
11739,Stonger (What Doesn't Kill You),Kelly Clarkson
11740,I Will Always Love You,Kenny Rogers
11743,Marry The Night,Lady Gaga
11744,Take Me Away,Lifehouse
11745,Love Is The Answer,England Dan & John Ford Coley
11746,LOVE OF MY LIFE,JIM BRICKMAN
11747,Masterpiece,Atlantic Star
11749,LOVE WILL NEVER LIE,MICHAEL LEARNS TO ROCK
11750,YOU TOOK MY HEART AWAY,MICHAEL LEARNS TO ROCK
11753,DO I HAVE TO CRY FOR YOU,NICK CARTER
11754,One Thing,One Direction
11759,International Love,Pitbull ft. Chris Brown
11760,Please Don't Stop Remembering,Randy Edelman
11761,Hold On To The Night,Richard Marx
11762,California King Bed,Rihanna
11763,Man Down,Rihanna
11764,We Found Love,Rihanna
11765,Set Fire To The Rain,Adele
11769,Because I Love You,Stevie B
11771,5 O'Clock,T Pain ft. Wiz Khalifa & Lily Allen
11772,OURS,TAYLOR SWIFT
11773,Chasing The Sun,The Calling
11774,The Man Who Can't Be Moved,The Script
11775,We'll Never Have To Say Goodbye Again,England Dan And John Ford Coley
11776,Why Do We Always Hurt The Ones We Love,Dan Hill
11778,You And I,Kenny Rogers Feat. BeeGees
11780,Now And Forever,Air Supply
11781,Just The Two Of Us,Al Green
11782,Born In The U.S.A.,Bruce Springsteen
11783,Time After Time,Cindy Lauper
11785,Everybody Knows (We're Through),Engelbert Humperdinck
11786,Heart To Heart,Kenny Loggins and Michael McDonald
11787,I Don't Wanna Lose Your Love,John O'Banion
11791,If You're Not Here,Menudo
11792,Happy,Michael Jackson
11796,Take A Look Inside My Heart,David Benoit
11797,Stoned,Wiz Khalifa
11798,Say Hello To Goodbye,Shontelle
11799,Give Me Everything,Pitbull ft Ne-Yo
11800,Lonely Again,Ne-Yo
11801,Pretty Girls,Iyaz ft. Travie McCoy
11802,Syllables,Eminem
11803,Where Do We Go From Here,Chris Brown ft. Pitbull
11804,Tired,Adele
11805,MELT MY HEART TO STONE,ADELE
11806,Hollywood,Jojo
11807,Marry Your Daughter,Brian McKnight
11810,Last Forever,Iyaz
11811,I'm Into You,Jennifer Lopez ft. Lil Wayne
11812,Don't Wanna Go Home,Jason derulo
11815,LOVE ME FOR WHAT I AM,LOBO
11816,This Is What Rock N Roll Looks Like,Porcelain Black
11817,Chasing Pavements,Adele
11818,How To Love,Lil Wayne
11819,Rain Over Me,Pitbull ft. Marc Anthony
11820,Sexy And I Know It,LMFAO
11822,Right There,Nicole Sherzinger ft 50 Cent
11824,PARTY ROCK ANTHEM,LMFAO
11825,Loving You Tonight,Andrew Allen
11826,You Don't Know Her Like I Do,Brantley Gilbert
11827,Heartache,Justin Bieber
11828,She Ain't You,Chris Brown
11831,You Da One,Rihanna
11833,Who's That Girl,Guy Sebastian
11835,Hope Is A River,Sean Kingston ft. BoB
11836,Best For Last,Adele
11842,Give Me All Your Luvin',Madonna ft. Nicki Minaj
11843,Safe And Sound,Taylor Swift
11847,Fly,Nicki Minaj ft. Rihanna
11852,Glad You Came,The Wanted
11853,We Are Young,Fun ft Janelle Monae
11854,Part Of Me,Katy Perry
11858,Lego House,Ed Sheeran
11864,Take Care,Drake ft. Rihanna
11865,Somebody That I Used To Know,Goyte
11866,Paalam Kahapon,Ebe Dancel
11867,Turn Me On,David Guetta ft Nicki Minaj
11868,Hot In Herre,Nelly
11869,1985,Bowling for Soup
11870,Know Your Enemy,Green Day
11871,Love On Top,Beyonce
11872,Lose Yourself,Eminem
11873,Boulevard Of Broken Dreams,Green Day
11874,Let The Drummer Kick,Citizen Cope
11875,Mocking Bird,Eminem
11876,Gotta Be Somebody,Nickelback
11877,"Sugar, We're Fallin'",Fall Out Boy
11879,What's Going On,Marvin Gaye
11880,I Was Made For Loving You,Kiss
11881,All The Right Moves,One Republic
11883,You Shook Me All Night Long,AC DC
11884,A Beautiful Lie,30 Seconds To Mars
11885,Tired Of Being Sorry,Enrique Iglesias
11886,Till I Collapse,Eminem
11887,Feeling A Moment,Feeder
11888,Poison,Alice Cooper
11889,Distraction,Angels & Airwaves
11891,I Don't Care,Fall Out Boy
11893,When We Collide,Matt Cradle
11894,Call Me Maybe,Carly Rae Jepsen
11895,Stitches And Burns,Fra Lippo Lippi
11898,Blow Me Away,Breaking Benjamin
11899,(I'm Caught Between) Goodbye And I Love You,Carpenters
11900,Honey,Bobby Goldsboro
11901,Not Afraid,Eminem
11902,What's Forever For,Michael Martin Murphy
11904,Exchange Of Hearts,David Slater
11907,You're The Inspiration,Dianne Elise
11916,Gotta Be You,One Direction
11917,Give Your Heart A Break,Demi Lovato
11918,Girl Gone Wild,Madonna
11919,Dance Again,Jennifer Lopez
11920,What Kind Of Fool,Barbra Streisand and Barry Gibb
11922,Used To Be,Charlene ft. Stevie Wonder
11923,Domino,Jessie J
11925,Mr. Know It All,Kelly Clarkson
11930,Starships,Nikki Minaj
11931,Die In Your Arms,Justin Bieber
11932,Climax,Usher
11933,Both Of Us,B.O.B. ft. Taylor Swift
11934,Springsteen,Eric Church
11935,Wide Awake,Katy Perry
11936,Titanium,David Guetta ft Sia
11937,Eyes Open,Taylor Swift
11938,Birthday Cake (Remix),Rihanna ft Chris Brown
11939,Drank In My Cup,Kirko Bangz
11940,Everybody Talks,Neon Trees
11941,Good Girl,Carrie Underwood
11942,Lights,Ellie Goulding
11943,Mercy,Kanye West
11944,Cashin' Out,CashOut
11945,Good Feeling,Flo Rida
11946,Young Wild & Free,Snoop Dogg & Wiz Khalifa ft. Bruno Mars
11947,Faded,Tyga ft Lil Wayne
11948,Even If It Breaks Your Heart,Ely Young Band
11949,I Won't Give Up,Jason Mraz
11950,Somethin' 'Bout A Truck,Kip Moore
11952,Dancin' Away With My Heart,Lady Antebellum
11953,Wanted,Hunter Hayes
11957,Never Close Our Eyes,Adam Lambert
11958,Rumour Has It,Adele
11959,When I'm Gone,Albert Hammond
11961,Back Home Again,John Denver
11966,Side Show,Blue Magic
11967,Boyfriend,Justin Bieber
11968,Belonging,Bread
11971,Feel So Close,Calvin Harris
11972,Liquid Ice,Charlie Green
11975,Can't Say No,Conor Maynard
11976,Call Me,Styx Dennis DeYoung
11979,The Motto,Drake ft. Lil Wayne
11980,Dream On,Nazareth
11982,Drunk On You,Luke Bryan
11984,Wild Ones,Flo Rida ft. Sia
11985,Houdini,Foster The People
11987,Some Nights,Fun
11991,Healing,Deniece Williams
11996,State Of The Nation,Industry
11998,Young Love,Jedward
11999,Daughters,John Mayer
12001,(He's Real) All the power you need,HILLSONG
12005,A King Shall Come,James Cowanm
12007,A PLACE AT YOUR ALTAR,Gerrit Gustafson & Gary Sadler
12040,ALL DAY,HILLSONG
12044,ALL HEAVEN DECLARES,Noel & Tricia Richards
12046,ALL I DO,Hillsong
12048,ALL IN HIS OWN SWEET TIME,Cathy Spurr
12055,All That Is Within Me,Integrity
12057,ALL THE HEAVENS,Hillsong
12061,Alleluia Sons Of God Arise,Mimi Armstrong
12062,ALL,TO THE ENDS
12063,ALWAYS,HILLSONG
12064,AM I TO BELIEVE,To The Ends
12071,AMAZING GRACE,John Newton
12073,AMMUNITION,Switchfoot
12088,ANGELS,Hillsong
12089,ANGELS,Amy Grant
12090,Anima Cristi,Jandi Arboleda
12092,ANTHEM OF PRAISE,Hillsong
12094,ARISE IN THE NAME OF JESUS,Mighty Warrior
12096,ARISE PRAISE HIS NAME,Mighty Warrior
12100,As A Doe,George Misulia
12105,AS I PRAISE AND WORSHIP YOU,My Refuge
12107,AS WE GATHER,Mike Fay & Tom Coomes
12110,At The Name Of Jesus,James Cowan
12144,BEAUTIFUL LETDOWN,Switchfoot
12151,BETTER IS ONE DAY,Matt Redman
12152,BETTER THAN LIFE,Hillsong
12154,BIGGER THAN MY IMAGINATION,MICHAEL GUNGOR
12179,Breathe,HILLSONG For Kids
12195,CAN'T STOP PRAISING,HILLSONG
12196,CAN'T STOP TALKING,HILLSONG
12197,Canticle Of The Gifts,"Michael Gilligan,"
12198,CARRY ME,HILLSONG
12203,CENTER OF MY LIFE,HILLSONG
12211,CHRIST IN ME,Gary Garcia
12215,CHURCH ON FIRE,HILLSONG
12219,CLOSEST FRIEND,MICHAEL GUNGOR
12226,Come Holy Spirit (B),George Misulia
12230,COME JUST AS YOU ARE,Joseph Sabolick
12232,Come Let Us Offer,Integrity
12243,CONSUMING FIRE,HILLSONG
12247,CREATE IN ME A CLEAN HEART,Public Domain
12250,Crown Him Lord Of Lords,James Cowan
12251,Crown Him With Many Crowns,Matthew Bridges
12269,DEEPER HIGHER WIDER,Holy Ground
12284,DWELLING PLACES,Miriam Webster
12286,EAGLES WINGS,Hillsong
12292,Evermore,HILLSONG
12305,FATHER ME,Graham Kendrick
12315,FIRM FOUNDATION,Nancy Gordon & Jamie Harvill
12318,"FLOW, O MIGHTY HOLY RIVER",Connie Boerner
12320,For All You've Done,Hillsong
12330,Friend Of God,Michael Gungor & Israel Houghton
12331,FRIENDS,Michael W. Smith
12333,From The Rising Of The Sun,George Misulia
12335,FUEL,TOM WUEST
12339,Get Up And Dance,HILLSONG For Kids
12340,GIVE THANKS,Henry Smith
12347,GLORIFY YOUR NAME,Hillsong Australia
12349,Glorious In Majesty,Jeff Cothran
12350,GLORY,Hillsong Australia
12363,God Is Good,Graham Kendrick
12369,God Of All Creation,HILLSONG
12373,God With Us (Emmanuel),Graham Kendrick
12375,GONNA BE ALRIGHT,HILLSONG
12383,GREAT IS THE LORD,Michael W. Smith & Deborah Smith
12393,Hail To The Lord's Anointed,James Montgomery
12404,"Halleluja, Our God Reigns",Dale Garratt
12406,"Hallelujah, Jesus Is Lord",Mimi Armstrong Farra
12407,Hallelujah,HILLSONG
12418,He Is Coming,James Cowan
12427,HE THAT IS IN US,Graham Kendrick
12439,HEAVEN IS IN MY HEART,Graham Kendrick
12444,HERE I AM,HILLSONG
12457,HOLY GROUND (WE ARE STANDING),Geron Davis
12459,HOLY ROAR,Nathan & Christy Nockels
12480,HOW MAJESTIC IS YOUR NAME,Michael W. Smith
12490,I ADORE,Hillsong
12513,I HEAR ANGELS,Gerrit Gustafson
12520,I Love To Praise Him,Integrity
12531,I SURRENDER ALL,Judson Van De Venter & Winfield Weeden
12542,I WILL BE HERE FOR YOU,Michael W. Smith
12545,I WILL BLESS YOU LORD,HILLSONG
12546,I WILL CALL UPON THE LORD,Michael O'Shield
12552,I WILL GO,HILLSONG
12562,I Will Sing,Integrity
12567,I'mr Eally Happy,Hillsong For Kids
12591,In That Day,Joseph Sabolick 1999
12596,IN YOU I STAND,HILLSONG
12603,INNOCENCE AGAIN,Switchfoot
12604,INSTEAD OF ME,Teri Desario
12607,Isaiah 43,Cathy Zawacki
12626,JESUS GENERATION,Hillsong Australia
12627,Jesus I Love You,Kathleen Thomerson
12648,"JESUS,YOU'RE ALL I NEED",HILLSONG
12650,JOY IN THE HOLY GHOST,HILLSONG
12681,KING OF MAJESTY,HILLSONG
12696,LEAD ME TO THE FATHER,Craig Musseau
12697,LEAD ME,Steve Taylor
12703,Let The Fire Fall,George Misulia
12705,Let The Peace Of God Reign,Integrety
12714,nd rock,Matt Redman
12720,Lift High The Banners Of Love,Rich Gillard
12721,Lift High The Cross Of Christ,George Misulia
12726,LIGHT AT THE END OF THE DARKNESS,Larry Gatlin
12728,LIGHT,HILLSONG
12731,"LIKE FATHER, LIKE SON",Jeff Kennedy & Tim Hosman
12734,LOOK HOW FAR YOU'VE COME,Jamie Owens Collins & Chris Christian
12747,LORD WE WELCOME YOU,Germi Gustafson
12748,LORD YOUR GOODNESS,HILLSONG
12749,"LORD, YOU ARE SO PRECIOUS TO ME",Graham Kendrick
12750,"Lord,I'm Gonna Love You",Integrity
12783,Make Us One Voice,Integrity
12800,Meet With Me,Lamont Hiebert
12803,Mighty King Of Zion,James Cowan
12815,MORE THAN FINE,SWITCHFOOT
12816,MORE THAN LIFE,HILLSONG
12818,MORE,HILLSONG
12823,Move Me,Michael Gungor& Israel Houghton
12825,My God And My All,James Cow
12827,MY GOD,HILLSONG
12837,MY SOUL FOLLOWS HARD AFTER THEE,Jeffrey Smith
12863,NOT BE SHAKEN,Norm Strauss
12869,O Come Let Us Worship,James Cowan
12874,O Let The Redeemed,Gerald Custer
12877,O MAGNIFY THE LORD,Michael O' Shields
12880,O Worship The King,James Cowan
12896,One Thing I Ask For,Ted Kennedy III
12898,ONLY BY GRACE,Graham Kendrick
12903,Open Up The Heavens,HILLSONG
12946,Panunumpa,Jboy Gonzales SJ
12951,PARENT'S PRAYER,Greg Davis
12953,PEOPLE JUST LIKE US,HILLSONG
12954,PEOPLE NEED THE LORD,Greg Nelson & Phill Mchugh
12973,Prayer For Generosity,Jandi Arboleda
12979,PSALM 5,Bill Sprouse Jr.
12981,Psalm 73 [B],Mike Keating
12992,Put On Jesus Christ,George Misulia
13039,Taste And See,George Misulia
13040,Teach My Heart,Jandi Arboleda
13057,THE SERVANT KING,Graham Kendrick
13074,THROUGH IT ALL,HILLSONG
13080,TO HIM WHO SITS ON THE THRONE,Debbe Graafsma
13102,UNDIVIDED,Melody Tunney
13109,Victorious Lamb,James Cowan
13124,We Adore You,James Cowan
13129,WE ARE THE REASON,David Meece
13137,WE LOVE YOU AND PRAISE YOU,Harlan Rogers
13161,WORSHIP YOU,JAMI SMITH
13164,WORTHY IS THE LAMB,HILLSONG
13171,YES AND AMEN,HILLSONG
13182,YOU ARE MY EVERYTHING,Gerrit Gustafson
13186,YOU ARE MY HIDING PLACE,Michael Ledner
13188,YOU ARE MY ROCK,HILLSONG
13191,YOU ARE THE REASON,"Michael W. Smith,Pam Mark Hall,Mike Hudson"
13192,"YOU ARE, YOU ARE MY LORD",HILLSONG
13195,You Shall Be Clothed With Power,James Cowan
13505,Merry Christmas,Carpeters
13507,You Are My Sunshine,Gary Davis
13528,Roses Are Red,Bobby Vinton
13536,All Shook Up,Elvis Presly
13537,Colors Of The Wind,Vanessa Williams
13540,Puff The Magic Dragon,Peter Paul & Mary
13541,It's A Small World,Disney Theme
13568,Any Dream Will Do,Boston
13572,If You're Happy,NURSERY RHYMES
13574,Go The Distance,Michael Bolton
13580,Dingle Dangle Scarecrow,Nursery Rhymes
13581,Dinosaur Stomp,Nursery Rhymes
13585,Down By The Bay,Nursery Rhymes
13594,Father Abraham,Nursery Rhymes
13595,Fee Fie Foe Fum,Nursery Rhymes
13602,Little Boy Blue,Nursery Rhyme
13604,Little Jack Horner,Nursery Rhyme
13605,Little Miss Muffet,Nursery Rhyme
13608,Polly Wolly Doodle,Nursery Rhyme
13609,Pussycat Pussycat,Nursery Rhyme
13632,Brush Your Teeth,Nursery Rhymes
13635,Chubby Cheeks,Nursery Rhymes
13637,Flowers In My Mind,Nursery Rhyme
13642,Goldilocks,Nursery Rhymes
13644,Little Peter Rabbit,Nursery Rhyme
13645,Little Red Hen,Nursery Rhymes
13654,Mary Mary Quite Contrary,Nursery Rhyme
13657,Now I Lay Me Down To Sleep,Nursery Rhymes
13659,Oh Susanna,Nursery Rhyme
13660,Old KIng Cole,Nursery Rhyme
13663,Old Woman Who Lived In The Shoe,Nursery Rhymes
13664,One Finger One Thumb,Nursery Rhymes
13666,The Farmer In The Dell,Nursery Rhymes
13667,Three Little Kittens,Nursery Rhyme
13671,Way Up High In An Apple Tree,Nursery Rhymes
13672,Weather Song,Nursery Rhyme
13693,Freight Train,Nursery Rhymes
13697,Ghost Chickens In The Sky,Nursery Rhymes
13701,Honeybees and Bears,Nursery Rhymes
13707,I Can Sing A Rainbow,Nursery Rhymes
13708,I Do Like To Be Beside The Seaside,Nursery Rhyme
13710,I've Been Working On The Railroad,Nursery Rhyme
13711,Joy To The World,Nursery Rhymes
13712,Knick Knack Paddy Whack,Nursery Rhyme
13713,Knock at the Door,Nursery Rhymes
13714,Kookaburra,Nursery Rhyme
13715,Kung Ikaw Ay Masaya,Nursery Rhyme
13716,Lady Bug Lady Bug,Nursery Rhyme
13717,Lavender's Blue,Nursery Rhyme
13718,Lazy Mary,Nursery Rhymes
13719,Paa tuhod,Nursery Rhyme
13720,Pat a Cake Pat a Cake,Nursery Rhyme
13721,Peas Porridge Hot,Nursery Rhymes
13722,Penpen de Sarapen,Nursery Rhyme
13723,Peter Peter Pumpkin Eater,Nursery Rhymes
13724,Pitong Araw,Nursery Rhyme
13726,Polly Put The Kettle On,Nursery Rhymes
13727,Rudolf The Red Nose Reindeer,Nursery Rhymes
13728,Sailing Sailing,Nursery Rhyme
13729,Sally Go Round The Sun,Nursery Rhymes
13730,Sampung Malulusog na Bata,Nursery Rhyme
13731,See Saw Margery Daw,Nursery Rhymes
13732,She'll Be Coming Round The Mountain,Nursery Rhymes
13733,Sing Robin,Nursery Rhyme
13734,Sing A Song Of Sixpence,Nursery Rhymes
13735,Sitsiritsit Alibangbang,Nursery Rhyme
13738,An Apple a Day,Nursery Rhyme
13740,Animal Alphabet Song,Nursery Rhymes
13742,Apples and Bananas,Nursery Rhyme
13743,Are You Sleeping,Nursery Rhyme
13745,Baby Beluga,Nursery Rhyme
13747,Bear Hunt,Nursery Rhyme
13748,Betty Botter,Nursery Rhymes
13749,Big Base Drum,Nursery Rhyme
13750,Big Blue Boat,Nursery Rhyme
13753,Five Little Snowmen,Nursery Rhymes
13754,Five Little Speckled Frogs,Nursery Rhyme
13756,Goosey Goosey Gander,Nursery Rhymes
13757,Great Green Gobs,Nursery Rhyme
13758,Greensleeves,Nursery Rhyme
13766,Rain On The Green Grass,Nursery Rhyme
13767,Rain Rain Go Away,Nursery Rhymes
13768,Rig A Jig Jig,Nursery Rhyme
13770,Round And Round The Garden,Nursery Rhyme
13772,Supercalifragilistic expialidocious,Mary Poppins
13776,The Animal Fair,Nursery Rhymes
13777,The Bear Went Over The Mountain,Nursery Rhyme
13778,The Big Ship Sails,Nursery Rhymes
13779,He's Got The Whole World In His Hands,Nursery Rhyme
13780,Zoom Zoom Zoom,Nursery Rhymes
13789,Hello Friend,Nursery Rhyme
13790,Hello Hello,Nursery Rhymes
13793,Miss Mary Mack,Nursery Rhyme
13794,Miss Molly Had A Dolly,Nursery Rhyme
13797,Jack In The Box,Nursery Rhyme
13799,The Happy Wanderer,Nursery Rhymes
13801,The Wheels On The Bus,Nursery Rhyme
13802,There Was A Crooked Man,Nursery Rhyme
13803,This Little Light Of Mine,Nursery Rhymes
14005,CHANGE THE WORLD,ERIC CLAPTON
14006,CARRIE,EUROPE
14008,Bed Of Roses,Bon Jovi
14009,Put Your Head On My Shoulder,Paul Anka
14010,NIGHTBIRD,KALAPANA
14011,ALL THE MAN THAT I NEED,WHITNEY HOUSTON
14012,CREEP,Radiohead
14013,IF WE HOLD ON TOGETHER,DIANA ROSS
14014,Funky Town,Lipps Inc.
14015,Arthur's Theme,Christopher Cross
14016,AUBREY,BREAD
14017,Lady,Kenny Rogers
14018,BORDERLINE,MADONNA
14019,It's Not Unusual,Tom Jones
14020,Footloose,Kenny Loggins
14021,LEADER OF THE BAND,DAN FOGELBERG
14022,Lost In Love,Air Supply
14023,BLUE BAYOU,LINDA RONSTADT
14024,EYE OF THE TIGER,SURVIVOR
14025,Born To Be Wild,Stephen Wolffe
14026,HEARTACHE TONIGHT,EAGLES
14027,Faith,George Michael
14028,Knife,Rockwell
14029,Man In The Mirror,Michael Jackson
14030,FEVER,ELVIS PRESLEY
14032,BREATHE AGAIN,TONI BRAXTON
14033,Close To You,Carpenters
14034,BEAUTIFUL IN MY EYES,JOSHUA KADISON
14035,Heaven,Bryan Adams
14036,La Isla Bonita,Madonna
14037,All Apologies,Nirvana
14038,BOYS DON'T CRY,THE CURE
14040,All I Wanna Do,Sheryl Crow
14041,BAD,MICHAEL JACKSON
14042,Billie Jean,Michael Jackson
14043,ALL OUT OF LOVE,AIR SUPPLY
14044,Come Together,Beatles
14045,Another Day In Paradise,Phil Collins
14046,Born Free,Andy Williams
14047,AGAINST ALL ODDS,PHIL COLLINS
14048,AFTER THE LOVE HAS GONE,EARTH WIND AND FIRE
14049,All Shook Up,Elvis Presly
14050,Another One Bites The Dust,Queen
15003,Brokenhearted,Karmin
15005,Dark Side,Kelly Clarkson
15006,Cherish,Kool & The Gang
15009,Come What May,Lani Hall & Herb Alpert
15010,Light In The Dark,David DiMuzio
15011,Burn It Down,Linkin Park
15012,Don't Expect Me To Be Your Friend,Lobo
15013,A Simple Man,Lobo
15014,It Sure Took A Long Long Time,Lobo
15015,Love Me For What I Am,Lobo
15017,Loving Arms,Kris Kristofferson feat. Rita Coolidge
15021,Payphone,Maroon 5 ft Wiz Khalifa
15023,Colossal Youth,Moonpools And Caterpillar
15024,Hear,Moonpools And Caterpillar
15025,More Than This,One Direction
15026,What Makes You Beautiful,One Direction
15029,Home,Philip Philips
15030,Back In Time,Pitbull
15034,Where Have You Been,Rihanna
15038,You And I,Scorpions
15041,Summer Paradise,Simple Plan ft. Sean Paul
15045,Sweet Painted Lady,Elton John
15046,Take Me Now,Bread
15047,Tell Me You Love Me,Nikki Bacolod
15049,Ebony Eyes,The Everly Brothers
15051,Girl Of My Dreams,The Moffatts
15052,Break Even,The Script
15053,One Headlight,The Wallflowers
15054,Theme For A Dream,Cliff Richard
15056,I'll Be The One,Trademark
15057,Drive By,Train
15058,Scream,Usher
15060,Burning Flame,Vitamin Z
15062,Mandy,Westlife
15063,Tonight,Westlife
15069,There Ain't No Way,Lobo
15073,Suddenly,Billy Ocean
15074,We Are Never Ever Getting Back Together,Taylor Swift
15077,One More Night,Maroon 5
15078,More Than Just A Heartbeat,Insight
15079,Good Time,Owl City Ft. Carley Rae Jepsen
15081,Let Me Love You,Ne-yo
15082,Don't Wake Me Up,Chris Brown
15083,Want You Back,Cher Lloyd
15084,Clique,Kanye West  Jay-Z  Big Sean
15085,Pound The Alarm,Nicki Minaj
15086,Blown Away,Carrie Underwood
15087,50 Ways To Say Goodbye,Train
15088,Ho Hey,The Lumineers
15089,365 Days,Lutricia Mcneal
15090,Skyfall,Adele
15092,Angel,Fra Lippo Lippi
15093,Broken Hearted Me,Anne Murray
15094,As Long As You Love Me,Justin Bieber ft. Big Sean
15095,Perfect Two (Acoustic),Auburn
15098,Windows Down,Big Time Rush
15102,Happy Man,Chicago
15105,We All Fall In Love Sometimes,Elton John
15108,Whistle,Flo Rida
15109,Hold Me In Your Arms,Southern Sons
15110,I Believe,Fantasia Barrino
15112,Beauty And A Beat,Justine Bieber ft Nicki Minaj
15115,Maybe,Peabo Bryson & Roberta Flack
15116,Love Letters,Nat King Cole
15118,Little Things,One Direction
15119,Live While We're Young,One Direction
15121,Give It Away,Red Hot Chili Peppers
15122,Hump De Bump,Red Hot Chili Peppers
15123,P.S. I'm Still Not Over You,Rihanna
15127,Out Of My League,Stephen Speaks
15128,The Prayer,Celine Dion and Andrea Bocelli
15133,Too Close,Alex Clare
15134,Blow Me (One Last Kiss),Pink
15135,Diamonds,Rihanna
15136,Locked Out Of Heaven,Bruno Mars
15137,Cruise,Florida Georgia Line
15138,No Lie,Chainz ft Drake
15139,All I Need To Know,Kenny Chesney
15140,It's All In The Game,Carmel
15142,I Knew You Were Trouble,Taylor Swift
15143,Die Young,Kesha
15144,Pop That,French Montana
15146,A World Without Love,Peter and Gordon
15147,I'm Alive,Celine Dion
15149,Do I Make You Proud,Taylor Hicks
15150,You And I,Eddie Rabbitt & Crystal Gayle
15151,Someone Like You,Eric Clapton
15153,"Girl, You're Always On My Mind",Gallery
15154,Missing You (If I Cry A Thousand Tears),RJ Helton
15155,It's Time,Imagine Dragon
15156,I Won't Let You Go,James Morrison
15157,You Give Me Something,James Morrison
15158,Better With You,Kris Allen
15159,Loves Grown Deep,Kenny Nolan
15161,Fascination,Nat King Cole
15162,When I Fall In Love,Nat King Cole
15163,Ride Wit Me,Nelly ft St. Lunatics
15164,Perfect,Pink
15167,Love Me,Samantha Chavez
15168,Save Me a Dream,Paul Williams
15169,When I'm With You,Sheriff
15170,Save You,Simple Plan
15171,Baby I'm For Real,The Originals
15172,The Very Thought Of You,Nat King Cole
15173,It's Your Love,Tim McGraw and Faith Hill
15174,Too Young,Jack Wagner
15176,Suddenly It's Magic,Vesta Williams
15177,We Don't Have To Say The Words,Gerard Joling
15178,The Ghost In You,Psychedelic Furs
15179,Girl on Fire,Alicia Keys
15180,Angelina,P.S.Y.
15182,I Surrender,CELINE DION
15184,Every Beat Of My Heart,Chris Rea
15185,Wish U Were Here,Cody Simpson ft. Becky G
15186,Fix You,Coldplay
15187,The Dolphin's Cry,Live
15188,Everybody Hurts,David Archuleta
15189,It Takes Too Long To Learn To Live Alone,Eydie Gorme
15190,Not Over You,Gavin DeGraw
15192,Sunshine And City Lights,Greyson Chance
15193,Radioactive,Imagine Dragons
15194,In Your Eyes,George Benson
15195,Kiss You,One Direction
15196,Who's Laughing Now,Jessie J
15197,Faithfully,Boyce Avenue
15198,Body Shot,Kaci Battaglia Feat. Ludacris
15200,Catch My Breath,Kelly Clarkson
15202,Lea,Toto
15204,Daylight,Maroon 5
15206,Feel Again,One Republic
15207,Shooting Star,Owl City
15208,Try,Pink
15210,Sweet Soul Reveu,Pizzicato Five
15212,Right Next To Me,Whistle
15213,Secret Smile,William Katt
15214,Spain,Al Jarreau
15215,Lifeline,Spandau Ballet
15217,Sweet Baby,Stanley Clarke And George Duke
15218,Begin Again,Taylor Swift
15219,Better Dig Two,The Band Perry
15220,The Best Of Me,Olivia Newton David Foster
15221,Hall Of Fame,The Script Feat. Will I. Am
15222,The Freshmen,Verve Pipe
15223,I Found You,The Wanted
15225,Scream & Shout,Will I Am ft. Britney Spears
15226,You And I Both,Jason Mraz
15229,First Love Never Dies,Eugene Wilde & Joanna Gardner
15230,Before You Go,Matt Monro
15233,The Promise,When In Rome
15238,Will You Still Love Me,Chicago
15239,Help,John Farnham
15243,Runaway Baby,Bruno Mars
15244,When I Was Your Man,Bruno Mars
15245,Barely Breathing,Duncan Sheik
15248,Sleep All Day,Jason Mraz
15251,Standing In The Dark,Lawson
15253,Make Up My Heart,Josie Aiello
15255,Starting Over Again,Natalie Cole
15256,We Could Be In Love,Lea Salonga & Brad Kane
15257,Your Silence Is Your Villain,Your Imaginary Friends
15258,Broken Hearted Me,Anne Murray
15259,For Just A Moment,David Foster
15263,If I Ever Fall In Love Again,Kenny Rogers and Anne Murray
15264,Cuckoo,Adam Lambert
15265,For Your Entertainment,Adam Lambert
15269,Among My Souvenirs,Connie Francis
15275,Two Black Cadillacs,Carrie Underwood
15276,Song For You,Chicago
15278,Turn Up The Music,Chris Brown
15279,Never Be The Same,Christopher Cross
15280,Rise And Fall,Craig David ft. Sting
15281,Rewind,Craig David
15282,Dancing With Myself,Billy Idol
15287,I Apologize,Timi Yuro
15288,I Just Cant Let Go,Ambrosia
15289,In My Time,Teddy Pendergrass
15293,C'mon,Kesha
15296,Morning Girl,The Lettermen
15300,Va Va Voom,Nicki Minaj
15303,Just Give Me A Reason,Pink ft. Nate Ruess
15305,Now,Paramore
15307,Rest Your Love On Me,Bee Gees
15308,Stay,Rihanna ft. Mikky Ekko
15309,I'd Rather Leave While I'm In Love,Rita Coolidge
15312,She's The One,Taylor Jones
15313,Addicted,Simple Plan
15314,Santeria,Sublime
15319,One Way Or Another,One Direction
15321,Amber,311
15323,Receive,Alanis Morissette
15326,Say You're Just A Friend,Austin Mahone  ft Flo Rida
15327,I Could Be The One,Avicii
15329,Bawat Daan,Ebe Dancel
15330,Be OK,Ingrid Michaelson
15331,I Like That,Before You Exit
15332,Bridge Over Troubled Water,Josh Groban & Brian  McKnight
15338,The Tender Trap,Frank Sinatra
15343,How Do You Heal A Broken Heart,Chris Walker
15349,93 Million Miles,Jason Mraz
15352,Tonight,Jessica Sanchez ft. Neyo
15353,If You're Never,Jessie Ware
15355,Downtown,Lady Antebellum
15356,Hello World,Lady Antebellum
15358,Learn To Love Again,Lawson
15359,Almost Home,Mariah Carey
15360,More Than Words Can Say,Alias
15361,I Will Wait,Mumford & Sons
15362,My Songs Know What You Did In The Dark,Fall Out Boy
15363,Go On Girl,Ne-Yo
15365,Greatest Story Ever Told,Oliver James
15366,Troublemaker,Olly Murs ft. Flo Rida
15367,"Gone, Gone, Gone",Phillip Phillips
15369,Feel This Moment,Pitbull ft. Christina Aguilera
15370,Poetic Justice,Kendrick Lamar ft. Drake
15374,22,Taylor Swift
15375,Someone,The Rembrandts
15376,If You Could See Me Now,Script
15380,Clarity,Zedd ft. Foxes
15381,Lovesong,Adele
15382,All Of My Life,Barbara Streisand
15383,Cups ''When I'm Gone'',Anna Kendrick
15384,The Way,Ariana Grande ft. Mac Miller
15385,Here's To Never Growing Up,Avril Lavigne
15388,Tonight I'm Getting Over You,Carly Rae Jepsen
15389,Pilot Of The Airwaves,Charlie Dore
15390,Jenny,Click Five
15391,Don't Let Me Be The Last To Know,The Nolan
15392,First Love,Seals And Crofts
15393,Happy Birthday,Click Five
15396,Demons,Imagine Dragons
15398,Down,Jay Sean
15399,Who You Are,Jessie J
15400,Distant Drums,Jim Reeves
15401,Pom Poms,Jonas Brothers
15403,All Around The World,Justin Bieber ft Ludacris
15404,Mirrors,Justine Timberlake
15405,Suit And Tie,Justin Timberlake
15410,Difference,Light Of Luna
15412,Miracle,Stylistics
15413,Mama's Broken Heart,Miranda Lambert
15414,Madness,Muse
15415,High School,Nicky Minaj
15416,Nights Are Forever Without You,England Dan And John Ford Coley
15417,I Wish,One Direction
15418,Up All Night,One Direction
15419,Still Into You,Paramore
15426,Everywhere You Go,Taxi Ride
15427,Absolute Reality,The Alarm
15428,Enchanted,The Platters
15429,Remember When,The Platters
15430,Six Degrees Of Separation,The Script
15431,This Is My Now,Jordin Sparks
15432,Touch And Go,Rupert Holmes
15438,Where Do I Go From Here,England Dan & John Ford Coley
15439,That Power,Will.I.Am  ft. Justin Bieber
15441,By Your Side,Aspen Way
15443,All The Time,Barry Manilow
15445,Let Your Love Flow,Bellamy Brothers
15446,Breaking Us In Two,Joe Jackson
15447,Treasure,Bruno Mars
15448,Bubble,Yelle
15449,This Kiss,Carly Rae Jepsen
15451,Crazy (Live Version),Kenny Rogers
15454,Give Me Love,Ed Sheeran
15455,The Phoenix,Fall Out Boy
15457,Happy Birthday Dear Heartache,Barbara Mandrell
15461,I'm Coming Home,Beeb Birtles & Graham Goble
15462,If I Said You Had A Beautiful Body,Bellamy Brothers
15463,Live It Up,Jennifer Lopez ft. Pitbull
15467,Brokenhearted,Lawson Feat. B.O.B.
15468,How Ya Doin',Little Mix ft Missy Eliot
15469,Lonely Together,Barry Manilow
15470,Lucille,Kenny Rogers
15471,Beautiful,Mariah Carey ft. Miguel
15472,Love Somebody,Maroon Five
15474,Popular Song,Mika ft. Ariana Grande
15476,I Believe In You,Neil Young
15477,Moments,One Direction
15481,Please Don't Be Scared,Barry Manilow
15482,Everyday Fun (Power Rangers Samurai),Steven Skyler and Erika Fong
15484,Remember You're Mine,Pat Boone
15486,Save Your Kisses For Me,Brotherhood Of Man
15487,Stranger,Secondhand Serenade
15488,Come and Get It,Selena Gomez
15489,Amygdala,She's Only Sixteen
15491,Everything Has Changed,Taylor Swift ft Ed Sheeran
15492,Tell Mama,Savoy Brown
15493,Walks Like Rihanna,The Wanted
15494,This Night Won't Last Forever,Michael Johnson
15495,Highway Don't Care,Tim McGraw ft. Taylor Swift and Keith Urban
15498,Jealous Heart,Wanda Jackson
15499,Weekend In New England,Barry Manilow
15501,With Pen In Hand,Bobby Goldsboro
15503,Heartbreak Girl,5 Seconds Of Summer
15504,A Little More You,Before You Exit
15505,Call Me,Blondie
15509,Shake It Up,Cars
15511,Body Party,Ciara
15512,I'm Out,Ciara ft. Nicky Minaj
15513,Count On Me,Bruno Mars
15514,Eye-bol,Sushi
15518,Private Eyes,Hall And Oates
15522,Power Trip,J. Cole ft Miguel
15523,The Other Side,Jason Derulo
15524,Johnny B. Goode,Judas Priest
15526,People Like Us,Kelly Clarkson
15527,Pretty Girl Rock,Keri Hilson
15528,Laserlight,Jessie J.
15530,Same Love,Macklemore X Ryan Lewis ft Mary Lambert
15531,Mama,Heintje
15532,Maniac,Michael Sembello
15533,Mission Bells,Matt Nathanson
15534,We Can't Stop,Miley Cyrus
15535,My Kind Of Perfect,David Archuleta
15537,Animal,Neon Trees
15540,True Love,Pink
15544,Can't Help,Parachute
15545,Blurred Lines,Robin Thicke ft. T.I. Pharrell
15546,Brave,Sara Bareilles
15547,I'll Play For You,Seals And Croft
15548,King Of Nothing,Seals And Crofts
15551,Stupify,Disturbed
15552,Ronan,Taylor Swift
15553,That's The Way Of Friends,Paul Parrish
15554,We Cry,The Script
15556,Jenny (867-5309),Tommy Tutone
15559,Whip It,Devo
15562,A Million Miles Away,Rihanna
15563,Don't You Remember,Adele
15564,Turning Tables,Adele
15568,Arimunding- Munding,Alexis
15575,Spinning,Christopher Cross
15577,Feels Like The First Time,Foreigner
15582,Incomplete,Sisqo
15583,Ridin Solo,Jason Derulo
15585,Just So You Know,Jesse McCartney
15589,If Only,Lea Salonga
15590,Statue,Lil Eddie
15597,I'll Change My Mind,One Direction
15598,Everything About You,One Direction
15599,Heart Attack,One Direction
15600,Goodbye To You,Patty Smyth
15611,High,Save Me Hollywood
15612,Hummingbird,Seals and Croft
15614,There's No Easy Way To Break Somebody's Heart,James Ingram
15615,Tonight I Give In,Jinky Vidal
15616,Underneath It All,No Doubt
15617,When The Fog Rolls In,Train
15618,World In Our Hands,Taio Cruz
15624,Almost Is Never Enough,Ariana Grande ft. Nathan Sykes
15626,Rock N Roll,Avril Lavigne
15629,It's A Beautiful Day,Boyce Avenue
15630,God Must Have Spent A Little More Time With You,Boyce Avenue
15631,The A Team,Boyce Avenue
15632,Still,Brian Mcknight
15633,Like A Star,Corinne Bailey Rae
15634,Unbelievable,Craig David
15638,When I Look Into Your Eyes,Firehouse
15640,Chupoy Chupoy,Hoodlum
15641,I Want Crazy,Hunter Hayes
15642,I'll Always Love You,Craig Ruhnke
15645,It's Your Love,Gil
15646,Plastic Roses,Jessica Sanchez
15647,Ordinary People,John Legend
15648,Roar,Katy Perry
15649,Applause,Lady Gaga
15655,Earth Song,Michael Jackson
15658,Wrecking Ball,Miley Cyrus
15661,Best Song Ever,One Direction
15668,Lost Generation,Rizzle Kicks
15669,Give It 2 U,Robin Thicke
15672,Other Side Of Love,Sean Paul
15674,Stick Around,Azure
15675,Swept Away,Christopher Cross
15676,Promises,Cranberries
15677,Can We Dance,The Vamps
15678,Without You,Charlie Wilson
15683,A Love Like This,Dan Fogelberg
15684,He Won't Go,Adelle
15685,One And Only,Adelle
15686,All The Thing You Are,Frank Sinatra
15687,All The Time,Johnny Mathis
15688,A Love Like War,All Time Low
15694,Name,Boyce Avenue
15695,Moonshine,Bruno Mars
15697,Picture,Carly Rae Jepsen
15701,Believe In Me,Dan Fogelberg
15702,Hard To Say,Dan Fogelberg
15703,Same Auld Lang Syne,Dan Fogelberg
15704,Seeing You Again,Dan Fogelberg
15705,Made In The USA,Demi Lovato
15706,What Can I Do With This Broken Heart,England Dan & John Ford Coley
15707,Why Is It Me,England Dan & John Ford Coley
15708,Falling Stars,England Dan & John Ford Coley
15709,Gone Too Far,England Dan & John Ford Coley
15710,Soldier In The Rain,England Dan John Ford Coley
15712,Feeling Good,Michael Buble
15714,Carry On,Fun
15718,Is There Something,Christopher Cross
15719,Talk Dirty,Jason Derulo
15722,Change Nothing,Jessica Sanchez
15724,For You,Kenny Lattimore
15728,Lonely In Love,Dan Fogelberg
15730,Royals,Lorde
15731,Make Love Stay,Dan Fogelberg
15738,I Want,One Direction
15739,I Would,One Direction
15743,Run For The Roses,Dan Fogelberg
15749,Slide,Boyce Avenue
15750,Stolen,Boyce Avenue
15751,Take Me I'll Follow,Bobby Caldwell
15753,Away,Bolshoi
15755,The Last Song I'll Write For You,David Cook
15760,What Do We Mean To Each Other,Sergio Mendez
15761,Who's Lonely Now,England Dan & John Ford Coley
15763,Crazy Over You,112
15765,A Man Alone,Frank Sinatra
15766,Almost There,Andy Williams
15770,April in Paris,Frank Sinatra
15772,Where Clock Hands Freeze,Avantasia
15776,Here's To You,Billy Ocean
15778,Work B**ch,Britney Spears
15779,Gorilla,Bruno Mars
15780,More Than A Memory,Carly Rae Jepsen
15781,Inside Your heaven,Carrie Underwood
15789,Find Me,David Gates
15790,All Alright,Fun
15791,One Foot,Fun
15792,Why I Am The One,Fun
15796,I Believe In Love Again,Jason Farol
15797,Just A Kiss,Lady Antebellum
15798,Just The Girl,Click Five
15799,Take Back The Night,Justin Timberlake
15800,Kids In America,The Muffs
15802,Juliet,Lawson
15803,I Was Made For Dancing,Leif Garrett
15804,New York City Nights,Leif Garret
15805,Thrift Shop,Macklemore & Ryan Lewis ft Wanz
15807,Melody,Andy Gibb
15812,Never Let Her Go,David Gates
15813,New Age Girl,Dead Eye Dick
15815,No Boundaries,Kris Allen
15816,Over Again,One Direction
15817,Same Mistakes,One Direction
15818,Stole My Heart,One Direction
15819,They Don't Know About Us,One Direction
15823,Ruby Jean & Billie Lee,Seals & Crofts
15827,So Close,Jon Mclaughlin
15828,Someday,David Gates
15829,Someone Who Believes In You,Air Supply
15832,The Art Of Letting Go,Mikaila
15834,Chasing The Sun,The Wanted
15840,My Girl,Willy Moon
15842,The Fox,Ylvis
15844,Let Me Go,Avril Lavigne
15845,Pinky Swear,Blue Boy Bites Back
15847,Acapella,Karmin
15848,Unconditionally,Katy Perry
15851,Counting Stars,One Republic
15853,Bad (remix),Wale ft Rihanna
15854,Red,Taylor Swift
15855,What Now,Rihanna
15856,Ain't It Fun,Paramore
15857,Story Of My Life,One Direction
15861,Wake Me Up,Avicii
15862,Baby Come Home,Scissor Sisters
15863,Before You Go,Matt Monroe
15864,Believe It Or Not,Joey Scarbury
15865,Birthday Song,Don McLean
15866,Blue Skies,Frank Sinatra
15867,Burn,Ellie Goulding
15868,Can This Be Love,Matt Monroe
15870,Come Fly With Me,Frank Sinatra
15871,Cool With You,Jennifer Love Hewitt
15872,Waiting For Superman,Daughtry
15873,Neon Lights,Demi Lovato
15874,Hold On We're Going Home,Drake
15875,3000 Miles,Emblem3
15876,Everything,Lifehouse
15877,Fall For You,Shanice
15878,Finally Found You,Enrique Iglesias Feat.Sammy Adams
15880,From The Candy Store To The Chapel,Tony Bennet
15881,Girl Of My Dreams,Jerry Vale
15884,I Love You,Morris Albert
15885,I Wanna Know,Joe
15886,I Want To Give,Perry Como
15887,I Will Wait For You,Jack Jones
15888,I'll Be Seeing You,Frank Sinatra
15891,If I Was The One,Ruff Endz
15892,If You Ever Leave Me,Jack Jones
15893,It Was Almost Like A Song,Ronnie Milsap
15894,Crooked Smile,J. Cole ft TLC
15895,Holy Grail,Jay Z
15897,All That Matters,Justin Bieber
15898,Meet Me Halfway,Kenny Loggins
15900,Adore You,Miley Cyrus
15901,My Side Of Town,Lutricia Mcneal
15905,Say It,Voices Of Theory
15906,Shake Your Groove Thing,Peaches & Herbs
15908,The Last Time,Taylor Swift ft Gary Lightbody
15909,Today I Started Lovin' You Again,Willie Nelson
15911,Changing Of Seasons,Two Door Cinema
15914,What A Difference A Day Made,Tony Bennett
15915,You're A Part Of Me,Kim Carnes & Gene Cotton
15916,Stay The Night,Zedd ft Hayley Williams
15918,Say Something,A Great Big World & Christina Aguilera
15919,Autumn In New York,Frank Sinatra
15920,Begin The Beguine,Frank Sinatra
15921,Moonlight Bay,Bing & Gary Crosby
15924,Love Me For Me,Cher Llyod
15925,With Ur Love,Cher Llyod
15926,Human,Christina Perri
15927,Your Eyes,Cook Da Brooks
15928,Heart Attack,Demi Lovato
15929,Let It Go,Demi Lovato
15930,How Long Will I Love You,Ellie Goulding
15931,The Monster,Eminem ft. Rihanna
15932,Defying Gravity,Glee Cast
15933,Gloria,Laura Branigan
15934,How Do I Breathe,Mario
15935,I Can't Believe My Eyes,Air Supply
15936,Always,Frank Sinatra
15937,Bleeding Out,Imagine Dragons
15939,Be My Number Two,Joe Jackson
15940,Who You Love,John Mayer ft Katy Perry
15941,Do What You Want,Lady Gaga ft Christina Aguilera
15942,Gloria,Laura Branigan
15943,London By Night,Frank Sinatra
15944,Look To Your Heart,Frank Sinatra
15945,May Each Day,Andy Williams
15946,Moonlight In Vermont,Frank Sinatra
15947,My Love For You,Johnny Mathis
15948,One Day,Matt Monroe
15949,Save Me,Remy Zero
15951,Changes,Save Me Hollywood
15952,Scarlet Ribbons,Harry Belafonte
15953,She Wears My Ring,Ray Price
15955,Smile,Nat King Cole
15956,Some Enchanted Evening,Perry Como
15957,Someone To Watch Over Me,Frank Sinatra
15958,Somewhere My Love,Andy Williams
15959,Stay As Sweet As You Are,Nat King Cole
15960,Animal Instinct,Cranberries
15961,The Flame,Cheap Trick
15962,I'm In The Mood For Dancing,The Nolans
15963,The Party's Over,Johnny Mathis
15964,The Things We Did Last Summer,Frank Sinatra
15965,There Goes My Heart,Johnny Mathis
15966,This Love Of Mine,Frank Sinatra
15967,Till Then My Love,Matt Monroe
15968,Time After Time,Frank Sinatra
15969,To Love And Be Loved,Jack Jones
15972,What A Fool Believes,Michael McDonald
15973,Whenever You Call,Mariah Carey
15974,Where Are You,Frank Sinatra
15975,Where Love Has Gone,Jack Jones
15976,You My Love,Frank Sinatra
15977,You'll Never Find Another Love Like Mine,Michael Buble
15978,Do You Want To Build A Snow Man (Frozen OST),Kristen Bell
15979,Evidence,2AM Club
15981,Hey Brother,Avicii
15985,Perfume,Britney Spears
15986,Liquor Store Blues,Bruno Mars ft. Damian Marley
15987,Can't You See,Tiffany
15989,Over The Moon,Cher Lloyd
15990,Classic,MKTO
15992,Colour Blind,Darius
15994,Everybody's Changing,Keane
15997,The Wire,Haim
15998,One on One,Hall and Oats
16000,Heart To Heart,James Blunt
16002,Bonfire Heart,James Blunt
16003,Nobody's Perfect,Jessie J
16004,All Of Me,John Legend
16005,Confident,Justin Bieber
16008,Dark Horse,Katy Perry ft Juicy J
16009,Let Her Go,Passenger
16010,Team,Lorde
16016,Midnight Memories,One Direction
16017,Only In My Dreams,Debbie Gibson
16019,Happy,Pharell Williams
16020,Timber,Pitbull ft Kesha
16021,Pompeii,Bastille
16022,Sway,Pussycat Dolls
16023,Corrina Corrina,Ray Petersen
16025,Say It Isn't So,Gareth Gates
16029,Somewhere Only We Know,Keane
16032,Sara,Starship
16033,Bird Dog,Everly Brothers
16035,We Own The Night,The Wanted
16036,Won't Be Broken,Keane
16037,You're The One,Frank Sinatra
16038,Chocolate,The 1975
16039,100% Pure Love,Crystal Waters
16040,She Looks So Perfect,5 Seconds Of Summer
16041,Trespassing,Adam Lambert
16042,All I Really Want,Alanis Morisette
16044,Beds Are Burning,Midnight Oil
16045,Buffalo Soldier,Bob Marley & The Wailers
16047,Can't Remember To Forget You,Shakira ft Rihanna
16048,Till I Die,Chris Brown ft Big Sean & Wiz Khalifa
16049,I Can Transform Ya,Chris Brown ft Lil Wayne and Swizz Beatz
16050,Cinderella,Stage Crew
16052,Clown,Emeli Sand
16054,Without You,David Guetta ft. Usher
16055,Didn't We,Matt Monroe
16056,Dio Como Ti Amo,Jack Jones
16058,Ehu Girl,Kalohe Kai
16061,Feels Like Heaven,Fiction Factory
16062,First Time,Robin Beck
16064,Get Lucky,Daft Punk ft Pharell Williams
16065,If I Could Change Your Mind,Haim
16067,I Love You This Big,Scotty Mcreery
16070,Your Man,Josh Turner
16075,Love Story (Where Do I Begin),Andy Williams
16076,Love Me Again,John Newman
16077,U Can't Touch This,MC Hammer
16078,If You Leave,OMD
16081,Rather Be,Clean Bandit ft Jess Glynne
16082,Love Rollercoaster,Red Hot Chili Peppers
16085,Sandra,Barry Manilow
16086,She,Jack Jones
16087,Smile,Uncle Kracker
16091,The Twelfth Of Never,Johnny Mathis
16092,Wild Heart,The Vamps
16094,Wait For You,Elliot Yamin
16095,Wandering,James Taylor
16096,XO,Beyonce
16097,You Don't Bring Me Flowers,Neil Diamonds and Barbra Streisand
16098,Man Of The Year,School Boy Q
16099,Mmm Yeah,Austin Mahone ft Pitbull
16100,Na Na,Trey Songz
16101,Alive,Pearl Jam
16102,Show Me,Kid Ink ft Chris Brown
16103,Lick It,20 Fingers ft. Roula
16104,Sweater Weather,The Neighbourhood
16105,White Walls,Macklemore & Ryan Lewis
16106,My Nigga,"YG ft Jeezy, Rich Homie Quan"
16107,Love Song,311
16108,Best Day Of My Life,American Authors
16109,Drink A Beer,Luke Bryan
16110,23,Mike Will Made It ft. Miley Cyrus
16111,Whatever She's Got,David Nail
16112,Safe And Sound,Capital Cities
16118,Magic,Coldplay
16119,Dream Away,Frank Sinatra
16123,Frozen Medley,Frozen OST
16127,How Do I Deal,Jennifer Love Hewitt
16128,I Still Believe In You,David Pomeranz
16130,In A Rush,Blackstreet
16131,Walking On Sunshine,Katrina & The Waves
16132,Birthday,Katy Perry
16133,Hiding Inside Myself,Kenny Rankin
16134,G.U.Y.,Lady Gaga
16135,Lost In Your Love,Redlight
16136,Love,Jim Photoglo
16141,You and I,One Direction
16142,Our Song,Jack Jones
16146,Russian Radio,Red Flag
16150,Settle Down,The 1975
16151,Anna(Go To Him),The Beatles
16152,The Walls Of The World,Katie Melua
16153,This Is Love (Radio Edit),Will I Am ft Eva Simons
16158,They Don't Know,Rico Love
16159,Drunk In Love,Beyonce ft. Jay Z
16160,The Man,Aloe Blacc
16161,This Is How We Roll,Florida Georgia Line ft Luke Bryan
16162,Love Is An Open Door (Frozen OST),Frozen
16163,Rewind,Rascal Flatts
16164,Get Me Some Of That,Thomas Rett
16165,Doin' What She Likes,Blake Shelton
16166,Wild Wild Love,Pitbull ft. GRL
16167,Me And My Broken Heart,Rixton
16168,Goodnight Kiss,Randy Houser
16169,Beat Of The Music,Brett Eldredge
16170,Sleeping With A Friend,Neon Trees
16171,Red Lights,Tiesto
16172,In Summer (Frozen OST),Frozen OST
16173,John Doe,B.o.B ft. Pricilla
16174,Empire,Shakira
16175,Slow Me Down,Sarah Evans
16177,New Days,Asher Lane
16178,Hello Kitty,Avril Lavign
16180,Bewitched,Frank Sinatra
16181,By The Time I Get To Phoenix,Frank Sinatra
16182,Don't Take Your Love From Me,Frank Sinatra
16183,Dream Of Me,Kirsten Dunst
16184,Embraceable You,Frank Sinatra
16185,First True Love,Kolohe Kai
16186,Fools Rush In,Frank Sinatra
16187,Here's That Rainy Day,Frank Sinatra
16189,I'm A Fool To Want You,Frank Sinatra
16193,It Was A Very Good Year,Frank Sinatra
16195,Just In Time,Frank Sinatra
16196,Not A Bad Thing,Justine Timberlake
16197,Sex On Fire,Kings Of Leon
16200,I. O. U.,Lee Greenwood
16204,Stand By Me,Oasis
16205,Perfect Combination,Stacy Lattisaw & Johnny Gill
16206,Real,Plumb
16210,Stay With Me,Sam Smith
16213,Girls,The 1975
16214,Monsters,Timeflies ft. Katie Sky
16215,To Love Somebody,Michael Bolton
16216,Good Kisser,Usher
16217,You And Me,Frank Sinatra
16218,Invisible,Hunter Hayes
16219,Don't You Worry Child,Swedish House Mafia ft John Martin
16220,Bottoms Up,Brantley Gilbert
16221,Summer,Calvin Harris
16222,Don't Stop,5 Seconds Of Summer
16223,Oceans (Where Feet May Fail),Hillsong United
16224,Girls Chase Boys,Ingrid Michealson
16225,A Sky Full Of Stars,Coldplay
16226,Addicted To You (Radio Edit),Avicii
16227,Air Balloon,Lily Allen
16229,Problem,Ariana Grande ft Iggy Azalea
16231,Bartender,Lady Antebellum
16233,Budapest,George Ezra
16234,Chillin' It,Cole Swindell
16237,Sing,Ed Sheeran
16238,Thinking Out Loud,Ed Sheeran
16240,Half A Heart,One Direction
16241,Fancy,Iggy Azalea ft. Charli XCX
16243,In The Basement,Martina McBride ft Kelly Clarkson
16245,Wiggle,Jason Derulo ft. Snoop Dogg
16246,Jolene,Miley Cyrus
16247,How Could I Not Love You,Joy Enriquez
16248,Cop Car,Keith Urban
16251,Last Chance,Allure
16252,Love Runs Out,One Republic
16253,Love Never Felt So Good,Michael Jackson and Justin Timberlake
16254,Money On My Mind,Sam Smith
16257,Pretend,Nat King Cole
16258,Only Love Can Hurt Like This,Paloma Faith
16259,Heart's On Fire,Passenger
16260,Raging Fire,Phillips Phillips
16264,Vida,Ricky Martin
16265,I Will Never Let You Down,Rita Ora
16267,Happier This Way,Save Me Hollywood
16269,Dare (La La La),Shakira
16273,What Might Have Been,Lou Pardini
16274,With Every Breath I Take,Frank Sinatra
16275,Young Girls,Bruno Mars
16276,Pressure,Youngblood Hawke
16279,The Way You Make Me Feel,Michael Jackson
16280,On A Night Like This,Kylie Minogue
16281,Good Life,One Republic
16282,Stereo,Gym Class Heroes ft Adam Levine
16283,Arms,Christina Perri
16284,Anything Could Happen,Ellie Goulding
16285,Tennis Court,Lorde
16286,Somebody To You,The Vamps ft Demi Lovato
16289,Like A Stone,Audioslave
16291,Girl,Beyonce
16293,Catch Me,Demi Lovato
16294,End Up Here,Cher Llyod
16295,Loyal,Chris Brown
16296,Try,Colbie Caillat
16297,Our House,"Crosby, Stills, Nash & Young"
16302,Nobody Home,Heart
16303,Hello Beautiful,Jonas Brothers
16305,Hold On,Jonas Brothers
16309,Coward Of The County,Kenny Rogers
16311,Rude,Magic
16312,Maps,Maroon 5
16313,Beautiful Goodbye,Maroon 5
16315,Lalala,Naughty Boy ft Sam Smith
16317,Galaxies,Owl City
16319,Daydreaming,Paramore
16320,My Hero,Paramore
16321,Animal,Pearl Jam
16322,Evenflow,Pearl Jam
16326,All That I Bleed,Savatage
16329,No Promises,Shayne Ward
16330,When Will My Life Begin,Mandy Moore
16331,Semi Charmed Life,Third Eye Blind
16333,That's Just The Way It Is,2Pac
16335,Caught Up,Usher
16336,Wasted On The Way,CSNY
16337,We Might Be Dead Tomorrow,SOKO
16338,The Saltwater Room,Owl City
16339,Bang Bang,Jessie J Ariana Grande & Nicki Minja
16340,Shower,Becky G
16341,Don't Tell 'Em,Jeremih feat.YG
16342,Believe Me,Lil Wayne ft. Drake
16343,Stay High,Tove Lo ft. Hippie Sabotage
16344,Va Va Voom,Nicki Minaj
16345,No Mediocre,T.I. Feat.Iggy Azalea
16346,Come Get It Bae,Pharrell Williams
16347,Amnesia,5 Seconds Of Summer
16348,We Dem Boyz,Wiz Khalifa
16350,Breachin',Jake Owen
16351,Riptide,Vans Joy
16352,Hideaway,Kiesza
16353,Who I Am With You,Chris Young
16354,Chasing The Sun,Hillary Duff
16355,New Flame,Chris Brown ft. Usher & Rick Ross
16356,Ready Set Roll,Chase Rice
16357,Stolen Dance,Milky Chance
16358,No Flex Zone,Rae Sremmurd
16360,Put Your Hearts Up,Ariana Grande
16362,Somewhere,Barbra Streisand
16363,Girl,Beyonce
16364,Something's Got a Hold On Me,Christina Aguilera
16365,So Far So Great,Demi Lovato
16366,Warrior,Demi Lovato
16367,Angels Or Devils,Dishwalla
16370,Into The Blue,Kylie Minogue
16371,"It's Alright, It's Ok",Ashley Tisdale
16372,Faith,Jordin Sparks
16373,Pulses,Karmin
16374,This Is How We Do,Katy Perry
16376,You're Mine,Mariah Carey
16377,Secrets,Mary Lambert
16378,All About That Bass,Meghan Trainor
16379,Butterfly Fly Away,Miley Cyrus
16380,More,Usher
16381,Naturally,Selena & The Scene
16383,I'm Not The Only One,Sam Smith
16384,Breathe Again,Sara Bareilles
16385,Stuttering,Jessica Sanchez
16386,Sweet Dreams,Jessica Sanchez
16387,To The Sky,Owl City
16388,Chandelier,Sia
16389,Day Drinking,Little Big Town
16390,Boom Clap,Charli XCX
16391,Black Widow,Iggy Azalea ft Rita Ora
16392,Dirt,Florida Georgia Line
16393,American Kids,Kenny Chesney
16394,Drunk On A Plane,Dierks Bentley
16395,Really Don't Care,Demi Lovato ft Cher Lloyd
16396,I Don't Dance,Lee Brice
16397,It Was Always You,Maroon 5
16398,Something Bad,Miranda Lambert
16399,Yeah,Joe Nichols
16400,Or Nah,Ty Dolla Sign ft. Wiz Khalifa & Dj Mustard
16402,Where Its At,Dustin Lynch
16403,0 To 100 The Catch Up,Drake
16404,Roller Coaster,Luke Bryan
16405,Girl in a Country Song,Maddie and Tae
16406,Hope You Get Lonely Tonight,Cole Swindell
16407,3005,Childish Gambino
16408,Cut Her Off,KCamp ft. 2 Chainz
16409,Sunshine & Whiskey,Frankie Ballard
16410,Fight Night,90 Migos
16411,My Eyes,Blake Shelton
16412,Hot Nigga,Bobby Shmurda
16414,Shadow,Austin Mahone
16417,Break Free,Ariana Grande Feat. Zedd
16418,Far Behind,Candlebox
16419,You Got Me,Colbie Caillat
16422,Every Little Thing,Dishwalla
16423,Don't,Ed Sheeran
16437,Am I Wrong,Nico & Vinz
16439,Vanilla Twilight,Owl City
16442,Crash n Burn,Savage Garden
16443,Superheroes,The Script
16444,Shake It Off,Taylor Swift
16445,Today Was A Fairytale,Taylor Swift
16446,Meanwhile Back At Mama's,Tim McGraw ft Faith Hill
16447,White Houses,Vanessa Carlton
16448,Burnin' It Down,Jason Aldean
16449,Studio,Schoolboy Q (Ft BJ The Chicago Kid)
16451,Leave The Night On,Sam Hunt
16452,River Bank,Brad Paisley
16453,Lifestyle,Rich Gang ft Young Thug & Rich Homie Quan
16454,Trumpets,Jason Derulo
16455,Foreign,Trey Songz
16456,Man In The Box,Alice In Chains
16457,Our Love (Don't Throw It All Away),Andy Gibb
16458,Ring My Bell,Anita Ward
16459,Time Alone With You,Bad English
16460,Ready To Take A Chance Again,Barry Manilow
16461,This One's For You,Barry Manilow
16462,Never Gonna Say Goodbye,Billy Preston
16463,Rico Mambo,Breakfast Club
16464,When You Love Someone,Bryan Adams
16467,Can't Stop Loving You Now,Matthew Fisher
16468,If You Remeber Me,Chris Thompson
16469,I Love You,Climax Blues Band
16470,If You Ever Change Your Mind,Crystal Gayle
16471,You Never Gave Up On Me,Crystal Gayle
16472,Distance,Christina Perri ft Jason Mraz
16473,Broken Hearted Me,England Dan & John Ford Coley
16475,You Are The Love Of My Life,George Benson ft Roberta Flack
16476,Just For You,Gwen Guthrie
16480,Barenaked,Jennifer Love Hewitt
16481,Turn Back The Clock,Johnny Hates Jazz
16483,Losing The Love,Joy Enriquez
16484,The Gambler,Kenny Rogers
16489,Music & Me,Michael Jackson
16490,Secret Valentine,We The Kings
16492,Never Gonna Say Goodbye,Billy Preston
16493,When Can I See You Again (From Wreck It Ralph),Owl City
16494,Last Hope,Paramore
16497,So Much In Love With You,Sheena Easton
16499,I'll Always Love You,Taylor Dayne
16500,Sweeter Than Fiction,Taylor Swift
16501,Seasons In The Sun,Terry Jacks
16502,HeartBeat,The Fray
16503,1979,The Smashing Pumpkins
16505,Here In My Heart,Tiffany
16506,2 On,Tinashe ft Schoolboy Q
16508,3 Things,Jason Mraz
16509,Good Girls,5 Seconds Of Summer
16510,Lost Stars,Adam Levine
16511,Love Me Harder,Ariana Grande & The Weeknd
16512,Baby It's Cold Outside,Michael Buble & Idina Menzel
16513,Autumn Of My Life,Bobby Goldsboro
16515,Can't Stop Thinking About You,Stacy Lattisaw
16516,See You Again,Carrie Underwood
16517,Good Girls Go Bad,Cobra Starship
16518,Money Changes Everything,Cyndi Lauper
16519,Rhythm Of The Night,DeBarge
16521,Counting Blue Cars,Dishwalla
16522,Halik Sa Hangin,Ebe Dancel Feat. Abra
16523,Someone,El Debarge
16525,Zoom,Fat Lary's Band
16529,Lonely Won't Leave Me Alone,Glenn Medeiross
16530,I Can't Make Up My Mind,The Zombies
16531,I Like Dreamin',Kenny Nolan
16532,I Will Still Love You,Stonebolt
16536,Lie A Little Better,Lucy Hale
16538,Uptown Funk,Mark Ronson ft Bruno Mars
16539,Close Your Eyes,Meghan Trainor
16540,The Lady Wants To Know,Michael Franks
16543,With You All The Way,New Edition
16544,Night Changes,One Direction
16545,Steal My Girl,One Direction
16546,Only Love Can Break Your Heart,Neil Young
16547,Patiently,Journey
16548,I Go Crazy,Paul Davis
16549,When It Was Me,Paula DeAnda
16550,Please Don't Fall In Love,Cliff Richard
16552,Leave Your Lover,Sam Smith
16553,Reminds Me Of You,Sam Smith
16555,The Heart Wants What it Wants,Selena Gomez
16556,She Knows Me,Bryan Adams
16557,Something Blue,Neil Diamond
16559,Somewhere Somehow,Michael Smith And Amy Grant
16560,Never Knew Love Like This Before,Sonia
16561,Creep,Stone Temple Pilots
16563,Blank Space,Taylor Swift
16564,I'll Be True To You,The Monkees
16565,Bullet With Butterfly Wings,The Smashing Pumpkins
16566,Oh Cecilia,The Vamps
16567,Wrapped Up,Olly Murs ft Travie McCoy
16568,I Wish That I Was Making Love To You Tonight,Allesi Brothers
16569,Crazy,Andrew Garcia
16570,Best I Ever Had,Vertical Horizon
16571,Ave Maria,Beyonce
16572,Broken,Seether & Amy Lee from Evanescence
16573,Forgiveness,Collective Soul
16575,Deep,Binocular
16576,Sylvia's Mother,Dr. Hook
16577,Centuries,Fall Out Boy
16582,Ink,Coldplay
16587,Evening Star,Kenny Rogers
16589,Between The Raindrops,Lifehouse ft Natasha Bedingfield
16590,Pure,Lightning Seeds
16592,Open Your Heart,Madonna
16593,Lips Are Movin',Meghan Trainor
16594,Tiger In The Rain,Michael Franks
16596,Midnight Blue,Melissa Manchester
16598,Outside,Calvin Harris ft Ellie Goulding
16599,Hate To See Your Heartbreak,Paramore ft Joy Williams
16600,Part Of Me Part Of You,England Dan And John Ford Coley
16601,Postcards,James Blunt
16602,One Sided Love Affair,Ray Parker
16603,Real Love,Clean Bandit & Jess Glynne
16609,So Far Away,Staind
16610,Heart Of The Matter,Don Henley
16611,The Days,Avicii ft Robbie Williams
16612,These Days,Take That
16615,Wait For Me Baby,John Smith  & The New Sound
16617,Where Do Broken Hearts Go,One Direction
16618,I Don't Fuck With You,Big Sean
16619,Coco,O.T.Genasis
16620,I Don't Mind,Usher ft Juicy J
16626,"Don't Say Goodbye, Say Goodnight",Binocular
16627,Jean,Bobby Goldsboro
16632,Could We,Gary and Za Zsa
16640,Just Don't Wanna Be Lonely,Blue Magic
16641,Evening Star,Kenny Rogers
16643,Like I Can,Sam Smith
16644,Open Your Heart,Madonna
16645,Sugar,Maroon 5
16646,Dear Future Husband,Meghan Trainor
16647,Midnight Blue,Melissa Manchester
16653,Regrets,Kenny Rankin
16657,Without Your Love,Roger Daltrey
16663,That's What Love Is For,Amy Grant
16665,Jukebox,The Flirts
16666,Summertime,The Sundays
16668,Bringing Home the Ashes,The Wild Swans
16675,We No Speak Americano,Yolanda Be Cool & DCUP
16677,You're In My Heart,Rod Stewart
16680,Syndicate,The Fray
16681,Take Me To Church,Hozier
16682,Somedays,Audioslave
16683,Disclosure,Latch ft Sam Smith
16684,Only,"Nicki Minaj ft. Drake, Lil Wayne & Chris Brown"
16685,Tuesday,I Love Makonnen ft Drake
16686,No Type,Rae Sremmurd
16687,Waves,Mr. Probs
16688,Beg For It,Iggy Azalea
16689,Heroes (We Could Be),Alesso
16690,Something in the Water,Carrie Underwood
16691,L.A. Love,Fergie Ferguson
16692,Sledgehammer,Fifth Harmony
16693,Cool Kids,Echosmith
16698,Blame,Calvin Harris ft John Newman
16699,Blind,Lifehouse
16704,Love Me Like You Do,Ellie Goulding
16707,I Believe In You,Joe
16708,I Crave,Marc Dorsey
16709,If It's Love,Train
16713,Burnin Up,Jessie J ft 2 Chainz
16714,Masterpiece,Jessie J
16718,Let Your Hair Down,Magic
16720,Somebody,Natalie La Rose ft. Jeremih
16723,Pressure,Paramore
16729,Geronimo,Sheppard
16730,Elastic Heart,Sia
16735,Talking Body,Tove Lo
16740,Sound Of A Gun,Audioslave
16741,Centerfold,Pink
16742,Walk This Way,Aerosmith ft Run DMC
16743,Something's Gotta Give,All Time Low
16744,Another Used To Be,Joe
16745,Hopeful,Bars and Melody
16746,Being Drunks A Lot Like Loving You,Kenny Chesny
16747,She's Not Cryin' Anymore,Billy Ray Cyrus
16748,Pour Some Sugar On Me,Def Leppard
16749,Bootylicious,Destiny's Child
16750,For Your Love,Peaches And Herb
16751,Gonna B Good,Keith Urban
16752,Good Kid,Kendrick Lamar
16753,Yesterdays,Guns N' Roses
16756,Here Comes The Weekend,Pink ft Eminem
16757,I Feel A Sin Comin' On,Pistol Annies
16758,If I Lose My Woman,Kenny Lattimore
16763,Can't Find The Words,Karina Pasian
16764,The Way You Love Me,Karyn White
16765,Fingerprints,Katy Perry
16766,Pickin Wild Flowers,Keith Anderson
16767,100 Proof,Kellie Pickler
16769,Let Me Down,Kelly Clarkson
16770,Loose Wires,Kenna
16772,Love Always Finds A Reason,Glen Medeiros and Elsa Lunghini
16773,Love Always Finds A Way,Peabo Bryson
16774,Living For Love,Madonna
16775,Make You Sweat,Keith Sweat
16777,Impossible,Marlisa Punzalan
16778,She Makes Me Feel,Matthew Fisher
16779,No Diggity,Blackstreet ft Dr. Dre Queen Pen
16780,Up,Olly Murs ft Demi Lovato
16782,Red Red Wine,UB40
16783,Four Five Seconds,Rihanna And Kanye West
16784,Rock Lobster,The B-52's
16785,Shoop,Salt N Pepa
16786,Whatta Man,Salt N Peppa
16787,Let's Talk About Sex,Salt N Pepa
16788,Separated,Usher
16790,Stay Stay Stay,Taylor Swift
16791,Sunshine Babies,Justine Moore
16794,Risk It All,The Vamps
16798,Warrior,Kesha
16799,When Will I See You Again,Three Degrees
16805,Redemption Song,Bob Marley
16806,Drown,Bring Me The Horizon
16807,I Really Like You,Carly Rae Jepsen
16808,The Words,Christina Perri
16809,Close Your Eyes,Parmalee
16810,When A Blind Man Cries,Deep Purple
16811,Nightingale,Demi Lovato
16813,Bright,Echosmith
16814,Bloodstream,Ed Sheeran
16815,Worth It,Fifth Harmony ft Kid Ink
16816,Indifference,Fra Lippo Lippi
16823,Hippy Hippy Shakes,Swinging Blue Jeans
16824,All About It,Hoodie Allen ft. Ed Sheeran
16825,I Don't Believe In Miracles,America
16826,I Love You,Nine Days
16827,I Miss You,Incubus
16828,Trouble,Iggy Azalea ft Jennifer Hudson
16829,Shots,Imagine Dragons
16830,Irresistible,Fall Out Boy
16831,Hold Back The River,James Bay
16832,King,Years and Years
16833,Mad World,Gary Jules
16836,Nothing Without Love,Nate Ruess
16837,Avalanche,Nick Jonas
16838,Fire And Ice,Pat Benatar
16839,Photograph,Ed Sheeran
16844,Lay Me Down,Sam Smith
16845,Seasons,Olly Murs
16848,Some Broken Hearts Never Mends,Don Williams
16849,Song For Someone,U2
16851,Take Your Time,Sam Hunt
16853,Style,Taylor Swift
16855,He's So Shy,The Pointer Sisters
16857,What I Like About You,5 Seconds of Summer
16858,See You Again,Wiz Khalifa ft Charlie Puth
16860,Invisible Man,98 Degrees
16861,Ghost Town,Adam Lambert
16863,One Last Time,Ariana Grande
16865,Diva,Beyonce
16866,Love Of My Life,Brian McKnight
16867,Pray To God,Calvin Harris ft Haim
16869,Marvin Gaye,Charlie Puth ft Meghan Trainor
16870,Ayo,Chris Brown ft Tyga
16873,The Space Between,Dave Matthews Band
16874,Earned It,Fifty Shades Of Grey
16876,Everybody Loves a Clown,Gary Lewis And The Playboys
16877,London Bridge,Fergie
16878,GDFR,Flo Rida Sage The Gemini & Lookas
16882,Heartbeat Song,Kelly Clarkson
16884,Sweat,Inner Circle
16887,1973,James Blunt
16889,Want To Want Me,Jason Derulo
16890,Walk It Out,Jennifer Hudson ft Timbaland
16894,Loneliness,Laura Pausini
16898,Can't Take That Away,Mariah Carey
16900,Don't Look Down,Martin Garrix ft Usher
16902,Lady (Hear Me Tonight),Modjo
16903,Anaconda,Nicki Minaj
16905,Time Of Our Lives,Pitbull ft. Ne-Yo
16910,Big Girls Cry,Sia
16912,I Blame Myself,Sky Ferreira
16913,A Perfectly Good Heart,Taylor Swift
16914,Bad Blood,Taylor Swift ft Kendrick Lamar
16915,Man On A Wire,The Script
16917,And I Love You,Toni Braxton
16918,Willing To Forgive,Aretha Franklin
16919,Go Hard Or Go Home,Wiz Khalifa ft Iggy Azalea
16920,Walk Out To Winter,Aztec Camera
16921,Deja Vu,Beyonce ft. Jay-Z
16922,Architecture 101,Braiden Wood
16923,Twerk It Like Miley,Brandon Beal
16924,Pretty Girls,"Britney Spears, Iggy Azalea"
16925,I Don't Want To Live Without Your Love,Chicago
16927,Stolen,Dashboard Confessional
16930,Flashlight,Ellie Goulding
16931,Lonely Road,Everlast
16932,First Love Never Dies,Jerry Fuller
16933,I Don't Want To Live Without You,Foreigner
16935,Born To Love You,George Duke
16936,Sparks,Hilary Duff
16937,Dazed & Confused,Jake Miller ft Travis McCoy
16939,Flashlight,Jessie J.
16941,Artpop,Lady Gaga
16942,Let's Make A Memory,Rex Smith
16943,Black Magic,Little Mix
16945,Ghosttown,Madonna
16947,Infinity,Mariah Carey
16954,The Night Is Still Young,Nicki Minaj
16955,I Won't Let You Down,OK GO
16956,One Day,Matisyahu
16958,Overjoyed,Stevie Wonder
16961,Room 21,Hinder
16963,Your Call,Secondhand Serenade
16964,Shout,Ross Copperman
16965,Shut Up And Dance,Walk The Moon
16966,Watch Me (Whip/Nae Nae),Silento
16967,Southern Girl,Tim McGraw
16968,Speechless,City Boy
16970,The Lucky One,Taylor Swift
16971,Younger Yesterday,The Meadows
16972,This Time I Know It's Real,Norman Saleet
16974,You're My World,Tom Jones
16975,Tear in my Heart,Twenty One Pilots
16977,Whiskey Lullaby,Brad Paisley and Alison Krauss
16978,Wishing It Was You,Connie Francis
16979,You Never Give Me Your Money,The Beatles
16980,628,Europe
16982,Alter Bridge,Metalingus
16983,"Golden Slumbers, CarryThat Weight, The End",The Beatles
16984,Everyday,Buddy Holly
16988,Ten To Eight,David Castle
16990,The Next Episode,Dr. Dre ft. Snoop Doog and Nate Dogg
16994,Words,F.R. David
16997,I'll Still Be Loving You,Restless Heart
16999,I Have To Say I Love You In A Song,Jim Croce
17004,Spanish Eddie,Laura Branigan
17005,Like I'm Gonna Lose You,Meghan Trainor ft John Legend
17006,Live Without Your Love,Windjammer
17008,Bitch I'm Madonna,Madonna ft Nikki Minaj
17009,Born Free,Matt  Monroe
17012,I Won't Last A Day Without You,Paul Williams
17018,Ignition,R. Kelly
17020,Good Thing,Sage The Gemini ft Nick Jonas
17021,Good For You,Selena Gomez
17022,Stitches,Shawn Mendes
17023,Shine,The Skies Of America
17026,Our Song,Taylor Swift
17027,A Place In This World,Taylor Swift
17028,Tell Me That You Love Me,Terri Gibbs
17029,Your Mother Should Know,The Beatles
17032,Nobody Love,Tori Kelly
17034,You Got It Bad,Usher
17036,Where Are U Now,Skrillex and Diplo with Justin Bieber
17037,You're Still My Man,Whitney Houston
17041,Cheerleader (Felix Jaehn Remix),OMI
17042,One Man Can Change The World,Big Sean Ft. Kanye West & John Legend
17043,Girl Crush,Little Big Town
17045,After All,Al Jarreau
17046,Right Before Your Eyes,America
17048,Run Away With Me,Carly Rae Jepsen
17050,Cool For The Summer,Demi Lovato
17054,Love Grows Where Rosemary Goes,Edison Lighthouse
17055,I Will,Ben Taylor
17056,You've Got A Friend,James Taylor
17060,Hearts Never Lie,Tiffany
17061,Here Comes The Rain,A1
17062,If I Was Your Man,Joe
17063,In My Life,Patti Austin
17064,B.S.U.R.(S.U.C.S.I.M.I.M),James Taylor
17065,Fire It Up,Joe Cocker
17071,Only God Knows Why,Kid Rock
17072,Find Me,Laura Branigan
17074,Love Makes Things Happen,Pebbles
17075,If I'm Wrong,Lunar Lights
17076,Mercy,One Republic
17077,I Learned From You,Miley Cyrus
17078,Miss You Like Crazy,Natalie Cole
17079,More Than A Feeling,Boston
17080,Kiss Me Quick,Nathan Sykes
17081,Secret,OMD
17082,Out Of The Blue,Debbie Gibson
17089,She'll Be Breaking Hearts,Zac Poor
17090,If You Don't Know Me By Now,Simply Red
17091,Bloodstream,Stateless
17094,A Place In This World,Taylor Swift
17095,Hurt,Timi Yuro
17098,When I Dream,Vic Damone
17099,When Love Is Gone,Jim Photoglo
17101,Dessert,Dawin
17102,Can't Feel My Face,The Weeknd
17103,Classic Man,Jidenna ft. Roman GianArthur
17104,Flex,Rich Homie Quan
17105,You Know You Like It,DJ Snake
17106,Nasty Freestyle,T-Wayne
17107,Slow Motion,Trey Songz
17108,R.I.C.O.,Meek Mill ft Drake
17109,Yoga,Janelle Monae & Jidenna
17111,Animals,Maroon 5
17114,Be Real,Kid Ink ft Dej Loaf
17115,One Hell Of An Amen,Brantley Gilbert
17116,Cheyenne,Jason Derulo
17117,If We Try,Don Mclean
17118,One Hell Of A Night,Dustin Lynch
17120,How You Gonna See Me Now,Alice Cooper
17121,Roads,Lawson
17122,Name,Goo Goo Dolls
17123,Uma Thurman,Fall Out Boy
17125,My Way,Fetty Wap
17126,Love Myself,Hailee Steinfeld
17127,Stellar,Incubus
17129,Don't Say Goodnight,Jim Photoglo
17131,What Do You Mean,Justin Bieber
17132,Invincible,Kelly Clarkson
17133,Love Me Like You Mean It,Kelsea Ballerini
17134,The Power Of Love,Laura Brannigan
17135,Reason To Believe,Lobo
17136,Love Me Somebody,Bad Company
17137,Kick The Dust Up,Luke Bryan
17138,This Summer's Gonna Hurt,Maroon 5
17141,Levels,Nick Jonas
17142,Drag Me Down,One Direction
17143,Stockholm Syndrome,One Direction
17145,Beautiful Now,Zedd ft. Jon Bellion
17147,Life Goes On,LeAnn Rimes
17148,New Thang,Redfoo
17149,Rumors,Jake Miller
17150,Shine,Years & Years
17151,Wildest Dreams,Taylor Swift
17152,That's The Way I Love You,Taylor Swift
17153,Hanggang Wala Nang Bukas,Ebe Dancel
17156,Carry You Home,Zara Larsson
17158,Sing For You,Tracy Chapman
17159,Wake Up,Coheed And Cambria
17160,Song About A Girl,Eric Paslay
17161,Lean On,Major Lazer DJ Snake ft Mø
17163,Locked Away,R. City ft Adam Levine
17164,Booty Call,All Saints
17167,Baby I,Arianna Grande
17169,Baby Come Home To Me,Patti Austin and James Ingram
17171,Heaven Is A Place On Earth,Belinda Carlisle
17172,Best Love Song,T-Pain ft Chris Brown
17173,Better Off Now (That You're Gone),Lady Antebellum
17175,Could It Be I'm Falling In Love,Boyz II Men
17176,Break On Through (The Other Side),The Doors
17177,Again,Bruno Mars
17179,Chains,Nick Jonas
17180,I've Been In Love Before,Cutting Crew
17183,Fall For Your Type,Drake
17184,Hotline Bling,Drake
17185,One Last Memory,Impact
17186,679,Fetty Wap ft Remy Boyz
17187,I Don't Like It I Love It,Flo Rida ft. Robin Thicke and Verdine White
17188,It Hurts To Be Love,Gino Vannelli
17190,Here Is Gone,Goo Goo Dolls
17191,Roots,Imagine Dragons
17194,For The First Time,John Legend
17197,Fallin' Out,Keyshia Cole
17198,Ballerina Girl,Lionel Richie
17199,Downtown,Macklemore & Ryan Lewis
17201,Back To Good,Matchbox 20
17202,Coconut Tree,Mohombi ft Nicole Scherzinger
17203,Absolutely (Story Of A Girl),Nine Days
17205,Back For You,One Direction
17207,Do It Again,Pia Mia ft Chris Brown
17208,God Is A DJ,PINK
17209,"1, 2, 3, 4",Plain White T's
17210,Tonight Looks Good On You,Jason Aldean
17213,That's The Way I Love You,Taylor Swift
17215,Like A Wrecking Ball,Eric Church
17218,Damaged,TLC
17219,Should've Been Us,Tori Kelly
17220,Foolin' Around,Usher
17228,Hello,Adele
17229,Ain't Nobody,Chaka Khan
17230,All I Want Is You,Justin Bieber
17231,Always,James Ingram
17232,"Honey, I'm Good",Andy Grammer
17233,Around The World,Red Hot Chili Peppers
17234,Be Alright,Justin Bieber
17235,Beautiful,Carly Rae Jepsen ft Justin Bieber
17236,Booty,Jennifer Lopez ft Iggy Azalea
17237,All She Knows,Bruno Mars
17240,Cruising For Bruising,Basia
17241,Dance The Night Away,Van Halen
17242,Hide Away,Daya
17243,Back Up,DeJ Loaf ft Big Sean
17245,I'm The Plug,Drake And Future
17246,Live From the Gutter,Drake And Future
17248,Hey Everybody,5 Seconds Of Summer
17251,Fall Down,Will.i.am ft Miley Cyrus
17252,Trap Queen,Fetty Wap
17253,Fortune Teller,Maroon 5
17256,Funky Love,Kavana
17259,Heaven,Psychedelic Furs
17260,Dancer,Iyaz
17261,Blind,Jason Derulo
17264,Express Yourself,Madonna
17266,All Eyes On You,Meek Mill ft Chris Brown & Nikki Minaj
17268,Another World,One Direction
17273,Same Old Love,Selena Gomez
17274,Apartment #9,Tammy Wynnette
17275,Sea Of Love,The Honeydrippers
17277,No Control,One Direction
17280,Wake Up,The Vamps
17281,Remedy,Adele
17282,Water Under The Bridge,Adele
17283,Focus,Ariana Grande
17284,Jumpman,Drake And Future
17285,I Don't Wanna Go To Bed,Simple Plan ft Nelly
17286,I'll Show You,Justin Bieber
17287,The Hills,The Weeknd
17288,Lay It All On Me,Rudimental ft Ed Sheeran
17289,Bet You Can't Do It Like Me,Dlow
17290,A Million Years Ago,Adele
17291,Ain't That A Lot Of Love,Simply Red
17292,Alfie,Barbra Streisand
17294,Cruel Summer,Bananarama
17295,Better,Boyzone
17296,Gonna,Blake Shelton
17297,Lose My Mind,Brett Eldredge
17298,Caught In The Middle,A1
17299,Beginnings,Chicago
17300,Choke,Red Jumpsuit Apparatus
17302,Bound To You,Christina Aguilera
17303,Let Me See Ya Girl,Cole Swindell
17304,Conspiracy,Paramore
17305,Could I Have This Dance,Anne Murray
17306,Creepin',Eric Church
17307,Breakfast At Tiffanys,Deep Blue Something
17308,Confident,Demi Lovato
17309,Back To Back,Drake
17310,Great Is Thy Faithfulness,Jordan Smith
17311,I Got The Boy,Jana Kramer
17312,Mr. Sun,Ryan Christopher
17313,Ever The Same,Rob Thomas
17315,Heart By Heart,Demi Lovato
17317,Everybody Knows,John Legend
17318,Purpose,Justin Bieber
17319,Love Me Like You,Little Mix
17320,Strip It Down,Luke Bryan
17321,Better When I'm Dancing,MeghanTrainor
17322,Girl Im Gonna Miss You,Milli Vanilli
17323,Coco Jamboo,Mr. President
17324,The Fix,Nelly ft Jeremih
17325,Home,One Direction
17326,White Iverson,Post Malone
17329,Perfect,One Direction
17330,40 Kinds Of Sadness,Ryan Cabrera
17334,Ana's Song (Open Fire),Silverchair
17336,A Song For You,Carpenters
17337,Cheater,The Vamps
17338,Ex's & Oh's,Elle King
17339,Tennessee Whiskey,Chris Stapleton
17340,Renegades,X Ambassadors
17342,When We Were Young,Adele
17344,Biggest Part Of Me,Ambrosia
17345,Around The World,Frank Sinatra
17346,Baby Be Mine,Michael Jackson
17348,Between The Lines,Chris Brown ft Kevin McCall
17349,Born To Die,Lana del Rey
17350,Bottoms Up,Trey Songz ft Nicki Minaj
17351,Boyfriend,Ashlee Simpson
17352,Brielle,Sky Sailing
17353,Smoke Break,Carrie Underwood
17354,I Wanna Sex You Up,Color Me Bad
17358,Bug A Boo,Destinys Child
17359,Diagnosed With Love,Chris Brown
17360,Don't Gamble With Love,Paul Anka
17361,Down On Me,Jeremih ft 50 Cent
17363,Erase And Rewind,The Cardigans
17364,Erase Me,Kid Cudi
17365,Every Other Time,LFO
17366,Falls Apart,Sugar Ray
17367,Follow Your Road,Pauline Wilson
17368,Gold Digger,Kanye West ft Jamie Foxx
17369,Heartbreak Lullaby(Slow Version),A Teens
17370,Sorry,Justin Bieber
17371,Comfortable,K Camp
17372,Rumors,Lindsay Lohan
17373,Title,Meghan Trainor
17374,Boom,Simple Plan
17375,Jet Lag,Simple Plan
17376,Summer Girls,LFO
17377,Song 2,Blur
17378,Immortalized,Disturbed
17379,Love Yourself,Justin Bieber
17380,Hollow,Tori Kelly
17381,10 Seconds,Jazmin Sullivan
17382,143,Bobby Brackins
17383,24/Seven,Big Time Rush
17384,0.125,Kate Nash
17385,4 In The Morning,Gwen Stefani
17386,Jet Black Heart,5 Seconds Of Summer
17387,0.221527777777778,Matt Wertz
17389,All I Ask,Adele
17391,All Of The Lights,"Kanye West ft Rihanna, Kid Cudi"
17392,Alone With You,Jake Owens
17393,Always On Time,Ja Rule
17394,Anything,3T
17395,Arapaap,Silvia Gaoiran
17396,At or With Me,Jack Johnson
17397,Awake My Soul,Mumford & Sons
17400,Better Together,Jack Johnson
17401,Big Machine,Goo Goo Dolls
17402,Bigger,Justine Bieber
17403,Bittersweet,Fantasia ft. DjLeak
17404,Black And Yellow,Wiz Khalifa
17406,Brand New Me,Alicia Keys
17407,Brick,Ben Folds Five
17408,Exchange,Bryson Tiller
17413,Candy Bling,Mariah Carey
17414,Can't Let Go,Adele
17415,Cause I Said So,Ne-Yo
17416,Champagne Life,Ne-Yo
17417,Don't Judge Me,Chris Brown
17418,Come Around,Rhett Miller
17419,Come Baby Come,K7
17420,Country Grammar,Nelly
17421,Crash Into Me,Dave Matthews
17425,Dog Days Are Over,Florence And The Machine
17426,Don't Wait,Dashboard Confessional
17427,Down,Jason Walker ft Molly Reed
17429,Electric Avenue,Eddy Grant
17430,Read All About It,Emeli Sande
17431,Everybody Get Up,Five
17432,Everyday Is A Winding Road,Sheryl Crow
17433,Extraordinary,Mandy Moore
17434,Fa-Fa-Fa-Fa-Fa (SadSong),Otis Redding
17435,Falling In Love Again,Eagle Eye Cherry
17436,Far From Home,Five Finger Death Punch
17437,Finally,Cece Peniston
17438,Fire on the Water,Chris De Burgh
17439,First Cut is the Deepest,Rod Stewart
17440,First Dance,Justin Bieber ft Usher
17441,Freeze,T-Pain ft Chris Brown
17444,Glitter In The Air,Pink
17445,"God, Country And My Baby",Johnny Burnette
17446,Goodbye's (The Saddest Word),Celine Dion
17452,Get Ugly,Jason Derulo
17454,History,One Direction
17457,Send In The Clowns,Judy Collins
17460,My Heart,Paramore
17461,Outsiders,Against The Current
17463,The Diamantina Drover,Redgum
17465,House Party,Sam Hunt
17466,I Know What You Did Last Summer,Shawn Mendes & Camila Cabello
17467,Out Of The Woods,Taylor Swift
17468,On The Outside,Taylor Swift
17470,Adventure Of A Lifetime,Coldplay
17471,Burning House,Cam
17472,"John Cougar, John Deere, John 3:16",Keith Urban
17475,Selfish Girls,Jake Miller
17476,Scar Tissue,Red Hot Chili Pepper
17477,Come Out And Play,The Offspring
17478,Boys Like You,"Who Is Fancy ft Meghan Trainor, Ariana Grande"
17479,Writings On The Wall,Sam Smith
17481,99,Toto
17482,A Little Too Much,Shawn Mendez
17483,Aint Got Far To Go,Jess Glynne
17485,All Of You,Julio Iglesias & Diana Ross
17486,Always Been You,Imajin
17487,Amen,Meek Mill ft Jeremih & Drake
17488,Good To Be Alive (Hallelujah),Andy Grammer
17489,Animals,Nickelback
17490,Anna Sun,Walk The Moon
17491,Another You,Brian McKnight
17492,Answer Me,Matt Monroe
17493,If I Have To,Avery Wilson
17494,Bang Bang Bang,Selena Gomez
17495,Been It,The Cardigans
17496,Better Me,Keyshia Cole
17497,One Call Away,Charlie Puth
17501,Dance Dance,Fall Out Boy
17503,Deathstar Diorama,April Morning Skies
17504,Desire,Gene Loves Jezebel
17505,Did You Get My Message,Jason Mraz
17506,Different Seasons,Johnny Hates Jazz
17507,Don't Be So Hard On Yourself,Jess Glyne
17508,Earth Angel,The Penguins
17509,Easy Love,Sigala
17510,All Of The Stars,Ed Sheeran
17511,All My Life,Aaron Neville & Linda Ronstadt
17512,Take Me Home,Jess Glynne
17516,I'm In love With A Monster,5Th Harmony
17517,Sax,Fleur East
17519,(Forever) Live And Die,OMD
17520,Friends And Lovers,Gloria Loring And Carl Anderson
17521,Good To Be Alive,Meghan Trainor
17522,Hands Down (Acoustic Version),Dashboard Confessionals
17523,Hangin' Tough,NKOTB
17524,Hula Hoop,OMI
17525,I Dreamed A Dream,Anne Hathaway
17526,I Was Only Joking,Rod Stewart
17527,If You Only Knew,Gil ft Moffats
17528,Backroad Song,Granger Smith
17529,Drunk On Your Love,Brett Eldredge
17530,Lay Me Down,Adele
17531,Love Really Hurts Without You,Billy Ocean
17533,Hello Love,Florence Warner
17535,Lot To Learn,Luke Christopher
17536,Over And Over Again,Nathan Skies ft Arianna Grande
17537,Reaper,Sia
17539,Marry Me,Jason Derulo
17540,Naked,Jason Derulo
17542,Just A Feeling,Maroon 5
17543,Under The Sun,Lawson
17544,Secret Love Song,Little Mix ft. Jason Derulo
17545,Lovefool,The Cardigans
17546,On My Mind,Ellie Goulding
17547,One Flight Down,Norah Jones
17548,One For Sorrow,Steps
17549,One More Try,Timmy T
17551,Here,Alessia Cara
17552,How Deep Is Your Love,Calvin harris and Disciples
17553,Right Hand,Drake
17554,Gonna Know We Were Here,Jason Aldean
17555,When Love Hurts,JoJo
17556,Roses,The Chainsmokers ft. Rozes
17557,Runnin'(Lose It All),Naughty Boy ft Beyonce and Arrow Benjamin
17560,Strange Clouds,B.o.B ft Lil Wayne
17561,Suddenly,Soraya
17562,Sugar,Robin Schulz ft Francesco Yates
17563,Sweet Lovin,Sigala ftr Bryn Christopher
17564,Tied Together With A Smile,Taylor Swift
17565,Thought Of You,Justin Bieber
17566,Loser,Beck
17572,King Of The World,Weezer
17573,Trippin,Eric Benet
17574,Stressed Out,Twenty One Pilots
17575,Slow Down Time,Us The Duo
17576,Work This Body,Walk The Moon
17577,When I Think Of You,Leiff Garrett
17578,Eyes Shut,Years And Years
17579,Lush Life,Zara Larsson
17580,Pillowtalk,Zayn
17581,Ain't Worth The Whiskey,Cole Swindell
17582,All American Nightmare,Hinder
17583,Alligator Sky,Owl City
17584,Always On Your Side,Sheryl Crow ft Sting
17585,American Oxygen,Rihanna
17586,Are You In,Incubus
17587,As You Inhale,Blue Boy Bites Back
17589,Be Near Me,ABC
17590,Belle Of The Boulevard,Dashboard Confessional
17591,Black Balloon,Goo Goo Dolls
17592,Black Coffee,All Saints
17593,Boss,Fifth Harmony
17594,Boys,Britney Spear ft Pharell Williams
17595,Breathing,Lifehouse
17596,Building A Mystery,Sarah Mclachlan
17597,Butterfly Wings,Owl City
17599,Cannonball (Acoustic),Damien Rice
17600,Circle The Drain,Katy Perry
17601,Come Back Song,Darius Rucker
17602,Connected,Sara Paxton
17604,Countdown,Beyonce
17606,Dear No One,Tori Kelly
17607,Deep Inside Of You,Third Eye Blind
17608,Devil In A New Dress,Kanye West
17610,Doesn't Really Matter,Janet Jackson
17611,Ego,Beyonce
17612,Break Up With Him,Old Dominion
17613,Crazier,Taylor Swift
17614,You Should Be Here,Cole Swindell
17615,If I Were You,Tamia
17616,Chivalry Is Dead,Trevor Wesley
17617,Eternal Love,Stephanie Mills
17618,Everytime,Janet Jackson
17620,Farewell To You,White Lion
17621,Work From Home,Fifth Harmony ft Ty Dolla Sign
17623,Hello Friday,Flo Rida ft Jason Derulo
17624,Fly,Sugar Ray  ft Supercat
17625,Fool In Love,Jim Photoglo
17627,For Once In My Life,Vonda Shepard
17628,Forever,Vertical Horizon
17629,Ghost in The Machine,B.o.B
17630,Glamorous,Fergie ft Ludacris
17631,Go Deep,Janet Jackson
17632,Had Enough,Lifehouse ft Daughtry
17634,Halfway Around The World,A-teens
17635,Hands,The Ting Tings
17636,Hands Clean,Alanis Morissette
17637,Home,Michael Buble
17639,I Can't Lie,Maroon 5
17640,I Touch Myself,Divinyls
17641,The Way We Used To Be,Eric Carmen
17643,Get Down Tonight,KC & The Sunshine Band
17644,Over,Lindsay Lohan
17645,Makin' Plans,Miranda Lambert
17646,My Church,Maren Morris
17647,Misty Blue,Dorothy Moore
17648,Passenger,One Republic
17649,Just Like Them Horses,Reba McEntyre
17650,River Lea,Adele
17653,Piece By Piece,Kelly Clarkson
17657,On My Own,Miley Cyrus
17658,"Perhaps, Perhaps, Perhaps",Cake
17660,Work,Rihanna ft Drake
17661,If Ever I See You Again,Roberta Flack
17663,See You Again(Piano),Charlie Putt
17664,Cold As You,Taylor Swift
17665,Stay Beautiful,Taylor Swift
17666,UGH!,The 1975
17667,Kung Fu Fighting,The Vamps
17668,Watch Me Work,Tinashe
17669,T-Shirt,Thomas Rhett
17670,Worthless,Bullet For My Valentine
17672,Clint Eastwood,The Gorrilaz
17673,Where's The Love,Hanson
17675,Opinion Overload,Simple Plan
17679,Youth,Troye Sivan
17681,Stranger In Moscow,Michael Jackson
17682,Give In To Me,Michael Jackson
17683,That's The Way It Is,Celine Dion
17684,A Place With No Name,Michael Jackson
17685,A Teenagers Romance,Ricky Nelson
17686,A Woman Needs Love,Ray Parker Jr & Raydio
17690,Along Comes Mary,The Association
17692,Ayang-Ayang,Boston
17693,Babalik Ka Pa Kaya,Wiseguys
17694,Back Together,Robin Thicke (ft Nicki Minaj)
17695,Blame It On The Rain,Milli Vanilli
17696,Hymn For The Weekend,Coldplay
17699,Disaster,Jojo
17702,Do The Walls Come Down,Carly Simon
17703,Don't Know Why,Norah Jones
17704,Drive You Crazy,Pitbull ft Jason Derulo and Juicy J
17705,Back To The Future,Dru Hill
17706,Endless Summer Nights,Richard Marx
17709,A Million Love Songs,Take That
17710,Bad Love,Tom Jones
17711,Morning Noon And Night Time,Jane Olivor
17712,Until The Time Is Through,Five
17713,Flight,Lifehouse
17714,Get Me Right,Dashboard Confessional
17715,Get Me Some Of That,Thomas Rett
17717,Give Me A Reason,The Corrs
17718,Going Out Of My Head,Luther Vandross
17720,Out Of Touch,Hall & Oates
17722,Have You Ever Been In Love,Celine Dion
17723,Heaven In Your Eyes,Loverboy
17724,I Found A Girl,The Vamps ft OMI
17726,Dangerous Woman,Ariana Grande
17728,Stone Cold,Demi Lovato
17730,A Better Man,Toni Braxton
17733,Hold My Hand,Jess Glynne
17734,Daydreamin',Jessie J
17735,Company,Justin Bieber
17737,It's You,Zayn Malik
17738,Alive,Krewella
17739,Money,Lawson
17740,Love,Randy Goodrum
17741,Addams Groove,Mc Hammer
17742,No,Meghan Trainor
17743,I Took A Pill In Ibiza,Mike Posner
17744,Zero,Chris Brown
17745,BeFoUr,Zayn Malik
17746,Colors,Halsey
17747,Explode,Patrick Stump
17749,Finna Get Loose,Puff Daddy and The Family (ft Pharrell Williams)
17751,Call You Out,Flyleaf
17753,Kiss It Better,Rihanna
17754,When The Last Teardrops Falls,Blaque
17756,I'm Through With Love,Eric Carmen
17757,I Miss Her,Jessie J.
17763,Just A Love Song,Walter Murphy Band
17764,Close To You,Whigfield
17765,Hands To Myself,Selena Gomez
17766,Smiling,Hi Rez
17767,That's How I'm Feelin',Ciara ft Missy Elliott and Pitbull
17768,The One You Love,Glenn Frey
17769,Rest Your Love,The Vamps
17771,Empty Space,The Story So Far
17772,Girlz,L2M
17773,Bound For The Floor,Local H
17774,Aint Looking For Love,Loverboy
17775,Chasing Stars,Lunar Lights
17777,Running With The Wild Things,Against The Current
17779,Wild Thing,The Troggs
17780,Worlds Collide,Plumb
17781,Felt Good On My Lips,Tim McGraw
17782,A Girl Like You,Kevon Edmonds & Babyface
17783,A House Is Not A Home,Dionne Warwick
17784,Accidently Kelly Street,Frente
17785,After We Make Love,Whitney Houston
17786,Remember When,Alan Jackson
17787,All Cried Out,Lisa Lisa And The Cult Jam
17788,All Your Life,The Band Perry
17789,Alone Together,Fall Out Boy
17790,Ang Ating Pag-ibig,Aaron Paul
17791,As Long As I Live,Neil Sedaka
17792,Astronaut,Simple Plan
17793,Something Better,Audien ft. Lady Antebellum
17797,Banjo,Rascal Flatts
17800,Be The First To Believe,A1
17801,Be Your Everything,Boys Like Girls
17802,Bennie And The Jets,Elton John
17803,Best Days,Juice
17804,Best Of Me,Daniel Powter
17807,Brandy (You're A Fine Girl),Looking Glass
17808,Bullet,Katy Perry
17809,Called Out In The Dark,Snow Patrol
17810,Catching Feelings,Justin Bieber
17811,Little More,Chris Brown
17812,Close Your Eyes,Westlife
17813,Come On Little Angel,Belmonts
17814,Come Sail Away,Styx
17815,Common Denominator,Justin Bieber
17816,Counting Down The Days,Natalie Imbruglia
17818,Dancing In The Moonlight,Toploader
17819,Dare You To Move,Switchfoot
17820,Dream Girl,R.Kelly
17821,Drink On It,Blake Shelton
17822,Endless Sleep,Jody Reynolds
17823,Ring Ring,ABBA
17824,7 Years,Lukas Graham
17825,Love So Right,Bee Gees
17826,Words And Music,Andy Gibbs
17827,Eyes Wide Open,Gotye
17828,Fall Apart,Every Avenue
17829,Farewell,Rihanna
17830,Fine By Me,Andy Grammer
17832,Flaws,Bastille
17834,Fly Over States,Jason Aldean
17836,Forget Domani,Frank Sinatra
17837,Friday Night,Eric Paslay
17838,Friends In Low Places,Garth Brooks
17839,My Boo,Ghost Town Djs
17840,Girl Who Got Away(Acoustic),Dido
17841,Give A Little More,Maroon 5
17842,Glory,Common Ft. John Legend
17843,God Bless The Child,Shania Twain
17844,Guardian,Alanis Morissette
17845,Happy,Square Heads
17846,Just A Song Before I Go,Crosby Stills Nash & Young
17847,Life Is Worth Living,Justin Bieber
17850,New Romantics,Taylor Swift
17851,Show You,Shawn Mendes
17852,Only When I Sleep,The Corrs
17853,Death Of A Bachelor,Panic At The Disco
17856,Crazy Eyes For You,Jimmy Wilde
17857,Hair,Little Mix ft Sean Paul
17858,Electric Blue,Nicole Scherzinger ft. T.I
17859,Gotten,Adam Levine ft. Slash
17860,If I Didn't Love You,Tina Arena
17861,Himig,Fredie Aguilar
17868,Forgive Forget,Caligola
17869,I Won't Tell A Soul,Charlie Puth
17870,Jealous,Labrinth
17872,I'm Ready,Tevin Campbell
17873,Twisted,Keith Sweat
17874,Uncover,Zara Larsson
17875,Last Kiss,Pearl Jam
17877,That's How You Know,Nico & Vinz ft. Kid Ink & Bebe Rexha
17879,Buddy Holly,Weezer
17880,You Are My Everything,Calloway
17883,Already Gone,Eagles
17885,At Last,Beyonce
17887,One On One,Hall & Oats
17888,Don't Wanna Let You Go,Five
17890,Already Callin' You Mine,Parmalee
17891,A Place To Hideaway,The Carpenters
17894,Heaven,Beyonce
17895,I Will Always Wait For You,Burton Cummings
17896,20 Minutes Before Take-Off,Dan Henry
17897,Baby I Lied,Deborah Allen
17898,Gravity,Sara Bareilles
17899,Die A Happy Man,Thomas Rhett
17900,Drinking For 11,Mad Caddies
17902,We Don't Talk Anymore,Charlie Puth feat. Selena Gomez
17903,Weird,Hanson
17908,Me Too,Meghan Trainor
17909,Bump Bump Bump,P. Diddy ft B2K
17910,Lost Boys,Ruth B
17917,Tattooed Heart,Ariana Grande
17918,Cake By The Ocean,DNCE
17919,Dancing On My Own,Calum Scott
17920,Middle,DJ Snake ft Bipolar Sunshine
17921,I Love You Always Forever,Donna Lewis
17922,My House,Flo Rida
17925,Into You,Ariana Grande
17926,When I'm Gone,Before You Exit
17927,Can't Stop The Feeling,Justin Timberlake
17928,Up And Up,Coldplay
17930,Rock Bottom,Hailee Steinfeld ft DNCE
17931,Close,Nick Jonas ft. Tove Lo
17932,Just Like Fire,Pink
17933,Don't Let Me Down,The Chainsmokers
17934,I Hate You I Love You,Gnash ft. Olivia O'brien
17935,Alive,Sia
17936,Thong Song,Sisqo
17938,Let's Give A Little More This Time,Sergio Mendes
17940,Miss You Finally,Trademark
17942,Rainbows End,Sergio Mendez
17943,Beautiful Disaster,311
17944,Always The Last To Know,Del Amitri
17945,Design For Life,Manic Street Preachers
17947,Along The Way,Atlantic Starr
17948,I'd Rather Go Blind,Beyonce
17949,Show Me The Way Back To Your Heart,Brian McKnight
17950,Suffer,Charlie Puth
17954,Real Thing,Kalapana
17955,The First Time I Ever Saw Your Face,Leona Lewis
17958,Let Me Love You,Ariana Grande ft Lil Wayne
17962,Clean,Taylor Swift
17963,Hold Me,Whitney Houston & Teddy Pendergrass
17965,Swallowed,Bush
17966,Adam's Song,Blink 182
17967,Brain Stew / Jaded,Green Day
17968,Good Riddance (Time Of Your Life),Greenday
17974,Singing in the rain,Simple Plan
17976,Infinity,One Direction
17977,Send My Love (To Your New Lover),Adele
17978,In Too Deep,Sum 41
17980,With You I'm Born Again,Billy Preston And Syreeta
17981,1 Nite,Cobra Starship ft My Name is Kay
17982,All In,Lifehouse
17983,Armageddon It,Def Leppard
17984,At Last,Etta James
17987,Blues In The Night,Chicago
17990,Childhood,Michael Jackson
17991,Cool Down,Kolohe Kai
17993,Dance In The Dark,Lady Gaga
17994,Day And Night,Billie Piper
17996,Do It Like I Dude,Jessie J.
17997,Done,The Band Perry
17999,Echo,Vertical Horizon
18001,It's Wrong For Me To Love You,Pia Zadora
18002,Lovers In The Wind,Roger Hodgson
18003,Woman in Love,The Three Degrees
18004,Trying To Say Goodbye,Neil Sedaka
18005,Feels Like Home,Chantal Kreviazuk
18008,Ghost Of A Good Thing,Dashboard Confessional
18011,How You Remind Me,Nickelback
18012,I Can't Afford That Feeling Anymore,Rita Coolidge
18013,Rule The World,Take That
18014,Walking On A Dream,Empire Of The Sun
18015,No Time For It,Fantasia
18016,Good Friend,Mary MacGregor
18017,I Don't Want To Go On Without You,Nazareth
18018,Body Bumpin' (Yippie Ya Yo),Public Announcement
18019,Latch (Acoustic),Sam Smith
18020,Try Everything,Shakira
18021,Almost,Tamia
18022,Talk You Down,The Script
18023,Where My Love Goes,Lawson
18024,Talk Me Down,Troye Sivan
18025,Controlla,Drake
18026,And So It Goes,Billy Joel
18027,This Is What You Came For,Calvin Harris ft. Rihanna
18028,Army,Ellie Goulding
18029,In Love With A Boy,Kaya Stewart
18031,Let Me In,Mike Francis
18034,Can't Sleep Love,Pentatonix
18037,Make Me,Britney Spears
18039,Bye Bye,Jo Dee Messina
18041,Love,Billy Preston and Syreeta
18043,National Anthem,Lana del Rey
18044,No Ordinary Love,Jennifer Love Hewitt
18045,The Rock Show,Blink 182
18048,One Dance,Drake Ft Kyla and Wizkid
18049,Body Say,Demi Lovato
18051,Heathens,Twenty One Pilots
18052,Kill 'Em With Kindness,Selena Gomez
18056,Going Out Of My Head,Sergio Mendes And Brasil '66
18059,Sexy Back,Justin Timberlake
18060,Slow Down,Selena Gomez
18061,Super Trooper,ABBA
18062,Superman,Joe Brooks
18063,Teach Your Children,"Crosby, Stills, Nash & Young"
18064,The Killing Moon,Echo and The Bunnymen
18066,She's Kinda Hot,5 Seconds Of Summer
18067,Dibs,Kelsea Ballerini
18068,Hiding My Heart Away,Adele
18069,Dammit,Blink 182
18070,Just A Word Away,Chris de Burgh
18071,Growing Up (Sloane's Song),Macklemore And Ryan Lewis ft Ed Sheeran
18076,Blood Hands,Royal Blood
18077,Your Love,The Outfield
18079,Where Do Broken Hearts Go,Whitney Houston
18080,You Get What You Give,New Radicals
18081,End Of The Dream,Evanescence
18082,A Thousand Stars,Eugene Pearson
18084,Almost Lover,A Fine Frenzy
18085,Secret Lovers,Atlantic Starr
18087,Bless The Broken Road,Rascal Flatts
18088,Body Rock,Maria Vidal
18089,Boogie Nights,Heatwave
18090,Confidential,Sonny Knight
18092,Dance,Garth Brooks
18093,Undying Admiration,David Pomeranz
18094,Do You Love Me,The Contours
18095,Don't Stop Looking For Love,Boyzone
18096,The Real Slim Shady,Eminem
18097,Wait For Me,Darryl Hall & John Oates
18098,The Last Time I Felt Like This,Johnny Mathis & Jane Oliver
18099,She Never Heard Me Call,Air Supply
18101,In The End,Eric Benet
18102,Get Her Back,Robin Thicke
18104,I Didn't Know I Was Looking For Love,EBTG
18110,"Here, There And Everywhere",Cat Stevens
18111,I'm Sorry,Adam Wakefield
18112,Innocent Man,Billy Joel
18113,That's Amore,Dean Martin
18119,It Takes A Man And A Woman,Teri Da Sario
18121,I Miss You,Blink 182
18122,Still Here,Drake
18123,The Parting Glass,Ed Sheeran
18124,Long And Lasting Love(Once In A Lifetime),Glenn Medeiros
18125,Longview,Greenday
18126,Everything At Once,Lenka
18127,Salute,Little Mix
18128,All In My Head,Fifth Harmony ft Fetty Wap
18129,Old Friend,Phyllis Hyman
18131,Starving,Hailee Steinfeld ft ZEDD
18132,Cold Water,Major Lazer ft Justin Bieber
18133,Cheap Thrills,Sia
18134,Sledgehammer,Rihanna
18136,Stay,FTampa
18137,Closer,The Chainsmokers ft Halsey
18139,Just For A Moment,David Foster & Amy Holland
18141,I'll Never Stop,N' Sync
18145,People Alone,Randy Crawford
18146,Personal,Jessie J.
18147,Come Home,One Republic
18149,In My Life,Bette Midler
18150,Hello,Beyonce
18153,The Best Of Me,Cliff Richards
18154,Digital Dash,Drake & Future
18155,The Pieces Don't Fit Anymore,James Morrison
18157,Treat You Better,Shawn Mendes
18158,Rise,Katy Perry
18160,I'll Be There For You,Solid Harmonie
18161,Somewhere In Between,Lifehouse
18162,Special Kind Of Something,Kavana
18163,Stop This Train,John Mayer
18165,Tenderness,General Public
18166,Tenerife Sea,Ed Sheeran
18167,"Yes, I'm Ready",Teri De Sario & K.C
18169,The A Team,Ed Sheeran
18170,The Nearness Of You,Norah Jones
18171,The Only One,Lionel Richie
18172,The Story Of Us,Taylor Swift
18173,We Don't Need Another Hero,Tina Turner
18174,Another Rainy Day,Corinne Bailey Rae
18175,Thunder,Boys Like Girls
18176,Let It Go,James Bay
18178,Anyone Can Play Guitar,Radiohead
18179,Too Close,Next
18181,You Take My Breath Away,Rex Smith
18182,A Penny For Your Thoughts,Tavares
18183,A Twist In My Story,Secondhand Serenade
18185,According To You,Orianthi
18186,Almost Grown,Chuck Berry
18188,Barracuda,Heart
18189,Give A Little Love,Bay City Rollers
18190,This Century,Bleach Blonde
18191,"Can't Get Enough Of Your Love, Babe",Barry White
18192,Can't Stop Dancin',Becky G
18193,Cat And Mouse,The Red Jumpsuit Apparatus
18194,It Ain't Easy Coming Down,Charlene Duncan
18197,Falling In Love With You Tonight,Norman Saleet
18198,Bicycle Race,Queen
18199,The Last Farewell,Roger Whittaker
18200,I'm Stone In Love With You,The Stylistics
18201,Star On A TV Show,The Stylistics
18203,Falling Stars,David Archuleta
18204,Yesterday When I Was Young,Glen Campbell
18205,Good Times,Chic
18208,High Energy,Evelyn Thomas
18210,In My Head,Jason Derulo
18212,You're Not In Love,A1
18214,Couldn't Get It Right,Climax Blues Band
18216,Lead The Way,Mariah Carey
18219,Sucker For Pain,Lil Wayne Wiz Khalifa & Imagine Dragons w Logic & Ty Dolla 
18220,Into My Arms,Nick Cave & Bad Seeds
18221,Smile A Little For Me,The Flying Machine
18222,It Girl,Jason Derulo
18223,Zillionaire,Flo Rida
18225,Too Close,Blue
18226,Back To Sleep,Chris Brown
18227,Holiday,Green Day
18228,Perfect Illusion,Lady Gaga
18229,Kids,OneRepublic
18230,Write On Me,Fifth Harmony
18231,Toothbrush,DNCE
18232,Better,Meghan Trainor ft Yo Gotti
18233,PPAP Pen Pineapple Apple Pen,Piko Taro
18234,One Away,Sean Kingston
18235,Inside Out,The Chainsmokers
18237,Silver Song,Johnny Flynn
18238,Don't Mind,Kent Jones
18239,Right Here Waiting,Clay Aiken
18240,I Believe In Love,Dixie Chicks
18241,Glass,Gavin Degraw
18242,Finally Found,Honeyz
18243,Who Says,John Mayer
18244,My Favorite Part,Mac Miller feat. Ariana Grande
18245,The Climb,Miley Cyrus
18247,Looking Through Your Eyes,Leann Rimes
18248,Until I Fall In Love Again,Marie Osmond
18250,My Funny Valentine,Frank Sinatra
18251,I'm Still In Love With You,New Edition
18253,Voodoo Doll,5 Seconds Of Summer
18255,No Broken Hearts,Bebe Rexha ft. Nicki Minaj
18256,Talking To The Moon,Bruno Mars
18257,Some Type Of Love,Charlie Puth
18259,For You,John Denver
18260,Mama Said,Lukas Graham
18264,Let Me Love You,DJ Snake ft. Jutin Bieber
18266,Perfect Strangers,Jonas Blue ft JL Cooper
18267,The Greatest,Sia
18268,Still,Hillsong
18269,Shut Up And Drive,Rihanna
18270,Softly As I Leave You,Matt Monroe
18271,Highway To Hell,ACDC
18272,Banana Pancakes,Jack Johnson
18273,Let's Just Fall In Love Again,Jason Castro
18275,Girls Talk Boys,5 Seconds of Summer
18280,Toxicity,System Of A Down
18283,It's Christmas All Over The World,Sheena Easton
18285,All I Want For Christmas,Mariah Carey
18289,Santa Tell Me,Ariana Grande
18292,Ass Back Home,Gym Class Heroes
18294,Before We Come Undone,Kris Allen
18295,Better Than I Know Myself,Adam Lambert
18296,Crash My Party,Luke Bryan
18297,Criminal,Britney Spears
18298,Dirt Road Anthem,Jason Aldean ft Ludacris
18299,Disappeared,3T
18300,DNA,Little Mix
18303,Bring It All Back,S Club 7
18304,Hardcore Poetry,Tavares
18305,Wild,Troye Sivan
18306,An Affair To Remember,Vic Damone
18307,Just Friends,Gavin Degraw
18308,Better Love,Hozier
18309,Give It Up,Nathan Sykes  ft. G-Eazy
18310,Foster The People,Helena Beat
18311,I Can Make You Feel Good,Kavana
18312,If I Lose Myself,OneRepublic
18313,Impossible,Shontelle
18314,Is There Someone Out There,Code Red
18315,Another Love,Tom Odell
18316,4 Seasons Of Loneliness,Boys II Men
18317,Discovery,Brian Mcknight
18318,I'm Not Supposed To Love You Anymore,Brian White
18319,I Need You In My Life,Homer Paredes
18322,Pop Goes The World,Men Without Hats
18324,Cranes In The Sky,Solange
18325,I'm Gonna Be (500 Miles),The Proclamers
18327,Misty,Johnny Mathis
18328,Hold Up,Beyonce
18329,Broccoli,Big Baby D.R.A.M.
18330,24K Magic,Bruno Mars
18331,Dance Off,Macklemore & Ryan Lewis
18332,Mad World,Tears For Fears
18334,Mercy,Shawn Mendes
18336,That's My Girl,Fifth Harmony
18338,Birthday,Namie Amuro
18339,Purple Lamborghini,Skrillex & Rick Ross
18340,OOOUUU,Young M.A
18347,Ruin,Shawn Mendes
18348,Beautiful In White,Westlife
18349,Like Mariah,Fifth Harmony
18350,Do You Miss Me,Morris Albert
18351,Not Like The Movies,Katy Perry
18352,Open Up Your Heart (And Let The Sunshine In),Frente
18354,Questions,Manfred Mann
18355,Fresh Eyes,Andy Grammer
18359,Strangers By The Day,Shades Apart
18360,Pokemon Theme Song,Jason Paige
18361,Remember December,Demi Lovato
18363,How Can I Not Love You,Joy Enriquez
18364,Show Me Love,Robin S
18365,Take It Off,Kesha
18366,Teardrops On My Guitar,Taylor Swift
18367,The Adventures Of Raindance Maggie,Red Hot Chili Peppers
18369,American Idiot,Greenday
18370,Million Reasons,Lady Gaga
18371,Rollin',LimpBizkit
18372,Sick Of Myself,Matthew sweet
18375,This Town,Niall Horan
18376,Say You Won't Let Go,James Arthur
18378,Tush,ZZ top
18379,Where Did My Heart Go,James Ingram
18380,Step By Step,Whitney Houston
18381,You Mean More To Me,Lionel Richie
18386,I Can't Help It,Andy Gibbs & Olivia Newton-John
18387,Baby Love,Nicole Scherzinger ft will.i.am
18388,Bloody Mary,Lady Gaga
18390,Crazy Kids,Kesha ft will.i.am
18392,You Were Right,Gene Cotton
18393,Save It For A Rainy Day,Kenny Chesney
18396,Without Love,Tom Jones
18397,Fantasy,Gerard Kenny
18398,A Mother's Love,Jim Brickman
18399,Mobile,Avril Lavigne
18400,Infatuation,Christina Aguilera
18401,A Promise I Make,Dakota Moon
18402,Famous,Nathan Sykes
18404,Conviction Of The Heart,Kenny Loggins
18405,The Heart Never Lies,McFly
18406,Losing Control,Faintlight
18408,Dark Necessities,Red Hot Chili Peppers
18409,My Way,Calvin Harris
18410,Taking Off,One Ok Rock
18412,Glass,Thompson Square
18413,Ain't Talkin' Bout Love,Van Halen
18414,Ghost,Ella Henderson
18415,Give You What You Like,Avril Lavigne
18418,I Can't Play The Songs,David Gates
18419,I Think God Can Explain,Splender
18420,I Write Sins Not Tragedy,Panic At The Disco
18421,If This Was A Movie,Taylor Swift
18423,I'm Coming Out,Diana Ross
18424,In Your Eyes,Peter Gabriel
18428,Only Love,Paul McCartney
18429,Babe Come Home To Me,Paul Toledo
18430,I Wanna Grow Old With You,Westlife
18431,Let's Wait Awhile,Janet Jackson
18432,Versace On The Floor,Bruno Mars
18434,Gangsta,Kehlani
18436,A-YO,Lady Gaga
18438,Shout Out To My Ex,Little Mix
18439,Side To Side,Ariana Grande ft Nicki Minaj
18441,Setting Fires,The Chainsmokers
18442,All Night,The Vamps
18443,Starboy,The Weeknd ft Daft Punk
18445,I Miss You,Adele
18446,One,Ed Sheeran
18447,Chariot,Gavin DeGraw
18448,I'm Gonna Find Another You,John Mayer
18449,Live Like We're Dying,Kris Allen
18450,Falling In,Lifehouse
18454,Young Folks,Peter Bjorn and John
18455,Santa Monica,Savage Garden
18456,When You're Gone,The Cranberries
18460,Long Distance,Bruno Mars
18463,Let's Stop Before We Fall In Love,Norman Saleet
18464,Verge,Owl City ft Aloe Blacc
18465,First Date,Blink 182
18466,Home,Gabrielle Aplin
18470,Slow Chemical,Finger Eleven
18471,Misery,Moffats
18473,Still In Love,David Gates
18474,The King Of Wishful Thinking,Go West
18477,Welcome To Paradise,Greenday
18478,Hang,Matchbox20
18480,I Hope That I Don't Fall In Love With You,Tom Waits
18481,Too Little Too Late,Jojo
18482,I'll Never Get Enough Of You,Air Supply
18483,From The Heart,Another Level
18485,Jive Talkin',Bee Gees
18486,Breathe,Faith Hill
18487,Chanson D'Amour,Manhattan Transfer
18488,Don't Dream It's Over,Sixpence None The Richer
18489,And We Were Lovers,Andy Williams
18490,Make Believe It's Your First Time,The Carpenters
18492,Mambo Italiano,Dean Martin
18495,Wolverton Mountain,Claude King
18496,All The Time In the World,Dr. Hook
18497,I Think I'm Paranoid,Garbage
18498,Loser Like Me,Glee Cast
18502,LA Devotee,Panic At The Disco
18510,Saturday Night,Eagles
18511,Are You Gonna Kiss Me Or Not,Thompson Square
18513,Salvation,Gabrielle Aplin
18514,Kiss On My List,Hall & Oates
18516,Hit The Lights,Selena Gomez And The Scene
18518,I'll Cry Instead,The Beatles
18519,Won't Let You Fall,Fergie
18520,Cars,Gary Numan
18521,You'll Never Walk Alone,Gerry & The Pacemakers
18522,You Don't Know Me,Jann Arden
18523,Something Beautiful,Robbie Williams
18524,Hold My Heart,Sara Bareilles
18527,Dangerous,Before You Exit
18528,Doo Wah Diddy,Manfred Mann
18529,You Beat Me To The Punch,Mary Wells
18530,All In My Mind,Maxine Brown
18531,Slumber Party,Britney Spears ft Tinashe
18532,Levitate,Imagine Dragons
18533,Never Give Up,Sia
18534,Like I Would,Zayn
18535,Body Moves,DNCE
18537,Click My Fingers,The Tide
18539,Change,Tears For Fears
18541,Ride,Twenty One Pilots
18542,Lean And Dab,iLoveMemphis
18544,(You're The) Devil In Disguise,Elvis Presley
18545,A Day In the Life Of A Fool,Jack Jones
18546,Hallelujah,Pentatonix
18548,Get On Your Knees,Nicki Minaj ft Ariana Grande
18550,Land Of The Loving,David Benoit ft Dianne Reeves
18551,Live To Rise,Sound Garden
18553,Moment Of Glory,Scorpions
18554,My Boy Lollipop,Millie Small
18555,My Heart Is Broken,Evanescence
18558,People Are People,Depeche Mode
18560,Hot Blooded,Foreigner
18562,What's The Frequency Kenneth,R.E.M
18564,Skyway Avenue,We The Kings
18566,Stuttering,Fefe Dobson
18567,The Day You Went Away,M2M
18568,The Way You Do The Things You Do,The Temptations
18569,These Arms Of Mine,Otis Redding
18570,Think,Aretha Franklin
18571,You Said No (Crash And Burn),Busted
18572,Slide,Goo Goo Dolls
18573,She,Greenday
18579,True Blue,Madonna
18580,I Don't Wanna Fight No More,Westlife
18581,What If,Jason Derulo
18582,Taking The Chance,Air Supply
18587,Because Of Love,Janet Jackson
18589,Crashed The Wedding,Busted
18590,In This Life,Collin Raye
18591,The Girl From Ipanema,Frank Sinatra Feat. Antonio Carlos Jobim
18593,Forever More (I'll Be The One),James Ingram
18595,Tee Shirt,Birdy
18597,What Kind Of Man Would I Be,Chicago
18599,Empty,The Click Five
18600,The Take Over The Breaks Over,Fall Out Boy
18601,Still Breathing,Green Day
18603,Talk Shows On Mute,Incubus
18605,Mary Did You Know,Jordan Smith
18606,On My Way,Tiesto ft Bright Sparks
18610,Better Man,Pearl Jam
18611,Seamless,Sabrina Carpenter
18613,Sorry Doesn't Make It Anymore,The RAH Band
18614,Say You Like Me,We The Kings
18615,In The Eyes Of A Child,Air Supply
18616,Informer,Snow
18617,There's A Place For Us,Carrie Underwood
18619,Too Good To Say Goodbye,Bruno Mars
18620,Paris,The Chainsmokers
18621,"5, 6, 7, 8",Steps
18622,Jumpshot,Dawin
18623,What About Love,Lemar
18624,Kissin' U,Miranda Cosgrove
18625,All Night,Beyonce
18626,Move Your Body,Sia
18627,Not Afraid Anymore,Halsey
18628,Don't Wanna Know,Maroon 5 Kendrick Lamar
18629,Perm,Bruno Mars
18630,Secret Love Song Pt. II,Little Mix
18631,Life Of The Party,Shawn Mendes
18632,Dangerously,Charlie Puth
18634,Cancer,My Chemical Romance
18635,The Hardest Thing,98 Degrees
18636,Smile Again,The Manhattan Transfer
18637,Just Like Me,Fra Lippo Lippi
18638,Key To My Life,Boyzone
18641,Love Or Confusion,Jimi Hendrix
18642,Love Story,Taylor Swift
18648,Cowboys From Hell,Pantera
18650,Time Is On My Side,Rolling Stones
18651,Love You Madly,Cake
18653,Human Highway,Neil Young
18654,Mr. Dieingly Sad,The Critters
18656,Samson,Regina Spektor
18659,Body Dancer,Magic Fire
18661,Spotlight,Jennifer Hudson
18663,Sunshine,Gabrielle
18664,Chop Suey!,System Of A Down
18667,The World As I See It,Jason Mraz
18668,Beetlebum,Blur
18669,Five Minutes To Midnight,Boys Like Girls
18671,Bad Girls,MKTO
18673,Perfectly Perfect,Simple Plan
18675,I Was Made For Loving You,Tori Kelly Ft. Ed Sheeran
18679,Wishing On The Same Star,Girlfriend
18680,You Are My Religion,Firehouse
18681,You Decorated My Life,Kenny Rogers
18682,All For Love,Hillsong United
18683,Another Day Of Sun,La La Land
18684,Battle,Colbie Caillat
18685,Berzerk,Eminem
18687,Dreams,Gabrielle
18688,Oblivion,Bastille
18691,Never Gonna Fall In Love Again,Eric Carmen
18692,I Forgive You,Kelly Clarkson
18693,Reason For Breathing,Baby Face
18694,Suitcase,Before You Exit
18695,Here We Go Again,Demi Lovato
18696,Please Be With Me,Eric Clapton
18698,One Of The Boys,Katy Perry
18701,What Hurts The Most,Rascal Flatts
18703,Then The Morning Comes,Smash Mouth
18704,Love Me So,Stereo Kicks
18705,Think About The Times,Ten Years After
18706,Come Home,Trace Adkins
18707,Go For Gold,Kyle Patrick
18708,Here I Am,Monica
18709,How Do You Talk To An Angel,The Heights
18710,I'm Yours,The Script
18712,It's Hard To Say Goodbye,Celine Dion & Paul Anka
18714,Chunky,Bruno Mars
18715,That's What I Like,Bruno Mars
18717,Sail Over Seven Seas,Gina T
18718,Chained To The Rhythm,"Katy Perry, Skip Marley"
18720,Heavy Dirty Soul,Twenty One Pilots
18721,Shape of You,Ed Sheeran
18722,I Feel It Coming,"The Weeknd, Daft Punk"
18723,A Little Space,Ne-Yo
18724,Dreamin',The Cascades
18726,I Don't Wanna Live Forever,"ZAYN, Taylor Swift"
18727,Jealous,Nick Jonas
18728,Fast Car,Jonas Blue ft Dakota
18729,Ride,Twenty One Pilots
18730,Lovely Day,Bill Withers
18732,September Song,JP Cooper
18733,Love Will Show You Everything,Jennifer Love Hewitt
18735,No Plan,David Bowie
18737,One Love,Justine Bieber
18740,Human,Rag'n'Boneman
18741,I Love How You Love Me,Bobby Vinton
18742,One Life,Boyce Avenue
18743,Love Love Love,Hope ft. Jason Mraz
18744,Need The Sun To Break,James Bay
18745,I Will,Matchbox 20
18746,California,Phantom Planet
18747,Bang And Blame,R.E.M.
18748,Angels Cry,Red Jumpsuit Apparatus
18750,Not In That Way,Sam Smith
18751,Simply,Sara Hickman
18752,Damn Regret,The Red Jumpsuit Apparatus
18754,Ebb Tide,Righteous Brothers
18755,Love On The Brain,Rihanna
18756,Shed A Light,Robin Schulz & David Guetta ft Cheat Codes
18757,I Will Remember You,Amy Grant
18758,Sandcastles,Beyonce
18759,King Of Anything,Sarah Bareiles
18762,So Long Sweet Summer,Dashboard Confessional
18763,Suppose,Second Hand Serenade
18765,Taking Over Me,Lawson
18766,The Sound,The 1975
18768,Take Me Back Blue,Darby Walker
18769,Cinnamon And Lipstick,FM Static
18770,Folsom Prison Blues,Johnny Cash
18771,Come On Get Higher,Matt Nathanson
18773,Castle On The Hill,Ed Sheeran
18774,Go Robot,Red Hot Chilli Peppers
18777,The Best Day,Taylor Swift
18778,Woman In Chains,Tears For Fears ft Oleta Adams
18779,You Don't Wanna Know,Orianthi
18780,You're Not There,Lukas Graham
18782,Always,Air Supply
18783,An American Dream,Nitty Gritty Dirt Band
18786,City Of Stars,La La Land
18787,Be The One,Dua Lipa
18788,Gonna Wanna Tonight,Chase Rice
18789,When I'm In Love,Richard Sanderson
18790,You Are Everything,The Stylistics
18791,I'll Take The Tears,A1
18792,I Only Live To Love You,Cliff Richard
18793,Touch and Go,Ed Sheeran
18795,Blue Kiss,Jane Wiedlin
18798,Ring Of Fire,Johnny Cash
18804,Beauty And The Beast,"Ariana Grande, John Legend"
18808,I'll Stand By You,The Pretenders
18809,Car Radio,Twenty One Pilots
18811,Mind Over Matters Of The Heart,Restless Heart
18812,Something Stupid,Frank Sinatra & Nancy Sinatra
18813,I Am Changing,Jennifer Hudson
18814,Everyday,Ariana Grande ft Future
18819,Sidekick,Dawin
18820,Swalla,jason Derulo ft Nicki Minaj & TY Dolla Sign
18821,You're Welcome,Dwayne Johnson
18823,iSpy,KYLE ft Lil Yachty
18824,John Wayne,Lady Gaga
18826,Good Life,G-Eazy & Kehlani
18827,Waterfall,Stargate ft. Pink & Sia
18828,In The Name Of Love,Martin Garixx & Bebe Rexha
18829,Touch,Little Mix
18832,Our Day Will Come,The Carpenters
18833,Nobody's Better,Z ft. Fetty Wap
18834,The Sound Of Silence,Disturbed
18836,Rockabye,Clean Bandit ft.Sean Paul & Anne-Marie
18837,Butterfly,Crazy Town
18839,Love On The Weekend,John Mayer
18841,Never Alone,Lady Antebellum
18843,Hearts,Marty Balin
18846,Young And Relentless,Against The Crime
18848,All The Love In The World,The Outfield
18849,Girlfriend In A Coma,The Smiths
18852,This Will Be,Natalie Cole
18853,No Doubt About It,Empire Cast
18854,One After 909,The Beatles
18856,Ever Enough,A Rocket To The Moon
18859,Rhythm Of Love,Plain White T's
18861,Safe And Sound,Rebelution
18867,Shape Of My Heart,Sting
18868,If You Needed Somebody,Bad Company
18869,Leaving Town,Dexter Freebish
18870,Tea and Sympathy,Jars of Clay
18871,Sick Cycle Carousel,Lifehouse
18872,Disenchanted,My Chemical Romance
18874,American Girls,One Ok Rock
18875,Scars,Papa Roach
18877,Dyslexic Heart,Singles
18878,Bad Luck,Social Distortion
18879,Dirty Little Secret,The All American Rejects
18880,Time Machine,The Click Five
18882,Days Of Wine And Roses,Andy Williams
18883,Al Di La,Connie Francis
18884,Blue Eyes Blue,Eric Clapton
18885,Mack The Knife,Bobby Darin
18888,Do You Believe In Us,Jon Secada
18889,I Who Have Nothing,Candice Glover
18894,Don't Stop Me Now,Queen
18898,Back in Black,AC DC
18900,One Way Or Another,Blondie
18901,Your Body,Christina Aguilera
18902,Loving Arms,Dixie Chicks
18903,Please Don't Say You Love Me,Gabrielle Aplin
18904,I Can Wait Forever,Simple Plan
18905,All Night Long,Joe Walsh
18907,Everything You Do,M2M
18910,Kissing Strangers,DNCE ft Nicki Minaj
18911,Rainbow,Colbie Caillat
18912,Born Under A Bad Sign,Richard Hawley
18914,Physical,The Aces
18915,Golden,Sia ft Travie McCoy
18916,Freedom,Wham
18917,Hair,Lady Gaga
18918,Happy Heart,Andy Williams
18919,Hush Hush,Pistol Annies
18920,I Wanna Rock,Twisted Sister
18921,Can't Stay Away From You,Gloria Estefan
18922,Sign of the Times,Harry Styles
18923,Two For The Road,Henry Mancini
18924,Issues,Julia Michaels
18925,Mark My Words,Justin Bieber
18926,The Cure,Lady Gaga
18927,When I Need You,Leo Sayer
18928,Designer Music,Lipps Inc
18929,Despacito,"Luis Fonsi, Daddy Yankee ft. Justin Bieber"
18930,Hard Times,Paramore
18931,I'm a Lady,Meghan Trainor
18932,Now Or Never,Halsey
18934,Body Like A Back Road,Sam Hunt
18935,Find Someone,Sheppard
18936,Something Just Like This,The Chainsmokers & Coldplay
18937,Brave,Jennifer Lopez
18938,Last Train Home,FM Static
18939,Run Every Time,Gavin DeGraw
18940,End Of The Line,Honeyz
18941,Please Don't Go,Joel Adams
18942,Gravity,John Mayer
18946,Girl In The Mirror,Sophia Grace ft Silento
18947,Confessions Part 1,Usher
18950,Loud Music,Michelle Branch
18953,My Dilemma 2.0,Selena Gomez
18954,My Guy,Mary Wells
18955,On The Side Of Angels,Leann Rimes
18956,Peaches and Cream,112
18960,Before It's Too Late,Goo Goo Dolls
18961,Notion,Kings Of Leon
18963,Built To Last,Melee
18965,Someday (You'll Want Me To Want You),Ricky Nelson
18966,It's True,Backstreet Boys
18967,Love Is Forever,Billy Ocean
18969,Repetition,Information Society
18970,Goodbye My Lover,James Blunt
18971,Lead Me On,Maxine Nightingale
18973,Attention,Charlie Puth
18975,Do You Believe In Magic,The Lovin' Spoonful
18976,Burnin' For You,Blue Oyster Cult
18977,Used To,Daughtry
18979,Imagination,Shawn Mendes
18982,Alive,Black Eyed Peas
18985,Lonely Street,Andy Williams
18988,Somebody Done Somebody Wrong Song,BJ Thomas
18990,Other Side Of The Sun,Janis Ian
18993,Love Of My Life,Michael Smith
18994,Stay Awake,Ronnie Laws
18995,If I Could Reach You,The 5th Dimension
18996,I'm Coming Home,Tom Jones
18997,My Special Prayer,Percy Sledge
18999,Evidence Of Love,Air Supply
26001,I Can Hear Music,Beach Boys
26004,Brighter Than The Sun,Colbie Caillat
26005,I Do,Colbie Caillat
26006,Over You,Daughtry
26007,Galway Girl,Ed Sheeran
26009,I Go Crazy,Flesh For Lulu
26010,Only Memories Are Our Friends,Heintje
26011,Take A Look Around,Limp Bizkit
26012,Nothing But Love,Mr. Big
26016,Told You So,Paramore
26017,Jealous Heart,Ray Price
26018,There's Nothing Holdin' Me Back,Shawn Mendes
26019,Catch Your Wave,The Click Five
26020,Hear You Me,Jimmy Eat World
26022,Love Won't Let Me Wait,Major Harris
26023,Stay,"Zedd, Alessia Cara"
26024,Greedy,Ariana Grande
26026,It Ain't Me,Kygo ft. Selena Gomez
26027,Finesse,Bruno Mars
26028,Hypnotised,Coldplay
26029,Emotions,Mariah Carey
26030,Malibu,Miley Cyrus
26031,Green Light,Lorde
26032,Cold,Maroon 5
26034,Never Knew I Needed,Ne-yo
26036,Sunday Morning,The Bolshoi
26037,So Good,Zara Larsson ft Ty Dolla Sign
26038,I Gave You Everything,Code Red
26039,In Love Again,Colbie Caillat
26040,There's Always Me,Elvis Presley
26041,Sexy Lady,Jessie J
26042,Leave (Get Out),JoJo
26045,Stuck With Each Other,Shontelle  ft. Akon
26047,Have You Seen Her,The Chi-lites
26048,Kiss In The Rain,Billie Myers
26049,Don't You Give Up On Me Now,Lissie
26050,The Painter,O-Town
26051,Raise Your Glass,Pink
26052,I Still Think About You,Danger Danger
26055,Ever After,Bonnie Bailey
26056,Yours,Callum Scott
26059,Feel The Light,Jennifer Lopez
26060,You're Still Here,Kathy Troccoli
26061,You're Not There,Lukas Graham
26064,Faith,Stevie Wonder ft. Ariana Grande
26066,Too Shy To Say,Stevie Wonder
26068,I Want You To Want Me,Solid Harmonie
26069,Standing Right Next To Me,Karla Bonoff
26070,Staring At The Sun,U2
26071,Summertime Sadness,Lana Del Rey
26072,I Got Caught Dancing Again,The Hues Corporation
26074,When I'm Missing You,A1
26075,Hey Now,FM Static
26077,I Have You To Thank,Gavin DeGraw
26080,I Don't Love You,My Chemical Romance
26081,Histrionics,Popsicle
26082,I Look To You,Whitney Houston
26083,A Woman Like You,Lee Brice
26085,"Alone, (Why I Must Be Alone)",Sheperd Sisters
26087,Burnin' Up,Ne-Yo
26088,Charlie Brown,Coldplay
26089,Cry,Fatih Hill
26090,Everyone's Gone To The Moon,Jonathan King
26092,Somebody Waiting,Karen Wyman
26095,The Morning After,Maureen McGovern
26096,Vaya Con Dios,Nat King Cole
26097,I Got Dreams To Remember,Otis Redding
26100,I Wouldn't Beg For Water,Sheena Easton
26101,If You Go Away,Terry Jacks
26103,Hell Bells,AC/DC
26106,Send Me The Pillow,Everly Brothers
26107,Till I Kissed You,Everly Brothers
26108,Life Goes On,Fergie
26111,Secret,Heart
26119,I'd Rather Go Blind,Rod Stewart
26120,Arms Of Mary,Sutherland Brothers
26121,Belladona,UFO
26124,Heart (Don't Change My Mind),Diana Ross
26125,I Never Told You,Colbie Cailat
26126,I Want You To Want Me,Cheap Trick
26127,Can I Play With Madness,Iron Maiden
26128,Love Sensation,911
26129,Faded,Alan Walker
26130,Hey Mama,"Nicki Minaj, Bebe Rexha & Afrojack"
26131,When Summer Is Gone,Gary Lewis And The Playboys
26133,Mama,Jonas Blue ft. William Singe
26134,ILYSB,Lany
26135,A Tear Fell,Ray Charles
26136,Tri Akkorda,Sveta Muzika
26139,Wonderland By Night,Engelbert Humperdinck
26140,Come Back Home,Lauv
26141,Strip That Down,Liam Payne ft. Quavo
26142,Fixed,New Hope Club
26144,Perfect,Ed Sheeran
26145,T.V. Man,The Bolshoi
26146,Just Because,Anita Baker
26147,Last Night,The Vamps
26148,Lose Your Way,Sophie B. Hawkins
26150,No Good In Goodbye,The Script
26151,No More Tears (Enough Is Enough),Donna Summer
26153,Things I'll Never Say,Avril Lavigne
26154,Where You Are,Gavin DeGraw
26155,Unguarded Moment,The Church
26156,Anybody Seen My Baby,The Rolling Stones
26157,Rise Up,Andra Day
26158,Yellowbird,Brothers Four
26163,I'll Be Your Everything,Tommy Page
26164,Son Of A Preacher Man,Dusty Springfield
26165,Spell,Marie Digby
26166,Straight To My Heart,Backstreet Boys
26167,Tender Love,Jordan Knight
26170,Heels Over Head,Boys Like Girls
26173,Slow Hands,Niall Horan
26174,My Heroine,Silverstein
26176,Surrender,Billy Talent
26178,Trouble,Coldplay
26179,Two Rivers,The Adventures
26180,What If We Fall In Love,Crystal Gayle and Gary Morris
26181,Who Will Save Your Soul,Jewel
26182,Why Don't You Love Me,Hot Chelle Rae ft Demi Lovato
26183,After All,Linda Eder
26184,Beautiful,Akon ft Kardinall Ofishall
26185,Better Than I Know Myself,Adam Lambert
26186,Dead,My Chemical Romance
26187,Let's Stay Together,Al Green
26188,You (You Are The Only One),Albert West
26190,Carried Away,Crosby Stills & Nash
26191,Gonna Make You An Offer You Can't Refuse,Jimmy Helms
26192,Makin' Me Fall In Love Again,Kellie Pickler
26193,Emily,Andy Williams
26194,Midsummer Nights,Kenny Rogers
26195,"Stop, Look, Listen To Your Heart",The Stylistics
26196,Everywhere I Go,Katherine Mcphee
26198,The Judge,Twenty One Pilots
26199,Holiday,Bee Gees
26200,You Stole My Heart Away,Big Mountain
26202,Dive,Ed Sheeran
26204,Come To Me,Goo Goo Dolls
26205,If I Keep My Heart Out Of Sight,James Taylor
26206,Geek in the Pink,Jason Mraz
26207,I Should Have Known Better,Jim Diamond
26208,The Way You Look Tonight,Michael Buble
26215,Today,Willamette Stone
26220,I Can't Make You Love Me,Boyz II Men
26221,I Never Said Goodbye,Engelbert Humperdinck
26222,If I Fall,Kavana
26223,I'll Be Waiting,Adele
26224,I'm In The Mood For Love,Frank Sinatra
26225,Infatuation,Maroon 5
26226,1 Thing,Amerie
26227,Foolish,Ashanti
26228,Slide,"Calvin Harris ft Frank Ocean, Migos"
26229,2U,David Guetta ft. Justin Bieber
26230,Wild Thoughts,DJ Khaled ft. Rihanna Bryson Tiller
26232,Be My Lover,La Bouche
26233,Lady,Austin Mahone ft Pitbull
26234,The Other,Lauv
26235,Word Up,Little Mix
26237,Could This Be Love,Seduction
26238,Fetish,Selena Gomez ft Gucci Mane
26239,Somebody Else,The 1975
26240,The Wayward Wind,The Everly Brothers
26241,In Thee,Blue Oyster Cult
26242,How To Deal,Frankie J
26243,Let Me Tell Your Fortune,Gary Lewis & The Playboys
26244,If It Kills Me,Jason Mraz
26245,Love Me Or Leave Me,Little Mix
26246,Someday,Michael Buble ft Meghan Trainor
26247,Bad Liar,Selena Gomez
26248,Jump Around,Limp Bizkit
26251,No More,A1
26253,Pumped Up Kicks,Foster The People
26254,Macy's Day Parade,Greenday
26255,I've Got You,Mcfly
26256,Smile In Your Sleep,Silverstein
26257,Should We Carry On,Airplay
26259,Home,Brian Mcknight
26260,Would I Lie To You,Charles & Eddie
26262,Passionfruit,Drake
26264,Speechless,Lady Gaga
26266,Saving Forever For You,Shanice
26267,Love Makes The World Go Round,Everly Brothers
26268,"Baby, Baby, Baby",TLC
26271,Soul To Squeeze,Red Hot Chili Pepper
26272,Square Rooms,Al Corey
26274,Sun And Moon,Lea Salonga & Simon Bowman
26275,The Best Is Yet To Come,Frank Sinatra
26277,Candy,Iggy pop
26279,Playing God,Paramore
26282,Whenever You Close Your Eyes,Tommy Page
26286,We Are Angels,Dragon Ball Z Ending
26287,We Gotta Power(Dragonball Z Opening Theme),Dragonball
26288,Ghost Fighter Opening Theme,Ghost Fighter
26291,All The Way,Celine Dion and Frank Sinatra
26292,Let's Stay Together,Al Green
26293,Say You Will,Billy Gilman
26294,Forget Him,Bobby Rydell
26296,Until It's Time For You To Go,Elvis Presley
26299,Me And You,Kenny Chesney
26301,Only You,Peter Hewlett and Josie Aiello
26302,Only You,The Commodores
26305,Everlasting Love,Andy Gibb
26306,Favorite Girl,Justin Bieber
26308,Before The Next Teardrop Falls,Freddy Fender
26309,Maria,Blondie
26310,Boys,Charli XCX
26311,Redbone,Childish Gambino
26312,Tulsa Time,Eric Clapton
26313,Venus,Frankie Avalon
26314,Mask Off,Future
26315,God Your Mama and Me,Florida Georgia Line ft. The Backstreet Boys
26316,Believer,Imagine Dragons
26317,Long Drive,Jason Mraz
26318,Hurricane,Luke Combs
26319,Slippery,Migos ft. Gucci Mane
26320,Everyday Is Like Sunday,Morrissey
26321,Power,Little Mix ft Stormy
26322,Back To You,Louis Tomlinson ft Bebe Rexha and Digital Farm Animals
26326,Bibia Be Ye Ye,Ed Sheeran
26327,A Little More Love,Olivia Newton John
26329,Something Big,Shawn Mendes
26330,All Too Well,Taylor Swift
26332,To Be Loved,Train
26333,Happier,Ed Sheeran
26336,Higher,Erik Gronwall
26338,I Can't Make You Love Me,Adele
26340,If I Had You,Adam Lambert
26342,Every Time I Hear That Song,Blake Shelton
26344,Something To Remember,Kygo & The Chainsmokers ft  ZAYN
26345,It's A Vibe,2 Chainz  ft Ty Dolla Sign Trey Songz Jhene Aiko
26346,Drowning,A Boogie Wit Da Hoodie ft Kodak Black
26347,Colors,Amos Lee feat. Norah Jones
26348,Save Myself,Ed Sheeran
26349,HUMBLE,Kendrick Lamar
26352,Try A Little Love,Oscar Harris And The Twinkle Stars
26353,Can U Help Me,Usher
26354,Everyday We Lit,YFN Lucci ft. PnB Rock
26355,Listen To The Man,George Ezra
26356,I Don't Care,Judy Garland
26357,Just Because,Anita Baker
26360,Makin' Whoopee,Frank Sinatra
26361,Mr. Saxobeat,Alexander Stan
26362,My Boy,Elvis Pesley
26364,New Day,Alicia Keys
26366,Pretty Hurts,Beyonce
26368,Like We Used To,A Rocket To The Moon
26369,I Will Come To You,Hanson
26370,Rolex,Ayo & Teo
26371,Sorry Not Sorry,Demi Lovato
26373,I'm The One,DJ Khaled  ft. Justin Bieber Quavo Chance the Rapper Lil Wayne
26374,Don't Let Go,En Vouge
26376,Praying,Kesha
26377,Down,Fifth Harmony
26381,No Vacancy,One Republic
26382,Congratulations,Post Malone ft. Quavo
26385,Stay,Miley Cyrus
26387,The Last Night Of The World,Leah Salonga and Simon Bowman
26388,Perfume,New Hope Club
26390,Somewhere Over The Rainbow,Ariana Grande
26392,Because We Can,Bon Jovi
26394,How Does A Moment Last Forever,Celine Dion
26395,Recovering,Celine Dion
26396,Time For Love,Air Supply
26397,Never Turn Back,Al Hibbler
26401,Precious And Few,Climax
26402,Oh My Papa,Everly Brothers
26404,We May Never Pass This Way Again,Seals & Crofts
26409,Everglow,Coldplay
26412,Location,Khalid
26416,L.O.V.E,Michael Buble
26420,Put The Cuffs On Me,The Tide
26421,Most Girls,Hailee Steinfeld
26424,Oh Girl,Paul Young
26425,What About Us,Pink
26426,Ready For It,Taylor Swift
26428,Rake It Up,Yo Gotti ft. Nicki Minaj
26429,O Holy Night,Mariah Carey
26431,Big Empty,Stone Temple Pilots
26432,We All Roll Along,The Maine
26434,Hoedown Throwdown,Miley Cyrus
26435,Hummingbird Heartbeat,Katy Perry
26436,I Just Wanna Be Your Everything,Andy Gibb
26437,Thunder,Imagine Dragons
26438,Save Room,John Legend
26439,Love Galore,SZA ft. Travis Scott
26440,Bank Account,21 Savage
26441,Put It In A Love Song,Alicia Keys ft Beyonce
26442,I'll C U When U Get There,Coolio
26445,I'm Changing,Jennifer Hudson
26446,Baby It's You,Jojo
26447,POV,McFly
26448,I'll Be Loving You(Forever),New Kids On The Block
26449,I'll Be Missing You,Puff Daddy
26456,Mr. Jones,Counting Crows
26458,Not Even The King,Alicia Keys
26459,Outlaws Of Love,Adam Lambert
26464,Baby Shark,Pinkfong
26465,Havana,Camilla Cabello ft. Young Thug
26466,Bodak Yellow,Cardi B
26467,Losing My Mind,Charlie Puth
26468,I Think I'm In Love,Kat Dahlia
26469,1-800-273-8255,Logic ft. Alessia Cara & Khalid
26471,Look What You Made Me Do,Taylor Swift
26474,Bon Appetit,Katy Perry
26476,If I Believed,Patti Austin
26477,Feel It Still,Portugal The Man
26478,The Weekend,SZA
26479,Swish Swish,Katy Perry ft. Nicki Minaj
26480,Too Good At Goodbyes,Sam Smith
26482,September,Daughtry
26483,Show Me How You Burlesque,Christina Aguilera
26484,Helium,Sia
26485,"Stop, Look, Listen",Michael McDonald & Toni Braxton
26486,Take It All,Adele
26487,The Crossroads,Bone Thugs N' Harmony
26488,Waiting,Beyonce
26489,Amie,Damien Rice
26491,Half The Way,Crystal Gayle
26493,Love Me,Collin Raye
26494,I'll Be Loving You Forever,Westlife
26495,Dance For You,Beyonce
26496,Doesn't Mean A Thing,Alicia Keys
26497,Elevator,David Archuleta
26498,Enough Said,Aaliyah ft Drake
26499,Hit The Road Jack,Buster Pointdexter
26500,Thank You For The Broken Heart,J Rice
26501,Beautiful (As You),Jim Brickman And Wayne Brady
26502,Autograph,John Denver
26503,At Last,Nat King Cole
26504,Tonight's The Night (Gonna Be Alright),Rod Stewart
26506,I'm So Lonesome I Could Cry,The Everly Brothers
26507,Good Time Baby,Bobby Rydell
26509,I Get The Bag,Gucci Mane ft Migos
26510,Ready Or Not,A1
26511,Boogie Oogie Oogie,A Taste Of Honey
26515,Chubibo,Fig Newton
26516,Pure Imagination,Lou Rawls
26517,What Lovers Do,Maroon 5 ft SZA
26521,Too Much To Ask,Niall Horan
26522,Talking To Myself,Linkin Park
26523,Trap Paris,Machine Gun Kelly ft.Quavo Ty Dolla Sign
26524,Rain,The Script
26525,One More Light,Linkin Park
26528,Skyscraper,Boyce Avenue ft. Megan Nicole
26529,Vindicated,Dashboard  Confessional
26532,I Am A Good Girl,Christina Aguilera
26533,I Forgot To Be Your Lover,William Bell
26534,I Found A Boy,Adele
26535,I Miss You,Beyonce
26536,I'm Ok,Christina Aguilera
26537,How Would You Feel,Ed Sheeran
26538,Young Dumb & Broke,Khalid
26541,You And I,Petula Clark
26543,It Ain't Over 'Til It's Over,Lenny Kravitz
26546,Let It Snow,Michael Buble
26547,Let Me Blow Ya Mind,Eve ft Gwen Stefani
26548,Love To Love You Baby,Donna Summer
26550,Love You Anyway,Boyzone
26552,Inspired,Miley Cyrus
26553,Million Dollar Bill,Whitney Houston
26555,Mistletoe,Justin Bieber
26556,My Everything,Ariana Grande
26557,My Grown Up Christmas List,Kelly Clarkson
26559,On The Radio,Donna Summer
26561,Can't Help Falling In Love,Richard Marx
26562,Rapture,Blondie
26564,Mi Gente,"J Balvin, Willy William ft. Beyonce"
26565,Circle,Edie Brickel and New Bohemians
26567,Super Far,Lany
26568,I Have Questions/Crying In The Club,Camila Cabello
26572,Rockstar,Post Malone
26574,Runaway Love,Justin Bieber
26576,Seven Days,Craig David
26577,Shiver,Coldplay
26580,Sunglasses At Night,Corey Heart
26582,There Goes My Baby,Usher
26583,This Gift,98 Degrees
26585,What If,Colbie Caillat
26587,When I'm Gone,3 Doors Down
26588,Why Try,Ariana Grande
26589,Words Of Love,The Beatles
26590,Human,Craig David
26591,My Generation,Limp Bizkit
26592,Ben,Boyzone
26593,All Of My Life,Diana Ross
26595,All Around,America
26599,Stoney,Lobo
26600,Let Me Get To Know You,Paul Anka
26601,Show Me The Way,Styx
26603,Daughter Of Darkness,Tom Jones
26604,I Won't Back Down,Tom Petty & The Heartbreakers
26605,Escape (The Pina Colada Song),Rupert Holmes
26609,No Other Love,Barry Manilow
26611,He Could Be The One,Hannah Montana
26613,What Ifs,Kane Brown ft. Lauren Alaina
26620,Otherside,Red Hot Chili Peppers
26621,Pray,Sam Smith
26622,Pledging My Love,Tom Jones
26623,Tourniquet,Evanescence
26624,Gorgeous,Gene Loves Gezebel
26625,The Silent Man,Dream Theater
26628,Love Lockdown,Kanye West
26631,Bridge Of Light,Pink
26634,Heaven Can Wait,We The Kings
26635,Heaven Must Be Missing An Angel,Tavares
26639,I Do,Westlife
26640,I Only Want To Be With You,Vonda Shepard
26642,It's A Beautiful Day,Michael Buble
26643,Mesmerize,Ja Rule ft. Ashanti
26644,Your Song,Rita Ora
26645,Call It What You Want,Taylor Swift
26646,End Game,Taylor Swift Ft Ed Sheeran & Future
26647,Hearts Don't Break Round Here,Ed Sheeran
26648,Supermarket Flowers,Ed Sheeran
26652,The Game,Freakshow ft Ed Sheeran
26654,What Do I Know,Ed Sheeran
26656,Ladies Night,Kool and the Gang
26658,Missing You Now,Michael Bolton
26659,Soon,Moonpools and Caterpillars
26660,My Promise,Patti Page
26661,One Of This Day,Whitney Houston
26662,Play Hard,"David Guetta ft Ne-Yo, Akon"
26663,Where Did The Feeling Go,Air Supply
26664,When I See You Smile,Bad English
26667,I Fall Apart,Post Malone
26669,Bad At Love,Halsey
26671,First Day Out,Kodak Black
26673,Gorgeous,Taylor Swift
26675,Shadows,Westlife
26676,Some Good Things Never Last,Barbra Streisand
26677,Someone You Love,Nat King Cole
26681,There's No Gettin Over Me,Ronnie Milsap
26683,Street Beat,Toni Basil
26684,Too Little Too Late,JoJo
26687,Two Hearts,Phil Collins
26689,Bizarre Love Triangle,Frente
26690,Breed,Nirvana
26693,Until,Air Supply
26694,L.O.V.E.,Al Green
26695,Promise Me A Carousel,David Benoit
26696,She,Elvis Costello
26698,Hazy Shade Of Winter,Simon & Garfunkel
26699,She's A Lady,Tom Jones
26700,(The Man Who Shot) Liberty Valance,Gene Pitney
26701,Time For Miracles,Adam Lambert
26703,Painted Tainted Rose,Al Martino
26705,Unforgettable,French Montana ft. Swae Lee
26706,Have I Told You Lately That I Love You,Micheal Buble
26711,How Long,Charlie Puth
26713,Let Me Go,Hailee Steinfeld Alesso ft. Florida Georgia Line watt
26716,Kiwi,Harry Styles
26720,Rose Colored Boy,Paramore
26723,Mr. Moonlight,The Beatles
26724,Fake Happy,Paramore
26725,Privacy,Chris Brown
26726,Animations,Dawin
26727,No Limit,G Eazy
26728,Can I Be Him,James Arthur
26729,Gucci Gang,Lil Pump
26730,Younger Now,Miley Cyrus
26731,Tell Me You Love Me,Demi Lovato
26732,Bedroom Floor,Liam Payne
26733,New Rules,Dua Lipa
26734,Wolves,Selena Gomez ft Marshmello
26735,Personal,The Vamps
26736,Beautiful Trauma,P!nk
26739,My Girl,Dylan Scott
26740,Walk On Water,Eminem Ft. Beyonce
26742,Spanish Guitar,Toni Braxton
26746,Dusk Till Dawn,Zayn ft. Sia
26748,Almost Like Praying,Lin-Manuel Miranda
26750,Fight For Your Right,Beastie Boys
26751,A.D.I.D.A.S.,Korn
26753,Oh Lori,Alessi Brothers
26754,You Don't Have To Paint Me A Picture,Gary Lewis
26755,Who's Loving You,Jackson 5
26757,Crazy,Patsy Cline
26758,Just What I Needed,The Cars
26759,A Shoulder To Cry On,Tommy Page
26761,We Could Happen,AJ Rafael
26762,Losing Grip,Avril Lavigne
26763,River,Eminem ft. Ed Sheeran
26764,Lights Down Low,Max ft Gnash
26766,One Last Song,Sam Smith
26767,Let You Down,NF
26769,Ric Flair Drip,Offset & Metro Boomin
26771,Juju On That Beat,Zay Hilfigerr & Zayioin McCall
26773,If I Am,Nine Days
26774,Seven Years,Norah Jones
26775,Bitterness,The Wild Swans
26777,Graduation (Friends Forever),Vitamin C
26778,Plain Jane,ASAP Ferg
26779,You Don't Know My Name,Alicia Keys
26780,Hit 'Em Up Style(Oops!),Blu Cantrell
26781,Finesse Remix,Bruno Mars ft Cardi B
26782,Bartier Cardi,Cardi B ft Savage 21
26788,I Don't,Mariah Carey ft YG
26790,Meant To Be,Bebe Rexha & Florida Georgia Line
26791,Somewhere In the Middle,Dishwalla
26796,You Were Meant For Me,Jewel
26798,Stereo,America
26803,Liability,Lorde
26806,Just Like Heaven,The Cure
26808,Turn The Beat Around,Laura Branigan
26809,What About Now,Westlife
26810,Place In This World,Michael W. Smith
26811,Livin' On Love,Alan Jackson
26812,Love's Worn Out Again,America
26813,Oh Oh What A Kiss,Andy Fisher
26814,She's Got A Way,Billy Joel
26816,Devil Woman,Cliff Richards
26817,Tryin' To Get That Feeling Again,David Pomeranz
26818,Blame It On The Bossa Nova,Eydie Gorme
26819,I Can't Turn You Loose,Otis Redding
26820,Mr. Love,Connie Francis
26821,Can't Give You Anything (But My Love),The Stylistics
26822,Say Something,Justin Timberlake ft. Chris Stapleton
26824,Asian Moon,Lobo
26827,Symphony,Clean Bandit ft. Zara Larsson
26828,IDGAF,Dua Lipa
26830,Snow (Hey Oh),Red Hot Chili Peppers
26831,I Drove All Night,Roy Orbison
26833,Under The Same Sun,Scorpions
26838,God's Plan,Drake
26839,Blow Your Mind Mwah,Dua Lipa
26840,Him & I,G-Eazy & Halsey
26842,My My My,Troye Sivan
26843,Sick Boy,The Chainsmokers
26844,Lemon,N.E.R.D. ft Rihanna
26845,She Used To Be Mine,Sara Bareilles
26846,Never Gonna Let You Down,Colbie Caillat
26852,Together,Ne-Yo
26855,Someday,All 4 One
26860,Only Shadows,Sarah Bareilles
26861,Love Song,The Cure
26863,Love Buzz,Nirvana
26865,More Than A Band,Lemonade Mouth
26866,A Stranger Song,Marit Larsen
26868,We Could Be Together,Debbie Gibson
26869,Nice Piece of Art,Fm Static
26870,Sometimes Lovers,America
26871,Rockin' Robin,Bobby Day
26873,Let Me Into Your Life,Engelbert Humperdink
26874,Fly Me To The Moon,Frank Sinatra
26875,Love Is In Your Eyes,Gerard Joling
26876,Somebody Else Will,Justin Moore
26877,Afterglow,Lobo
26879,Ordinary Day,Vanessa Carlton
26880,Wait,Maroon 5
26884,Gold,Kiiara
26885,Holiday,Scorpions
26888,Miss You,Louis Tomlinson
26893,Shiver,Maroon 5
26895,Cancer,Twenty One Pilots
26897,Skyway Avenue,We The Kings
26898,Hurts So Good,Astrid S
26900,Sky Walker,Miguel ft Travis Scott
26901,Capital Letters,Hailee Steinfeld ft BloodPop
26902,For You,Rita Ora & Liam Payne
26903,No Drama,Tinashe
26905,Love Lies,Khalid & Normani
26906,When Doves Cry,Prince
26908,Pray For Me,The Weeknd & Kendrick Lamar
26909,Too Good,Drake Ft. Rihanna
26910,7th Element,Vitas
26911,Psycho,Post Malone ft. Ty Dolla Sign
26912,Look Alive,BlocBoy JB & Drake
26914,Lie To Me,Brook Benton
26915,Never Enough,Loren Allred
26918,One Last Kiss,Bobby Vee
26919,Old Friends,Jasmine Thompson
26920,Vultures,John Mayer
26921,Private Number,Judy Clay & William Bel
26922,No One Else Like You,Adam Levine
26923,On The Radio,Donna Summer
26925,Sunday Morning,No Doubt
26926,The Way I Am,Ingrid Michaelson
26928,Thinkin' Bout You,Frank Ocean
26930,After All,Peter Cetera and Cher
26932,Better Off Alone,Marie Digby
26933,Don't Stop,Fleetwood Mac
26935,You Make Me Feel So Young,Ella Fitzgerald
26936,Two Different Worlds,Engelbert Humperdink
26937,Don't Let The Sun Catch You Crying,Gary and the Pacemakers
26940,Whispers In The Wind,Lobo
26941,You're All I Ever Need,Lobo
26942,I See The Light (from Tangled),Mandy Moore & Zachary Levi
26943,My Friend My Friend,Matt Monro
26944,Ramblin' Rose,Nat King Cole
26945,I'd Never Find Another You,Paul Anka
26946,Photograph,Ringo Starr
26947,Up On The Roof,The Drifters
26950,No Tears Left To Cry,Ariana Grande
26952,Mine,Bazzi
26954,You Were Mine,Dixie Chicks
26956,From Now On,Hugh Jackman & The Greatest Showman Ensemble
26957,Better With You,Jesse McCartney
26958,Heaven,Kane Brown
26959,This Is Me,Keala Settle & The Greatest Showman Ensemble
26960,Tightrope (from The Greatest Showman),Michelle Williams
26963,On The Loose,Niall Horan
26965,New Freezer,Rich The Kid ft Kendrick Lamar
26966,Plug Walk,Rich The Kid
26968,The Ocean,Mike Perry ft Shy Martin
26969,Sad,XXXTENTACION
26970,Outside Today,YoungBoy Never Broke Again
26971,Ain't My Fault,Zara Larsson
26972,Gave It All Away,Boyzone
26973,Another Day,Dream Theater
26975,All We Know,The Chainsmokers ft Phoebe Ryan
26976,I Am... I Said,Neil Diamond
26977,Scars To Your Beautiful,Alessia Cara
26978,A Million Dreams (Reprise),Cameron Seely & Hugh Jackman
26979,All The Stars,Kendrick Lamar ft SZA
26980,The Middle,Zedd ft Maren Morris Grey
26981,Be Careful,Cardi B
26982,I Wish,Cher Lloyd ft T J
26985,Freaky Friday,Lil Dicky
26986,No Excuses,Meghan Trainor
26987,Delicate,Taylor Swift
26989,Selfie,The Chainsmokers
26990,Wild Things,Alessia Cara
26992,Casablanca,Bertie Higgins
26993,Best Part,Daniel Caesar
26994,It Matters To Me,Faith Hill
26996,Pink Skies,LANY
26997,Trust Fund Baby,Why Don't We
26998,Remember Me (Lullaby) (from Coco),Gael Garcia Bernal
26999,Remember Me (Duo) (from Coco),Miguel ft Natalia Lafourcade
27001,Wonderland,Taylor Swift
27005,Why,Andra
27008,Most People Are Good,Luke Bryan
27009,Changes,XXXTENTACION
27010,Yeah Boy,Kelsea Ballerini
27012,She Loves Me (The Best That I Can Be),James Ingram
27013,The Way I Are,Timbaland
27017,Someone To Love Me (The Prisoners Song),Brenda Lee
27021,Jennifer,Bobby Sherman
27022,Who's Sorry Now,Connie Francis
27024,What The World Needs Now,Jackie DeShannon
27025,Ya Ya,Lee Dorsey
27027,In My Blood,Shawn Mendes
27030,This Song Saved My Life,Simple Plan
27031,Solo Dance,Martin Jensen
27032,Moonlight,XXXTentacion
27033,Sweet Dreams,Andra & Mara
27034,Killing An Arab,The Cure
27035,Marry Me,Thomas Rhett
27036,Zip Zip,The Diamonds
27037,Hey Stephen,Taylor Swift
27038,It's Gotta Be You,Isaiah
27039,King's Dead,Jay Rock Kendrick Lamar Future
27040,LUV,Tory Lanez
27041,Walk It Talk It,Migos ft Drake
27042,Never Be the Same,Camila Cabello
27043,Bernadine,Pat Boone
27046,Empire State of Mind,Alicia Keys
27047,I Drove All Night,Celine Dion
27048,Goodnight My Love,Gloria Estefan
27049,It's Over,Jesse McCartney
27050,You Don't Own Me,Lesley Gore
27051,Hair Too Long,The Vamps
27052,Call Out My Name,The Weeknd
27053,Want You Back,5 Seconds Of Summer
27055,Honey Bee,Blake Shelton
27059,Hosanna,Hillsong United
27061,Make It To Me,Sam Smith
27064,All I Wanna Do,Martin Jensen
27066,Under The Sun,Cheryl Cole
27067,Down,Marian Hill
27068,Let Me,ZAYN
27069,Crush Crush Crush,Paramore
27070,Patience,Shawn Mendes
27071,Ashes,Celine Dion
27072,Never Gonna Let You Go,Faith Evans
27079,Come Dance With Me,Michael Buble
27081,Peaceful Easy Feeling,The Eaqles
27082,Don't Forget Me,Captain & Tennille
27083,Go Chase A Moonbeam,Jerry Vale
27085,Life Will Go On,Barry Manilow
27086,If I Give My Heart To You,Doris Day
27087,Pledging My Love,Elvis Presley
27088,Now I Know,Jack Jones
27090,I'll Know Her,Matt Monro
27091,The Song Of My Life,Petula Clark
27092,I'll Be There For You,The Rembrandts
27093,This Is Day,The The
27094,Special Girl,America
27095,We Got the Beat,The Go Go's
27096,Would,Alice In Chains
27097,Not Today,Imagine Dragons
27099,Vulnerable,Secondhand Serenade
27100,Ocean Avenue,Yellowcard
27101,Crush,Yuna ft Usher
27102,Don't Let Me Be Yours,Zara Larsson
27105,Like That,Kris Wu
27107,You Are The Reason,Calum Scott and Leona Lewis
27108,Start Again,OneRepublic ft Logic
27109,Sangria Wine,Pharrell Williams ft. Camila Cabello
27110,Anywhere,Rita Ora
27111,Entertainer,ZAYN
27112,Don't Go Breaking My Heart,Backstreet Boys
27113,Move To Miami,Enrique Iglesias
27114,Paranoid,Lauv
27115,Girls Like You,Maroon 5 ft Cardi
27116,Rich Sex,Nicky Minaj ft Lil Wayne
27118,Lose It,Kane Brown
27121,Lead Me To The Cross,Hillsong United
27123,Disconnected,The Red Jumpsuit Apparatus
27124,Demons,Boyce Avenue ft. Jennel Garcia
27125,Remember To Breathe,Dashboard Confessional
27126,This Town,Kygo ft. Sasha Sloan
27127,Oops,Little Mix ft Charlie Puth
27129,Walk Away,Paula Deanda
27130,Right Girl,The Maine
27131,Mercy,Brett Young
27132,Speechless,Dan + Shay
27133,My Pictures Of You,The Cure
27134,Girls,"Rita Ora ft. Cardi B, Bebe Rexha & Charli XCX"
27135,Us,James Bay
27138,Just As Long As We Have Love,The Spinners
27147,Hooked,Why Don't We
27148,Forever Always,Peter CottonTale ft. Chance The Rapper Rex Orange
27149,Nervous,Shawn Mendes
27151,God Is A Woman,Ariana Grande
27154,Whatever It Takes,Imagine Dragons
27155,All I Have To Do Is Dream,Everly Brothers
27156,The Light Is Coming,Ariana Grande ft. Nicki Minaj
27158,I Like It,"Cardi B, Bad Bunny & J Balvin"
27159,BOY,Charlie Puth
27160,Happily Ever After,David Choi
27161,Bood Up,Ella Mai
27162,Lucid Dreams,Juice Wrld
27163,Say Amen,Panic! At The Disco
27164,One Kiss,Calvin Harris ft Dua Lipa
27165,Solo,Clean Bandit ft Demi Lovato
27166,Powerglide,Rae Sremmurd
27167,Tequila,Dan + Shay
27170,BED,Nicki Minaj feat Ariana Grande
27171,Back To You,Selena Gomez
27173,Christ Is Enough,Hillsong
27175,Cherish This Love,A1
27177,Simple,Florida Georgia Line
27182,Youngblood,5 Seconds Of Summer
27183,We Both Know,Colbie Caillat ft Gavin DeGraw
27184,Sober,Demi Lovato
27185,In My Feelings (Kiki Do You Love Me),Drake
27190,Alone At Last,Neil Sedaka
27191,Better Now,Post Malone
27192,Attention,Post Malone ft Drake
27195,Don't Forget I Still Love You,Bobbi Martin
27196,Losing You,Brenda Lee
27197,This Diamond Ring,Gary Lewis and the Playboys
27200,Bailando (English),"Enrique Iglesias ft Sean  Paul,  Descemer Bueno, Gente de Zona"
27201,Maybe This Year,Edna Savage
27202,From Here To Eternity,Frank Sinatra
27203,Something's Gotten Hold Of My Heart,Gene Pitney
27204,Stuck With You,Huey Lewis & The News
27205,Love Is What We Make It,Kenny Rogers
27207,I Love The Little Things,Matt Monro
27208,I Really Don't Know Anymore,Christopher Cross
27209,Someone To Love Me,Brenda Lee
27211,Rise,Jonas Blue ft. Jack & Jack
27214,Gaga,Nar Cabico
27215,Now & Later,Sage The Gemini
27216,Babe,Sugarland ft Taylor Swift
27217,2002,Anne-Marie
27218,Better With You,Austin Mahone
27219,Summertime Magic,Childish Gambino
27220,Nice For What,Drake
27222,Thru These Tears,LANY
27224,All I Ever Need,Austin Mahone
27225,Quicksand,Bridgit Mendler
27226,My Gospel,Charlie Puth
27227,Travellin' Light,Cliff Richard
27228,No Brainer,"DJ Khaled ft Justine Bieber, Chance the Rapper, Quavo"
27229,Work Song,Hozier
27230,Natural,Imagine Dragons
27231,Real Life,Jake Owen
27234,Summer Fever,Little Big Town
27235,My Story,Loren Gray
27236,Ocean,Martin Garrix ft Khalid
27240,Taste,Tyga ft Offset
27241,FEFE,6IX9INE ft. Nicki Minaj
27242,Breathin',Ariana Grande
27247,Let You Be Right,Meghan Trainor
27248,Reggaeton Lento (Remix),"CNCO, Little Mix"
27249,Talk,Why Don't We
27250,I Believe,DJ Khaled ft. Demi Lovato
27253,Still Crazy After All These Years,Paul Simon
27257,In Our Hands,David Pomeranz
27258,Fools Fall In Love,Jacky Ward
27267,Run To You,Bryan Adams
27269,Laughing On The Outside (Crying On The Inside),Nat King Cole
27270,I Miss You So,Paul Anka
27273,Clouds,Any Name's Okay
27274,Fantasy,Anya Marina
27275,Beautiful,Bazzi ft.Camila
27279,I Know How To Love,Kara Hesse
27280,FRIENDS,Marshmello & Anne-Marie
27281,Caught In The Middle,Paramore
27282,Just My Type,The Vamps
27285,I Believe In You And Me,Whitney Houston
27286,I'll Always Be Grateful,A House
27287,Se Vuelve Loca,CNCO
27288,Welcome To The Party,"Diplo, French Montana & Lil Pump ft Zhavia Ward"
27289,Rap Devil(Eminem Diss),Machine Gun Kelly
27290,I'm A Mess,Bebe Rexha
27291,High Hopes,Panic At The Disco
27294,Eastside,Benny Blanco Halsey & Khalid
27297,Candy Paint,Post Malone
27298,Thanks To You,Richard Marx
27301,Real Friends,Camila Cabello
27302,Lake Effect Kid,Fall Out Boy
27306,The Last Goodbye,Atomic Kitten
27307,When You Love A Woman,Journey
27312,Head Above Water,Avril Lavigne
27314,Heatsroke,"Calvin Harris ft. Young Thug, Ariana Grande, Pharrell Williams"
27315,Bad And Boujee,Migos ft. Lil Uzi Vert
27320,The Shadow Of Your Smile,Matt Monro
27327,Follow Me (Dj Homicide Remix),Uncle Kracker
27329,Light Of A Clear Blue Morning,Dolly Parton
27330,Warm,Johnny Mathis
27333,Power Of Two,Indigo Girls
27334,GTFO,Mariah Carey
27335,Moonlight,Ariana Grande
27336,Hero Heroine,Boys Like Girls
27337,Without Me,Claire Marlo
27338,"If You Need To, Keep Time On Me",Fleet Foxes
27349,Feels,"Calvin Harris, Pharrell Williams, Katy Perry"
27350,Best Hugs,DRAM
27352,All I Am,Jess Glynne
27353,If You See Her,Lany
27354,Everybody Dies,Logic
27355,Lucky You,Eminem
27356,This Feeling,The Chainsmokers ft. Kelsea Ballerini
27358,Without Me,Halsey
27359,Thunderclouds,"LSD ft. Sia, Diplo, Labrinth"
27361,The Way I Am,Charlie Puth
27362,ZEZE,Kodak Black ft Travis Scott & Offset
27367,1901,Birdy
27369,Love Me Now,John Legend
27370,Is That Alright,Lady Gaga
27371,Mariners Apartment Complex,Lana Del Rey
27372,Malibu Nights,Lany
27374,Owner Of My Heart,Sasha
27375,Best I'll Ever Be (Piano),Sister Hazel
27376,Naked,James Arthur
27378,Always Remember Us This Way,Lady Gaga
27379,Deliver,Fifth Harmony
27380,There's No Way,Lauv
27382,You Belong With Me,Taylor Swift
27383,I'll Never Love Again,Lady Gaga
27386,People,Barbra Streisand
27389,Christmas Lights,Coldplay
27394,Last Young Renegade,All Time Low
27395,Skinny Love,Birdy
27396,Smile,Daniel Skye
27398,"Thank You, Next",Ariana Grande
27400,Baby,Clean Bandit ft Marina Luis Fonsi
27401,Taki Taki,"DJ Snake ft. Selena Gomez, Ozuna & Cardi B"
27402,XO Tour Llif3,Lil Uzi Vert
27403,Sun In Our Eyes,M0 Diplo
27404,Level Up,Ciara
27405,Trust Nobody,"Cashmere Cat ft Selena Gomez, Tory Lanez"
27408,Falling Down,Lil Peep & XXXTENTACION
27409,Wake Up In The Sky,Gucci Mane Bruno Mars Kodak Black
27423,Only Love,Jordan Smith
27425,The Beginning,One Ok Rock
27427,As You Are,Charlie Puth feat. Shy Carter
27428,Trip,Ella Mai
27430,I Don't Wanna Love You Anymore,LANY
27432,Not A Damn Thing Changed,Lukas Graham
27433,With You,Mariah Carey
27434,MIA,Bad Bunny ft. Drake
27435,Shoud've Kissed You,Chris Brown
27438,Dip,Tyga ft. Nicki Minaj
27439,The Lorelei,Jack Jones
27440,On The Street Where You Live,Nat King Cole
27441,The Very Thought Of You,Ella Fitzgerald
27442,Sylvia,Elvis Presley
27446,Consequences,Camila Cabello
27447,Cast The Spirit,America
27448,Nobody Loves Me Like You Do,Anne Murray
27449,Poor Shirley,Christopher Cross
27451,Call Me Irresponsible,Michael Buble
27454,Beautiful Day,U2
27455,New Man,Ed Sheeran
27456,Strange Birds,Birdy
27459,Chances,Backstreet Boys
27460,Ring,Cardi B ft. Kehlani
27461,"Sit Still, Look Pretty",Daya
27462,Strip,Little Mix ft Sharaya J
27463,1999,Charli XCX & Troye Sivan
27464,Sweetener,Ariana Grande
27465,I Love It,Kanye West  Lil Pump ft. Adele Givens
27466,Woman Like Me,Little Mix ft. Nicki Minaj
27468,Lost In Japan,Shawn Mendes
27469,8 Letters,Why Don't We
27470,Do You Really Want Me,Robyn
27471,Don't Push Me,Sweetbox
27472,Don't Mess With My Love,M2M
27473,Turn It Off,Paramore
27474,Stay Close Don't Go,Secondhand Serenade
27475,Hold Me Twice,FM Static
27476,Drive (For Daddy Gene),Alan Jackson
27477,What Good Is A Heart,Code Red
27478,Tell Her You Love Her,Echosmith
27480,Secret Love,JoJo
27481,No Pressure,Justin Bieber ft. Big Sean
27485,Cinderella,Steven Curtis Chapman
27486,U Cry,Tyga
27487,Valentine,Five Seconds Of Summer
27488,Back To The 80's,Aqua
27489,Money,Cardi B
27490,More Than Friends,Jason Mraz ft. Meghan Trainor
27492,Drip Too Hard,Lil Baby & Gunna
27493,Happier,Marshmello and Bastille
27494,Going Bad,Meek Mill ft. Drake
27496,Staying Up,Matoma & The Vamp
27497,Mo Bamba,Sheck Wes
27498,Forever Blue,Swing Out Sisters
27499,Sweets For My Sweet,The Drifters
27500,Green Grass,Gary Lewis & The Playboys
27501,The Voice Of Love,Johnny Nash
27502,Back In My Arms Again,The Supremes
27504,Never Ending Song Of Love,Delaney & Bonnie & Friends
27505,Part Time Love,David Gates
27506,Sad Songs (Say So Much),Elton John
27507,99 Red Balloons,Nena
27508,Yours,Engelbert Humperdinck
27511,My Love And Devotion,Matt Monro
27512,This Never Happened Before,Paul McCartney
27513,Heatwave,Phil Collins
27514,Terrible Love,Birdy
27515,When I Find Love Again,James Blunt
27516,I Swear This Time I Mean It,Mayday Parade
27517,Sometimes Always,The Jesus & Mary Chain
27518,0.535416667,The Strokes
27520,Viva Las Vegas,Aqua
27521,7 Rings,Ariana Grande
27522,When I Was Older,Billie Eilish
27523,The Ringer,Eminem
27524,The Model,Kraftwerk
27525,Hope Is A Dangerous Thing For A Woman Like Me To Have,Lana Del Rey
27526,Switch It Up,Lavaado
27527,BAILA BAILA BAILA,Ozuna
27528,Sunflower,Post Malone & Swae Lee
27529,Prelude/The Sound of Music,Julie Andrews
27530,The Way I Are,Bebe Rexha ft. Lil Wayne
27531,Promises,Calvin Harris & Sam Smith
27532,You're No Good,Linda Ronstadt
27533,Juice,Lizzo
27535,When The Party's Over,Billie Eilish
27536,"Dear Maria, Count Me In",All Time Low
27537,Killing Ourselves To Live,Halestorm
27539,Summer Love,One Direction
27540,American Girl,Bonnie Mckee
27541,I'll Do Anything,Jason Mraz
27542,I Found You,"Benny Blanco, Calvin Harris & Miguel"
27543,Undecided,Chris Brown
27544,Stay With Me,Colbie Caillat
27545,Butterfly Doors,Lil Pump
27548,Knots,Nieman & Moira
27549,No Matter What,Calum Scott
27550,Satisfaction,ZAYN
27551,Wow,Post Malone
27552,Dancing With A Stranger,Sam Smith & Normani
27553,Pale Shelter,Tears For Fears
27555,Sha La La (Make Me Happy),Al Green
27556,You Send Me,Sam Cooke
27557,Lollipop,The Chordettes
27558,Let's Dance,Chris Montez
27559,409,The Beachboys
27560,Rosemary Blue,Neil Sedaka
27561,Ruby Baby,Dion and the Belmonts
27562,Rewrite The Stars,Zac Efron & Zendaya
27563,A Million Dreams,The Greatest Showman
27564,The Greatest Show,The Greatest Showman Cast
27565,Hurry Up This Way Again,The Stylistics
27567,It's A Long Way To The Top,AC/DC
27568,Sail Around The World,David Gates
27570,You're Breaking My Heart,Joni James
27573,It's All In The Game,Nat King Cole
27575,I Want To Hold You In My Dreams Tonight,Stella Parton
27576,The American Heartbeat,Survivor
27578,40 Boys In 40 Nights,The Donnas
27579,Lightning Bolt,Jake Bugg
27580,Empty Space,James Arthur
27581,Talk,Khalid
27582,Please me,Cardi B ft Bruno Mars
27583,Con Calma,Daddy Yankee & Snow
27584,Swan Song,Dua Lipa
27585,I'm So Tired,Lauv & Troye Sivan
27587,Chlorine,Twenty One Pilots
27589,Hard White,Nicki Minaj
27590,Check On It,"Beyonce ft Bun B, Slim Thug"
27592,Middle Child,J. Cole
27593,Preach,John Legend
27595,Hello My Love,Westlife
27597,Big Plans,Why Don't We
27598,Hero,Family Of The Year
27599,Say It Again,Marie Digby
27600,Together,Ne-yo
27601,Out Of My League (Piano),Stephen Speaks
27602,Somebody Out There,A Rocket To The Moon
27603,Needy,Ariana Grande
27605,Must've Never Met You,Luke Combs
27606,Planes,Yuna
27608,Break Up With Your Girlfriend I'm Bored,Ariana Grande
27609,Haven't We Met,Kenny Rankin
27611,Thick And Thin,LANY
27612,Lie To Me,5SOS
27613,Sad Song,We The Kings
27614,Electricity,"Silk City &Dua Lipa ft Diplo, Mark Ronson"
27615,If You Could read My Mind,Starz on 54
27616,Sun Comes Up,Rudimental ft James Arthur
27617,Lovin' On A Borrowed Time,William Bell
27619,Cradle,Atomic Kitten
27622,When Susannah Cries,Espen Lind
27623,Moon Glow,Rod Stewart
27624,Love City,Sergio Mendes
27625,Portrait of My Love,Steve Lawrence
27627,Penguin's Game,Gelato
27628,Your World And My World,Albert Hammond
27630,Say You'll Be Mine,Christopher Cross
27639,Shut Up,Greyson Chance
27640,You Sexy Thing,Hot Chocolate
27641,Sucker,Jonas Brothers
27642,All The Ways,Meghan Trainor
27643,No More Sad Songs,Little Mix ft. Machine Gun Kelly
27645,Who Do You Love,The Chainsmokers ft. 5 Seconds Of Summer
27646,Waiting For Your Love,Toto
27647,Look Back At It,A Boogie Wit Da Hoodie
27648,Feel Something,Adam Lambert
27650,Bloodline,Ariana Grande
27651,Fake Smile,Ariana Grande
27652,Thotiana,Blueface ft Cardi B
27653,Me Myself & I,G-Eazy feat Bebe Rexha
27654,I Guess I Just Feel Like,John Mayer
27656,Middle Of The Night,The Vamps ft Martin Jensen
27659,The Bones,Maren Morris
27661,More Love,Kim Carnes
27665,Better Than Me,Hinder
27666,Love You Anymore,Michael Buble
27671,Speedy Gonzales,Pat Boone
27672,Badfish,Sublime
27674,NASA,Ariana Grande
27675,Bury A Friend,Billie Eillish
27676,I've Been Waiting,Lil Peep & ILoveMakonnen ft. Fallout Boy
27677,Keanu Reeves,Logic
27678,Silence,Marshmello ft. Khalid
27681,365,Zedd Katy Perry
27682,Clout,Offset ft Cardi B
27685,Come On To Me,Paul McCartney
27686,You Are,Charlie Wilson
27687,All Over The Road,Easton Corbin
27691,Oh Me Oh My,Tina Arena
27693,That Don't Impress Me Much,Shania Twain
27694,I Need You (That Thing You Do),The Wonders
27695,When We Say,AJ Rafael
27696,Hollywood Waltz,Eagles
27697,I'm Different,2 Chainz
27698,Swervin,A Boogie Wit Da Hoodie ft. 6ix9ine
27699,Imagine,Ariana Grande
27701,Leave Me Alone,Flipp Dinero
27702,Tell Me How You Feel,Joy Enriquez
27703,Old Town Road (Remix),Lil Nas X ft Billy Ray Cyrus
27705,Pretend,CNCO
27706,Me!,Taylor Swift ft. Brendon Urie
27707,Love My Way,The Psychedelic Furs
27710,Bad Guy,Billie Eilish
27714,One Less Day,Rob Thomas
27715,I Loved You,Blonde ft Melissa Steel
27716,Jumping On A Jet,Future
27719,No Place,Backstreet Boys
27720,Be Somebody,Boyce Avenue
27722,Anxiety,Julia Michaels ft Selena Gomez
27724,Someone You Loved,Lewis Capaldi
27727,Spirits,The Strumbellas
27728,Put You in a Song,Keith Urban
27730,Candy Shop,50 Cent
27731,Lovely,Billy Eillish with Khalid
27732,Bad Things,Machine Gun Kelly & Camilla Cabello
27735,Think About Us,Little Mix ft Ty Dollar Sign
27736,Hustle,Pink
27737,High Hope,S.O.S. Band
27742,Just Because,Anita Baker
27743,Blue Moon,Rod Stewart
27744,Miracle,Celine Dion
27748,I Don't Care,Ed Sheeran ft Justin Bieber
27750,Let There Be Love,Bee Gees
27751,All Right,Christopher Cross
27753,Oh No,Lionel Richie
27754,Answer Me,Nat King Cole
27755,Death On Two Legs,Queen
27757,Change The World,Westlife
27758,If I Can't Have You,Yvonne Elliman
27759,Rhythm Of My Heart,Rod Stewart
27760,So Am I,Ava Max
27762,Blame It On My Youth,Blink-182
27764,Triggered,Jhene Aiko
27765,Tempo,Lizzo ft Missy Elliot
27768,Hands Up,Ottawan
27770,Wooden Heart,Elvis Presley
27771,A Whole New World,ZAYN Zhavia & Ward
27772,SOS,Avicii ft Aloe Blacc
27774,Summer Days,Martin Garrix ft Macklemore & Fall Out Boy
27776,Be Alright,Dean Lewis
27777,All You Good Friends,Kevin Simm
27779,Do You Wanna,Modern Talking
27780,Remember I Told You,"Nick Jonas ft Anne Marie, Mike Posner"
27781,On Top of the World,Boys Like Girls
27782,Move On,Mike Posner
27784,Fool's Gold,One Direction
27785,Stuck Like Glue,Sugarland
27786,Goddamn,Tyga
27787,Doom Days,Bastille
27789,Bellyache,Billie Eilish
27790,Ocean Eyes,Billie Eilish
27791,Grow Young,Brynn Cartelli
27792,After The Afterparty,Charli XCX ft Lil Yachty
27793,Fall In Line,Christina Aguilera ft. Demi Lovato
27794,Sixteen,Ellie Goulding
27795,Slide,French Montana ft. Blueface & Lil' Tjay
27796,Don't Call Me Up,Mabel
27797,He Like That,Fifth Harmony
27800,Love At Second Sight,David Foster and Vicky Moss
27801,In Love Alone,Dionne Warwick
27802,Holding Out Hope To You,Michael English
27803,Hope You Love Me Like You Say You Do,Huey Lewis and the News
27805,Puzzle Of My Heart,Westlife
27806,Where You Are,Whitney Houston
28011,idontwannabeyouanymore,Billy Eilish
28014,Fraulein,Hank Locklin
28015,I Told You So,Carrie Underwood & Randy Travis
28016,I'll Fall In Love Again,Lani Hall
28017,Everything's Okay,Lenka
28018,Easier,5 Seconds Of Summer
28019,Copycat,Billie Eilish
28020,Do You Miss Me,Jocelyn Enriquez
28021,Cross Me,Ed Sheeran ft Chance The Rapper & PnB Rock
28022,Rodeo,"Lil Nas X, Cardi B"
28023,Bounce Back,Little Mix
28024,Homicide,Logic ft. Eminem
28025,Love Someone,Lukas Graham
28026,Speechless,Naomi Scott
28028,Senorita,"Shawn Mendes, Camila Cabello"
28029,Calypso,John Denver
28031,I Can't Get Enough,Benny Blanco Tainy Selena Gomez J Balvin
28032,No Guidance,Chris Brown feat Drake
28034,Good As Hell,Lizzo
28036,Cool,Jonas Brothers
28037,No Walls No Ceiling No Floors,Orsa Lia
28038,One More Time,Kenny G ft Chante Moore
28039,I Fought The Law,Bobby Fuller Four
28042,You Make It Easy,Jason Aldean
28043,Robbery,Juice WRLD
28044,She Got The Best Of Me,Luke Combs
28045,Love Me Anyway,Pink
28048,Bad Idea,Ariana Grande
28050,First Love,Kristy Mc Nichol & Christopher Atkins
28051,Zero,Imagine Dragons
28052,Only Human,Jonas Brothers
28053,Never Really Over,Katy Perry
28054,Panini,Lil Nas X
28055,Two Of Us,Louis Tomlinson
28056,Amor Genuino,Ozuna
28058,You Need To Calm Down,Taylor Swift
28059,So Big,Iyaz
28062,A Woman In Love,Kasey Cisyk
28063,Home,Barbra Streisand
28065,Land Of The Loving,David Benoit
28066,The Day I Fall In Love,James Ingram and Dolly Parton
28068,I'm Your Man,Michael Buble
28069,A Tear Fell,Teresa Brewer
28081,Heart Hotels,Dan Fogelberg
28082,This Must Be Love,David Foster
28084,Man On Your Mind,Little River Band
28088,Put A Little Love Away,Sergio Mendez
28090,What's Forever For,England Dan & John Ford Coley
28091,I Promise,Radiohead
28092,Heartlight,Neil Diamond
28093,Spirit (from Disney's The Lion King),Beyonce
28094,Act Up,City Girls
28095,Suge (Yea Yea),DaBaby
28096,Cha Cha Cha,Finzi Contini
28098,Earth,Lil Dicky
28099,Candy,Machine Gun Kelly
28100,Paradise,Bazzi
28101,Same Blood,Aloe Blacc
28103,Be Nice,The Black Eyed Peas ft. Snoop Dogg
28104,Truth Hurts,Lizzo
28106,Brown Skin Girl,Beyonce SAINt JHN Wizkid
28107,Beautiful People,Ed Sheeran feat Khalid
28108,Remember The Name,Ed Sheeran ft Eminem 50 Cent
28110,Mamacita,Jason Derulo ft Farruko
28113,MEGATRON,Nicki Minaj
28114,Hang,Matchbox 20
28115,I.F.L.Y.,Bazzi
28116,Best Part Of Me,Ed Sheeran ft Yebba
28117,Comethru,Jeremy Zucker
28118,Uh Huh,Julia Michaels
28119,Better Luck Next Time,Kelsea Ballerini
28120,Going Going Gone,Maddie Poppe
28121,Kody,Matchbox 20
28122,Money In The Grave,Drake ft Rick Ross
28123,Antisocial,Ed Sheeran & Travis Scott
28124,Hate Me,Ellie Goulding ft. Juice Wrld
28125,I Did It For Your Love,Glen Frey
28127,I Didn't Mean To Love You,Helen Reddy
28128,One Thing Right,Marshmello x Kane Brown
28130,Pure Water,"Mustard, Migos"
28131,Angel,Fifth Harmony
28132,Goodbyes,Post Malone ft. Young Thug
28134,A Pub With No Beer,Slim Dusty
28137,That's All,Michael Buble
28139,"December, 1963 (Oh What a Night)",The Four Seasons
28159,My Heart Belongs To Me,Barbra Streisand
28162,"Lady, Lady, Lady",Joe Esposito
28164,Desiree,Neil Diamond
28165,If You Go Away,Tom Jones
28166,I'll Remember You,Atlantic Starr
28167,Atlantis Is Calling(S.O.S For Love),Modern Talking
28170,You Were There For Me,Crystal Gayle
28172,I Wasn't The One Who Say Goodbye,Peter Cetera & Agnetha
28174,Can You Feel The Love Tonight,"Beyonce, Donald Glover"
28175,"F*ck, I'm Lonely",Lauv ft Anne Marie
28176,Throw It Back,Missy Elliott
28177,Only Friends,The Lettermen
28179,How Do You Sleep,Sam Smith
28181,Won't Be Late,"Swae Lee, Drake"
28183,It All Comes Out In The Wash,Miranda Lambert
28185,Girls Need Love,Summer Walker with Drake
28186,Lover,Taylor Swift
28187,And I Love You So (1970),Don Mclean
28188,That's When I Think Of You,1927
28190,Blow,Ed Sheeran With Chris Stapleton And Bruno Mars
28192,The Archer,Taylor Swift
28198,Find You Again,Mark Ronson ft Camilla Cabello
28199,Hot Girl Summer,Megan Thee Stallion ft. Nicki Minaj & Ty Dolla Sign
28200,Run Like The River,Meghan Trainor
28201,Circles,Post Malone
28204,Magnetic Moon,Tiffany Young
28205,Tomorrow Never Dies,Sheryl Crow
28206,I Wish,Stevie Wonder
28207,All Comes Back To You,Tina Charles
28208,Waiting For Love,Sergio Mendes
28210,All My Love,Cliff Richard
28211,Winter World Of Love,Engelbert Humperdinck
28216,I Am What I Am,Gloria Gaynor
28222,Let It Snow,Christina Perri
28223,But Beautiful,Bing Cosby
28224,Coming Around Again,Carly Simon
28225,Many A Mile,Collin Raye
28226,Sweetheart,Engelbert Humperdinck
28228,Thief In Paradise,Fra Lippo Lippi
28231,A Thousand Stars In The Sky,Kathy Young & The Innocents
28232,I Must Be Dreaming,Neil Sedaka
28233,The Greatest Gift Of All,Kenny Rogers & Dolly Parton
28234,Lipstick and Candy and Rubbersole Shoes,Julius La Rosa
28235,It's Not Goodbye,Laura Pausini
28236,1901,Phoenix
28237,True Love Waits,Radiohead
28239,Honest,The Chainsmokers
28240,There Is A Light that Never Goes Out,The Smiths
28241,Sleigh Ride,Johnny Mathis
28243,Teeth,5 Seconds Of Summer
28245,Dont Call Me Angel,"Ariana Grande, Miley Cyrus, Lana Del Rey"
28246,Have Yourself A Merry Little Christmas,Christina Perri
28247,Whatchamacallit,"Ella Mai, Chris Brown"
28248,Hurt Me,Meghan Trainor
28249,Nirvana,Sam Smith
28250,Please Come Home For Christmas,Bon Jovi
28252,Break This Down,From Descendats 3
28253,I'll Hurt You,Busta Rhymes feat Eminem
28254,Graveyard,Halsey
28256,Poetry In Motion,Johnny Tillotson
28257,Memories,Maroon 5
28260,O Come All Ye Faithful,David Archuleta
28262,Don't Check On Me,"Chris Brown Ft. Justine Bieber, Ink"
28265,Civil War,Russ
28266,I'll Be Back Someday,Tegan and Sara
28270,Pyro,Kings Of Leon
28273,Carry Me Away,John Meyer
28276,Small Talk,Katy Perry
28277,Gone,Nelly ft. Kelly Rowland
28278,Motivation,Normani
28279,Hollywood's Bleeding,Post Malone
28284,I'll Never Smile Again,Frank Sinatra with the Pied Pipers
28285,Too Young,Nat King Cole
28287,Catch a Falling Star,Perry Como
28288,Christmas Is My Favorite Time of The Year,Kenny Rogers
28290,Boys Will Be Boys,Dennis Deyoung
28292,Everyday Of My Life,Bobby Vinton
28293,One Love,Carpenters
28296,He Stopped Loving Her Today,George Jones
28297,I'm In The Mood For Love,Nat King Cole
28299,Match Made In Heaven,Mohombi
28301,For The Good Times,Perry Como
28302,Steal Away,Robbie Dupree
28304,Darkside,Blink 182
28305,In Case You Didn't Know,Brett Young
28306,Dirt We Were Raised On,Jason Aldean
28307,My Heart Is A Bar,Old Dominion
28308,PNB Rock,Fendi ft. Nicki Minaj & Murda Beatz
28309,Notice,Thomas Rhett
28310,I Will Reach You,Westlife
28311,When I Dream,Crystal Gayle
28315,Take What You Want,"Post Malone ft Ozzy Osbourne, Travis Scott"
28316,Clementine,Halsey
28317,By My Lonely,Kevin Gates
28318,Feelings,Lauv
28319,Love Again,New Hope Club
28320,Trampoline,Shaed with Zayn
28321,If I Can't Have You,Shawn Mendes
28324,Writing On The Wall,French Montana feat Cardi B Post Malone
28327,Harleys In Hawaii,Katy Perry
28329,My Type,Saweetie
28330,Leave Out All The Rest,Linkin Park
28335,Envy Me,Calboy
28336,Dreams,Fleetwood Mac
28337,Time In A Bottle,Jim Croce
28338,You Don't Own Me,Kristin Chenoweth ft. Ariana Grande
28341,Die For Me,Post Malone ft. Halsey and Future
28344,Autumn Leaves,Ed Sheeran
28346,Paper Roses,Anita Bryant
28347,You and Me,Dough Phillips
28349,Sam,Olivia Newton John
28360,I'm Living In The Shadow Of Your Memory,Gary Paxton
28364,Not 20 Anymore,Bebe Rexha
28365,Easy,Camila Cabello
28366,Tutu,"Shakira, Camilo, Pedro Capo"
28367,Orphans,Coldplay
28368,Heartless,Diplo ft. Morgan Wallen
28369,Now I'm In It,Haim
28370,Hold On,Hootie & The Blowfish
28373,Bluebird,Miranda Lambert
28374,Wanted,OneRepublic
28375,Kinfolks,Sam Hunt
28376,Way Down,Tim McGraw ft. Shy Carter
28377,So High,Sojah
28379,Press,Cardi B
28380,Lonely,"Diplo, Jonas Brothers"
28381,South Of The Border,Ed Sheeran
28382,Rock Me Amadeus,Falco
28383,Into The Unknown,"Idina Menzel, AURORA"
28384,Patron Tequila,Paradiso Girls
28385,Look At Her Now,Selena Gomez
28386,HIGHEST IN THE ROOM,Travis Scott
28387,When Somebody Cares For You,Donny & Marie Osmond
28389,Shameless,Camila Cabello
28390,"10,000 Hours",Dan + Shay Justin Bieber
28391,Don't Start Now,Dua Lipa
28393,Mr. Curiosity,Jason Mraz
28394,Follow God,Kanye West
28395,Palace,Sam Smith
28396,The Git Up,Blanco Brown
28397,Enemies,Post Malone Ft. DaBaby
28398,Best On Earth,Russ Ft. Bia
28399,Nightshade,The Lumineers
28401,Mamacita,"Tyga, YG & Santana"
28403,Let Me Down Slowly,Alec Benjamin
28404,Better,Khalid
28407,Lights Up,Harry Styles
28408,Ocean,Lady Antebellum
28409,Into The Unknown,Panic At The Disco
28410,Lose You To Love Me,Selena Gomez
28411,Jump (For My Love),Pointer Sisters
28412,Our First Time,Bruno Mars
28413,Bless The Beast And The Children,Carpenters
28415,You and I (We're Gonna Fly),Charlie Rich
28416,Forever,Claude Kelly
28418,You'll Never Walk Alone,Louis Armstrong
28419,(I Never Wanted) To Be A Star,Cat Stevens
28425,Brown Eyed Girl,Van Morisson
28428,Crawl,Chris Brown
28429,Right Where I Left It,Cole Swindell
28430,Okay,"Lany, Julia Michaels"
28431,I Think I'm Okay,Machine Gun Kelly Yungblud & Barker
28432,Mother's Daughter,Miley Cyrus
28435,Never Be Sorry,Old Dominion
28436,"Hey Look Ma, I Made It",Panic! At The Disco
28437,Living Proof,Camila Cabello
28438,Everyday Life,Coldplay
28439,Faith,Galantis & Dolly Parton ft Mr. Probz
28440,The Rain,K. Michelle
28442,What She Wants Tonight,Luke Bryan
28444,Paradise,Phoebe Cates
28446,Can't Stop,Red Hot Chili Peppers
28447,The Girl From Yesterday,Eagles
28450,Roxanne,Arizona Zervas
28451,All Is Found,Evan Rachel Wood
28455,Treat Myself,Piper Rockelle
28456,I Feel Love,Sam Smith
28457,Dance Monkey,Tones And I
28459,Yellow Hearts,Ant Saunders
28460,Watermelon Sugar,Harry Styles
28461,Up All Night,Khalid
28462,Ayy Macarena,Tyga
28463,Remembering Sunday,All Time Low
28464,Best Mistake,Ariana Grande ft. Big Sean
28465,Look What You've Done,Bread
28468,All Is Found,Kacey Musgraves
28471,I Wanted You,Ina
28473,Mean It,Lauv & LANY
28474,Seasons Of Love,Rent
28475,One Day,Sandie Shaw
28476,I Think Of You,Susan Cowsill
28478,It's All In The Game,Tommy Edwards
28479,Head Over Heels,Abba
28486,Hot Girl Bummer,Blackbear
28487,Nobody But You,Blake Shelton duet with Gwen Stefani
28489,Live Forever,"Liam Payne, Cheat Codes"
28490,Hurts 2B Human,Pink ft Khalid
28491,Can't Get Used To Losing You,Andy Williams
28492,Sweet But Psycho,Ava Max
28493,If Walls Could Talk,Celine Dion
28497,Looking For Love,Ray Conniff
28498,Push My Luck,The Chainsmoker
28501,Six Feet Under,Billie Eilish
28502,Done For Me,Charlie Puth ft. Kehlani
28504,SUGA's Interlude,Halsey
28505,Yummy,Justin Bieber
28508,Nighttime,Russ
28509,Cut You Off,Selena Gomez
28510,Fly,Avril Lavigne
28511,Magic,B.O.B ft. Rivers Cuomo
28512,Adore You,Harry Styles
28513,Club,Kelsea Ballerini
28515,Flames,"R3HAB, ZAYN and Jungleboi"
28516,Crowded Room,Selena Gomez
28517,Special Girl,America
28519,My Oh My,Camila Cabello
28523,Mother,John Lennon
28525,Positivity,Suede
28527,BOP,DaBaby
28528,Right As Rain,Adele
28530,Wish You Were Here,Incubus
28531,Put A Little Love On Me,Niall Horan
28532,Sound Of Silence,Pentatonix
28534,One Night Only,Jennifer Hudson
28536,All I Want,Olivia Rodrigo
28538,It's Time To Say I Love You,Webber Merrily
28541,Just One Touch,Phoebe Cates and Billy Wray
28543,Interlude,Timi Yuro
28544,ghostin,Ariana Grande
28545,I Hope You're Happy Now,Carly Pearce & Lee Brice
28546,Nightmare,Halsey
28547,More Hearts Than Mine,Ingrid Andress
28548,Even Though I'm Leaving,Luke Combs
28549,This Bar,Morgan Wallen
28550,Ruin My Life,Zara Larsson
28552,Somebody Like That,Tenille Arts
28553,Fools,Troye Sivan
28554,Dear Heart,Andy Williams
28555,Walk Me Home,Pink
28556,Invisible Tears,Ray Conniff
28557,Love In The Dark,Adele
28560,Boyfriend,"Ariana Grande, Social House"
28561,No Time To Die,Billie Eilish
28562,First Man,Camila Cabello
28563,Indigo,Chris Brown
28565,Rare,Selena Gomez
28566,Chills,Why Don't We
28567,Liar,Camila Cabello
28568,Physical,Dua Lipa
28569,Intentions,Justin Bieber ft. Quavo
28570,Stay,Kygo
28571,Good News,Mac Miller
28572,Nice to Meet Ya,Meghan Trainor ft. Nicki Minaj
28573,Just Between You And Me,April Wine
28574,Candy Store,Faber Drive ft. Ish
28575,Jealousy,Frankie Miller
28576,Woah,Lil Baby
28577,One Man Band,Old Dominion
28585,Buttercup,Jack Stauber
28586,Wicked Game,Chris Isaak
28588,Using You,Mars Argo
28589,Northern Downpour,Panic! At The Disco
28592,When You Kiss Me,Shania Twain
28593,Someone,Gallery
28595,One By One,Michael Quatro
28598,Why,Tina Charles
28599,Bad To You,Ariana Grande ft Normani & Nicki Minaj
28601,Oh Carol,Chuck Berry
28602,Worry About Me,Ellie Goulding
28603,Look Away,Chicago
28604,Break The Chain,Gene Loves Jezebel
28605,Broken & Beautiful,Kelly Clarkson
28606,Everything I Wanted,Billie Eilish
28607,Higher,DJ Khaled ft Nipsey Hussle & John Legend
28608,Get Me,Justin Bieber ft Kehlani
28609,Habitual,Justin Bieber
28610,Born To Be Yours,Kygo and Imagine Dragon
28611,Changes,Lauv
28612,I'll Never Let You Go,Steelheart
28613,Bad Child,Tones And I
28614,Crushed Up,Future
28615,Fantasy,George Michael ft Nile Rodgers
28616,Seen It All,Jake Bugg
28617,You Look Good,Lady Antebellum
28618,Greatest Love Story,Lanco
28619,The Night We Met,Lord Huron
28620,Because The Night,Patti Smith Group
28621,Don't Be Sad Cause Your Sun Is Down,James Taylor ft Stevie Wonder
28622,Check Yes Juliet,We The Kings
28626,I Love Me,Demi Lovato
28627,Stupid Love,Lady Gaga
28628,Sad Forever,Lauv
28630,RITMO,"The Black Eyed Peas, J Balvin"
28631,The Kids Are Coming,Tones And I
28634,React,Pussycat Dolls
28635,Toxic,Kehlani
28637,Bullets With Names,Machine Gun Kelly ft. Young Thug
28640,One Last Chance,Daughtry
28641,Theres Something Special,Pharrell Williams
28642,Crazy For You,Adele
28643,Anyone,Demi Lovato
28646,To Die For,Sam Smith
28647,Only The Young,Taylor Swift
28651,My Heart Is Open,Maroon 5 ft. Gwen Stefani
28652,Eleven,Khalid
28653,A No No,Mariah Carey
28654,Only Wanna Be With You,Hootie And The Blowfish
28657,Sad,Maroon 5
28658,Once I Get Over You,Ronnie Milsap
28659,Corner Of The Heart,Collin Raye
28660,Kahapon Ngayon At Bukas,Ebe Dancel & Rachel Alejandro
28661,Love Is All,Engelbert Humperdinck
28662,Hungry Eyes,Eric Carmen
28664,Learning The Ways Of Love,Peabo Bryson
28666,Open Your Heart,Westlife
28667,Original,Sia
28670,It's The End Of The World As We Know It,R.E.M
28671,Conversations In The Dark,John Legend
28672,All Around Me,Justin Bieber
28673,Sugar Coat,Little Big Town
28674,Side Effects,The Chainsmokers
28675,Yours,Russell Dickerson
28676,Last Nite,The Strokes
28678,Every Morning,Sugar Ray
28680,The Box,Roddy Ricch
28681,Thumbs,Sabrina Carpenter
28683,Man,Jojo
28685,Life Is Good,Future feat. Drake
28686,Honeymoon Avenue,Ariana Grande
28687,The Man,Taylor Swift
28688,Invisible Things,Lauv
28691,Ballin',Mustard ft. Roddy Ricch
28692,She Was Mine,Aj Rafael ft. Jesse Barrera
28693,Still Be Friends,"G-Eazy ft Tory Lanez, Tyga"
28694,If We Never Met,"John K, Kelsea Ballerini"
28695,homecoming queen?,Kelsea Ballerini
28696,Big Bang Baby,Stone Temple Pilots
28697,Long Ago,The Dave Clark Five
28698,I Love You,The Zombies
28699,Age,Lianne La Havas
28702,I Wish Grandpas Never Died,Riley Green
28703,Downtown's Dead,Sam Hunt
28704,Young Once,Sam Hunt
28706,Only You,Selena Gomez
28707,I'm A Believer,Smash Mouth
28708,Caution,The Killers
28709,Blinding Lights,The Weeknd
28711,Bruised and Scarred,Mayday Parade
28719,Alone,Alan Walker
28721,Lovin' So Hard,Becky G
28722,Hell Right,Blake Shelton
28723,Love Wins,Carrie Underwood
28724,Hurtin' Inside,Dave Clark Five
28725,Lost In Your Light,Dua Lipa ft. Miguel
28726,For No One,The Beatles
28728,Back To Me,Lindsay Lohan
28729,Simmer,Hayley Williams
28732,Laughter In The Rain,Ray Conniff
28733,Unbelievable,Why Don't We
28734,Lost In The Fire,Gesaffelstein & The Weeknd
28735,Afterlife,Hailee Steinfeld
28736,All My Love,Innervoices
28737,If It Ain't Love,Jason Derulo
28738,Love Someone,Jason Mraz
28740,Where Is Tomorrow,Cilla Black
28741,There's A Kind Of Hush,Carpenters
28742,Tycoon,Future
28743,What A Man Gotta Do,Jonas Brothers
28744,Best On Earth,Russ ft. BIA
28745,Stuck With U,"Justin Bieber, Ariana Grande"
28746,Queen Elizabeth,Cheat Codes
28747,Say So,Doja Cat
28748,SoulMate,Justin Timberlake
28749,Nice To Meet Ya,Niall Horan
28750,Dinero,"Jennifer Lopez ft. DJ Khaled, Cardi B"
28751,Run,Joji
28753,Love Is Trippy,Amy Kunney
28754,Love Struck,Boyz II Men
28755,Find My Way,DaBaby
28756,Falling,Harry Styles
28757,Come Around Me,Justin Bieber
28758,Dying In LA,Panic At The Disco
28759,Blueberry Faygo,Lil Mosey
28760,Myron,Lil Uzi Vert
28761,Drown,Martin Garrix ft Clinton Kane
28762,Monsters,All Time Low ft. Blackbear
28763,Commercial,Lil Baby Ft. Lil Uzi Vert
28764,Me And My Guitar,A Boogie Wit Da Hoodie
28767,Fire On Fire,Sam Smith
28768,Temporary Home,Carrie Underwood
28773,Will You Wait For Me,Kavana
28778,Go Loko,"YG ft. Tyga, Jon Z"
28779,Don't Trust Me,3OH!3
28780,Wings,Birdy
28781,Doing It,Charli XCX ft. Rita Ora
28782,Put It All On Me,Ed Sheeran & Ella Mai
28785,When God Made You,Newsong
28786,Why Can't I Cry,Petula Clark
28787,Music To Watch Girls By,Andy Williams
28788,Now That I Found You,Carly Rae Jepsen
28789,I Love My Country,Florida Georgia Line
28790,Someday,Kygo & Zac Brown
28791,Sine From Above,Lady Gaga ft Elton John
28792,Walls,Louis Tomlinson
28793,Does To Me,Luke Combs
28794,Mood Ring,Britney Spears
28795,Blue On Black,Five Finger Death Punch
28796,Worse,New Hope Club
28798,Dance Of The Clairvoyants,Pearl Jam
28799,Honey (I Miss You),Ray Conniff
28800,Level Of Concern,Twenty One Pilots
28801,Rubber Ball,Gary Lewis  The Playboys
28802,Never Too Far,Mariah Carey
28803,All Of A Sudden My Heart Sings,Paul Anka
28804,Heaven On Earth,The Platters
28805,Where Is It I Belong,The Supremes
28806,ROCKSTAR,DaBaby ft. Roddy Ricch
28808,I'm Ready,"Sam Smith, Demi Lovato"
28809,Rosalia,"Travis Scott, TKN"
28810,All The Good Girls Go To Hell,Billie Eilish
28812,Savage Love,Jason Derulo
28813,Make You Mine,Public
28814,Chasin You,Morgan Wallen
28815,GOOBA,6ix9ine
28817,As You Need,Alex Aiono
28818,Gaslighter,Dixie Chicks
28820,Go Stupid,Polo G Ft. Stunna 4 Vegas And NLE Choppa
28821,Cab Driver,The Mills Brothers
28824,One Margarita,Luke Bryan
28825,This I Promise You,Ronan Keating
28827,Falling,Trevor Daniel
28828,High Fashion,Roddy Ricch ft. Mustard
28833,Live It Well,Switchfoot
28835,Anything Goes,Ella Fitzgerald
28836,Nice and Easy,Frank Sinatra
28837,Every Time Two Fools Collide,Kenny Rogers and Dottie West
28838,Suicidal,YNW Melly
28839,Question,Alex Aiono
28840,The Game,Echo And The Bunnymen
28841,Original Sin,Elton John
28842,I Don't Mind The Thorns,Lee Greenwood
28843,Til I Loved You,Restless Heart
28847,Over Me,Al Corley
28848,God's Country,Blake Shelton
28849,Sure Be Cool If You Did,Blake Shelton
28850,Parasite Eve,Bring Me The Horizon
28851,How To Love,Cash Cash ft. Sofia Reyes
28852,Second Guessing,Florida Georgia Line
28853,Six Feet Apart,Luke Combs
28854,Can We Pretend,Pink ft. Cash Cash
28855,2016,Sam Hunt
28856,Legendary,Skillet
28857,Borderline,Tame Impala
28858,Pressure,The 1975
28859,Take Yourself Home,Troye Sivan
28860,I Cry,Usher
28861,The Man Who Loves You The Most,Zac Brown Band
28862,I Hope,Gabby Barrett ft. Charlie Puth
28863,"My Love, My Life",ABBA
28864,Free As The Wind,Engelbert Humperdinck
28865,If This Is The Last Time,Lany
28866,The Hands Of Time,Perry Como
28868,Be Kind,"Halsey, Marshmello"
28871,Trollz,"6ix9ine, Nicki Minaj"
28872,Underdog,Alicia Keys
28874,Bandit,Juice WRLD ft NBA YoungBoy
28875,Why Georgia,John Mayer
28876,Girlfriend,Charlie Puth
28877,Hometown,Diplo feat Zac Brown and Danielle Bradbery
28878,Tell Me U Luv Me,Juice WRLD feat Trippie Redd
28879,March March,The Chicks
28880,Discounts,CupcakKe
28881,There For You,"Martin Garrix, Troye Sivan"
28882,It's You,Ali Gatie
28887,Hanggang Kailan Kita Mahihintay,Ebe Dancel
28888,Before The Worst,The Script
28889,Flame,Tinashe
28892,Jumpsuit,Twenty One Pilots
28896,Never Break,John Legend
28897,If You Leave My World,Michael Learns To Rock
28899,Wild Flower,5 Seconds Of Summer
28900,Kings & Queens,Ava Max
28903,Music From Across The Way,Andy Williams
28904,Dear Life,Collin Raye
28905,Take Good Care Of You And Me,Dionne Warwick & Jeffrey Osborne
28907,On Days Like These,Matt Monro
28908,Through The Test Of Time,Patti Austin
28909,Two Rivers,The Adventures
28910,Alice,Lady Gaga
28911,Wild In The Streets,Bon Jovi
28912,Invisible,Zara Larson
28913,Dead Horse,Hayley Williams
28914,Happy Anywhere,Blake Shelton ft. Gwen Stefani
28915,My Love Forgive Me,Jerry Vale
28917,Kimi No Torik,Rizky Ayuba
28919,Locked Up,Akon
28920,Supersonic,J.J. Fad
28923,I Need Help,Fitz And The Tantrums
28925,Smile,Katy Perry
28926,Beautiful Scars,Max Millian
28927,Sunday Best,Surfaces
28928,Cardigan,Taylor Swift
28929,Funny,Zedd and Jasmine Thompson
28931,Thinking About You,R3HAB & Winona Oak
28932,Daisies,Katy Perry
28933,Good Guys,LANY
28935,Oh My My,Blue October
28943,Hard To Forget,Sam Hunt
28944,Just Hold On,Steve Aoki & Louis Tomlinson
28945,This Is It,Scotty McCreery
28946,Midsummer Madness,88Rising
28948,Hotel Yorba,The White Stripes
28949,Boyfriend,Selena Gomez
28950,This Is Your Life,Switchfoot
28951,Feeling Sorry,Paramore
28952,21 Years,TobyMac
28956,What's A Woman,Vaya Con Dios
28958,Yellow Ledbetter,Pearl Jam
28960,Go Crazy,"Chris Brown, Young Thug"
28961,I Should Probably Go To Bed,Dan + Shay
28962,Pay My Rent,DNCE
28964,Forgotten,Collin Raye
28965,When Life Is Good Again,Dolly Parton
28971,Great Big Storm,Nate Ruess
28973,It's The Most Wonderful Time Of The Year,Andy Williams
28974,Wild Heart,Daughtry
28975,Champagne Night,Lady Antebellum
28976,One Of Them Girls,Lee Brice
28977,Warning,Incubus
28979,I Refuse,Josh Wilson
28982,Like It's Christmas,Jonas Brothers
28984,Sure Nite And Day,Al B
28985,Never Met,CMTEN
28986,Midnight Sky,Miley Cyrus
28987,Mariposa,Peach Tree Rascals
28988,Sum 2 Prove,Lil Baby
28989,I'll Never Stop Loving You,Britney Spears
28990,Such A Whore,Jvla Stellular
28991,Come & Go,Juice WRLD ft Marshmello
28992,Broken Glass,"Kygo, Kim Petras"
28993,Rain On Me,Lady Gaga & Ariana Grande
28994,Nobody's Love,Maroon 5
28995,7 Summers,Morgan Wallen
28998,Sweet and Low,Augustana
28999,Skeletons,Brothers Osborne
29000,Stick That In Your Country Song,Eric Church
29001,Dont Wanna,HAIM
29004,Honestly,Stryper
29005,Be A Light,Thomas Rhett
29007,Breaking Up Was Easy In The 90s,Sam Hunt
29008,Hard To Stay Mad At,Tim McGraw
29010,Beers and Sunshine,Darius Rucker
29011,Kill My Mind,Louis Tomlinson
29012,Giving You Te Best That I Got,Anita Baker
29013,Win,Brian McKnight
29014,Still With You,Eric Benet Maxwell
29016,White Blood,Oh Wonder
29020,Free,Zac Brown Band
29023,Addicted,Dan Seals
29024,For The Good Times,Engelbert Humperdinck
29026,Show Yourself,Idina Menzel Ft. Rachel Wood
29028,Faithfully,Peter Cetera
29029,The Other Side Of The Sun,Susan Wong
29030,Only You,"Cheat Codes, Little Mix"
29031,The Light,Disturbed
29032,Numbers,A Boogie Wit Da Hoodie
29034,Close To Me,"Ellie Goulding, Diplo, Swae Lee"
29035,Holiday,Little Mix
29036,What Could Have Been Love,Aerosmith
29037,I Want You,Bon Jovi
29040,Rain,Jet Black Joe
29041,My Ex's Bestfriend,Machine Gun Kelly ft. Blackbear
29042,Breakdown,Mariah Carey
29043,Hiding Away From Life,Michael Learns to Rock
29044,Better Man,Westlife
29045,Over Now,"Calvin Harris, The Weeknd"
29047,My Heart Belongs To You,Peabo Bryson & Jim Brickman
29048,Perfect For Me,Justin Timberlake
29049,Expensive,Ty Dolla Sign ft. Nicki Minaj
29050,Never Keeping Secrets,Babyface
29051,Mood,24kGoldn ft Ian Dior
29054,If He Won't,Guy Sebastian
29056,Girls In The Hood,Megan Three Stallion
29060,Can't Take My Eyes Off You,Muse
29061,Something In The Way,Nirvana
29063,Left Alone,Blink 182
29064,Starting Over,Chris Stapleton
29066,Before You Go,Lewis Capaldi
29069,I'm Born To Run,American Authors
29071,Breaking Me,Topic ft. A7S
29072,Samsara,Martin Tungevaag & Raaban
29073,Mess We've Made,Aj Rafael feat. Toni Kelly
29074,Over The Mountains,Bosson
29076,Crazy Beautiful,David Pomeranz
29077,I Need Your Love,Gloria Estefan and The Miami Sound Machine
29079,L.O.V.E.,Nat King Cole
29080,For Good,Wicked ft Kristin Chenoweth and Idina Menzel
29117,Die For You,The Weeknd
29121,Remember The Magic,Brian McKnight
29123,The Heart Never Forgets,Le Ann Rimes
29124,Another Life,Afrojack & David Guetta
29125,Find Yourself,"Before You Exit, Great Good Fine Ok"
29126,Shenanigans,Dawin
29127,In Common,Alicia Keys
29128,I'll Wait,"Kygo Sasha, Sloan"
29129,Play It Again,Luke Bryan
29130,Blaze Of Glory,Bon Jovi
29132,Wrong Direction,Hailee Steinfeld
29134,Last First Kiss,One Direction
29136,Aerials,System Of A Down
29137,Fly Solo,Wiz Khalifa
29138,I'm An Albatraoz,Aron Chupa
29140,OK Not To Be OK,Marshmello & Demi Lovato
29144,As Long As You Care,Ruel
29145,Options,Pitbull ft Stephen-Marley
29148,Too Much,Marshmello x Imanbek ft. Usher
29150,Smash Into You,Beyonce
29151,Teardrops,Bring Me The Horizon
29152,Easy Tonight,Five For Fighting
29153,Last Resort,Papa Roach
29154,Holiday (Acoustic),Little Mix
29158,Are You Gonna Be My Girl,Jet
29159,Changes,Justin Bieber
29161,Like A Knife,Secondhand Serenade
29163,Anything But Ordinary,Avril Lavigne
29165,Starting Over,Chris Stapleton
29166,Don't Treat Me Bad,Firehouse
29167,The Pretender,Foo Fighters
29170,OK,Iyaz
29171,Hold Me Now,Dan Hill ft Rique Franks
29173,Lonely,Justin Bieber and Benny Blanco
29174,The 1,Taylor Swift
29175,King Of Pain,The Police
29176,My Future,Billie Eilish
29177,Clouds,David Gates With Bread
29179,The Healing Power Of Love,Dan Hill
29180,Freaky Friday,Aqua
29181,"Baby, I'm Jealous",Bebe Rexha ft. Doja Cat
29182,I Will Always Love You,Chris Walker
29183,Damage,H.E.R
29185,Dear Diary,M2M
29186,Proud,Marshmello
29187,We Belong,Pat Benatar
29188,Married In Vegas,The Vamps
29189,Bittersweet Symphony,The Verve
29191,Bad Liar,Imagine Dragons
29192,One Too Many,Keith Urban ft Pink
29193,At My Worst,Pink Sweats
29194,Salt,Ava Max
29198,Holy,Justin Bieber ft Chance The Rapper
29199,Sour Candy,"Lady Gaga, BLACKPINK"
29201,Back To You,Louis Tomlinson ft Bebe Rexha
29203,Daylight,Taylor Swift
29204,I Dare You,Kelly Clarkson
29205,911,Lady Gaga
29206,From Now On,Michael Bolton & Suzie Benson
29210,You Don't Know Me,Jax Jones ft RAYE
29211,All The Kids Are Depressed,Jeremy Zucker
29213,I Need You,Westlife
29217,Speechless,Kolohe Kai
29218,Better,ZAYN
29219,Wonder,Shawn Mendes
29220,Only When You Leave,Spandau Ballet
29221,My Love Is Gone,Steelheart
29222,Don't Close Your Eyes,Alan Jackson
29227,13,Lany
29229,Nobody Loves Me Like You Do,Whitney Houston & Jermaine Jackson
29230,Out Of Love,Alessia Cara
29232,Do You Dream of Me?,Michael W. Smith
29235,You Are My Home,Peabo Bryson & Linda Eder
29236,I Want You Back Here With Me,Albert Hammond
29242,Spanish Eyes,Engelbert Humperdinck
29243,One More Chance,Air Supply
29245,Dear God,Avenged Sevenfold
29247,Faith,Celine Dion
29251,Restless Heart,Peter Cetera
29254,Don't You Worry 'Bout A Thing,Tori Kelly
29255,Pamela,Toto
29258,Last Hurrah,Bebe Rexha
29260,Hold On,H.E.R.
29262,Next To Me,Emeli Sande
29263,4EVER,LANY
29264,Drugs & The Internet,Lauv
29265,Love In My Pocket,Rich Brian
29268,Kings & Queens,Ava Max
29271,Give It Up,KC And The Sunshine Band
29272,Spicy,Ty Dolla Sign feat Post Malone
29273,Love Looks Better,Alicia Keys
29275,I Need You,The Beatles
29277,Dyin' Ain't Much Of A Livin',Jon Bon Jovi
29278,Forever After All,Luke Combs
29281,Falling Like The Stars,James Arthur
29285,From A Distance,Alan Jackson
29286,Broken Heart,Axel Rudi Pell
29287,Dapit Hapon,Ebe Dancel
29289,Lil Bit,Nelly and Florida Georgia Line
29292,Anyone At All,Carol King
29293,Break My Heart Again,Finneas
29296,It's Never Too Late,Air Supply
29297,Unity,Alan Walker
29298,Rooster,Alice In Chains
29300,These Days,Bon Jovi
29302,We Remain,Christina Aguilera
29303,Reservations For Two,Dionne Warwick & Kashif
29304,Miss Missing You,Fall Out Boy
29305,Golden,Harry Styles
29308,Lust For Life,Lana Del Rey ft. The Weeknd
29309,Lose Control,"Meduza, Becky Hill, Goodboys"
29310,Can You Feel The Sun,MISSIO
29311,Burning Bridges,OneRepublic
29312,Paradise,Dennis DeYoung
29314,Diamonds,Sam Smith
29315,When You Came Into My Life,Scorpions
29317,Bloodstream,The Chainsmokers
29318,Chemicals,The Vamps
29319,I Want You To Know,Zedd ft. Selena Gomez
29320,Today,Bobby Goldsboro
29321,Somewhere Over the Rainbow,Katherine Mcphee
29322,Forever,Lewis Capaldi
29324,Laugh Now Cry Later,Drake ft Lil Durk
29327,A Thousand Bad Times,Post Malone
29328,Mi Mi Mi,Serebro
29329,Ilomilo,Billie Eilish
29330,Forget About Me,Little Bit
29331,Helpless,Rhye
29332,Supalonely,BENEE ft Gus Dapperton
29338,Wherever You Are,5 Seconds Of Summer
29339,Get Along,Kenny Chesney
29340,Sweetest Surprise,Michael Learns To Rock
29341,In Pieces,Linkin Park
29342,Loving You Is Paradise,Firehouse
29343,Heart Won't Let Me,LANY
29344,Paris In The Rain,Lauv
29345,I Try,Macy Gray
29346,Say You Love Me,Patti Austin
29347,Kiss The Rain,Billie Myers
29348,Drift Away,Dobie Gray
29349,Long Live,Florida Georgia Line
29350,These Days,Foo Fighters
29351,If It Wasn't For Trucks,Riley Green
29352,Heroes,The Wallflowers
29353,Gone Forever,Three Days Grace
29354,Nina Pretty Ballerina,ABBA
29355,Location Unknown,HONNE ft BEKA
29358,Inferno,Mrs. Green Apple
29403,Nobody Wants To Be Alone,Crystal Gale
29405,A Love Song,Lee Greenwood
29407,Positions,Ariana Grande
29408,I See Fire,Ed Sheeran
29409,Internet Money,Lemonade ft. Don Toliver
29410,The Flight,Perri
29411,Bad Habits,Usher
29412,Teach Me How To Love,Shawn Mendes
29413,Ao To Natsu,Mrs. Green Apple
29415,Sofia,Clairo
29416,Anyone,Justin Bieber
29417,Body,Megan Thee Stallion
29418,Wasted On You,Morgan Wallen
29419,Driver's License,Olivia Rodrigo
29420,We Are Here,Alicia Keys
29421,34+35,"Ariana Grande ft. Doja Cat, Megan Thee Stallion"
29422,Therefore I Am,Billie Eilish
29423,Leave The Door Open,"Bruno Mars, Anderson Paak"
29425,YOU AND ME,Marc E. Bassy
29426,Prisoner,Miley Cyrus ft. Dua Lipa
29427,You Broke Me First,Tate McRae
29428,Fly Away,Tones And I
29429,I'm Every Woman,Chaka Khan
29432,La La Lost You,NIKI
29433,For The Night,Pop Smoke feat Lil Baby & DaBaby
29434,De Una Vez,Selena Gomez
29435,Someone To You,Banners
29436,Lies,Thomson Twins
29437,Moral Of The Story,Ashe ft Niall Horan
29438,My Head & My Heart,Ava Max
29439,Let's Love,David Guetta and Sia
29443,Love Is,Vanessa Williams and Brian Mcknight
29448,Lets Get It On,Marvin Gaye
29452,Monster,"Shawn Mendes, Justine Bieber"
29453,Robbers,The 1975
29455,Backyard Boy,Claire Rosinkranz
29457,Nobody Else,LANY
29458,Plastic Hearts,Miley Cyrus
29459,BS,Still Woozy
29460,Willow,Taylor Swift
29461,Lotus Inn,Why Don't We
29462,Sweet Thing,Chaka Khan & Rufus
29463,Nobody Knows,Tony Rich Project
29466,Could I Love You Any More,Renee Dominique ft Jason Mraz
29467,Kids Again,Sam Smith
29469,Rythm Divine,Enrique Iglesias
29470,Whoops Now!,Janet Jackson
29485,One Of Us,ABBA
29486,Memories,Albert Hammond
29488,As Long As I Can Dream,Expose
29491,I Wanna Take Forever Tonight,Peter Cetera
29494,The War Song,Culture Club
29497,I Use What I Got,Jason Aldean
29498,Doin Time,Lana Del Rey
29499,Wings,Little Mix
29500,How,Maroon 5
29501,Slide Away,Miley Cyrus
29503,Find You,Zedd ft. Mattew Koma & Miriam Bryant
29504,Pale Blue Eyes,Velvet Underground
29505,Let Me Reintroduce Myself,Gwen Stefani
29506,Treat People With Kindness,Harry Styles
29509,Girl Like Me,Black Eyed Peas ft. Shakira
29510,Homesick,Dua Lipa
29511,The Good Ones,Gabby Barrett
29513,Wondering,Olivia Rodrigo and Julia Lester
29514,True Colors,Cyndi Lauper
29517,Save Your Tears,The Weeknd
29518,"Baby, I'm Jealous",Bebe Rexha ft. Doja Cat
29520,Not The End Of The World,Katy Perry
29521,What If I Never Get Over You,Lady Antebellum
29522,Hold Me While You Wait,Lewis Capaldi
29523,More Than My Hometown,Morgan Wallen
29524,Loser,3 Doors Down
29525,Each Time,East 17
29526,Afterglow,Ed Sheeran
29527,Dream,Firehouse
29528,Cold As You,Luke Combs
29532,Self Esteem,The Offspring
29533,Unsteady,X Ambassadors
29534,All That I've Got,The Used
29535,Sleeping With The Light On,Busted
29536,Only One,Yellowcard
29537,The Kill (Bury Me),30 Seconds To Mars
29539,Bestfriend,Saweetie ft. Doja Cat
29540,Mother's Talk,Tears For Fears
29541,Close,Scrubb
29542,Together,Scrubb
29544,Immaculate,The Wild Swans
29546,Grateful,Rita Ora
29549,We're Good,Dua Lipa
29550,As I Am,Justin Bieber  ft Khalid
29553,Can't Let You Go,Ali Gatie
29554,As You Are,The Weekend
29555,Slumber Party,Ashnikko ft Princess Nokia
29556,Sacrifice,Bebe Rexha
29557,In Your Arms,Chef'Special
29558,I Drove All Night,Cyndi Lauper
29559,Silence Speaks A Thousand Words,Debbie Gibson
29560,Fever,Dua Lipa & Angele
29561,Drunk (And I Don't Wanna Go Home),Elle King & Miranda Lambert
29562,Follow You,Imagine Dragons
29563,I Like Me Better,Lauv
29564,Lover Boy,Phum Viphurit
29566,Song To The Siren,Rose Betts
29567,Sexual Vibe,Stephen Puth
29568,If You're Too Shy (Let Me Know),The 1975
29569,By Yourself,"Ty Dolla Sign ft. Bryson Tiller, Jhene Aiko"
29571,Talk About Love,Zara Larsson ft. Young Thug
29572,Vibez,Zayn
29573,Edge Of Great,Julie and the Phantoms
29574,Dream It Possible,Delacey
29576,Shake Your Love,Debbie Gibson
29577,Heartbreak Anniversary,Giveon
29578,Peaches,"Justin Bieber ft. Daniel Caesar, Giveon"
29579,On The Ground,ROSE
29580,Naked,Ava Max
29581,Sexy Lady,MC Magic City ft Dj Kane
29582,It's Time To Go,Taylor Swift
29584,If The World Was Ending,"JP Saxe, Julia Michaels"
29586,Never Worn White,Katy Perry
29587,Tattoos Together,Lauv
29588,Somethin' Amazing,Schumi ft Grace Alade
29589,Moving On,Bad Company
29590,The Diary Of Jane,Breaking Benjamin
29591,Heavy Is The Crown,Daughtry
29592,Games People Play,Inner Circle
29593,I'm Not Pretty,Jessia
29597,Until You,Shayne Ward
29599,Show Her,Ronnie Milsap
29600,Way Back Home,Shaun ft. Conor Maynard
29601,Snowman,Sia
29602,Undivided,"Tim McGraw, Tyler Hubbard"
29603,From The Ground Up,Dan + Shay
29604,Medicine,James Arthur
29606,Beautiful Mistakes,Maroon 5 ft. Megan Thee Stallion
29607,Welcome To Wonderland,Anson Seabra
29609,Easy,"Demi Lovato, Noah Cyrus"
29610,LazyBaby,Dove Cameron
29612,Lead the Way (From Raya and the Last Dragon),Jhene Aiko
29613,Confetti,Little Mix ft. Saweetie
29614,Way Too Long,Nathan Dawe x Anne-Marie x MoStack
29615,Skin,Sabrina Carpenter
29616,Future Me,Echosmith
29618,Eloise,Barry Ryan
29620,All Alone Am I,Brenda Lee
29621,Till The End Of Time,Frank Sinatra
29623,Without You,Matt Monro
29624,Elvira,The Oak Ridge Boys
29625,You Don't Have To Say You Love Me,Dusty Springfield
29626,Let's Talk About Love,Celine Dion
29627,Woman Woman,Gary Puckett & The Union Gap
29631,Bedroom,JJ Lin ft. Anne Marie
29632,Feels,Tory Lanez ft. Chris Brown
29633,Shy Away,Twenty One Pilots
29634,Look What You've Done,Zara Larsson
29635,1000x,Jarryd James ft. Broods
29636,Cameras On,AJ Mitchell
29637,Fake A Smile,Alan Walker x Salem Ilese
29638,I Choose,Alessia Cara
29639,Girl From Rio,Anitta
29640,Sabotage,Bebe Rexha
29642,Big,"Rita Ora, David Guetta, Imanbek ft. Gunna"
29643,Your Power,Billie Eilish
29644,Dear John,Taylor Swift
29645,Dancing With The Devil,Demi Lovato
29647,Sorry Not Sorry,"DJ Khaled ft. Nas, Jay-Z, James Fauntleroy and Harmonies By The"
29648,Selfish Love,DJ Snake & Selena Gomez
29649,Streets,Doja Cat
29650,Levitating,Dua Lipa ft. DaBaby
29653,Montero (Call Me By Your Name),Lil Nas X
29654,Titans,Major Lazer ft Sia & Labrinth
29655,Deja Vu,Olivia Rodrigo
29656,Happier,Olivia Rodrigo
29657,Even When/The Best Part,Olivia Rodrigo & Joshua Basset
29658,Paper Throne,Phum Viphurit
29660,Lonely,Prettymuch
29661,Anywhere Away From Here,Rag'n'Bone & Pink
29662,What Other People Say,"Sam Fischer, Demi Lovato"
29664,Floating Through Space,Sia and David Guetta
29665,Slower,Tate Mcrae
29666,To Begin Again,Ingrid Michaelson x Zayn
29667,Choker,Twenty One Pilots
29668,Starstruck,Years and Years
29671,White Dress,Lana Del Rey
29673,Bed On Fire,Teddy Swims
29674,Tell Tale Signs,Melody S. Holt
29675,Help Is On The Way,tobyMac
29676,Lily,"Alan Walker, K-391 & Emelie Hollow"
29677,Slow Clap,Gwen Stefani ft Saweetie
29681,Look Up At The Stars,Shawn Mendes
29682,Daddy,Charlotte Cardin
29685,Selfish,Nick Jonas
29686,good 4 U,Olivia Rodrigo
29687,Patience,KSI ft YUNGBLUD & Polo G
29689,Hey Boy,Sia feat. Burna Boy
29693,Up,Cardi B
29694,Glad You Exist,Dan + Shay
29695,Alone With Me,Hopsin
29696,It's My Party,Jessie J
29698,Angels Like You,Miley Cyrus
29699,No Good Bastards,"Tom MacDonald, Nova Rockafeller & Brandon Hart"
29705,Betty,Taylor Swift
29706,Be My Forever,Christina Perri Ft. Ed Sheeran
29709,Inside Of You,Hoobastank
29710,July,Noah Cyrus
29712,Unstoppable,The Calling
29713,Kissing A Fool,George Michael
29715,Potential Breakup Song,Aly & Aj
29716,Tin Man,America
29717,Break My Heart Myself,Bebe Rexha ft. Tavis Barker
29720,Ging Gang Goolly,Inner Kneipe
29723,Scared To Be Lonely,Martin Garixx ft. Dua Lipa
29727,Forever In Blue Jeans,Neil Diamond
29728,Know Me,8 Ballin'
29730,Believers,Alan Walker x Conor Maynard
29732,Back Together,Amorphous ft. Kehlani
29733,Build A Bitch,Bella Poarch
29735,Anytime,D Kist ft. Erica Banks
29736,I Will,David Foster & Chris Kirkpatrick
29737,Let It Go,"DJ Khaled ft. Justin Bieber, 21 Savage"
29738,Kiss Me More,Doja Cat ft. SZA
29739,Heartbreak Anthem,"Galantis, David Guetta and Little Mix"
29740,Come Through,H.E.R. ft. Chris Brown
29743,Feel Something,Joshua Bassett
29744,Hold On,Justin Bieber
29745,Hole In The Bottle,Kelsea Ballerini
29746,Leave Before You Love Me,Marshmello x Jonas Brothers
29747,We Are The People,Martin Garrix ft. Bono & The Edge
29748,Don't You Wanna Know,"Noah Schnacky, Jimmie Allen"
29754,Won't Sleep,Tones And I
29755,Saturday,Twenty One Pilots
29757,Our Song,Anne-Marie & Niall Horan
29758,Till Forever Falls Apart,Ashe & FINNEAS
29760,Hot Love (A Side),T. Rex
29763,Wired For Sound,Cliff Richard
29768,Enough For You,Olivia Rodrigo
29772,Buried Alive,Avenged Sevenfold
29773,Spiderwebs,No Doubt
29821,Wiggle It,2 In A Room
29822,Renegade,Big Red Machine ft. Taylor Swift
29824,How Not To Drown,"CHVRCHES, Robert Smith ft. Robert Smith"
29825,Come Into My Life,Joe Esposito & Laura Branigan
29826,Love Again,Dua Lipa
29827,Bad Habits,Ed Sheeran
29828,You Touched My Life,Gwen Guthrie
29829,Wrecked,Imagine Dragons
29830,Holiday,KSI
29831,No One Can Love You More,Menudo
29832,Sweet Sexy Thing,N.U. Flavor
29833,SOUR Prom,Olivia Rodrigo
29834,I Wanna Be Sedated,Ramones
29835,On Paper,3 O'Clock
29836,Yes I'm Ready,Kc & The Sunshine Band
29837,Dangerously In Love,Beyonce Knowles
29840,Don't Make Me Over,Sybil
29841,I Got You (I Feel Good),James Brown
29842,I Pledge My Love,Peaches & Herb
29843,It's Been You,Anita Baker
29844,Just The Two Of Us,Grover Washington Jr. ft. Bill Withers
29845,Ancient Dreams in a Modern Land,Marina
29847,Never My Love,Kathy Troccoli
29850,So Sorry,Brian McKnight
29851,When A Man Loves A Woman,Michael Bolton
29853,Time After Time,INOJ
29854,Skate,"Bruno Mars ft Anderson .Paak, Silk Sonic"
29855,Echo,"Armaan Malik, Eric Nam & KSHMR"
29856,All Your Exes,Julia Michaels
29857,Blinded By The Light,Manfred Mann's Earth Band
29858,Regret,New Order
29859,China,Red Rockers
29860,Let's Go,Wang Chung
29861,Magazines,Anson Seabra
29864,A Little Bit of Ecstasy,Jocelyn Enriquez
29865,Good Times,Edie Brickell & New Bohemians
29868,"Baby, I Love Your Way",Will To Power
29870,Love Race,Machine Gun Kelly ft. Kellin Quinn
29871,All I Know So Far,Pink
29875,Astronomy,Conan Gray
29876,Ghetto Supastar (That Is What You Are),Pras
29879,Thinking Bout You,Dustin Lynch Feat.Mackenzie Porter
29880,Mess It Up,Gracie Adams
29881,EveryTime I Cry,Ava Max
29882,Distorted Light Beam,Bastille
29883,Remember,"Becky Hill, David Guetta"
29884,By Your Side,Calvin Harris ft. Tom Grennan
29885,Too Late,Cash Cash ft. Wiz Khalifa & Lukas Graham
29886,What's Next,Drake
29887,She Drives Me Crazy,Fine Young Cannibals
29888,September,James Arthur
29889,Like My Father,Jax
29890,I Want Love,Jessie J
29891,2 Much,Justin Bieber
29894,Sun Goes Down,Lil Nas X
29897,Love Me Again,Lani Hall
29898,Reckless,Madison Beer
29899,Lost,Maroon 5
29900,Mind Over Matters Of The Heart,Restless Heart
29901,My First Broken Heart,Tracie Spencer
29903,Run,OneRepublic
29904,You for Me,"Sigala, Rita Ora"
29907,Rock And Roll Music,Chuck Berry
29908,Whose Bed Have Your Boots Been Under?,Shania Twain
29909,"Strong, Strong Wind",Air Supply
29910,Sweet Dreams,Alan Walker x Imanbek
29912,Kiss My (Uh Oh),Anne-Marie & Little Mix
29913,NDA,Billie Eilish
29914,Don't Go Yet,Camila Cabello
29915,Higher Power,Coldplay
29916,Walk In Love,David Batteau
29917,Rain Or Shine,Five Star
29918,Flaming Sword,Care
29920,I Got A Feelin,James Brown
29921,I Say A Little Prayer,Dionne Warwick
29922,Beggin,Maneskin
29925,Dumb Love,Mimi Webb
29927,Why Goodbye,Peabo Bryson
29928,Eyes Without A Face,Billy Idol
29929,Promise Ain't Enough,Hall & Oates
29930,In Da Getto,"J Balvin, Skrillex"
29932,I'll Be Around,The Spinners
29933,All I Want Is You,U2
29934,All Good,Mo Thugs
29935,Better Love Next Time,Dr. Hook
29936,My Eyes Adored You,Frankie Valli
29938,Candy Girl (Sugar Sugar),INNER CIRCLE feat FLO RIDA
29939,Last Train Home,John Mayer
29941,I'll Never Fall In Love Again,Deacon Blue
29943,Stoned at the Nail Salon,Lorde
29944,Wish I Loved You In The 90s,Tate McRae
29945,Play That Song,Train
29946,Dip It Low,Christina Milian
29947,Like This,2kBaby X Marshmello
29951,We Own It,Wiz Khalifa & 2 Chainz
29953,More Than Miles,Brantley Gilbert
29954,I'll Stand By You,Carrie Underwood
29956,Say You Do,Dierks Bentley
29958,I Don't Do Drugs,Doja Cat ft. Ariana Grande
29959,What You Need,Don Toliver
29960,Body And Mind,Girl In Red
29962,I Quit Drinking,"Kelsea Ballerini, LANY"
29963,Quit You,Lost Kings ft. Tinashe
29965,Lost,NF ft. Hopsin
29966,Cover Me In Sunshine,Pink
29967,Fast (Motion),Saweetie
29968,Just To See Her,Smokey Robinson
29969,Run,Sorn
29970,Stay,Dreamhouse
29971,A-O-K,Tai Verdes
29973,working,"Tate McRae, Khalid"
29974,Morning,Zara Larsson
29975,Hold Me Like You Used To,Zoe Wees
29976,Everybody's Twistin,Frank Sinatra
29977,I Think That You're Losing The Feeling,Bobby Goldsboro
29978,I Beg Your Pardon,Kon Kan
29979,Love Me Like There's No Tomorrow,Freddie Mercury
29981,Apest,The Carters
29982,Get Outta My Dreams,Billy Oceans
29983,Plans,Birds Of Tokyo
29984,Cold Sweat,James Brown
29985,Weather With You,Crowded House
29986,If You Really Love Me (How Will I Know),David Guetta x MistaJam x John Newman
29989,Seasons Change,Expose
29991,You Are My Lady,Freddie Jackson
29992,Get You In Our Love,Sister Sledge
29996,Cry Me A River,Justin Timberlake
38001,I Believe,Tata Young
38003,People Watching,Conan Gray
38004,Memory,Kane Brown ft. Blackbear
38006,A Little Bit More,Freddie Jackson ft. Melba Moore
38007,Motion of Love,Gene Loves Jezebel
38008,Gonna Catch You,Lonnie Gordon
38009,INFERNO,Sub Urban & Bella Poarch
38010,Love on a Two Way Street,Stacy Lattisaw
38015,American Honey,Lady Antebellum
38016,Like Real People Do,Hozier
38017,In A Big Country,Big Country
38018,Love Is Always Seventeen,David Gates
38019,(One Of Those) Crazy Girls,Paramore
38020,All We Ever Find,Tim McGraw
38079,Daisy,Ashnikko
38080,I Like That,Bazzi
38083,Do Re Mi,Blackbear ft. Gucci Mane
38086,WAP,Cardi B & Meghan Thee Stallion
38087,I Guess I'm In Love,Clinton Kane
38089,Red Light Green Light,DaBaby
38090,Dura,Daddy Yankee
38091,Shaky Shaky,Daddy Yankee
38093,18,Jeremy Zucker
38095,I'm Still Here,John Reznik
38101,Let Me Know,LANY
38102,Love (Sweet Love),Little Mix
38105,Somebody's Watching Me,Rockwell
38106,Late at Night,Roddy Ricch
38107,Selos,Kokoy de Santos
38110,Tokyo Drift,Teriyaki Boyz
38111,Kiss (When The Sun Dont Shine),Venga Boys
38112,Waving Through A Window,Owl City
38113,Till We Meet Again,Connie Francis
38114,My Destiny,Katherine McPhee
38115,Stand By Me,Mickey Gilley
38116,Dream Girl,Kolohe Kai
38118,Genuine Love,Kolohe Kai
38120,It's A Man's Man's Man's World,James Brown
38121,Ghost,Justin Bieber
38124,The Lucky One,Laura Branigan
38125,Let Them Know,Mabel
38129,"New York, Rio, Tokyo",Peter Fessler
38130,Please Don't Suck,Noa Kirel
38133,One Hundred Ways,Quincy Jones
38135,Shivers,Ed Sheeran
38136,I Do,Solid Base
38139,Human Touch,Warren Wiebe
38141,Here's Your Perfect,Jamie Miller
38142,The Way You Felt The Word,Alec Benjamin
38143,Love Is My Decision,Chris de Burgh
38144,Pledging My Love,Emmy Lou Harris
38145,Found My Friends,Hayley Kiyoko
38147,Who's In Your Head,Jonas Brothers
38148,While You're Out@ Looking For Sugar,Joss Stone
38149,Pov,Ariana Grande
38150,The Nights,Avicii
38152,Easy On Me,Adele
38156,Beautiful,Anne-Marie
38159,Gone,Rose
38161,Butterflies,MAX & Ali Gatie
38162,999,"Selena Gomez, Camilo"
38163,Pretty Girl,Maggie Lindemann
38166,If I Didn't Love You,Jason Aldean & Carrie Underwood
38168,Heatin Up,Lil Baby feat Gunna
38179,Spend The Night,Earth Wind And Fire
38180,0.125,Finding Hope
38181,Celebrate,Rebelution
38187,Amarillo By Morning,George Strait
38189,Now Is The Hour,Connie Francis
38190,Tammy,Debbie Reynolds
38191,Hold Me In Your Arms,Doris Day
38192,Once In A Lifetime,Gregorian
38194,The Rose Song,Olivia Rodrigo
38195,Orange Colored Sky,Natalie Cole
38196,Take Me To Your Heart,Rick Astley
38198,You Make Me Feel (Mighty Real),Sylvester
38199,Nothing's Gonna Change My Love For You,George Benson
38204,Birthday,Anne-Marie
38207,Don't Go,"Skrillex, Justin Bieber & Don Toliver"
38208,Don't You Just Know It,Captain Jack
38210,Visiting Hours,Ed Sheeran
38211,Enemy,Imagine Dragons x JID
38212,ESCAPE PLAN,Travis Scott
38213,Family,"David Guetta (feat. Bebe Rexha, Ty Dolla "
38215,Hold No Grudge,Lorde
38216,COMING HOME,HONNE ft. NIKI
38219,Love You Different,Justin Bieber
38221,My Universe,Coldplay ft. BTS
38224,traitor,Olivia Rodrigo
38228,Salud y Vida,Daddy Yankee
38229,Sexy Girl,DJ Snake Ozuna Megan Thee Stallion LISA of BLACKPINK
38231,Bambi,Baekhyun
38236,Next Level,aespa
38237,Black Mamba,aespa
38245,Jeremy,Pearl Jam
38247,Roots Bloody Roots,Sepultura
38248,"1 Step Forward, 3 Steps Back",Olivia Rodrigo
38250,Happier Than Ever,Billie Eilish
38252,Melon Cake,Demi Lovato
38254,Bite Me,Avril Lavigne
38256,Everyday,James Taylor
38257,Happy For You,Lukas Graham
38259,Tonight,Air Supply
38260,Aloha Oe (Farewell to Thee),Andy Williams
38261,New York State Of Mind,Billy Joel
38262,You've Lost That Lovin' Feeling,Daryl Hall
38264,Die For You,Justin Bieber
38265,Remedy,Maroon 5 ft. Stevie Nicks
38268,Hold Me In Your Arms,Rick Astley
38271,You,KSI
38272,After Last Night,"Bruno Mars, Anderson Paak, Silk Sonic w/ Thundercat & Bootsy"
38276,Nice To Know You,Incubus
38278,Is This Love,Kolohe Kai
38279,Just Look Up,Ariana Grande & Kid Cudi
38280,Love Will Keep Us Together,Captain & Tennille
38282,Dynamite,Sean Paul ft. Sia
38283,Monday,Imagine Dragons
38284,Night Love,"Justin Bieber, Chris Brown"
38285,No,Little Mix
38286,Wild Side,Normani ft. Cardi B
38287,Not My Problem,Dua Lipa ft. JID
38288,Off My Face,Justin Bieber ft. CHAEYOUNG
38289,brutal,Olivia Rodrigo
38290,One Light,Maroon 5 ft. Bantu
38292,Sad Boy,"R3HAB & Jonas Blue ft. Ava Max, Kylie Cantrall"
38295,SOS,James Arthur
38296,Sunset,Demi Lovato
38297,Take My Breath,The Weekend
38299,The Motto,Tiesto & Ava Max
38300,Theraphy,Anne Marie
38301,Unstable,Justin Bieber
38303,When You're Awake,Selena Gomez x Marshmello
38304,worst behavior,Ariana Grande
38305,Candyman,Zedd & Aloe Blacc & Grey
38306,Innocence,Avil Lavigne
38307,Falling Fast,Avril Lavigne
38309,First Times,Ed Sheeran
38310,Love Not War,Jason Derulo
38312,Shot in the Dark,John Mayer
38313,I Don't Want To Be A Hero,Johnny Hates Jazz
38314,New Normal,Khalid
38315,Dancing In The Kitchen,LANY
38318,Make It Easy On Me,Sybil
38319,Tootimetootimetootime,The 1975
38324,ICU Madisons Lullabye,Demi Lovato
38325,Don't Let Me Change The Way You Are,Gloria Loring
38327,Angels On My Side,Rick Astley
38331,Come Home,Ava Max
38334,Narcissist,No Rome ft. The 1975
38335,Together,Sia
38338,Cemetery Gates,Pantera
38340,If I Knew,Bruno Mars
38344,Roots Reggae Music,Rebelution
38345,Teritory,Sepultura
38346,The Other Guy,Luke Combs
38350,Bounce Man,Twenty One Pilots
38353,Toxic,BoyWithUke
38354,From Yesterday,30 Seconds To Mars
38355,Invisible,Anna Clendening
38357,Tomorrow,Silverchair
38363,The Art of Starting Over,Demi Lovato
38364,Don't Go Away,Oasis
38366,abcdefu,GAYLE
38369,Halfway,Mimi Webb
38372,Nothing Else Matters,Santa Esmeralda
38373,Party Doll,Mick Jagger
38374,Hoax,Taylor Swift
38375,Time And Love,Tea For Two
38376,Better Man,Taylor Swift
38377,Back In The Saddle,Aerosmith
38378,Sweet Dream,Alessia Cara
38379,Alive,Ace Banzuelo
38380,All Night,Steve Aoki & Lauren Jauregui
38381,Bodies,Drowning Pool
38385,Cloudy Day,Tones and I
38386,Deja Vu,James Arthur
38390,Here's To Moving On,Dashboard Confessional
38391,HIT IT,"Black Eyed Peas, Saweetie, Lele Pons"
38393,I Just Wanna Be Happy,Gloria Estefan
38394,That's What I Want,Lil Nas X
38399,Coming Home,Keith Urban ft. Julia Michaels
38400,Kiss of Life,Kylie Minogue & Jessie Ware
38401,"The Older You Get, The Less You Cry",LANY
38402,Let's Go To Hell,Tai Verdes
38405,Love Me Now,Kygo
38406,Lowkey,Niki
38407,Justify My Love,Madonna
38408,"Headache Tomorrow, Heartache Tonight",Mickey Gilley
38409,Moth To A Flame,Swedish House Mafia and The Weeknd
38411,One Right Now,Post Malone and The Weeknd
38412,Overpass Graffiti,Ed Sheeran
38415,Running,Jason Mraz
38416,safety net,Ariana Grande ft. Ty Dolla Sign
38418,Sunday,KYLE
38420,Tequila,The Champs
38422,This Is Heaven,Nick Jonas
38423,This Is How We Do It,Solid Base
38425,We Don't Talk About Bruno,Encanto
38426,Wherever You Go,Alok ft. John Martin
38430,The Old Songs,Barry Manilow
38431,Renegade,Big Red Machine ft. Taylor Swift
38432,Heart Of Mine,Boz Scaggs
38433,Hush,Deep Purple
38434,Ain't Shit,Doja Cat
38438,Queen of Disaster,Lana Del Rey
38439,Makudonarudo,Namawee
38440,Heaven,Pink Sweats
38441,Birds Fly (Whisper To A Scream),The Icicle Works
38442,Never Be What You Want (Acoustic),We Are The In Crowd
38444,Faking Love,Anitta feat Saweetie
38445,What I Put You Through,Conor Maynard
38447,Boyz,Jesy Nelson ft Nicki Minaj
38449,Mr. Blue,Michael Franks
38451,I Hate U,SZA
38452,My Heart Beat Like A Drum,A Touch of Class
38453,Freaking Me Out,Ava Max
38455,Wandered To LA,Juice WRLD ft. Justin Bieber
38456,Between Us,Little Mix
38457,Heartbreaker,Mariah Carey feat. Jay Z
38458,Run (Taylor's Version),Taylor Swift & Ed Sheeran
38459,Rule The World,The Wanted
38460,I Bet You Think About Me,Taylor Swift
38478,Boliviaz Redeem,Lexpraa Stylah
38491,Everybody Talks To God,Aaron Lewis
38492,Love It When You Hate Me,Avril Lavigne ft. blackbear
38494,Glitter,BENEE
38495,The World I Know,Collective Soul
38498,Getaway Car,Taylor Swift
38499,It's You,Sezairi
38500,Something Beautiful,Tom Walker
38501,There's A Rising Moon,Doris Day
38502,My Love , Julio Iglesias And Stevie Wonder
38505,Now And Forever,The Five Stars
38508,Last Day On Earth,Tai Verdes
38509,When I'm Gone,"Alesso, Katy Perry"
38513,Before 4:30 (She Said),Mew Suppasit & Sam Kim
38514,What's On Your Mind,Information Society
38515,It'll Be Okay,Shawn Mendes
38516,Love Back,Why Don't We
38517,No Lie,"Sean Paul, Dua Lipa"
38518,Sahara Night,F.R. David
38521,Telepath,Conan Gray
38522,The Anonymous Ones,SZA
38523,Chain My Heart,Topic x Bebe Rexha
38525,Man On The Moon,Alan Walker x Benjamin Ingrosso
38526,Male Fantasy,Billie Eilish
38528,Little Did I Know,Julia Michaels
38536,Always You And I,98 Degrees
38538,Emily,James Arthur
38539,Estranged,Guns N' Roses
38540,I Saw Red,Warrant
38542,Butterfly,Demi Lovato
38543,Here's Where The Story Ends,The Sundays
38544,Love Will Tear Us Apart,Joy Division
38545,Pollyanna,Green Day
38547,Walk Away Renee,Rick Price
38549,Bored In The House,Tyga x Curtis Roach
38551,Crazy Frog,Axel F
38552,IDK You Yet,Alexander 23
38553,Mare,Black Eyed Peas
38555,Oh My God,Adele
38556,Iffy,Chris Brown
38557,WOAH,KRYPTO9095 ft. D3Mstreet
38559,Really Love,KSI ft. Craig David & Digital Farm Animals
38560,I'm Just A Kid,Simple Plan
38561,Changes,2Pac ft. Talent
38563,Boston,Augustana
38564,Heather,Conan Gray
38565,Unstoppable,James Blunt
38567,Cheyenne,Kaleb Austin
38568,Him,Rupert Holmes
38569,Pope Is a Rockstar,SALES
38570,Old Love Song,Zac Brown Band
38571,Hello Darlin',Conway Twitty
38572,Innamorata,Dean Martin
38575,True Love Ways,Mickey Gilley
38576,I Do,Natalie Cole & Freddie Jackson
38580,Always Been You,Jessie Murph
38581,Blow That Smoke,Major Lazer & Tove Lo
38582,Drunk,Ed Sheeran
38583,Break My Heart,Dua Lipa
38584,Feels So Good,"Snoop Dogg & Wiz Khalifa ft. Nate Dogg, Warren G, Method Man & Redman"
38587,Here With Me,Marshmello ft. CHVRCHES
38588,I Lost Myself In Loving You,Jamie Miller
38589,Life Goes On,Oliver Tree
38590,The Lonely Guy,Max Carl
38591,Mrs. Magic,Strawberry Guy
38594,Scenic Drive,"Khalid ft. Ari Lennox, Smino"
38595,The Joker And The Queen,Ed Sheeran
38597,To The Bone,Pamungkas
38598,Tongue Tied,Grouplove
38599,Wait a Minute!,Willow Smith
38601,Balloons,Tom MacDonald
38602,Deal With It,Ashnikko
38603,How Much I Feel,Ambrosia
38604,I AM WOMAN,Emmy Meli
38606,Looks Like Me,Dean Lewis
38608,The Megamix,Little Mix ft. Saweetie
38613,Picture Myself,Stephanie Poetri
38617,Happiness,Rex Orange County
38618,Gasoline,The Weeknd
38620,Mad At Disney,Salem Ilese
38622,Cherry Pie,Warrant
38623,Mr. Roboto,Styx
38625,Take Cover,Mr. Big
38628,Come Back Down,Lifehouse
38632,Bam Bam,Camila Cabello ft. Ed Sheeran
38633,"Good Night, Good Guy",Collective Soul
38634,As It Was,Harry Styles
38635,We're All In This Together,High School Musical Cast
38637,If You Were My Baby,Rick Price
38640,Whiskey Sour,Kane Brown
38641,Last Call,Khalid
38642,All I Need Is A Miracle,Mike & The Mechanics
38643,Dragostea Din Tei,O-Zone
38645,Can't Help Me Now,Rob Thomas
38646,I Have A Dream,Westlife
38648,Next Year,Macklemore ft Windser
38649,Baby Got Back,Sir Mix-A-Lot
38651,Out In The Middle,Zac Brown Band
38652,Without You,Air Supply
38653,You Belong To Me,Dean Martin
38654,Turn Your Love Around,George Benson
38656,Lonely Nights,Mickey Gilley
38657,White Dove,Scorpions
38658,She's My Girl,Morris Albert
38659,Moonlight,Ali Gatie
38661,Best Friend,Rex Orange County
38662,Can't Get Over You,Gabry Ponte ft. Aloe Blacc
38664,Darkside,Alan Walker ft. AU/RA and Tomine Harkett
38665,Dear Mama,Tupac
38668,Attention,Omah Lay & Justin Bieber
38671,3 A.M.,We Three
38672,Deeper Shade of Blue,Steps
38673,Die For A Man,Bebe Rexha
38674,Just A Mess,Tones and I
38675,New Shapes,Charli XCX ft. Christine and the Queens and Caroline Polachek
38676,Panic Attacks In Paradise,Ashnikko
38677,Paradise,"Alan Walker, K-391, Boy in Space"
38678,Praise God,Kanye West
38680,Tears,Clean Bandit
38681,911,Teddy Swims
38682,Classic Male Love Songs Medley,Medley Song
38683,Honesty,Pink Sweats
38684,How's It Gonna Be,Third Eye Blind
38685,Can I Get It,Adele
38687,Sun and Moon,Anees
38688,Flying On My Own,Celine Dion
38689,I Choose You,Ryann Darling
38690,The Other Side Of The Door,Taylor Swift
38692,Like That,Doja Cat ft. Gucci Mane
38694,High On Life,Martin Garrix ft.Bonn
38695,Do No Wrong,Tyla Yaweh ft Trippie Redd & PnB Rock 
38696,Just a Girl,No Doubt
38697,Prom,Ebe Dancel
38700,Green-Tinted Sixties Mind,Mr. Big
38701,R U Mine?,Arctic Monkeys
38702,Showdown,Electric Light Orchestra
38703,Someone You Like,The Girl And The Dreamcatcher
38704,It's My Life,Talk Talk
38705,The Unforgiven II,Metallica
38707,When You're Gone,Shawn Mendes
38708,WON'T STAND DOWN,Muse
38709,Black,Pearl Jam
38710,Body Language,Blake Shelton
38711,Drink A Little Whiskey Down,Luke Bryan
38712,Heaven Right Now,Thomas Rhett
38713,Bible Verses,Blake Shelton
38715,Can You Feel My Heart,Bring Me The Horizon
38721,Formidable,Twenty One Pilots
38722,Good Things,Dan and Shay
38726,So Far Away,Avenge Sevenfold
38727,When The Stars Go Blue,Tim McGraw
38728,God's Wonderful People,Heritage Singers
38730,Where I Stand,Mia Wray
38738,Mon Soleil,Ashley Park
38741,Bones,Imagine Dragons
38744,ANGOSTURA,keshi
38745,Good Enough,Lifehouse
38747,Mo Money Mo Problems,The Notorious B.I.G
38748,Cowboys Don't Cry,Oliver Tree
38751,Staring At The Sun,Post Malone
38753,Come and Get Your Love,Redbone
38754,rx,ROLE MODEL
38756,The First Cut Is The Deepest,Sheryl Crow
38757,coney island,Taylor Swift ft. The National
38758,Crying Over You,The Band Camino
38759,The Same Love,The Jets
38765,Break Up Song,Little Mix
38766,Complete Mess,5 Seconds of Summer
38768,Ego,The Saturdays
38771,I Cry,Flo Rida
38773,If You Ever Change Your Mind,Calum Scott
38775,Last Call,Jamie Miller
38776,Let Somebody Go,Coldplay X Selena Gomez
38777,Light Switch,Charlie Puth
38778,LOUD,Sofia Carson
38779,Million To One,Camila Cabello
38780,Sigue,J Balvin & Ed Sheeran
38782,Unstoppable,Sia
38783,Ur Just Horny,GAYLE
38784,Wishes,Jamie Miller
38786,Shake You Down,Gregory Abbott
38787,Rock Your Body,Justin Timberlake
38789,Butterflies,Abe Parker
38790,Long Drives,BoyWithUke
38791,Brave,Ella Henderson
38796,All Too Well (10 Mins Version),Taylor Swift
38797,Torn,Ava Max
38798,Do You Want My Love,Coco Lee
38800,Trouble With A Heartbreak,Jason Aldean
38801,High,The Chainsmokers
38802,Sweetest Pie,Megan Thee Stallion & Dua Lipa
38805,Big Time Rush,Big Time Rush
38806,Doin' This,Luke Combs
38807,Make It Shine,Victoria Justice
38808,Original Fire,Audioslave
38810,Ruin My Life,Simple Plan feat. Deryck Whibley
38812,Alone With You,The Outfield
38814,Waves,Luke Bryan
38815,When We Die,Bowling For Soup
38817,Ceremony,Deftones
38818,Shoulda Woulda Coulda,Beverley Knight
38819,Better Be Home Soon,Crowded House
38820,About Damn Time,Lizzo
38822,Forever My Love,J Balvin & Ed Sheeran
38823,Fuck You,Lily Allen
38824,HANDSOMER,Russ ft. Ktlyn
38825,Hell Yeah,Little Big Town
38827,Kings And Queens,Thirty Seconds To Mars
38828,Once In A Lifetime,Craig David
38832,The Girl Can't Help It,Blake Shelton
38833,Wellerman,Nathan Evans
38834,High and Dry,Radiohead
38844,CEBUANA,SOUTHVIBES ft. Kyle Zagado & Prince Ben
38850,Feel Like Making Love,Bad Company
38851,Grow As We Go,Ben Platt ft. Sara Bareilles
38855,One Life,James Bay
38856,Circles Around This Town,Maren Morris
38857,You Don't Know Me,Ofenbach
38858,I Ain't Worried,OneRepublic
38859,Give Me Your Love,Bryan Adams
38860,Psycho,Maisie Peters
38861,Every Summertime,Niki
38862,Angel Baby,Troye Sivan
38863,Coloratura,Coldplay
38864,Carry On Wayward Son,Kansas
38865,Call On Love,Michael Learns To Rock
38866,La Paloma,Nana Mouskouri
38868,2step,Ed Sheeran
38869,All Falls Down,Alan Walker ft. Noah Cyrus & Digital Farm Animals
38872,Butterfly,Jason Mraz
38873,Girls Like,Tinie Tempah ft. Zara Larsson
38876,Heaven,Calum Scott
38877,Honest,Justin Bieber ft. Don Toliver
38880,It Is What It Is,Jamie Miller
38881,Do You Remember,"Jay Sean ft. Sean Paul, Lil John"
38882,Love Me More,Sam Smith
38884,Maybe You're The Problem,Ava Max
38887,Shake It,"Kay Flock ft. Cardi B, Dougie B & Bory300"
38888,Sooner Or Later,Years & Years
38889,That's Hilarious,Charlie Puth
38891,Je Me Casse,Destiny
38892,feel like shit,Tate McRae
38893,Freaks,Jordan Clarke
38894,Lie Again,Giveon
38895,Livin It Up,Young Thug (with Post Malone & ASAP Rocky)
38896,Goodbye,LP
38897,Baby Blue Eyes,A Rocket to the Moon
38898,Pieces,Rob Thomas
38899,Don't Wait Up,Shakira
38901,Welcome To the Revolution,Hi-Rez & Jimmy Levy
38902,Shake It On,Jamiroquai
38906,Let Me Be With You,Jerry Fuller
38907,Dancing Feet,Kygo
38908,Speak Up,Miquela
38911,No Stoppin Us,Charlie Wilson ft. Babyface
38912,How Could It Be,Eddie Murphy
38913,Minefields,Faouzia  John Legend
38914,Shut Up,Mia Rodriguez
38915,Higher,Michael Buble
38916,Out of Time,The Weeknd
38919,Until I Found You,Stephen Sanchez
38920,Psychofreak,Camila Cabello ft Willow
38921,Luv Starved,Gayle
38922,Hold My Hand,Lady Gaga
38923,Inside Out,The Mighty Lemon Drops
38924,Masterpiece,Motionless In White
38925,maybe,Machine Gun Kelly ft. Bring Me The Horizon
38926,Pop Out,Polo G ft Lil Tjay
38927,Revelations,Audioslave
38928,Wake Me Up (When This Nightmare's Over),Simple Plan
38930,Where We Grew Up,Thomas Rhett
38931,Fall At Your Feet,Crowded House
38933,Jack & Diane,John Mellencamp
38936,So Much In Love,Timothy B. Schmit
38937,Is There Life After Love,Shania Twain
38939,Your Baby Never Looked Good In Blue,Expose
38940,Yugto,Any Name's Okay
38943,Love,Keyshia Cole
38944,Don't Think Jesus,Morgan Wallen
38945,Lies,Pale Waves
38946,Love Like That,Phillip Phillips
38947,Let Me Entertain You,Robbie Williams
38948,This Love,Taylor Swift
38949,Do I Wanna Know,Arctic Monkeys
38950,Made For You,Jake Owen
38951,Play Date,Melanie Martinez
38952,The Only Heartbreaker,Mitski
38953,Flow Gently Sweet Afton,Jo Stafford
38954,All Night Parking,Adele
38956,Another Man's Jeans,Ashe
38961,Carolina,Taylor Swift
38964,Cut to the Feeling,Carly Rae Jepsen
38967,Enchanted,Taylor Swift
38968,Fantasy,Mariah Carey
38969,Glimpse Of Us,Joji
38972,I Love U,The Chainsmokers
38973,IDGAF,BoyWithUke ft. blackbear
38975,Late Night Talking,Harry Styles
38979,more than life,Machine Gun Kelly ft. glaive
38981,Numb,"Marshmello, Khalid"
38984,Rich Love,"OneRepublic, Seeb"
38985,"RIP, Love",Faouzia
38988,Rush,Raveena
38989,Sacrifice,The Weeknd  ft. Swedish House Mafia
38990,This City,Sam Fischer
38993,What Am I,Why Don't We
38994,Who's Laughing Now,Ava Max
38995,Broadway Girls,Lil Durk ft. Morgan Wallen
38996,Can We Still Be Friends,Robert Palmer
38997,Dear God,Kevin Gates x Dusa
38998,Happiness Is A Butterfly,Lana Del Rey
38999,Let Me Know,Surfaces
39001,Left And Right,Charlie Puth ft. Jung Kook
39002,You Let Me Down,Alessia Cara
39005,Eyes For You,Perkins
39009,Shadow Of Mine,Alec Benjamin
39012,You're The Best Thing,The Style Council
39013,Cold Heart,"Elton John, Dua Lipa"
39014,Numb Little Bug,Em Beihold
39015,Don't Love Me,NeYo
39017,Wild Horse 717,Warren Zeiders
39018,Just Friends,WHY DON'T WE
39019,Take My Hand,5 Seconds Of Summer
39020,You Proof,Morgan Wallen
39021,Cooped Up,Post Malone ft. Roddy Ricch
39022,Mamma Mia,A-Teens
39023,Anybody Else,Faouzia
39024,Coming Of Age,Damn Yankees
39025,Me Myself & I,5 Seconds of Summer
39027,Sleep Tight,Holly Humberstone
39028,SUPERMODEL,Maneskin
39029,That Girl,McFly
39030,Dear Me,Brett Young 
39031,Walk,Foo Fighters
39032,It's Only Rock 'N' Roll (But I Like It),The Rolling Stones
39035,For All We Know,James Griffin
39036,Ignorance,Paramore
39040,Matilda,Harry Styles
39041,Prairies,BoyWithUke
39042,What's Wrong,Half Alive
39043,Telling Myself,Joshua Bassett
39044,Missing Piece,Vance Joy
39045,Someday,Rob Thomas
39046,Track Star,Mooski
39047,Accidentally In Love,Counting Crows
39049,Blick Blick,Coi Leray & Nicki Minaj
39050,She Had Me At Heads Carolina,Cole Swindell
39051,Kiss Of Fire,Georgia Gibbs
39052,I Can't Stop Loving You,Tom Jones
39053,Don't Wake Me Up,"Jonas Blue, Why Don't We"
39057,Play This At My Funeral,Lil Skies ft. Landon Cube
39058,Atlantis,Seafret
39060,what would you do?,Tate McRae
39061,Coloured Kisses,Martika
39062,Dark Moon,Chris Isaak
39063,Bill Dance,Luke Bryan
39064,Put Your Dreams Away,Mickey Gilley
39067,Bad For Me,Meghan Trainor
39068,BREAK MY SOUL,Beyonce
39070,Butterfly,Smile.dk
39071,chaotic,Tate McRae
39072,Cold December,Rod Wave
39074,Did Somebody Say,Katy Perry & Just Eat
39075,Dolls,Bella Poarch
39076,Dope,John Legend ft. JID
39078,Earthquake,The Flirtations
39080,favorite crime,Olivia Rodrigo
39082,Give Me The Reason,James Bay
39084,Hate Me,Baauer & Miquela
39086,Hot Shit,Cardi B ft. Kanye West & Lil Durk
39087,How Do I Make You Love Me?,The Weeknd
39088,jealousy,FKA twigs ft. Rema
39094,off the table,"Ariana Grande, The Weeknd"
39096,One Life,Ed Sheeran
39100,Potion,"Calvin Harris, Dua Lipa, Young Thug"
39102,SICKO MODE,Travis Scott ft. Drake
39103,Slidin',Jason Derulo ft. Kodak Black
39105,Want To,Dua Lipa
39106,Let's Link,WhoHeem
39107,Woman,Doja Cat
39109,Bad Little Thing,Noa Kirel
39110,Beautiful Lies,Yung Bleu & Kehlani
39111,everything sucks,vaultboy
39112,Ghost Town,Benson Boone
39113,Take It Home,Mabel
39114,No Love,Summer Walker
39115,Two Occasions,The Deele
39119,Try Losing One,Tyler Braden
39120,Go,Cat Burns ft Sam Smith
39121,Petty,Chris Brown
39122,FOREVER LOVE,"Suppasit Jongcheveevat, Bumkey"
39123,Never Give Up,Amy Holland
39124,Oceans & Engines,NIKI
39127,Good Love,City Girls ft. Usher
39128,Sharks,Imagine Dragons
39130,AfterLife,Five Finger Death Punch
39132,Be Like That,3 Doors Down
39133,Dream About You,Selena Gomez ft. ZAYN
39134,Memories,YUNGBLUD ft. WILLOW
39135,the perfect pair,beabadoobee
39136,Stand,R.E.M.
39137,SUBSTANCE,Demi Lovato
39138,One Thing Leads To Another,The Fixx
39139,Your New Boyfriend,Wilbur Soot
39140,Am I The Only One,Aaron Lewis
39142,If You Love Her,Forest Blakk & Meghan Trainor
39145,Not Yet,Brett Young
39146,One Drop,Bob Marley and the Wailers
39148,Understand,BoyWithUke
39150,Black Man Ray,China Crisis
39151,Concrete and Clay,Unit 4 plus 2
39153,7 Things,Miley Cyrus
39154,Show Me The Meaning Of Being Lonely,Backstreet Boys
39155,Because I Got High (Extended Version),Afroman
39156,Bow Chicka Bow Wow ,Mike Posner Feat.Lil Wayne
39157,Hello World,Alan Walker
39159,Bad Time,Grand Funk Railroad
39160,Sunny Day,Beabadoobee
39161,Drinking My Baby Goodbye,The Charlie Daniels Band
39162,Doin' It Right,Chayce Beckham
39163,Comfort Crowd,Conan Gray
39164,Boyfriend,Dove Cameron
39165,The Bottom,Gracie Abrams
39166,I Feel Like Dancin',All Time Low
39167,Leave You Alone,Kane Brown
39168,Keep Me,Khalid
39170,All 4 Nothing,Lauv
39171,If You Love Me Let Me Know,Olivia Newton John
39174,Best Friends (Remix),"The Weeknd, Summer Walker"
39178,Easy Lover,Ellie Goulding
39179,First Class,Jack Harlow
39181,Fun Tonight,Lady Gaga
39182,For Real This Time,Gracie Abrams
39183,Grey,Why Don't We
39184,Hero,Cash Cash ft. Christina Perri
39185,Hold On,Martin Garrix
39186,I'm Good (Blue),David Guetta & Bebe Rexha
39188,Make You Say,"Zedd, Maren Morris & Beauz"
39189,More Love,Doug Stone
39190,Never Let You Go,ROLE MODEL
39191,Part Of The Band,The 1975
39192,Risk It All,Yuna
39193,Smells Like Me,Charlie Puth
39194,So Far Away,Martin Garrix & David Guetta
39196,Super Freaky Girl,Nicki Minaj
39197,Surface Pressure,Jessica Darrow
39198,Thought About That,Noa Kirel
39200,Wish You Were Sober,Conan Gray
39201,Yours,Conan Gray
39206,The Drum,Alan Walker
39207,Love of Mine,Imagine Dragons
39208,Feels Like Home,Jonny Houlihan
39209,The Blind Man In The Bleachers,Kenny Starr
39210,Sunroof,"Nicky Youre, Dazy"
39211,Calm Down,Rema & Selena Gomez
39212,Line Without a Hook,Ricky Montgomery
39216,sTraNgeRs,Bring Me The Horizon
39217,Cracker Island,Gorillaz ft Thundercat
39218,Psycho,Mia Rodriguez
39219,PS5,"Alan Walker, Salem Ilese, and TOMORROW X TOGETHER"
39220,Don't Change,Why Don't We
39221,Sweet Talker,Years & Years & Galantis
39222,For My Hand,Burna Boy feat Ed Sheeran
39223,W.I.T.C.H.,Devon Cole
39224,Paris To Tokyo,Fivio Foreign & The Kid LAROI
39225,Lost Without You,Kygo ft. Dean Lewis
39226,I Like You,Post Malone ft. Doja Cat
39228,Fallin' (Adrenaline),Why Don't We
39229,Like You Never See Me Again,Alicia Keys
39231,Living Hell,Bella Poarch
39234,Cate's Brother,Maisie Peters
39236,Discovery,Any Name's Okay
39237,Don't Pass Me By,Georgia Satellites
39240,I WANNA BE YOUR SLAVE,Maneskin
39244,Please Don't Go,Mike Posner
39245,Sunburn,Owl City
39247,Doin' So Well,PLAID BRIXX
39248,Fingertips,Tom Gregory
39251,Save Your Love,James Bay
39253,When I'm Gone,Simple Plan
39254,When It's Over,Sugar Ray
39256,Whenever You Need Somebody,Rick Astley
39257,Bad Decisions,"benny blanco, BTS & Snoop Dogg"
39258,Beautiful Love (Free Fire),Justin Bieber
39259,Don't Let The Light Go Out,Panic! At The Disco
39261,Higher,Albert Posis
39262,Another Man's Jeans,Ashe
39264,Angry Woman,Ashe
39265,Overdrive,Conan Grey
39266,Arcade (Loving You Is A Losing Game),Duncan Laurence ft. Fletcher
39268,Becky's So Hot,FLETCHER
39269,Hold The Dream,Firehouse
39270,Japanese Denim,Daniel Caesar
39272,you're not special,Maggie Lindemann
39275,THE SHADE,Rex Orange County
39277,because i liked a boy,Sabrina Carpenter
39278,Would You,The Vamps
39279,AA,Walker Hayes
39282,Bad Omens,5 Seconds of Summer
39284,Better Thangs,Ciara ft. Summer Walker
39285,Dandelions,Ruth B
39286,Danny Boy,Tom Jones
39287,Dare You To Doubt Me,The Script
39289,Die Hard,Kendrick Lamar
39292,dlma,Bazzi ft. LANY
39293,Don't I Make It Look Easy,Meghan Trainor
39294,DON'T YOU WORRY,"Black Eyed Peas, Shakira, David Guetta"
39295,Falling Slowly,Ashley Park and Kevin Dias
39296,fmk,GAYLE with blackbear
39297,Forever Drunk,Peach PRC
39298,Forget Me,Lewis Capaldi
39299,fun out of it,"Johnny Orlando, BENEE"
39301,Hard Out Here,RAYE
39302,Highly Strung,Spandau Ballet
39303,How Do I Say Goodbye,Dean Lewis
39304,I'm Not Dead Yet,Mike Posner
39305,It Could Be Nice,Chet Faker
39306,JUMP,Ciara ft. Coast Contra
39308,Living Without You,"Sigala, David Guetta, Sam Ryder"
39309,Lobby,Anitta x Missy Elliott
39314,New Gold,Gorillaz ft. Tame Impala & Bootie Brown
39315,No One Dies From Love,Tove Lo
39317,Run Into Trouble,Alok & Bastille
39318,San Francisco Street,Sun Rai
39320,So Good,Halsey
39321,SUNSHINE,NSB
39322,Superficial Love,Ruth B
39324,Thank God,"Kane Brown, Katelyn Brown"
39325,There'd Better Be A Mirrorball,Arctic Monkeys
39326,Three Little Birds,"Timmy Trumpet, Prezioso, 71 Digits"
39327,Trumpets,Sak Noel & Salvi ft. Sean Paul
39328,Unholy,Sam Smith ft. Kim Petras
39329,Vibe Like This,"SG Lewis, Ty Dolla "
39330,Waking Up Dreaming,Shania Twain
39331,Wish You Were Here,Lukas Graham ft. Khalid
39335,I'm In Love With You,The 1975
39336,i wish u knew,vaultboy
39339,Smoke Slow,Joshua Bassett
39343,Million Dollar Baby,Ava Max
39345,Skyline,Khalid
39348,curious/furious,WILLOW
39349,Everybody Have Fun Tonight,Wang Chung
39350,i'm so happy,"Jeremy Zucker, BENEE"
39351,Only Fan,Bazzi ft. Cordae
39352,Pluto Projector,Rex Orange Country
39353,Satellite,Khalid
39355,Tripping Over Air,Aidan Bissett
39356,Unstoppable,Disturbed
39357,Anti-Hero,Taylor Swift
39359,Bigger Than Me,Louis Tomlinson
39361,C'est La Vie,"Yung Gravy, bbno"
39364,THREAT,Rex Orange County
39365,All I Need To Hear,The 1975
39368,Steal My Love,Dan + Shay
39370,I Don't Like Myself,Imagine Dragons
39372,Summertime Madness,Lana del Ray
39373,Congrats,LANY
39374,Made You Look,Meghan Trainor
39376,Dance With Me Tonight,Olly Murs
39382,Always Be There,"Jonas Blue, Louisa Johnson"
39384,Backburner,NIKI
39385,Bye Bye,"Marshmello, Juice WRLD"
39389,Gimme Love,Carly Rae Jepsen
39390,GOD DID,"DJ Khaled ft. Rick Ross, Lil Wayne, Jay-Z, John Legend, Fridayy"
39392,Hold Me Closer,Elton John & Britney Spears
39395,Golden Hour,JVKE
39396,Karma,Taylor Swift
39398,Lift Me Up,Rihanna
39400,My Mind & Me,Selena Gomez
39401,Never Gonna Not Dance Again,PINK
39403,Obsessed,"Calvin Harris, Charlie Puth, Shenseea"
39404,Oh Caroline,The 1975
39408,Shirt,SZA
39409,SHUT UP,Simple Plan
39410,Then You Look At Me,Celine Dion
39413,Woke Up in Love,"Kygo, Gryffin, Calum Scott"
39414,You Know I'll Go Get,Rizky Ayuba
39415,I Don't Wanna Be Okay Without You,Charlie Burg
39416,Be With You,Akon
39417,Heaven,Bazzi
39418,Celestial,"Ed Sheeran, Pokemon"
39420,Dangerous,Madison Beer
39421,This Is Why,Paramore
39423,When You're Sad Im Sad,Charlie Puth
39427,Before I Met You,Selena Gomez x Khalid
39428,Tom's Diner,"Suzanne Vega, DNA"
39430,No More Drama,Charlie Puth
39431,Too Precious,Em Beihold
39434,Television / So Far So Good,Rex Orange County
39435,Dead,Sezairi ft. Young Cocoa
39438,Careless Whisper,Seether
39439,Charlie Be Quiet!,Charlie Puth
39441,I'm a Mess,Avril Lavigne with YUNGBLUD
39442,Miracle,Bon Jovi
39443,Teenage Mona Lisa,Alfie Castley
39444,12345,Em Beihold
39445,29,Demi Lovato
39447,Come Back Home,Sofia Carson
39449,Easily,Bruno Major
39451,Face to Face,Rex Orange County
39453,People pleaser,Cat Burns
39455,Cloud 9,Beach Bunny
39458,Kiss Me,Dermot Kennedy
39459,Sneakers,Knox
39461,No Other Heart,Mac DeMarco
39462,Not Another Rockstar,Maisie Peters
39463,SNAP,Rosa Linn
39464,YOU AGAINST YOURSELF,Ruel
39465,Hey Siri,Salem Ilese
39466,You Never Stop Me From Loving You,SONIA
39469,Lavender Haze,Taylor Swift
39472,All I Can Do,Jason Marvin
39474,Bigger Than The Whole Sky,Taylor Swift
39476,Daddy's Eyes,Zoe Wees
39477,Dancing On Cars,Olly Murs
39479,Dead To Me,DaniLeigh
39480,Don't Leave Me Lonely,Clean Bandit ft. Elley Duhe
39481,DOUBLE D'Z,"Black Eyed Peas, J. Rey Soul"
39482,Fighter,Tom MacDonald
39483,For The First Time,Mac DeMarco
39484,Grapefruit,Tove Lo
39485,I Just Want a Lover,Noah Cyrus
39486,Kill Bill,SZA
39487,Labyrinth,Taylor Swift
39488,Lay Up N Chill,Pink Sweats ft. A Boogie Wit Da Hoodie
39489,Let It Die,Ellie Goulding
39490,Love The Way You Love (Remix),"Olivia King, Alayna Grace"
39491,Lovesick,Alan Walker
39493,Money Trees,Kendrick Lamar and Jay Rock
39495,Not Alone (from Devotion),Joe Jonas & Khalid
39497,Riot,Tom McDonald
39501,STAR WALKIN',Lil Nas X
39502,Taurus,Machine Gun Kelly
39503,uh oh,Tate McRae
39504,Who's Gonna Love You Tonight,Snakehips & Tinashe
39505,Worst Day Of My Life,Alec Benjamin
39507,True Colors,Zedd ft Kesha
39508,Let Me Hold You(Turn Me On),Cheat Codes & Dante Klein
39509,Never Forget You,"Zara Larsson, MNEK"
39510,Break A Sweat,Becky G
39511,Mercury In Retrograde,Avril Lavigne
39512,Innocence and Sadness,Dermot Kennedy
39513,FORTUNE COOKIE,easy life
39514,White Lies,Katie Gregson-MacLeod
39515,Pointless,Lewis Capaldi
39516,Born Again,Rihanna
39517,The Best Is Yet to Come,Tom Walker
39518,Body Paint,Arctic Monkeys
39519,Everywhere,Fleetwood Mac
39520,"I miss you, I'm sorry",Gracie Abrams
39521,Good Hands,Kylie Morgan
39522,I Didn't Know,Sofia Carson
39524,Sanctuary,Joji
39525,Showed Me (How I Fell In Love With You),Madison Beer
39526,Tell It To My Heart,Taylor Dayne
39527,Maroon,Taylor Swift
39528,We The Best,Ex B
39529,Betty (Get Money),Yung Gravy
39530,EDGING,blink-182
39531,I Love You So,The Walters
39533,THE LONELIEST,Maneskin
39534,The News,Paramore
39535,Ever Ever After,Carrie Underwood  
39536,Another Heart,ILIRA
39537,Beach House,Carly Rae Jepsen
39539,Come First,Astrid S
39541,Everybody's Cool,Two Door Cinema Club
39542,Ghost Of You,5 Seconds Of Summer
39543,Nothing,Bruno Major
39544,Tissues,YUNGBLUD
39549,Chasing Shadows,Alex Warren
39550,Girl Like Me Dove,Cameron
39553,Victoria's Secret,Jax
39554,Chosen,Maneskin
39555,MAMMAMIA,Maneskin
39557,I Need That,Peach Tree Rascals
39558,Nobody Gets Me,SZA
39560,Back To You,"Lost Frequencies, Elley Duhe, X Ambassadors"
39561,Blame's On Me,Alexander Stewart
39562,Buttercup,Hippo Campus
39564,Confessions Part II,Usher
39566,Do It Like A Girl,Morgan St. Jean
39567,FIREBABE,STORMZY
39568,Ghost of You,Mimi Webb
39569,Golden Age,Rosie Darling
39570,Good Time,Dua Lipa
39571,Hotter Than Hell,Dua Lipa
39572,I Love You's,Hailee Steinfeld
39573,I Was Never There,The Weeknd
39577,Never Mind Let's Break Up,Lany
39579,October Passed Me By,girl in red
39580,Paper Crown,Alec Benjamin
39581,Photo ID,Remi Wolf
39582,Red Eye,Justin Bieber
39585,Scandalous,Gryffin & Tinashe
39586,Seat At The Table,The Vamps
39588,Shine Over Me,Kisma & Shira
39592,worst enemy,Jake Clark
39593,Kiss You,Caity Baser
39594,One Life,Dermot Kennedy
39595,No Bad Days,Flo Rida ft. Jimmie Allen
39596,Heartbeat,James Arthur
39597,Creepin,"Metro Booming, The Weeknd, 21 Savage"
39598,Flowers,Miley Cyrus
39602,You Know What I Need,"PNAU, Troye Sivan"
39603,There'll Be Sad Songs To Make You Cry,Billy Ocean
39604,Welcome To My Island,Caroline Polachek
39605,Summer Is Over,KSI
39606,Ballerina,MAGIC
39608,I See London I See France,bbno
39609,Don't Go,Rory ft. Pink Sweat
39610,Hide & Seek,Stormzy
39613,Lux Eterna,Metallica
39615,UNDERSTAND,Keshi
39616,Amazing,Rex Orange County
39618,The Drummer,Red Hot Chili Peppers
39622,Flicker,Niall Horan
39623,GOSSIP,Maneskin ft. Tom Morello
39625,Love Like Woe,The Ready Set
39626,Home Movies,Lukas Graham & Mickey Guyton
39627,When I Get There,PINK
39628,C'est Comme Ca,Paramore
39629,The Loneliest Time,Carly Rae Jepsen ft. Rufus Wainwright
39631,Best Friend,Shania Twain
39632,Bets On Us,Cheat Codes
39634,F64,Ed Sheeran| SBTV
39636,Fly As Me,Bruno Mars
39637,Ghost,Tom MacDonald
39638,Gimme,"Sam Smith, Koffee & Jessie Reyez"
39639,Girls Like Me Don't Cry,thuy
39641,I Don't Know What You See in Me,Belle and Sebastian
39642,I Made It,Tones And I
39643,Love's Train,"Bruno Mars, Anderson .Paak, Silk Sonic"
39644,No New Friends,"Lsd Ft. Labrinth, Sia & Diplo"
39645,Nothing Left To Lose,Everything But The Girl
39647,One Of Us,Ava Max
39648,Radio,"Sigala, MNEK"
39649,Red Flags,Mimi Webb
39651,Shut Up,Alan Walker & UPSAHL
39652,The Outside,Twenty One Pilots
39653,Voices,KSI ft. Oliver Tree
39654,We Caa Done,Popcaan ft. Drake
39655,Weekends,Freya Ridings
39656,Weekends,"Jonas Blue, Felix Jaehn"
39657,Work With My Love,Alok & James Arthur
39659,Wreckage,Nate Smith
39660,Walk Out That Door,Ali Gatie
39661,Let Go,Central Cee
39662,Losing You,FLO
39663,Memory Lane,Old Dominion
39665,Did you know that there's a tunnel under Ocean Blvd,Lana Del Rey
39666,TRUSTFALL,Pink
39667,You Only Love Me,Rita Ora
39668,Who We Love,"Sam Smith, Ed Sheeran"
39669,Fall In Love Alone,Stacey Ryan
39670,All By Myself,"Alok, Sigala & Ellie Goulding"
39671,Ghost,Ava Max
39672,Trust Issues,Drake
39673,Boys Will Be Boys,Dua Lipa
39676,Sundance Freestyle,Rich Brian
39677,I'm Not Here to Make Friends,Sam Smith
39679,Attention Span,Rebelution
39680,Feeling Alright,Rebelution
39681,GAIN,Jason Marvin
39682,Hands Of Love,Miley Cyrus
39685,Coast,Hailee Steinfeld
39686,Face It Alone,Queen
39687,God Has A Sense of Humor,GAYLE
39688,Here With Me,d4vd
39689,The Summoning,Sleep Token
39692,Glue Song,beabadoobee
39693,Me and You,Central Cee
39696,Ghosts Again,Depeche Mode
39698,Pearls,Jessie Ware
39699,Mountain With A View,Kelsea Ballerini
39700,A&W,Lana Del Rey
39701,Special,Lizzo ft. SZA
39702,Lost,Linkin Park
39703,Call Me What You Like,Lovejoy
39704,If We Ever Broke Up,Mae Stephens
39705,Roles Reversed,Mimi Webb
39706,Heaven,Niall Horan
39708,Over Tonight,Stacey Ryan
39709,Raining Sunshine,Miranda Cosgrove
39710,Sweat You Out My System,MAY-A
39712,bayou,slchld
39713,Can't Tame Her,Zara Larsson
39714,Cardboard Box (Happi Remix),"FLO, Happi"
39715,Check Please,Owl City - Adam
39717,Gonna Be Okay,Brent Morgan
39718,Here,Tom Grennan
39721,I like U,NIKI
39722,I Wanna Be Yours,Arctic Monkeys
39723,Ice Cream Man,Raye
39726,Make Me Feel,The Chainsmokers
39728,Perfect For You,Peach PRC
39729,Saturday/Sunday,Jason Derulo & David Guetta
39730,Silent Running,Gorillaz ft. Adeleye Omotayo
39733,Weightless,Arlo Parks
39734,SAD B!TCH,Anne-Marie
39735,PICK YOUR POISON,BREE RUNWAY
39737,Dancings Done,Ava Max
39742,Desperado,Upchurch
39743,Ice On My Baby Remix,Yung Bleu ft Kevin Gates
39744,Afraid To Feel,LF System
39746,Old Love,Yuji ft. Putri Dahila
39747,Big Boy,SZA
39748,Snooze,SZA
39750,Running Out Of Time,Paramore
39751,Separate Ways,Daughtry ft. Lzzy Hale
39752,We All Die Young,Steel Dragon
39753,See You Again,"Kali Uchis and Tyler, the Creator"
39755,Definitely Maybe,FM Static
39756,Like A Saviour,Ellie Goulding
39757,Love From The Other Side,Fall Out Boy
39759,The Ballet Girl,Aden Foyer
39763,Sugar Sweet,Benson Boone
39764,California Girl,Crash Adams
39765,Still Alive,Demi Lovato
39766,Eyes Closed,Ed Sheeran
39767,Hold Me Like A Grudge,Fall Out Boy
39770,Wings,Jonas Brothers
39771,Jaded,Miley Cyrus
39776,We Are Done,The Madden Brothers
39777,Where We Started,"Thomas Rhett, Katy Perry"
39778,Die 4 Me,Halsey
39780,Every Kind Of Way,H.E.R
39781,Eyes Like Yours,Shakira
39782,Feels This Good,"Sigala, Mae Muller, Caity Baser"
39784,Good Ones,Charli XCX
39785,Happy Now,Kygo ft. Sandro Cavazza
39786,Heart Wants What It Wants,Bebe Rexha
39787,Here We Go Again,Oliver Tree & David Guetta
39788,Miracle,"Calvin Jarris, Ellie Goulding"
39790,Red Ruby Da Sleeze,Nicki Minaj
39791,Smokin Out The Window,"Bruno Mars, Anderson .Paak, Silk Sonic"
39792,Spin Bout U,"Drake, 21 Savage"
39793,The Funk Phenomena,Armand Van Helden
39794,Under the Influence,Chris Brown
39795,Journey to the Past,Anastasia
39797,Straight Up and Down,Bruno Mars
39798,I'll Be Waiting,Cian Ducrot
39799,Leaving the Lights On,Etham Basden
39800,Summer Wind,Frank Sinatra
39801,Satisfied,Hamilton
39804,Enemy,Sandro Cavazza
39805,Selfish,Sunset Daze
39808,Wet the Bed,Chris Brown
39809,Round Round,Sugababes
39810,Collide,Justine Skye ft. Tyga
39812,Loved Me Back To Life,Celine Dion
39813,I Surrender,Hillsong
39815,Princess Diana,Ice Spice & Nicki Minaj
39816,Remind Me To Forget,Kygo ft. Miguel
39820,Give It To Me,"Timbaland ft. Nelly Furtado, Justin Timberlake"
39826,Body Better,Maisie Peters
39827,Don't Go Wasting Time,New Hope Club
39830,I Will Remember You,Ryan Cabrera
39831,No One Can Break A Heart Like You,Dave Clark Five
39833,Expectations,"Anne-Marie, MINNIE ((G)I-DLE)"
39834,Home For My Heart,"ArrDee, Cat Burns"
39835,Dance With You,Brett Young
39837,Sleep Well,d4vd
39839,FACE MYSELF,"Elley Duhe, Teddy Swims"
39840,By The End Of The Night,Ellie Goulding
39841,Mrs. Hollywood,Go-Jo
39842,SunKissing,Hailee Steinfeld
39843,Jericho,Iniko
39845,How I'm Feeling Now,Lewis Capaldi
39846,If Darkness Had a Son,Metallica
39848,NO BAD DAYS,Macklemore ft. Collett
39849,We'll Be The Stars,Sabrina Carpenter
39850,Let Me Go,Daniel Caesar
39853,Can't Get Enough,Big Time Rush
39856,Don't Be Sad,Scotty Sire
39857,Fly Girl,FLO ft Missy Elliot
39858,Freezing,Mimi Webb
39859,I Feel Like Dancing,Jason Mraz
39861,Lottery,Latto ft. LU KALA
39862,Maan Meri Jaan (Afterlife),King x Nick Jonas
39863,me,Kelly Clarkson
39864,Mother,Meghan Trainor
39865,N 2 Deep,Drake ft. Future
39867,Private Landing,Don Toliver ft. Justin Bieber & Future
39868,Promiscuous,Timbaland ft. Nelly Furtado
39869,Psychic,Chris Brown ft. Jack Harlow
39870,SO WHAT,Boys World
39871,Softest Touch,Khalid
39872,Sweet Sorrow,"Selena Gomez, Sia"
39873,Tell It To My Heart,MEDUZA ft. Hozier
39874,That's Not How This Works,Charlie Puth ft. DAN + SHAY
39875,Till Death Do Us Part,Post Malone ft. Dua Lipa
39876,Undeniable,Kygo ft. X Ambassadors
39877,Waffle House,Jonas Brothers
39879,With All My Heart,ILLENIUM
39881,Terms and Condition,Mahalia
39884,Ribbon in the Sky,Stevie Wonder
39887,Peaches,Jack Black
39889,Seven Days,Sting
39891,Acquainted,The Weeknd
39892,Use Me (Brutal Hearts),Diplo ft. Sturgill Simpson ft. Dove Cameron
39893,Fly Baby,Supafly ft. Sica
39894,AM:PM,Maia Wright & NOTD
39895,America's Next Freak,FM Static
39896,Could Have Been Me,The Struts
39897,Detroit City,Tom Jones
39898,Eyes Wide Open,Sabrina Carpenter
39899,Hollow Years,Dream Theater
39900,I See Red,Everybody Loves An Outlaw
39905,Jumper,Third Eye Blind
39907,Overkill,Men at Work
39909,Perspective,Cafune
39911,Fighting Myself,Linkin Park
39914,Best Friend Breakup,Lauren Spencer Smith
39915,Wish You The Best,Lewis Capaldi
39916,Hush,miss A
39917,Little Russian,Mr. Zivago
39918,Funhouse,Pink
39919,Moments,Pink Sweats
39920,Chemical,Post Malone
39921,Right My Wrongs,Jastin Martin
39923,Came Here For Love,"Sigala, Ella Eyre"
39924,Cherry Wine,grentperez
39925,Ciao Adios,Anne-Marie
39926,Cruel Summer,Taylor Swift
39927,Do U Really?,Lyn Lapid ft. Ruth B
39928,Double Fantasy,The Weeknd ft.Future
39929,Elk Grove,David Kushner
39930,Favorite Song,Toosii & Khalid
39931,Flowers,Sweet Female Attitude
39932,Forever Young,UNDRESSD
39933,Freaky Deaky,"Tyga, Doja Cat"
39935,Life Goes On,Ed Sheeran ft. Luke Combs
39937,mine,Kelly Clarkson
39940,Only Girl,Stephen Sanchez
39942,Part of Your World,Halle
39943,Pegasus,Arlo Parks ft. Phoebe Bridgers
39945,Right People Wrong Time,Lachie Gill
39946,Safe Haven,Kat
39947,Satellite,Harry Styles
39948,Say It,Tory Lanez
39949,Search & Rescue,Drake
39951,Song To Myself,Picture This
39952,Spicy,aespa
39953,That Kind Of Woman,Dua Lipa
39954,The Gift,Celine Dion
39956,Tick Tock,Clean Bandit and Mabel ft. 24kGoldn
39957,Walkashame,Meghan Trainor
39958,Watch The World Burn,Falling In Reverse
39959,Weapons,Ava Max
39960,Women In My Life,Sam Hunt
39961,Satellite,Bebe Rexha & Snoop Dogg
39962,A Year Ago,James Arthur
39963,OK,Jeremy Zucker
39964,Last Train To London (I Won't Look Back),Mimi Webb
39965,Bad For Me,Stacey Ryan
39966,Letter To An Old Poet,Boygenius
39967,Daylight,David Kushner
39971,Saw It Coming,Victoria Nadine
39974,Friends,BloodPop and Justin Bieber
39975,Gift Of A Friend,Demi Lovato
39977,Summer Baby,Jonas Brothers
39980,Meltdown,Niall Horan
39981,Other Side Of The Moon,Aden Foyer
39982,To Be A Man,Dax
39987,Withdrawal,Austin Mahone
39989,Don't Forget About Me,d4vd
39990,Francesca,Hozier
39991,goodbye & thank u,Kira Kosarin
39992,Say Yes To Heaven,Lana Del Rey
39993,Haven't You Ever Been In Love Before?,Lewis Capaldi
39995,Middle Ground,Maroon 5
39996,Howling At The Moon,"Mike Posner, Salem Ilese"
39998,Pretty's On The Inside,Chloe Adams
39999,Someone,Gallery
40004,Tabatha Twitchit,The Dave Clark 5
40005,We Understand Each Other,Lou Rawls
40006,Alright,"Sam Fischer, Meghan Trainor"
40007,Be The One,Bree Runway & Khalid
40008,Break For You,Valley
40009,Dance The Night,Dua Lipa
40010,Finally,Jonas Blue ft. RANI
40013,How Soon,ASTN
40016,Low tide,Supafly x Because
40017,missin u,Tori Kelly
40018,Mourning,Post Malone
40019,Padam Padam,Kylie Minogue
40020,Por Favor,"Pitbull, Fifth Harmony"
40022,Rocket to Uranus,Vengaboys
40023,Self Destruction Mode,"The Chainsmokers, bludnymph"
40024,She's American,The 1975
40025,Steal The Show,Lauv
40026,Tears And Souvenirs,Stylistics
40027,That Part,Lauren Spencer Smith
40029,Touching Yourself,The Japanese House
40030,TRAINWRECK,Anne-Marie
40031,Vampire,Olivia Rodrigo
40032,VULGAR,"Sam Smith, Madonna"
40033,Waiting For A Star To Fall,Boy Meets Girl
40034,West Coast Weekend,"Tyga, YG, Blxst"
40035,WHAT THE HELL ARE WE DYING FOR ?,Shawn Mendes
40036,When Love Sucks,Jason Derulo ft. Dido
40037,UNHEALTHY,Anne-Marie ft. Shania Twain
40038,Seasons,Bebe Rexha & Dolly Parton
40039,We Were Never Really Friends,Bruno Major
40041,Glad U Came,Jason Derulo
40042,Just Because,Sadie Jean
40043,Messy,Savana Santos
40045,Cold As Ice,Ava Max
40048,Geronimos Cadillac,Modern Talking
40053,Limbo,Keshi
40055,If I Killed Someone For You,Alec Benjamin
40056,If You Were Mine,Miranda Lambert ft. Leon Bridges
40059,RUNAWAY,OneRepublic
40061,Walking The Wire,Imagine Dragons
40062,Party In The U.S.A.,Miley Cyrus
40063,I Gotta Feeling,Black Eyed Peas
40065,Curtains,Ed Sheeran
40066,Dancing in the Courthouse,Dominic Fike
40068,Welcome to My Paradise,Steven & Coconuttreez
40069,What Was,Benson Boone
40070,Shut Me Up, Nicky Youre
40071,Red Solo Cup,Toby Keith
40072,Away From The Sun,3 Doors Down
40073,Gotta Be A Reason,Alec Benjamin
40074,Must Have Been The Wind,Alec Benjamin
40075,Take Me Out,Carrie Underwood
40076,Red Wine Supernova,Chappell Roan
40077,Never Ending Song,Conan Gray
40078,Gusto Kong Umawit,Ernie Tagle
40081,After The Storm,"Kali Uchis ft. Tyler, The Creator, Bootsy Collins"
40082,Love At First Fight,LANY
40083,Fantasy,Lauren Spencer Smith with GAYLE & Em Beihold
40084,The Bird And The Worm,Owl City
40086,Storybook Girl,The Sylvers
40088,bad idea right?,Olivia Rodrigo
40091,Boy's a Liar,PinkPantheress
40092,Calling,"Metro Boomin, feat. Swae Lee, NAV and A Boogi"
40093,Can You See,Fifth Harmony
40094,Car Keys (Ayla),Alok & Ava Max
40095,Choose Your Fighter,Ava Max
40098,Desire,"Calvin Harris, Sam Smith"
40099,Don't Think Twice,Rita Ora
40102,favorite kind of high,Kelly Clarkson
40103,Favorite Song,Toosii
40104,Gonna Tell The World,The Miracles
40108,I'm Coming Home Cindy,Trini Lopez
40111,Man I Am,Sam Smith
40112,MIND YOUR BUSINESS,"will.i.am, Britney Spears"
40113,Mr Right,"Mae Stephens, Meghan Trainor"
40114,My Sweet Lord,Troye Sivan
40117,Put It On Da Floor Again,Latto ft. Cardi B
40119,Try Me,Jorja Smith
40120,I Choose You,Andy Grammer
40121,What Was I Made For?,Billie Eilish
40123,Silly Me,Jess Glynne
40126,Battle Scars,Guy Sebastian feat. Lupe Fiasco
40127,Mama,Clean Bandit feat. Ellie Goulding
40128,Roller Coasters Make Me Sad,Em Beihold
40129,Only Love Can Save Us Now,Kesha
40131,Heaven Will Know,Modern Talking
40132,Fight The Feeling,Rod Wave
40133,Runaway,Sebastian Yatra Daddy Yankee Natti Natasha ft. Jonas Brothers
40135,Mastermind,Taylor Swift
40136,Reminder,The Weeknd
40137,A Part of Me,Neck Deep
40138,Pork and Beans,Weezer
40139,Any Way You Want It,Journey
40140,cindy,Jeremy Zucker
40141,Crazy Beautiful,Andy Grammer
40144,Timebomb,WALK THE MOON
40145,Under You,Foo Fighters
40146,Wildfire,Seafret
40148,We Didn't Start the Fire,Fall Out Boy
40150,One & Only,Oliver Tree
40151,Good Mood,Adam Levine
40155,I Can See You,Taylor Swift
40156,Seasons,Thirty Seconds To Mars
40158,Damage Gets Done,"Hozier, Brandi Carlile"
40160,Be More,Stephen Sanchez
40161,Loyal Brave True,Christina Aguilera
40162,Early In The Morning,Cliff Richards
40163,all-american bitch,Olivia Rodrigo
40166,Better Things,aespa
40167,Body Count,Jason Derulo
40169,Coming Your Way,"Michael Brun, AnneMarie, Becky G"
40171,Feather,Sabrina Carpenter
40172,I'll Be There,Backstreet Boys
40173,I'm Yours,David Archuleta
40175,Lipstick,Charlie Puth
40177,Notes From A Wrist,d4vd
40178,One in a Million,Bebe Rexha & David Guetta
40179,Paradise,Idina Menzel ft. Nile Rodgers
40180,Perfect,"Sam Smith, Jessie Reyez"
40181,Perhaps,Guns N' Roses
40183,Rush,Troye Sivan
40184,Single Soon,Selena Gomez
40185,Spinnin,Madison Beer
40187,THE GREATEST,TONES AND I
40188,Used To Be Young,Miley Cyrus
40189,Video Games,Lana Del Rey
40190,Voices In My Head,Ashley Tisdale
40191,the way things go,beabadoobee
40194,The Show,Niall Horan
40195,Love Like This,ZAYN
40199,Is There Someone Else,The Weeknd
40200,BRING IT ON,Tones and I BIA  Diarra Sylla
40202,Dancing's Done,Ava Max
40206,Hard 2 Forget,Steps
40207,Be My Mistake,The 1975
40208,It's Not Living (If It's Not With You),The 1975
40209,End Of Time,Zara Larsson
40210,Believe In Love,Scorpions
40211,Innocence and Sadness,Dermot Kennedy
40212,Always Gonna Be,Dan + Shay
40213,Calling Your Name,Jon Batiste
40214,Love U Like That,Lauv
40215,Still Waiting,Sum 41
40216,Tomorrow Is Closed,Nothing But Thieves
40220,American Town,Ed Sheeran
40224,On The Wings Of Love,Jeffrey Osborne
40231,I Wish You Cheated,Alexander Stewart
40234,Crush,Bella Poarch & Lauv
40235,DICE,NMIXX
40237,Falling or flying,Jorja Smith
40238,get him back!,Olivia Rodrigo
40239,Liar Liar,DYLAN
40242,On My Love,"Zara Larsson, David Guetta"
40243,On My Way,"Alan Walker, Sabrina Carpenter & Farruko"
40244,Paint The Town Red,Doja Cat
40245,Right There,Ariana Grande ft. Big Sean
40250,True Babe,Gwen Stefani
40251,Water,Tyla
40254,logical,Olivia Rodrigo
40256,Gimme Love,Sia
40257,Atomic City,U2
40258,Daydreamin',Ariana Grande
40259,What It Is,Doechii feat Kodak Black
40260,Bonbon,Era Istrefi
40261,Children Of The Sky (A Starfield Song),Imagine Dragons
40262,Tension,Kylie Minogue
40263,Let You Break My Heart Again,Laufey and Philharmonia Orchestra
40264,Sweet Relief,Madison Beer
40266,Last Time That I Saw You,Nicki Minaj
40267,Better Place,NSYNC
40268,Essence,Oliver Tree
40269,Mosquito,PinkPantheress
40271,That's What Love Can Do,Boy Krazy
40272,Trombone,AronChupa & Little Sis Nora
40273,Sure Enough,Two Door Cinema Club
40277,Addicted to Romance,Bruce Springsteen
40280,Mary On A Cross,Ghost
40282,Unlearn You,Keenan Te
40284,Summertime Friends,The Chainsmokers
40285,Sweet Sounds Of Heaven,The Rolling Stones ft. Lady Gaga & Stevie Wonder
40287,Sorry For The Drama,Zoe Wees
40288,Heartbreak Hotel,CC Catch
40289,About You,The 1975
40291,Big FU,"David Guetta, Ayra Starr & Lil Durk"
40292,Broken Is The Man,Jorja Smith
40293,Demons,Doja Cat
40294,Don't Say Love,Leigh-Anne
40296,Boyfriend,Usher
40297,Heart Still Beating,Nathan Dawe x Bebe Rexha
40298,Honey,Kehlani
40299,How We Roll,"Ciara, Chris Brown"
40300,In The City,Charli XCX & Sam Smith
40302,Kiss Me,Empress Of ft. Rina Sawayama
40303,Lil Boo Thang,Paul Russell
40305,Never Knew Love Like This Before,Stephanie Mills
40306,New Flame,Cris Brown
40307,Only Place,Jamie Miller
40313,Slime You Out,Drake ft. SZA
40315,We Go Down Together,"Dove Cameron, Khalid"
40316,You & I,Rita Ora
40318,Boogie Woogie Dancin Shoes,CLAUDJA BARRY
40321,Hold On To Now,Kylie Minogue
40322,All My Life,Lil Durk ft J Cole
40323,LUXURY LIFE,Busta Rhymes & Coi Leray
40324,Got Me Started ,Troye Sivan
40326,Testimony,YoungBoy Never Broke Again
40327,It's Plenty,Burna Boy
40331,Nothing Lasts Forever,Delilah Belle
40332,Sanity,Paramore
40333,Pink Champagne,Nick Lopez
40334,Blindside,James Arthur
40335,Never There,Sum 41
40337,Bubblegum,Cigarettes After Sex
40338,At Your Worst,Calum Scott
40339,Fat Lip,Sum 41
40341,Maybe Next Time,Jamie Miller ft. Moira
40343,Dependent,Keenan Te
40345,A Love Song,Lady A
40346,Out Of My League,LANY
40347,Once More,d4vd
40351,Agora Hills,Doja Cat
40352,Arrow,Laura Marano
40354,Billie Bossa Nova,Billie Eillish
40356,Dollhouse,The Weeknd & Lily-Rose Depp
40357,Doo Wop (That Thing),Lauryn Hill
40358,exes,Tate McRae
40359,Forever,"Ciara, Lil Baby"
40360,Getting Older,Billie Eillish
40361,Houdini,Dua Lipa
40363,light,wave to earth
40365,Little Swing,AronChupa ft. Little Sis Nora
40366,Making The Bed,Olivia Rodrigo
40367,Memories,Conan Gray
40369,Realize,Colbie Caillat
40370,Sensational,Chris Brown
40372,Still Believe in Love,Mary J. Blige (feat. Vado)
40373,Superbloodmoon,"Holly Humberstone, d4vd"
40374,The American Dream Is Killing Me,Green Day
40375,The Grudge,Olivia Rodrigo
40376,Think Of Us,The Chainsmokers ft. GRACEY
40379,TRASTEVERE,Maneskin
40380,Truth or Dare,tyla
40381,Undo,Sanna Nielsen
40382,Vicious,Sabrina Carpenter
40383,When We Were Young,David Guetta & Kim Petras
40384,Your Side of Town,TheKillersMusic
40385,You're Losing Me,Taylor Swift
40387,You & I,Anne-Marie feat. Khalid
40388,Lethal Woman,Dove Cameron
40389,Lovin On Me,Jack Harlow
40390,Hands On Me,Jason Derulo & Meghan Trainor
40391,Hard Feelings,Miquela
40393,Link Up,Ne-Yo
40395,Escapism,RAYE & 070 Shake
40396,Live It Up (High Tide),Surfaces
40400,Two Hearts,Dermot Kennedy
40401,Homecoming,James Arthur
40402,this is what autumn feels like,JVKE
40403,Forgot About Us,Keenan Te
40404,chemistry,Kelly Clarkson
40405,California and Me,Laufey ft. Philharmonia Orchestra
40406,I'll Wait For You,Michael Learns To Rock
40408,Angel,Halle
40411,Bigger Person,Lauren Spencer Smith
40412,Close To You (Down Town Mix),Whigfield
40413,fight or flight,Henry Moodie
40414,Good Times Go,Nicky Youre
40415,greedy,Tate McRae
40418,In The Stars,Benson Boone
40419,INDUSTRY BABY,"Lil Nas X, Jack Harlow"
40420,Lover/Friend,KAYTRANADA Rochelle Jordan
40421,Memory Lane,Zara Larsson
40422,OFF MY FACE,Maneskin
40423,Overthinking,Zoe Wees
40425,Post To Be,Omarion ft. Chris Brown & Jhene Aiko
40426,Pretty Girls,Renee Rapp
40427,She Loves Control,Camila Cabello
40428,Smoke,Victoria Monet ft. Lucky Daye
40429,Star Love,Cheryl Lynn
40430,Stick Season,Noah Kahan
40431,The Girl That Never Was,James Blunt
40432,This Moment,Mimi Web
40433,White Glove,Dove Cameron
40434,Why Can't I Have Two? (2468),Caity Baser
40435,Winner,Conan Gray
40436,With A Boy Like You,Chriss
40437,Won't Forget You,"Jax Jones, D.O.D, Ina Wroldsen"
40439,You Don't Love Me Anymore,Eddie Rabbit
40441,The Journey,H.E.R.
40442,Dance With Me,Blink 182
40443,Vertigo,Griff
40444,Run,Maisie Peters
40445,MY HOUSE,Beyonce
40447,Praise You Radio Edit,Fatboy slim
40449,Emails I Cant Send,Sabrina Carpenter
40450,Afterglow,Sam Fischer
40452,MAMACITA,Chase Atlantic
40454,You First,"Paramore, Remi Wolf"
40455,You Could Start A Cult,Niall Horan with Lizzie McAlpine
40456,Keep Going Up,"Timbaland, Nelly Furtado & Justin Timberlake"
40458,Sunday,Dermot Kennedy
40459,Heartbroken,Diplo ft. Jessie Murph & Polo G
40460,The Steps,HAIM
40461,All My Broken Pieces,James Bay
40462,Strong Enough,Jonas Brothers ft. Bailey Zimmerman
40463,XXL,LANY
40464,Sad Forever,Lauren Spencer Smith
40467,Tik Tik Boom,The Hives
40468,Black Friday,Tom Odell
40469,Natural,Valley
40471,Notion,The Rare Occasions
40472,Backseat,Charli XCX ft. Carly Rae Jepsen
40474,closure,Henry Moodie
40475,Everything He Needs,Carly Rae Jespsen
40476,Fall For You,Secondhand Serenade
40477,Fast Times,Sabrina Carpenter
40478,Good Good,"Usher, Summer Walker, 21 Savage"
40479,Hangover,Taio Cruz ft. Flo Rida
40481,One of Your Girls,Troye Sivan
40482,Other Boys,"Marshmello, Dove Cameron"
40484,"No body, No crime",Taylor Swift
40486,With You,Oliver Tree
40487,My Heart It Beats,grentperez
40488,THE WEEKEND,STORMZY & RAYE
40489,Control,Zoe Wees
40491,Mantrum,Boys World
40492,Im Not Crazy,Charlieonnafriday
40493,Remember When Push Rewind,Chris Wallace
40494,Poetry Glass,Peyton Parrish
40495,Nonsense,Sabrina Carpenter
40496,Mamma Knows Best,Jessie J
40497,HONEY (ARE U COMING),Maneskin
40498,Now and Then,The Beatles
40501,Fantasize,Ariana Grande
40502,LWKY,Teys ft. Keith
40507,"Yes, And?",Ariana Grande
40509,Intrusive Thoughts,Natalie Jane
40514,You Can Buy Everything,SoMo
40515,Coffee Shop,flowerovlove
40516,Don't Take The Girl,Brett Young
40517,Pick Me,Alec Benjamin
40518,see you around,Ashley Cooke ft. Nate Smith
40520,Bad Woman,Paloma Faith
40521,Beautiful Things,Benson Boone
40522,Leave Me Alone,Caity Baser
40523,Can't Catch Me Now,Olivia Rodrigo
40524,Killing Me,Conan Gray
40525,Bitter Sweet Love,James Arthur
40526,Friend Of Mine,Jess Glynne
40528,Change,Kodi Lee
40529,No,LANY
40532,Forever Was Never Enough,Peder Elias
40533,I Do,Renee Rapp
40535,Comfortable,Victor Ray
40536,seasons,wave to earth
40537,You & Me Makes Us,League of Legends ft. Tori Kelly and DEEGAN
40539,ADHD,Mae Stephens
40540,All Out Of Fight,Pink
40541,Bulletproof,Jamie Fine
40542,Doo Whop,Whigfield
40543,Drop It Like It's Hot,Snoop Dogg
40544,Golden Child,Alicia Keys
40545,Good People,Mumford & Sons x Pharrell Williams
40546,"He Loves me, He Loves me not",Jessica Baio
40547,"I Love You, Please Don't Hate Me",Sam Fischer
40548,I'm Sorry,Ali Gatie
40549,Real Love,The Beatles
40550,Sharp Dressed Man,ZZ Top
40551,Someday,PLAYERTWO
40552,Strangers,Lewis Capaldi
40554,This Life,Take That
40556,Wherever U R,"MI, V (ft. V of BTS)"
40558,J CHRIST,Lil Nas X
40559,Are You Gone Already,Nicky Minaj
40560,Beez In The Trap,Nicky Minaj ft. Chainz
40561,DASH,NMIXX
40563,Hey Daddy (Daddy's Home),Usher
40565,Booty Wurk,T-Pain ft. Joey Galaxy
40567,Last of Us,Gryffin ft. Rita Ora 
40568,Cheeky,INNA
40569,Rebound,Jennifer Lopez
40571,Dance Alone,Kylie Minogue and Sia
40573,Ruin,Usher ft. Pheelz
40580,BITTERSWEET,Clinton Kane
40581,Car's Outside,James Arthur
40582,VALENTINE,Maneskin
40585,Overdrive,Post Malone
40587,bad,wave to earth
40588,2 die 4,Addison Rae ft. Charli XCX
40589,Train Wreck,James Arthur
40592,Dreamteam,Galantis x Neon Trees
40593,Enough,Jess Glynne
40594,Eternal Sunshine,Ariana Grande
40595,Freaking Out,Tom Walker
40596,From The Start,Laufey
40597,Head Shoulders Knees and Toes,Ofenbach & Quarterhead ft. Norma Jean
40598,In Your Love,Tyler Childers
40599,Love On,Selena Gomez
40602,Me & U,Tems
40603,"Me, Myself & I",Mae Muller
40604,My Love,Leigh-Anne ft. Ayra Starr
40610,We can't be friends (wait for your love),Ariana Grande
40611,Ye Baby Boy,Burna Boy x Beyonce
40612,Back Home,Andy Grammer
40613,Love Is Gone (Acoustic),Slander ft. Dylan Matthew
40614,Seven,Taylor Swift
40615,Training Season,Dua Lipa
40617,Mother Nature,MGMT
40619,One Margarita,"That Chick Angel, Casa Di & Steve Terrel"
40620,Spicy Margarita,Jason Derulo & Michael Buble
40622,Burning Down the House,Paramore
40624,Alienated,ZAYN
40625,Been Like This,"Meghan Trainor, T-Pain"
40626,Cry,Benson Boone
40627,Espresso,Sabrina Carpenter
40629,Illusion,Dua Lipa
40630,lavender,JVKE ft. Pink Sweats
40631,My Oh My,Ava Max
40632,obsessed,Olivia Rodrigo
40634,Slow It Down,Benson Boone
40637,All My Life,Tiesto
40638,Different Kind Of Beautiful,Alec Benjamin
40641,16 CARRIAGES,Beyonce
40642,Don't Let Me Go,Cigarettes After Sex
40643,Free Falling,James Arthur
40646,Alonica,LANY
40647,A Cure For Minds Unwell,Lewis Capaldi
40648,Catching Fire,Sum 41
40649,A Man Like Me,Johnny Orlando
40652,ART,Tyla
40653,Beside You,James Blunt
40654,Big One,Flyana Boss
40656,bye,Ariana Grande
40657,Cheeky But Charming,Mae Stephens ft. KUROMI
40658,Commas,Ayra Starr
40659,Damn It Feels Good To Be Me,Andy Grammer
40660,Doctor (Work It Out),"Pharrell Williams, Miley Cyrus"
40661,Endless Fashion,Lil Uzi Vert ft. Nicki Minaj
40662,Eyes Closed,Imagine Dragons
40663,Friendly Fire,Linkin Park
40667,Love Should Be Easy,Zoe Wees
40672,Overcompensate,Twenty One Pilots
40674,Plastic Palm Trees,Tate McRae
40676,Run Back To You,"LAY, Lauv"
40678,Selfish,Justin Timberlake
40679,STUPID IN LOVE,MAX ft. HUH YUNJIN of LE SSERAFIM
40681,That's You,Lucky Daye
40682,Thick Skull,Paramore
40685,What I Am,ZAYN
40686,De Selby (Part 2),Hozier
40687,Turn the Lights Back On,Billy Joel
40689,Up,INNA x Sean Paul
40691,Nobody,Mitski
40692,You're Hired,NEIKED feat. Ayra Starr
40693,Nice to meet you,PinkPantheress
40696,Tejano Blue,Cigarettes After Sex
40697,II MOST WANTED,"Beyonce, Miley Cyrus"
40699,NFU,Del Water Gap
40700,losing a friend,elijah woods
40701,Lead Me On,FLETCHER
40702,I Forgive You,Sia
40703,In The Cards,Jamie Miller
40704,Can't Get Enough,Jennifer Lopez (feat. Latto)
40705,Talk About Love,Kate Hudson
40706,Home To Another One,Madison Beer
40707,King for a Day,Pierce the Veil
40709,After Hours,Kehlani
40710,Animal I Have Become,Three Days Grace
40711,Backwards,Alexander Stewart
40712,Can We?,Lemmy
40713,Come back to me,RM
40714,Don't Let Me Down,Surfaces ft. JVKE
40715,drunk text,Henry Moodie
40717,HE KNOWS,Camila Cabello ft. Lil Nas X
40718,Here We Go (Uh Oh),Coco Jones
40719,Houdini,Eminem
40721,Immortal Queen,Sia ft. Chaka Khan
40722,Lonely Dancers,Conan Gray
40724,LUNCH,Billie Eilish
40725,MASC,Doja Cat ft. Teezo Touchdown
40726,Miles On It,"Marshmello, Kane Brown"
40728,Monster,Skillet
40729,My House Is Not A Home,d4vd
40730,No One There,Dionne Warwick
40731,Powerful Women,Pitbull x Dolly Parton
40734,Saturn,SZA
40735,Stardust,ZAYN
40736,Stargazing,Myles Smith
40737,Take A Bite,beabadoobee
40738,Take In,Mike And The Mechanics
40739,We Still Don't Trust You,"Future, Metro Boomin"
40741,Rompe,Daddy Yankee
40742,Sold Out,Hawk Nelson
40743,Hit & Run,Shenseea ft Masicka Di Genius
40744,Down,Jason Derulo  David Guetta
40745,Ways To Go,Alec Benjamin ft. Khalid
40746,Lovers In A Past Life,Calvin Harris and Rag'n'Bone Man
40747,How I Love You,Engelbert Humperdinck
40748,Go Home W U,Keith Urban & Lainey Wilson
40749,Explode,Mother Mother
40750,Thing U Do,Tori Kelly
40754,Guilty as Sin,Taylor Swift
40757,More Than A Kiss,Michael Bedford
40758,My World,Sophie
40759,Sweets For My Sweet,Chriss
40760,Say You'll Never,Lian Ross
40761,Before You Leave Me,Alex Warren
40763,TEXAS HOLD 'EM,Beyonce
40764,BIRDS OF A FEATHER,Billie Eilish
40765,Living Proof,Bon Jovi
40766,Alley Rose,Conan Gray
40767,These Walls,Dua Lipa
40769,I Want You (She's So Heavy),The Beatles
40771,Teardrops,Liam Payne
40774,All I Want,Inoj
40775,All The Love That I Ever Needed,James Blunt
40776,Angry,The Rolling Stones
40777,breakdown,YUNGBLUD
40778,Call Your Name,Alesso & John Newman
40779,Chanel No.5,Camila Cabello
40780,Cheat,Mahalia ft. JoJo
40781,cut!,Maren Morris & Julia Michaels
40783,Humankind,David Kushner
40788,Multiply,Becky Hill 
40789,Nowhere to Run,Kings Of Leon
40790,Pretty Girl,"Ice Spice, Rema"
40792,Suddenly,Ashley Tisdale
40793,The Craving,Twenty One Pilots
40794,The Door,Teddy Swims
40796,To The Moon,Meghan Trainor
40797,Too Sweet,Hozier
40798,us.,Gracie Abrams ft. Taylor Swift
40799,Wasting My Time,Default
40800,Ask & You Shall Receive,Rita Ora
40801,How Dare You,Alexander Stewart
40804,Dark Matter,Pearl Jam
40805,Toro,Remi Wolf
40806,No Shade at Pitti,The Chainsmokers
40807,Beautiful As You,Thomas Rhett
40813,Bejeweled,Taylor Swift
40814,Please Please Please,Sabrina Carpenter
40817,Lose Control,Teddy Swims
40819,BLUE,Billie Eilish
40820,Roots,Calum Scott
40821,Things You Said,Cody Fry ft. Moira Dela Torre
40822,Fall At Your Feet,CYRIL with Dean Lewis
40824,Skin and Bones,David Kushner
40825,Trust Me Mate,Dean Lewis
40827,Sinners,James Arthur
40829,Cowboys Cry Too,"Kelsea Ballerini, Noah Kahan"
40831,i hope i never fall in love,Maren Morris
40832,Hurt,OneRepublic
40833,New Feeling,Pamungkas
40834,I Had Some Help,Post Malone ft. Morgan Wallen
40839,Before You Leave Me,Alex Warren
40841,Crash,Kehlani
40842,Did It First,"Ice Spice, Central Cee"
40843,Expectation,Glaceo & Tim Riehm
40844,Feel Something,Chris Brown
40845,Fuel,Eminem ft. JID
40847,I'm The Drama,Bebe Rexha
40849,Popular,"The Weeknd, Madonna, Playboi Carti"
40850,Rich (fake it till you make it),Lolene
40852,Say,keshi
40854,Somebody Save Me,Eminem ft. Jelly Roll
40855,Wake Up,Imagine Dragons
40856,WOMAN'S WORLD,Katy Perry
40857,Papi,Jennifer Lopez
40866,Death Wish Love,Benson Boone
40871,What's Luv,Fat Joe ft. Ashanti
40872,My Oh My,"Kylie Minogue, Bebe Rexha & Tove Lo"
40874,Tarzan & Jane,Toy-Box
40876,Mamushi,Megan Thee Stallion feat. Yuki Chiba
40878,Hammer To The Heart,Teddy Swims
40879,In the Night,Childish Gambino ft. Jorja Smith & Amaarae
40881,So Much (For) Stardust,Fall Out Boy starring Jimmy Butler 
40882,Miss Me Too,Griff
40883,Antidote,Guy Sebastian ft. Sam Fischer
40885,this is what winter feels like,JVKE
40886,Am I Okay?,Megan Moroney
40888,Soup,Remi Wolf
40889,How Far Is Your Love,Surfaces
40890,X's,Cigarettes After Sex
40892,Angel Numbers / Ten Toes,Chris Brown
40893,Birds,Imagine Dragons
40897,Cry Baby,"Clean Bandit, Anne-Marie, David Guetta"
40899,Die With A Smile,"Lady Gaga, Bruno Mars"
40900,DOING IT AGAIN BABY,girl in red
40901,For Cryin' Out Loud!,FINNEAS
40902,Funeral,Teddy Swims
40903,Gimme Hope Jo'anna,Eddy Grant
40904,Good Together,Lake Street Dive
40905,Halfway There,Victor Ray
40906,Hero,David Kushner
40907,HOT UPTOWN,Camila Cabello ft. Drake
40908,"I Love You, I'm Sorry",Gracie Abrams
40909,know that you're not alone,Cat Burns
40911,LIFETIMES,Katy Perry
40913,Make A Move,Meghan Trainor
40916,No Angels,Justin Timberlake
40917,No Question,"Tyga, Sabrina Claudio"
40918,No Roots,Alice Merton
40919,Please Don't Fall In Love With Me,Khalid
40920,Resonate,John Summit & Kaskade ft. Julia Church
40921,Rush Of Blood,Rag'n'Bone Man
40922,See You In The Afterlife,Foster The People
40924,Sorry Ain't Enough,Michael Gerow
40925,Tacata,Tiagz
40926,Waitin' For Saturday,whigfield
40927,When The Rain Comes,Sugababes
40928,Who I Am,"Alan Walker, Putri Ariani, Peder Elias"
40929,Why Why Why,Shawn Mendes
40930,Witness Me,"Jacob Collier ft. Shawn Mendes, Stormzy & Kirk Franklin"
40934,15 Minutes,Madison Beer
40935,Slippin',Paul Russell ft Meghan Trainor
40936,Fortnight,Taylor Swift ft. Post Malone
40938,Island in the Sun,Weezer
40939,Alone,Bee Gees
40940,There Goes My Baby,d4vd
40941,"You'll Be OK, Kid",Demi Lovato
40942,I Think We're Alone Now,Tiffany
40944,her,JVKE
40946,Sink Or Swim,OneRepublic
40947,This December,Ricky Montgomery
40949,I Can Do It With A Broken Heart,Taylor Swift
40950,Home Is Where the Hurt Is,The Script
40952,No Gravity,Zedd ft. Bava
40953,Kyrie & Luka,Eminem ft. 2 Chainz
40956,Dirty Diana,Michael Jackson
40959,Don't Tell Nobody,ONE OR EIGHT
40961,feelslikeimfallinginlove,Coldplay
40962,Ghost City Tokyo,Ayase
40963,Healing,GORDO x Drake
40964,I Like It,"Alesso, Nate Smith"
40965,"I'M HIS, HE'S MINE",Katy Perry ft. Doechii
40966,In The Dark,Armin Van Buuren & David Guetta ft. Aldae
40969,Lonely is the Muse,Halsey
40970,Lying Is the Most Fun a Girl Can Have Without Taking Her Clothes Off,Panic! At The Disco
40974,My Love Mine All Mine,Mitski
40977,Talk talk,Charli XCX ft. Troye Sivan
40978,Taste,Sabrina Carpenter
40979,Dirty,"Jessie Murph, Teddy Swims"
40983,Kiss Kiss,Chris Brown ft. T Pain
40987,Liar,Jelly Roll
40990,Lonely Road,MGK ft. Jelly Roll
40991,Sure Thing,Miguel
40993,Nasty,Tinashe
40994,Touch The Sky,Kanye West
40996,You Make Me Wanna,Usher
40997,SOS (Sex on Sight),Victoria Monet ft. Usher 
40998,APT,Rose & Bruno Mars
41003,Lotus Eater,FINNEAS
41005,black & white,Jeremy Zucker & Chelsea Cutler
41009,The Baddest,Muni Long
41011,Leave A Light On,Papa Roach & Carrie Underwood
41013,Stay Awhile,The Bells
41014,Dancing In The Flames,The Weeknd
41017,Active,"Asake, Travis Scott"
41018,Akon's Beautiful Day,Akon
41019,All For the Feeling,Clair Marlo
41020,Can You Die From a Broken Heart,"Nate Smith, Avril Lavigne"
41021,Chantaje,Shakira ft. Maluma
41023,Darkest Hour,Eric Church
41024,Electric Chapel,Lady Gaga
41025,Goldrush,Taylor Swift
41026,Heatwaves,Glass Animals
41029,Make Me Happy,Jason Derulo & Jawsh 685
41030,No One Like You,Scorpions
41031,Pain,Three Days Grace
41032,Pour Me A Drink,Post Malone ft. Blake Shelton
41033,Run Up,Major Lazer ft. Party Next Door & Nicki Minaj
41034,Shine Your Way,Owl City ft. Yuna
41035,Simple and Clean,Utada Hikaru
41036,Some Things I'll Never Know,Teddy Swims
41037,"Sunflower, Vol. 6",Harry Styles
41038,Temporary,Eminem ft. Skylar Grey
41039,T-shirt,Shontelle
41040,Two Faced,Linkin Park
41041,you look like you love me,Ella Langley & Riley Green
41042,Your Heart Will Lead You Home,Kenny Loggins
41044,Look What You've Done To Me,Boz Scaggs
41045,My Kink Is Karma,Chappell Roan
41048,Goodbye,Jason Derulo & David Guetta
41049,The Last Day On Earth,Kate Miller-Heidke
41050,King Of My City,Keemokazi
41051,Falling Behind,Laufey
41052,Fragile,Laufey
41053,Valentine,Laufey
41054,Don't Stop 'Til You Get Enough,Michael Jackson
41055,Princess of the Night,Modern Talking
41058,Guitar Song,Rex Orange County
41059,Summerboy,Lady Gaga
41066,Baby I'm Yours,Arctic Monkeys
41067,Bewitched,Laufey
41071,Dead Man,Alessia Cara
41072,broken by you,Alexander Stewart
41073,My World,Calum Scott
41074,Add Up My Love,Clairo
41077,Up All Night,James Bay with The Lumineers & Noah Kahan
41079,Lights,Journey
41080,Where Do We Go Now?,Lil Nas X
41085,Coffee,Pink Sweats
41086,number one girl,ROSE
41089,Nobody Knows,Shawn Mendes
41090,Bad Dreams,Teddy Swims
41091,the cutest pair,Regina Song
41092,Tears,Tyla
41093,Always Time,Miguel
41094,Bouquet,Gwen Stefani
41095,Capricorn,Vampire Weekend
41096,Drown,Justin Timberlake
41097,Fantasy,JADE
41098,Gorgeous,Jaden
41099,Hello Miss Johnson,Jack Harlow
41102,Love Somebody,Morgan Wallen
41104,Luther,"Kendrick Lamar, SZA"
41108,Somewhere in Vegas,Crash Adams
41110,The People's House,Bon Jovi (with The War And Treaty)
41112,good old days,Henry Moodie
41113,She's Crazy But She's Mine,Alex Sparrow
41114,I Am The Highway,Audioslave
41116,Residuals,Chris Brown
41117,Fallin' for You,Colbie Caillat
41118,My Blood,Ellie Goulding
41119,When I'm With You,Faber Drive
41120,The Warmth,Incubus
41122,But It's Better If You Do,Panic! at the Disco
41124,Champagne Problems,Taylor Swift
41125,Sunflower,Rex Orange County
41126,August,Taylor Swift
41127,You Know My Name,Chris Cornell
41128,with you,Linkin Park
41130,We're Back,"Auli'i Cravalho, Moana 2"
41131,Steal My Thunder,Conner Smith ft. Tucker Wetmore
41134,Run It,Jelly Roll
41135,Loving You,Jorja Smith
41136,First Heartbreak,Lauv
41140,Heart of Gold,Shawn Mendes
41143,Beautiful That Way,Miley Cyrus
41144,Beyond,Auli'l Cravalho
41146,Bundle By Bundle,Burna Boy
41147,Drive,SZA
41150,Forever Young,"David Guetta, Alphaville, Ava Max"
41151,Good News,Shaboozey
41152,Gorgeous,Snoop Dogg ft. Jhene Aiko
41154,Homecoming,Paul Russell
41156,I'm Like A Lawyer With The Way I'm Always Trying...,Fall Out Boy
41160,Love Isn't,Same Same
41162,Neon Moon,Brooks & Dunn (with Morgan Wallen)
41163,Never Be Yours,Kali Uchis
41164,Never Gonna Be Alone,Nickelback
41165,New Perspective,Panic! At The Disco
41166,OK,Katy Perry
41168,Outside,Staind
41169,Paladin Strait,Twenty One Pilots
41170,Porcelain,JoJo
41172,Take Me To The Beach,Imagine Dragons (feat. Ado)
41173,Timeless,"The Weeknd, Playboi Carti"
41175,toxic till the end,ROSE
41177,End Of Beginning,Djo
41179,Body & Soul,Jason Dhakal & LUSTBASS
41180,Dreamer,Laufey
41181,Scarborough Fair,Sarah Brightman
41182,Tiramisu Cake,We Are The Night
41183,Cough Syrup,Young the Giant
41185,Mikazuki,Ayaka
41186,My Boo,Mirei
41187,I Miss You,Darren Hayes
41188,Best Friend,Jason Chen
41189,Can I Have This Dance,Vanessa Hudgens & Zac Efron
41190,stay a little longer,ROSE
41191,Little Things,Ella Mai
41193,Burning Down,Alex Warren (with Joe Jonas)
41197,Where'd It Go Wrong?,d4vd
41198,Cleats,FINNEAS
41199,Don't Forget Me,Imagine Dragons
41201,Worlds Collide,JVKE
41202,DELUSIONAL,Kesha
41203,Soft Spot,keshi
41207,Drama,Rex Orange County
41208,Sandy,John Travolta
41209,Rollin' Right Along,Shawn Mendes
41210,BMF,SZA
41211,2 hands,Tate McRae
41212,Popular,Ariana Grande
41213,AGATS2 (Insecure),Juice WRLD & Nicki Minaj
41214,Alice of the Upper Class,Halsey
41215,Arctic Tundra,Nicki Minaj ft. Juice WRLD
41216,Are You Even Real,Teddy Swims ft. Giveon
41218,Boy For a Day,Kylie Cantrall
41219,BRAZZIER,Future
41220,"Build God, Then We'll Talk",Panic! At The Disco
41222,Daddy's Home,Tom MacDonald & Roseanne Barr
41223,Dancing In Love,"Alan Walker, MEEK"
41224,Dare U,"NLE Choppa, Imagine Dragons"
41225,EVEN IF IT KILLS ME,Papa Roach
41226,Hannah Montana,"Ice Spice, NLE Choppa, DaBaby"
41227,Heart Of A Woman,Summer Walker
41229,I Had A Choice,Sun
41230,It's ok I'm ok,Tate McRae
41231,Make It Up To You,"Khalid, Ayra Starr"
41232,Oscar Winning Tears,Raye
41233,Outta Da Blue,Snoop Dogg ft. Dr. Dre & Alus
41235,The Line,Twenty One Pilots
41236,wacced out murals,Kendrick Lamar
41237,Work Me Out,Shenseea
41240,Down Bad,Taylor Swift
41242,ALL MY LOVE,Coldplay
41243,This Is What Forever Feels Like,"JVKE, Nick Jonas"
41248,Bump N' Grind,R. Kelly
41249,Liberty,Sam Hunt
41250,Fat Juicy & Wet,Sexyy Red & Bruno Mars
41251,You,Chase Atlantic
41253,21st Century Cool Girl,Chloe Qisha
41256,Dandelion,grentperez & Ruel
41257,ADHD,James Arthur
41258,Keep Me Satisfied,Jungle
41259,Haunted,"Kane Brown, Jelly Roll"
41260,Coraline,Lyn Lapid
41261,LOVE LOOKS PRETTY ON YOU,Nessa Barrett
41262,It's a Mirror,Perfume Genius
41263,bottomline,Tori Kelly ft. JoJo
41264,Be Somebody,Kevin Gates
41266,Celebrate,James Arthur
41267,Defying Gravity,Ariana Grande & Cynthia Erivo
41270,House Of Memories,Panic! At The Disco
41271,Hypnotized,Anyma ft. Ellie Goulding
41273,IT girl,JADE
41274,Open arms,SZA
41276,Ready,ASTN
41278,reincarnated,Kendrick Lamar
41280,Seven,Natalie Jane
41281,Shadowboxing,Tom Grennan
41282,Snake,Nora Fatehi & Jason Derulo
41283,Time,Strandz & Giggs
41284,Told You So,Martin Garrix & Jex
41285,Vice,Rizzle Kicks
41286,Slow Motion,Alessia Cara
41289,Guilty,Teddy Swims
41290,Boys Love Girls,4EVE
41292,Another Lonely Night,Adam Lambert
41293,Diet Pepsi,Addison Rae
41294,Head Down,Cher Lloyd
41295,Scissors,Julia Michaels & Maren Morris
41296,3AM In ToKEYo,Key Glock
41297,Blurry,Puddle Of Mudd
41298,Cry For Me,The Weeknd
41299,ACTIN UP,Tommy Richman
41300,Beautiful Scars,Will Smith ft. Big Sean
41301,Inside Out,keshi
41303,Boy In Love,Elliot James Reay
41304,Abracadabra,Lady Gaga
41308,Last Night's Mascara,Griff
41312,Ordinary,Alex Warren
41313,I Think They Call This Love,Eliot James Reay
41314,Who Believes In Angels?,"Elton John, Brandi Carlile"
41316,Hymn to Virgil,Hozier
41317,Hope,James Bay
41318,Heatstroke,Khalid
41319,Bored,Laufey
41321,Peace Talk,Maribou State ft. Holly Walker
41322,I'm The Problem,Morgan Wallen
41324,Rushmere,Mumford & Sons
41325,Roll With The Punches,Bryan Adams
41326,Nobody Knows,Russ
41327,Scared of Loving You,"Selena Gomez, benny blanco"
41328,The Night Before,The Black Keys
41329,Somethin' 'Bout A Woman,Thomas Rhett ft. Teddy Swims
41330,My Garage,Yung Gravy & Zac Brown
41331,30 For 30,SZA feat. Kendrick Lamar
41332,3am,ROSE
41335,California Sober,Post Malone ft. Chris Stapleton
41336,Can't Take My Eyes Off You,Frankie Valli
41338,Embers,James Arthur
41342,I Wouldn't Mind,He is We
41343,Joni,SZA ft. Don Toliver
41344,Mentally Cheating,Natalie Jane
41346,Sports car,Tate McRae
41347,SUNRISE,Forrest Frank
41348,TWENTIES,GIVEON
41349,twilight zone,Ariana Grande
41354,Waiting For You,Ali Gatie
41355,One More Dance,d4vd
41356,I Lost You,Darin
41357,Lost My Dog,Future
41359,When We Kiss,Olly Alexander
41360,Baby 'Is it a Crime',Rema
41367,Man In The Moon,Coldplay
41368,Tunnel Vision,Beach Bunny
41369,GIRLS!,Cat Burns
41370,Bodies,Keshi
41371,Ready for Love,Matthew Ifield
41378,Lonely with Our Love,Charlotte Cardin
41380,I Choose You,keshi
41381,James,Laufey
41382,One Way,Hillsong Worship
41383,Missin You Crazy,Russ
41389,Avalon,"Alan Walker,Anne Gudrun"
41390,Beautiful People,David Guetta & Sia
41391,End of the World,Miley Cyrus
41393,Gorgeous,Kane Brown
41396,I Miss You,"SABAI, Somna & RUNN"
41399,No Goodbyes,Dua Lipa
41400,Raving In The Studio,"Aitch, Bou"
41401,Run Through Fire,Pink Sweat
41402,Shadow Of A Man,Lady Gaga
41403,James Dean & Audrey Hepburn (Acoustic version),Sleeping With Sirens
41405,Vampire,Tribal Seeds
41409,15 Minutes,Sabrina Carpenter
41410,Don’t Wanna Cry,Selena Gomez and Benny Blanco 
41412,Don't Panic,Anne-Marie
41413,Will You Always Love Her,Bella Poarch
41414,Kaleidoscope,Chappell Roan
41415,Crashing,d4vd & Kali Uchis
41417,Kiss The Sky,G-Eazy
41420,Hearts Break and People Change,Victor Ray
41421,Electric Green Lambo,Dope Lemon
41423,Good Things Go,Linkin Park
41430,Pink Pony Club,Chappell Roan
41431,"Good Luck, Babe",Chappell Roan
41432,Live Without Your Love,Windjammer
41435,Karaoke,James Arthur
41436,3,Britney Spears
41437,Fire,Alessia Cara
41439,HOT TO GO!,Chappell Roan
41444,Honey Honey,ABBA
41445,I Just Wanna Hang Around You,George Benson
41446,Texas,keshi
41447,FALLIN',Leroy Sanchez
41448,Girl in Your Dreams,M2M
41450,Tsunami,NIKI
41452,Mayonaka no Door (Stay with Me),Miki Matsubara
41453,Straight From The Heart,Con Funk Shun
41454,Long Live,Taylor Swift
41455,Don't Say Goodbye,Tenelle
41456,No No,Westlife
41459,AVA,Natalie Jane
41460,Azizam,Ed Sheeran
41461,Because Of You,Johnny Gil
41462,Cruel,James Arthur
41467,IF KARMA DOESN'T GET YOU,Lauren Spencer Smith
41469,It's You,Stevie Wonder and Dionne Warwick
41474,My First Heartbreak,Myles Smith
41476,No Secrets,Jessie J
41479,That's What You Get,Anne-Marie
41482,What Was That,Lorde
41483,Worst of Me,Cynthia Erivo
41484,You You You,Lukas Graham
41486,Last Dance,Dua Lipa
41489,Juno,Sabrina Carpenter
41493,Priceless,Maroon 5 & LISA
41495,Me Most Nights,Old Dominion
41496,Lovesick,Laufey
41497,My Love Is Here,Jim Brickman
41500,Sorry I'm Here For Someone Else,Benson Boone
41502,Good Graces,Sabrina Carpenter
41504,Stages,Nick Carter
41505,High Infidelity,Taylor Swift
41508,Can't Say No,"Colbie Caillat, Ryan Hurd"
41509,"right person, wrong time",Henry Moodie
41510,Sparkle,Jesse Barrera
41511,PSILOCYBIN & DAISIES,Jessie Reyez
41512,So Happy I Could Die,Lady Gaga
41513,Drew Barrymore,SZA
41514,Is it over now?,Taylor Swift
41515,Everlasting Light,The Black Keys
41516,Give It Up,"Victorious Cast ft. Elizabeth Gillies, Ariana Grande"
41518,4X4,Travis Scott
41519,Anxiety,Doechii
41520,Dear God,Tate McRae
41521,Die Young,Chappell Roan
41522,Happy Day,Yemi Alade
41523,HEAVY LOVE,Odetari
41524,Here We Go Again,Sofia Camara
41525,If You Love Me Let Me Go,"Colbie Caillat, Russell Dickerson"
41526,Free Now,Gracie Abrams
41528,Mystical Magical,Benson Boone
41529,"Good Luck, Babe!",Chappell Roan
41530,Special,Absnt Mind
41531,Dressing Room,Natori
41532,Old Phone,Ed Sheeran
41535,Not Like Us,Kendrick Lamar
41538,Busy Woman,Sabrina Carpenter
41541,You're So Pretty,Mehro
41560,Lost Man,Ash Minor
41561,Body Language,Dooleys
41562,When It's Raining,Borderline
41564,Still Have You,Jake Isaac
41565,Body Talk,"Kane Brown, Katelyn Brown"
41566,My Life,Steve Aoki & David Guetta
41567,Treasure and Gold,Busta Rhymes ft. YG Marley
41568,Young & Dumb,Avril Lavigne feat. Simple Plan
41569,Mister (Remix),Black Fortune & Doe Boy
41570,Fade Away,Darin
41571,You Caught My Eye,Judy Boucher 
41573,No One's Gonna Love You Like I Do,Amy Cruz
41574,In Your Arms,Stanfour
41576,Beanie,Chezile
41577,You And I,John Davidson
41578,"You're My Love, You're My Life",Patty Ryan
41579,Grand Piano,Niki Minaj
41580,If You Ever Come Back,The Script
41581,You,George Duke
41582,Yes You Do,Maureen Kelly
41584,Under the Tree,Ed Sheeran
41585,December 25th,Charlie Puth
41587,California Rain,Syamali
41588,Permanent Scars,Christopher
41589,"Breathe In, Breathe Out",David Kushner
41590,A Guy Like You,Emily Linge
41591,Growin' Pains,honestav
41592,Without You,Lexnour
41593,I Wish You Would,Mackenzie Carpenter
41594,Slow Motion,"Marshmello, Jonas Brothers"
41595,Obsessed With Me,Prettyboy Russell
41596,Red Terror,The Weeknd
41597,Back and Forth,Halle
41598,Casual,Chappell Roan
41599,Drive,The Weeknd
41600,Ecstasy,Ciara
41601,Falling for You,Devin Kennedy
41602,Flaws,Calum Scott
41603,Headphones On,Addison Rae
41604,Hero,Charlie Puth
41605,Inside Out,The Script
41606,Is It Just Me?,Mike Posner
41607,Just In Case,Morgan Wallen
41608,Lay,William Singe
41609,SOS,Craig David
41610,Psycho (Pt. 2),Russ
41612,Truth In The Lies,Central Cee & Lil Durk
41613,Bad Chem,Sabrina Carpenter
41625,Dirty Work,aespa
41628,Folded,Kehlani
41632,Gabriela,KATSEYE
41633,Gameboy,KATSEYE
41639,Beautiful Journey,Ardhito Pramono
41640,Vampire Diaries,mgk
41641,Nothing Changes,Simple Plan
41643,No Time To Talk,Jonas Brothers
41645,Survive,Lewis Capaldi
41648,Lover Girl,Laufey
41649,Chest Pain (I Love),Malcom Todd
41650,Manchild,Sabrina Carpenter
41652,Midnight Sun,Zara Larsson
41654,Need You More,Teddy Swims
41655,You'll Be in My Heart,NIKI ft. Phil Collins
41657,On My Mind,Alex Warren & ROSE
41658,Overjoyed,Devin Velez
41667,Beautiful Horizon,Eden Golan
41668,Confidence,Asia Holiday
41669,Could You Love Me,Elijah Woods
41670,Lost Your Faith,Ava Max
41671,All The Love,Ayra Starr
41672,Don't Let Me Drown,Burna Boy
41673,Romeo,Dove Cameron
41674,FIRST PLACE,Justin Bieber
41675,STRANGERS,GIVEON
41676,Rejects,Good Charlotte
41678,Plastic Box,JADE
41679,K.,Cigarettes After Sex
41680,Ua Li'i,Kolohe Kai
41681,Suzanne,"Mark Ronson, RAYE"
41682,Just One Kiss,Nick Carter
41683,New Country,Noah Cyrus ft. Blake Shelton
41684,Perfect to Me,Michael Sanzone
41685,I Dare You,"Rascal Flatts, Jonas Brothers"
41686,But I'll Keep Trying,Snow Patrol
41687,WALKING AWAY,Justin Bieber
41688,All Through The Night,Escort
41690,Braveface,Halle
41691,CRG,"CENTRAL CEE ft. LIL DURK, DAVE"
41692,Fame is a Gun,Addison Rae
41694,How Does It Feel To Be Forgotten,"Selena Gomez, benny blanco"
41695,I Don't Like Your Boyfriend,Anne-Marie
41697,Was it easy to forget,Billie Eilish
41698,IS IT,Tyla
41699,I've seen ur ex,flowerovlove
41700,Lovin Myself,Ava Max
41701,Sweet Delusion,Bella Poarch
41703,Naked in Manhattan,Chappell Roan
41704,Commitment,Craig David and Tiwa Savage
41707,Gasoline,Halsey
41708,Glum,Hayley Williams
41709,I'm a Flirt (Remix),R. Kelly
41711,NOKIA,PARTYNEXTDOOR & Drake
41712,Woes of the World,Saba and No ID
41713,Fine Shyt,VEDO
41717,By The Way,Mayday Parade
41718,Every Girl You've Ever Loved,Miley Cyrus ft. Naomi Campbell 
41721,Orange,7!!
41724,Dreamin,Dom Dolla ft. Daya
41726,I'm So Sick,flyleaf
41728,Mad,Renee Rapp
41729,FIRE,Alyn Sano 
41730,Strawberries and Cigarettes,Troye Sivan
41734,California,Chappell Roan
41735,Messy,ROSE
41736,Tears,Sabrina Carpenter
41737,Mamma Mia,ripley alexander
41739,Sweetness,Elliot James Reay
41740,God Went Crazy,Teddy Swims
41741,Jody,America
41744,Master Of Puppets,Metallica
41745,THOUGHT YOU WERE THE ONE,Tommy Richman
41746,You Love Who You Love,Zara Larsson
41747,ALL I CAN TAKE,Justin Bieber
41748,Bed of Roses,Teyana Taylor ft. Issa Rae
41749,Can't Hold Us,Macklemore & Ryan Lewis ft Ray Dalton)
41750,Dior,MK & Chrystal
41751,Don't Put It All On Me,"Noah Cyrus, Fleet Foxes"
41752,Naked,"41 (Kyle Richh, Tata, Jenn Carter) ft. A Boogie Wit da Hoodie"
41754,Vacation Bible School,Ayesha Erotica
41755,THE ONE,Kesha
41756,Tighten up,The black keys
41757,Even Angels Let Go,Benson Boone
41758,For Always,Ed Sheeran
41759,I CAN TELL,GIVEON
41760,Last night I dreamt I fell in love,Alok & Kylie Minogue
41761,Rest of My Life,Keenan Te
41762,Somebody Loves Me,Drake
41764,In Other Words,Ed Sheeran
41766,Apocalypse,Cigarettes After Sex
41767,I HAVEN'T SAID ENOUGH,JP Saxe
41773,Touch,KATSEYE
41774,Who Laughs Last,Lord Huron feat. Kristen Stewart
41775,Burning Blue,Mariah the Scientist
41776,Yellowstone (Holding You),Matt Hansen
41783,DEPRESSED,Anne-Marie
41808,One,Metallica
41811,Penny Lover,Lionel Richie
41812,Play The Game,Queen
41818,Take A Chance With Me,NIKI
41819,The Life of a Showgirl,Taylor Swift feat Sabrina Carpenter
41825,I Can Do It With a Broken Heart,Taylor Swift
41826,You4Me,Tiwa Savage
41827,Baptized In Fear,The Weeknd
41827,Baptized In Fear,The Weeknd
41828,Bed of Lies,Alice Chater
41828,Bed of Lies,Alice Chater
41829,Best Friend,Jason Chen
41829,Best Friend,Jason Chen
41830,Die For You,Calum Scott
41830,Die For You,Calum Scott
41831,Take Me Dancing,Doja Cat ft. SZA
41831,Take Me Dancing,Doja Cat ft. SZA
41832,97 Jag,Kevin Abstract
41832,97 Jag,Kevin Abstract
41833,So In Love,The Moffatts
41833,So In Love,The Moffatts
41834,Overdrive,Thomas Rhett
41834,Overdrive,Thomas Rhett
41835,When The Darkness Comes,Colbie Coilat
41835,When The Darkness Comes,Colbie Coilat
41836,On The Beach,Caroline Polachek
41836,On The Beach,Caroline Polachek
41837,Celebrate Our Love,A1
41837,Celebrate Our Love,A1
41838,Changes,Charlie Puth
41838,Changes,Charlie Puth
41839,Cry,Cigarettes After Sex
41839,Cry,Cigarettes After Sex
41842,In Another World,EJAE
41842,In Another World,EJAE
41843,Good Parts,LANY
41843,Good Parts,LANY
41844,bittersweet,Madison Beer
41844,bittersweet,Madison Beer
41845,Better Off On A Beach,Maoli
41845,Better Off On A Beach,Maoli
41846,Easy Lover,Miley Cyrus
41846,Easy Lover,Miley Cyrus
41847,Sick To My Stomach,Natalie Jane
41847,Sick To My Stomach,Natalie Jane
41848,Sober,Selena Gomez
41848,Sober,Selena Gomez
41849,The Fate of Ophelia,Taylor Swift
41849,The Fate of Ophelia,Taylor Swift
41850,The crying game,Nicki Minaj and Jessie Ware
41850,The crying game,Nicki Minaj and Jessie Ware
41851,Bliss,Tyla
41851,Bliss,Tyla
41852,Horses In Heaven,Randy Travis
41852,Horses In Heaven,Randy Travis
41853,FWU,Don Toliver
41853,FWU,Don Toliver
41854,Don't Leave,Cheat Codes
41854,Don't Leave,Cheat Codes
41855,IRL,Lizzo ft. Zsa
41855,IRL,Lizzo ft. Zsa
41856,Is It a Crime,"Mariah the Scientist, Kali Uchis"
41856,Is It a Crime,"Mariah the Scientist, Kali Uchis"
41857,Need To Know,Doja Cat
41857,Need To Know,Doja Cat
41858,I Told You Things,Gracie Abrams
41858,I Told You Things,Gracie Abrams
41859,Tell Ur Girlfriend,Lay Bankz
41859,Tell Ur Girlfriend,Lay Bankz
41860,Get Ur Freak On,Missy Elliott feat Nelly Furtado
41860,Get Ur Freak On,Missy Elliott feat Nelly Furtado
41861,Bad Honey,Justin Bieber
41861,Bad Honey,Justin Bieber
41865,Supernova,aespa
41865,Supernova,aespa
41868,Gnarly,KATSEYE
41868,Gnarly,KATSEYE
41871,bandaids,Katy Perry
41871,bandaids,Katy Perry
41873,Lemonade,Louis Tomlinson
41873,Lemonade,Louis Tomlinson
41874,Making Good Time,Old Dominion
41874,Making Good Time,Old Dominion
41875,Opalite,Taylor Swift
41875,Opalite,Taylor Swift
41897,Fantasy Boy,New Baccara
41897,Fantasy Boy,New Baccara
41898,Young Turks,Rod Stewart
41898,Young Turks,Rod Stewart
41899,She's Mine,Sean Thomas
41899,She's Mine,Sean Thomas
41900,Silver Spoon,Erin LeCount
41900,Silver Spoon,Erin LeCount
41901,Stranger,Doja Cat
41901,Stranger,Doja Cat
41903,Whisper In The Waves,Olly Alexander
41903,Whisper In The Waves,Olly Alexander
41904,You Are Loved,Josh Groban
41904,You Are Loved,Josh Groban
41905,Younger And Hotter Than Me,"Selena Gomez, benny blanco"
41905,Younger And Hotter Than Me,"Selena Gomez, benny blanco"
41906,"You're A Liar, You Love Me",Cil
41906,"You're A Liar, You Love Me",Cil
41907,Always,blink-182
41908,back to friends,sombr
41909,Best Friend,Toy-Box
41910,WILDFLOWER,Billie Eilish
41911,Disease,Lady Gaga
41912,Carry You Home,Alex Warren
41913,Good Morning Sunshine,Aqua
41914,Before I Knew You,Ben Platt
41915,Heavy Cross,Gossip
41916,WILDSIDE,Keith Urban
41917,To The Men That Love Women@After Heartbreak,Kelsea Ballerini
41918,Someone Else's Favorite,Michal Leah
41919,Bones,Russell Dickerson
41920,Satellites,The Script
41921,Island,The XX
41922,HandClap,Fitz and the Tantrums
41923,Forever,Mariah Carey
41924,Chasing Paradise,"Kygo, OneRepublic"
41925,Don't Talk To Me,Tre Coast ft Lycia Faith
41926,Empty Out Your Pockets,Juice WRLD
41927,Funny Papers,Mac Miller
41928,Head Down,Cher Lloyd
41930,I LUV HER,GloRilla (feat. TPain)
41931,Insomnia,Ashley Tisdale
41932,Polaroid,Imagine Dragons
41933,Someone Who Comes Back,Amanda Jordan
41934,Tidal Wave,Nickelback
41936,Garden Of Eden,Lady Gaga
41937,Grandma Calls The Boy Bad News,RAYE
41938,Hallucinate,Dua Lipa
41940,Heaven,Julia Michaels
41941,High Fashion,Addison Rae
41943,Intro (end of the world),Ariana Grande
41945,Nothing Lasts Forever,Goo Goo Dolls
41946,Open Hearts,The Weeknd
41947,That's So True,Gracie Abrams
41948,Just Like Yesterday,Bread
41949,Just Us,Jack Harlow feat. Doja Cat
41950,Act My Age,LANY
41951,Why,M2M
41953,Messy,Lola Young
41954,Midnight Rain,Taylor Swift
41955,Every Girl You've Ever Loved,Miley Cyrus ft. Naomi Campbell
41956,New Divide,Linkin Park
41958,Crush,Tweens of Pop
41979,Take Me Away,Christina Vidal Mitchell
41980,Spies,Robbie Williams
41981,The Subway,Chappell Roan
41982,Love in real life,Lizzo
41983,Tokyo Town,Sarah
41984,Touch,Cigarettes After Sex
41985,Tough Luck,Laufey
41986,Wood,Taylor Swift
41988,the boy is mine,Ariana Grande
41989,Talk,beabadoobee
41994,Tek It,Cafune
41995,Chevelle,The Red
41996,Close To You,Gracie Abrams
41998,Always,Daniel Caesar
41999,Did You Like Her In The Morning,NIKI
42002,The Mountain,Shawn Mendes
42003,WAY IT IS,"Justin Bieber, Gunna"
42004,Sapphire,Ed Sheeran
42005,Femininomenon,Chappell Roan
42008,Memories We'll Never Make,Michael Minelli
42009,Nice Knowing You,Sadie Jean
42010,So Easy (To Fall In Love),Olivia Dean
42011,Sunset Blvd,"Selena Gomez, benny blanco"
42012,Taste,Coco Jones
42013,Without You,Warren Zeiders
42014,Worst behaviour,kwn ft. Kehlani
42018,House Tour,Sabrina Carpenter
42019,I Just Might,Bruno Mars
42020,If He Wanted To He Would,Perrie
42023,INVISIBLE,Duran Duran
42025,Jai Ho,"A.R. Rahman, The Pussycat Dolls ft. Nicole Scherzinger"
42026,Million Good Reasons,Robin Schulz x FAST BOY
42028,Vanish Into You,Lady Gaga
42029,Soft,LANY
42030,Silver Lining,Laufey
42031,Trouble,Laufey
42037,Man I Need,Olivia Dean
42038,Let It Go,New Found Glory
42039,Nobody's Son,Sabrina Carpenter
42041,In The Air Tonight,Phil Collins
42042,Love's Got A Hold On My Heart,Steps
42044,Sailor Song,Gigi Perez
42047,Where Is My Husband,Raye
42051,Wish List,Taylor Swift
42052,The Cut That Always Bleeds,Conan Gray
42053,There's A Kind Of Hush,Engelbert Humperdinck
42055,Whine Up,Kat DeLuna ft. Elephant Man 
42056,You Can Be A Hero,Miles Bonham
