25,Anticipation,Joy Gonzaga
76,Tayong Dalawa,Rey Valera
86,Yakap-Yakap,Randy Santiago
93,Tanging Mahal,Regine Velasquez
94,Gaano Ko Ikaw Kamahal,Celeste Legaspi
95,Umiiyak Ang Puso,Aprl Boy Regino
96,Rain,Donna Cruz
97,Inaamin Ko Na,April Boy Regino
98,Special Memory,Odette Quesada
99,Nasaan Ka Kailangan Kita,April boY Regino
100,Nasaan Ka Kailangan Kita,April boY Regino
101,Why Can't It Be,Rannie Raymundo
102,Kasalanan,Orient Pearl
103,Nosi Balasi,Sampaguita
104,Isang Linggong Pag-ibig,Imelda Papin
105,Next In Line,After Image
106,You Are My Song,Regine Velasquez
107,BALAT-KAYO,ANTHONY CASTELLO
108,May Bukas Pa,Rico J. Puno
109,Pagtawid,After Image
110,Pumapatak Ang Ulan,Apo Hiking Society
111,Ganyan Talaga Ang Pag-ibig,April Boy Regino
113,When I Met You,APO
114,Tunay Na Ligaya,Ariel Rivera
115,Boulevard Ng Pag-Ibig,Bert Dominic
116,Pag-ibig Ko Sa'yo'y Di Magbabago,Men Oppose
117,Hiwaga ng Pag-ibig,Bing Rodrigo
118,Hold On,D. Eduque
119,"Isang Tanong, Isang Sagot",Donna Cruz
120,Laki Sa Layaw,Mike Hanopol
121,Kastilyong Buhangin,Basil Valdez
122,LAKLAK,THE TEETH
123,May Pag-ibig Pa Ba,Bing Rodrigo
124,Nais Ko,Miguel Vera
125,Lumuluha,Isabel Granada
126,Muling Mamahalin,Loui Heredia
127,Ang Bayan Kong Sinilangan,Asin
128,Araw-Araw,Didith Reyes
129,Bakit Ba?,Siakol
130,Pag-Ibig Na Walang Dangal,Eva Eugenio
131,Hanggang Ngayo'y Ikaw Pa Rin,Jaya
132,Kung Puwede Lang Sana,White Lies
133,Kapaligiran,Asin
134,Tukso,Sunshine Cruz
135,Wala Na Bang Pag-ibig,Jaya
136,Esperanza,April Boy Regino
137,Itanong Mo Sa Mga Bata,Asin
138,Kapantay Ay Langit,Pilita Corrales
139,Lagim,Siakol
140,Dahil Ba Sa Kanya,Jaya
141,Di Ba't Ikaw,Jessa Zaragosa
142,Paano Ba Aaminin,Jessa Zaragosa
143,Paano Kaya,Jessa Zaragoza
144,Tayong Dalawa,Rey Valera
151,Mahal Na Mahal Kita,Aegis
173,MAY CRUSH AKO SA'YO,CINDERELLA
174,Reaching Out,Gary Valenciano
175,Tanging Mahal,Regine Velasquez
176,Sa'yo Lamang,Joey Albert
177,Lumayo Ka Man,Rodel Naval
178,Mr. Kupido,Rachel Alejandro
180,Choto Matte Kudesai,Sex Bomb
182,DONNA DONNA,JOAN BAES
196,Oh Lonesome Me,Victor Wood
219,Pers Lab (1975 Original Version),Hotdog
220,Sinayang Mo,Reigh Albert
222,Isipin Mo,Jett Pangan
223,Line To Heaven,Introvoys
232,Only Remind Me Of You,St. Paul
234,Parting Time,Rockstar
238,Farewell,Raymond Lauchengco
240,Bakit Pa,Jessa Zaragosa
244,Gaano Kita Kamahal,Dulce
245,Hanggang Sa Dulo Ng Walang Hanggan,Basil Valdez
250,Ang Aking Awitin,Side A
254,AKO AY IKAW RIN,NONOY ZUNIGA
293,Send Me Your Pillow,Jolina Magdangal
296,Wakas,Kuh Ledesma
297,Walang Kaliwaan,Christy Mendoza
298,Anna,Apo Hiking Society
299,Kahit Konting Awa,Nora Aunor
300,Kung Matapos Nang Lahat,Louie Heredia
302,Pangako,The Flippers
303,Nang Minsan Lang,Willy Cruz
304,Gaya Ng Dati,Gary V.
306,Dahil Ba Sa Kanya,Jaya
307,Elesi,Rivermaya
308,FOREVER BLUE,CACAI VELASQUEZ
309,"Honey, My Love So Sweet",April Boys
310,IT HURTS ME MORE,ROCKSTAR 2
311,Ibang-Iba Ka Na,Renz Verano
312,"Pag-Ibig Mo, Pag-Ibig Ko",April Boy Regino
313,Remember Me,Renz Verano
314,Sinaktan Mo Ang Puso Ko,Michael V.
315,Aking Minahal,Rockstar 2
316,Ala-ala Mo,White Lies
317,F.L.A.M.E.S.,Jeffrey Hidalgo
318,Ika'y Mahal Pa Rin,Rockstar 2
319,Ikaw Lang Ang Mahal,Donna Cruz
320,Kung Alam Mo Lang,Joanne Lorenzana
321,Kung Puwede Lang Sana,White Lies
322,Maniniwala Ba Ako,Roselle Nava
323,Narito Ako,Ariel Rivera
324,Only Me And You,Donna Cruz
325,Pagkakataon,Ogie Alcasid
326,Mahal Kita Alam Mo Ba,Rockstar
327,Pasulyap-Sulyap,Tootsie Guevarra
328,Yakapin Mo Ako,Joey Albert
464,Dahil Sa Iyo,Pilita Corales
465,It Don't Mean A Thing,Sharon Cuneta
469,Isang Babalikan,Cristy Mendoza
475,Kahit Maputi Na Ang Buhok Ko,Sharon Cuneta
476,However Which Way,Introvoys
480,Tayong Dalawa,Rey Valera
481,Malayo Pa Ang Umaga,Rey Valera
482,Mahal Pa Rin Kita,Rockstar
483,Naalala Ka,Rey Valera
484,Walang Kapalit,Rey Valera
485,Salamat,The Dawn
486,Kung Tayo'y Magkakalayo,Rey Valera
487,GIVE ME THE NIGHT,THE DAWN
492,Hindi Kita Iiwan,Rey Valera
493,Gabay Mo Ako,Rey Valera
494,Ako Si Superman,Rey Valera
495,Tuloy Pa Rin,Randy Santiago
499,Kung Kailangan Mo Ako,Rey Valera
500,Maging Sino Ka Man,Rey Valera
502,Sinasamba Kita,Rey Valera
506,Only Remind Me Of You,St. Paul
521,DAHIL NANDITO KA,MIGUEL VERA
523,NARITO ANG PUSO KO,MIGUEL VERA
526,Simple Lang,Ariel Rivera
528,Can We Just Stop..,Jose Mari Chan
529,Pag Tumatagal Lalong,Bimbo Cerrudo
531,"Tulak Ng Bibig, Kabig Ng DIbdib",Cinderella
537,I Remember The Boy,Joey Albert
538,Somewhere In Time,Verni Varga
540,Tell Me,Side A
542,Urong-Sulong,Regine Velasquez
543,Kung Alam Ko Lang,Toni Daya
546,Hindi Ako Iiyak,The Flippers
579,Set You Free,Side A
586,Sana Ay Malaman Mo,Ric Segreto
594,Batang Bata Ka Pa,Jim Paredes
599,HETO NA NAMAN,Ryan Cayabyab
602,Narito Na Ang Pasko,Gino Padilla
604,Pasko Na Sinta Ko,Gary V.
605,Basta't Mahal Kita,John Melo
616,I'll Never Let You Go,Joanne Lorenzana
622,Tag-ulan,After Image
633,Awitin Mo At Isasayaw Ko,VST & Co.
634,Ayoko Na Sana,Ariel Rivera
656,Mr. Vain,Sound Tripper
657,Muntik Ng Maabot Ang Langit,True Faith
679,I'm Coming Home,Sentimental Collection
692,Do You Know Where You're Going To,Lani Misalucha
746,Till My Heartaches End,Ella Mae Saison
749,Mahal Na Mahal Kita,Aegis
757,Stay With Me,Martin Nieverra
763,Ang Tipo Kong Lalaki,DJ Alvaro
773,You're The Best..,Skool Boys
782,Basta't Kasama Kita,Dingdong Avanzado
792,Kahit Na,DJ Alvaro
821,Bus Stop,Till Dawn
858,Don't Worry Be Happy,Robert Mcferrin
867,Graduation Tears,Chelsea Chan
873,I Second That Emotion,Smokey Robinson
937,Legs,Aegis
951,That's What Friends Are For,Dionne & Friends
984,TAMMY,EVAN & LIVINGSTON
997,Blue Eyes Crying In The Rain,Dolly Parton
1003,Eternally,Victor Wood
1009,Girl,Immaculate
1040,AKALA KO'Y PARA SA AKIN,ALLONA
1041,SA AKING DAIGDIG,SHARON CUNETA
1044,Ang Boyfriend Kong Baduy,Cinderella
1045,Bakit Nga Ba Mahal Kita,Roselle Nava
1047,Bulag Sa Katotohanan,Rachel Alejandro
1048,Panalangin,APO Hiking Society
1049,Di Na Natuto,Gary Valenciano
1050,IF THE FEELING IS GONE,ELLA MAY SAISON
1051,Goodbye Is Not Forever,Ella Mae Saison
1052,Heto Na Naman Ako,Miguel Vera
1053,Hey It's Me,Jaime Rivera
1054,Maghintay Ka Lamang,Ted Ito
1055,PAG-IBIG KONG LITONG-LITO,APRIL BOYS
1056,Ikaw Lang At Ako,Donna Cruz
1057,IKAW PALA ANG MINAMAHAL,JOHN MELO
1058,IKAW SANA,OGIE ALCASID
1059,IKAW AT AKO SA DAIGDIG,J. ABALOS
1060,ISA'T ISA'Y MAHAL,APRIL BOYS
1062,Kaligayahan Na Pansamantala,Eva Eugenio
1063,Kahapon Lamang,Sharon Cuneta
1064,KASALANAN BA?,MEN OPPOSE
1065,Kahit Bata Pa,Lilet
1066,KUNG AKIN LANG,IVY VIOLAN
1067,KUNG WALANG IKAW,IVY VIOLAN
1068,Ipaglalaban Ko,Freddie Aguilar
1069,MAGDALENA,FREDDIE AGUILAR
1070,MAGKAKABALIKAN PA BA,IMELDA PAPIN
1071,MAHAL MO BA SYA,EVA EUGENIO
1072,MAY GUSTO AKO SA IYO,WENDELL
1073,MAY MAHAL KA NANG IBA,PAL VILLALUZ
1074,Minsan,Bert Dominic
1075,Mula Sa Puso,Jude Michaels
1076,Muli,Rodel Naval
1078,Nakapagtataka,Hajji Alejandro
1079,Never Ever Say Goodbye,Nonoy Zuniga
1080,No Touch,Mike Hanopol
1081,Paminsan-minsan,Richard Reynoso
1082,PARA SA `YO,PRETTIER THAN PINK
1084,PINTIG NG PUSO,NECIE LACSON
1087,Sana Ay Mahalin Mo Rin Ako,April Boys
1088,Sayang Na Sayang,Manilyn Reynes
1089,Someone's Alaways Saying Goodbye,Alyona
1090,SIGAW NG PUSO,FATHER & SONS
1093,Tanging Mahal,Regine Velasquez
1094,UHAW,EVA EUGENIO
1096,UMIIBIG NGA BA ANG,BOYSBOYZ
1097,UMIIBIG AKO,JOHN MELO
1099,WHY DO I LOVE YOU,Geneva Cruz
1100,Pag-Ibig Na Walang Dangal,Eva Eugenio
1104,Dahil Tanging Ikaw,Jaya
1105,I'll Face Tomorrow,Marco Sison
1106,Minahal Kita,Michael Laygo
1107,Mula Noon Hanggang Ngayon,Leah Salonga
1108,ANONG NANGYAYI,MICHAEL LAYGO
1109,Laging Naroon Ka,Jaya
1110,Pagsubok,Orient Pearl
1111,PAIN IN MY HEART,Ella Mae Saison
1112,PHOTOGRAPH,ARIEL RIVERA
1113,Sa Aking Puso,Ariel Rivera
1116,THANK YOU LOVE,JOSE MARI CHAN
1117,WISH,Donnaq Cruz
1119,You Made Me Live Again,Janet Basco
1120,Closer You And I,Gino Padilla
1122,Gusto Kita,Gino Padilla
1125,Iisa Pa Lamang,Joey Albert
1128,LET THE LOVE BEGIN,GINO PADILLA
1129,MAHAL NA MAHAL KO SIYA,GARY VALENCIANO
1130,Miss Na Miss Kita,Father & Son
1131,PLEASE DON'T THROW,MARTIN NIEVERA
1133,Sana Maulit Muli,Gary Valenciano
1134,With A Smile,Eraserheads
1135,Ang Himig Natin,Juan dela Cruz Band
1137,Ikaw Lang Ang Mamahalin,Joey Albert
1138,Kapalaran,Rico J. Puno
1139,ANG TAO'Y MARUPOK,RICO J.PUNO
1140,Awit Para Sa 'Yo,Jamie Rivera
1142,Daigdig Ng Alaala,Rico J. Puno
1146,Tamis Ng Unang Halik,Tina Paner
1147,BUGHAW NA BUHANGIN,RIC MANRIQUE
1148,Isang Babalikan,Cristy Mendoza
1149,Ano Ang Gagawin Kapag Wala Ka Na,Eva Eugenio
1150,Lead Me Lord,Gary V.
1151,Mahal Kita,Cinderella
1156,Batang-Bata Ka Pa,Apo Hiking Society
1157,Gaano Kadalas Ang Minsan,Basil Valdez
1160,Forgive And Forget,Sharon Cuneta
1163,P.S I Love You,Sharon Cuneta
1164,Iniibig Kita,Wadab
1165,Unang Halik,Anthony Castelo
1168,Sana Ay Ikaw Na Nga,Zsa Zsa Padilla
1170,Here And Now,Jose Mari Chan
1172,If We Can Have More Time,Jose Mari Chan
1174,KULANG SA PANSIN,RACHEL ALEJANDRO
1176,Kung Ako'y Iiwan Mo,Basil Valdez
1177,Ngayon,Basil Valdez
1179,Kapatid,Rico J. Puno
1180,Dito Ba,Kuh Ledesma
1181,Ang Buhay Ko,Asin
1183,"Sorry Na, Pwede Ba",Rico J. Puno
1184,Pagibig,APO
1185,Sa Hirap At Ginhawa,Sharon Cuneta
1186,Paano Ba Ang Mangarap,Pilita Corales
1187,Kung Maging Ulila,Norma Lapuz
1188,Tanong Ng Puso,Ben Torres
1189,Saan Ako Nagkamali,George Canseco
1190,Ligaw Tingin,Leah Navarro
1191,Paano Kita Mapasasalamatan,Kuh Ledesma
1192,Yakap Sa Dilim,Apo Hiking Society
1193,Araw-Araw Gabi-Gabi,Didith Reyes
1194,Tuyo Na'ng Damdamin,APO
1195,Afraid For Love To Fade,Jose Mari Chan
1196,Give Me A Chance,Ric Segreto
1197,Hindi Ko Kaya,Richard Reynoso
1198,Kaibigan Lang Pala,Lilet
1199,Kay Tagal,Rachel Alejandro
1200,Mr. Kupido,Sheryl Cruz
1202,Kaligayahan Mo'y Kaligayahan Ko Rin,Ding Lamano
1203,AFTERTHOUGHT ON A TV ShowJ,OSE MARI CHAN
1206,Kahit May Mahal Ka Nang Iba,Wendell
1207,Isang Lahi,Antony Castelo
1208,Kahit Minsan Lang,Penn Santiago
1210,Pinakamamahal,Louie Heredia
1211,INIIBIG KO ANG INIIBIG MO,IMELDA PAPIN
1212,Bikining Itim,Bert Dominique
1213,Kung Sakali Man,Rachel Alejandro ft. Richard Reynoso
1214,KAHIT MAN LANG SA PANGARAP,VINA MORALES
1215,Tingin,Timmy Cruz
1216,Hindi Ako Laruan,Mimi Baylon
1217,Dito Sa Aking Mundo,Richard Reynoso
1218,Kay Palad Mo,Jamie Rivera
1220,Sa Bawat Sandali,Victor Wood
1222,Dahil Sa Isang Bulaklak,"Ric Manrique, Jr"
1223,Huli Mo,APO
1224,Di Ba't Ako Ay Tao Rin,Cely Baustista :
1225,Kailangan Malaman Mo,APO
1226,Sana Pag-Ibig,Rico J. Puno
1227,Wala Nang Hahanapin Pa,APO
1228,BAYAN KO,Freddie Aguilar
1229,I Need You Back,Raymond Launchengco
1230,Hold Me Once Again,Cristi Gatchalian
1231,You're My Home,Odette Quesada :
1232,KUNG TALAGANG MAHAL MO AKO,CELY BAUTISTA
1233,Umiibig Ka Pala Sa Akin,Cristina Paner
1234,Kung Kita'y Kapiling,Cely Bautista
1235,Pobreng Alindahaw,Melinda Veloso
1236,Must Be Heaven,C. Paner
1238,Kung Gusto Mo Gusto Ko Pa,APO
1239,Nasa'n Ka Na,Alecx
1240,Giniginaw Ako,Imelda Papin
1241,Doon,Richard Reynoso
1242,Show Me A Smile,Apo
1243,MAY PAGTINGIN,WENDELL
1244,To Love Again,Sharon Cuneta
1246,AKO'Y NAGKAMALI,CRISTY MENDOZA
1249,Magkakabalikan Pa Ba,Imelda Papin
1250,Minsan Lamang,Ric Mantique
1251,MAHAL MO BA SYA,EVA EUGENIO
1254,Na Sabihin Mo,Eloisa
1255,Nanabik,Rea Valle
1258,Ang Boypren Ko,Boyfriend
1261,HINDI AKO LARUAN,MIMI BAYLON
1262,Bituing Walang Ningning,Sharon Cuneta
1263,Boy,Timmy Cruz
1265,Ibig Kong Magtapat,Victor Wood
1267,Ngayon At Kailanman,Basil Valdez
1270,Pira-Pirasong Alaala,Rey Valera
1272,Princesa,APO
1274,Hindi Kita Malilimutan,Nonoy Zuniga
1275,Ipagpatawad Mo,VST & Co.
1276,Pagbabalik,Asin
1278,Ang Pag-ibig Kong Ito,Lea Navarro
1279,Ayoko Na Sa'yo,Sharon Cuneta
1280,Walang Kapantay,Carmen Soriano
1281,Maala-Ala Mo Kaya,Carmen Soriano
1282,Isang Damdamin,L.Heredia
1286,Mahiwaga,Ric Manrique
1287,Sana Naman,Tricia
1289,Saan Na Bang Barkada,Apo Hiking
1291,Kahit Sino,Richard Reynoso
1293,Tumibok Kasi,Rachel Alejandro
1294,THANK YOU FOR LOVING ME,JANET BASCO
1295,Sa Piling Mo,Mabuhay Singers
1296,HAHABOL-HABOL,MABUHAY SINGERS
1297,Mr. Songwriter,Jose Mari Chan
1298,Rock Baby Rock,VST & Company
1299,Kahit Na Magtiis,Pilita Corales
1301,Bakit Kung Sino Pa,Lloyd Umali
1303,MINSAN LANG KITANG IIBIGIN,ARIEL RIVERA
1304,You,Basil Valdez
1305,IKAW ANG MS. UNIVERSE,HOTDOG
1306,Bakit Labis Kitang Mahal,Boyfiends
1307,Sana'y Wala Ng Wakas,Sharon Cuneta
1308,Banal Na Aso Santong Kabayo,Yano
1310,Muntik Ng Maabot Ang Langit,True Faith
1312,MINSAN ISANG KAHAPON,LEA SALONGA
1313,Sana Dalawa Ang Puso Ko,Bodjie's Law Of Gravity
1315,Alam Mo Ba,Vina Morales
1322,Babalikang Muli,Regine Velaquez
1323,Bakit Labis Kitang Mahal,Boyfiends
1326,Bitin Sa Iyo,Hotdog
1329,Bato Sa Buhangin,Cinderella
1331,Dahil Sa'yo,Pilita Corales
1334,Deep In My Heart,Jose Mari Chan
1335,Di Na Ko Aasa Pa,Introvoys
1336,Hindi Magbabago,Randy Santiago
1339,I DON'T MEAN A THING,SHARON CUNETA
1344,Enveloped Ideas,Dawn
1353,Hagkan,Sharon Cuneta
1357,High School,Sharon Cuneta
1359,PAG-IBIG KO'Y IBA,CINDERELLA
1360,Isang Babalikan Isang Iiwanan,Cristy Mendoza
1361,Ikaw Pa Rin,Ted Ito
1362,Sa Isip Ko,Agot Isidro
1366,Kahit Wala Ka Na,Rey Valera
1367,Sana'y Laging Magkapiling,April Boy Regino
1368,KASI NAMAN,ELLA DEL ROSARIO
1369,Ikaw Ang Lahat Sa Akin,Martin Nievera
1373,LIGAYA,ERASERHEADS
1376,O LUMAPIT KA,ELLA DEL ROSARIO
1378,MAHAL MO PA BA AKO,SHARON CUNETA
1379,Kung Maibabalik Ko Lang,Regine Velasquez
1380,Kahit Maputi Na Ang Buhok Ko,Sharon Cuneta
1382,Mr. Dj,Sharon Cuneta
1383,MUNTIK NA KITANG MINAHAL,THE COMPANY
1384,NANDITO AKO,LEA SALONGA
1385,NARITO ANG PUSO KO,MIGUEL VERA
1387,Paano Ba Kita Malilimutan,Manilyn Reynes
1389,Parang Baliw,Sharon Cuneta
1390,Pare Ko,Eraserheads
1392,Pers Lab,Hotdog
1396,Refrain,Jose Mari Chan
1400,Sana Kahit Minsan,Ariel Rivera
1403,Superstar ng Buhay Ko,Cinderella
1405,Pag Tumatagal Lalong Tumitibay,Bimbo Cerrudo
1412,Toyang,Eraserheads
1413,T.L. Ako Sa'yo,Cinderella
1414,"Tulak Ng Bibig, Kabig Ng Dibdib",Jolina Magdangal
1417,IKAW ANG MS. UNIVERSE,HOTDOG
1420,Don't Know What To Do,Ric Sigreto
1426,Anak,Freddie Aguilar
1430,GILIW KO,RENZ VERANO
1432,Bulag Na Pag-ibig,Sheila Marie
1440,This Guy's In Love With You Pare,Parokya Ni Edgar
1443,Miss Kita Kung Christmas,Sharon Cuneta
1447,ANG GAAN NG FEELING,GENEVA CRUZ
1448,DON'T EVER MAKE ME..,SHARON CUNETA
1453,Langit Na Naman,Donna
1454,A Love To Last A Lifetime,Jose Mari Chan
1458,HIMIG PASKO,APO HIKING SOCIETY
1464,PASKO NA NAMAN,JANET BASCO
1465,HOW DID YOU KNOW,CHIQUI PINEDA
1467,Muli Mong Mahalin,April Boys
1468,PAKISABI NA LANG,THE COMPANY
1471,Banal Na Aso Santong Kabayo,Yano
1473,Binibini,Introvoys
1477,CAN'T BE WITH YOU..,IRENE
1479,Dahil Mahal Kita,Boyfriends
1483,EVERYDAY,AGOT ISIDRO
1487,Friend of Mine,Odette Quesada
1488,HABANG MAY BUHAY,A+P592+C613:J+C613:M613
1490,Hanggang Kailan,Martin Nievera
1492,PAG-IBIG NA SANA,ROSELLE & TONY
1494,IKAW LANG,SMOKEY MOUNTAIN
1495,Nag-iisang Ikaw,Louie Heredia
1496,KAIBIGAN,INTROVOYS
1497,Kailan,Eraserheads
1498,Kailanman,Introvoys
1499,Ikaw Ang Aking Mahal,VST & Company
1505,MINSAN PA,THE FLIPPERS
1507,MULTO SA PANINGIN,The Youth
1518,Paglisan,Color It Red
1519,Ipagpatawad Mo,VST & CO.
1522,Sikat Na Si Pedro,Phil. Violators
1525,Estudyante Blues,Freddie Aguilar
1526,TELL ME YOUR NAME,JOSE MARI CHAN
1534,Huwag Na Lang Kaya,True Faith
1537,Will I Survive,Introvoys
1540,FRIENDS,NONOY ZUNIGA
1550,I'll Be There For You,Martin Nievera
1558,Doon Lang,Nonoy Zuniga
1560,EVEN IF,JAM MORALES
1567,Hiram,Zsa Zsa Padilla
1569,I LOVE YOU AND..,JAM MORALES
1570,A Smile In Your Heart,Jam Morales
1576,Complicated Heart,MLTR
1578,MAGHIHINTAY SA `YO,DINGDONG A.
1581,Kumusta Ka,Willy Cruz
1584,A Long Long Time Ago,Odette Quesada
1585,LOOK IN HER EYES,GARY VALENCIANO
1588,Love Without Time,Nonoy Zuniga
1589,Mahal,Sharon Cuneta
1590,Mahal Kita Walang Iba,Ogie Alcasid
1591,Make Believe,Marco Sison
1593,May Pag-asa Ba,Introvoys
1596,Muntik Nang Maabot Ang Langit,True Faith
1598,I'VE NEVER BEEN TO ME,OGIE ALCASID
1600,Bakit Ngayon Ka Lang,Freestyle
1601,BAKIT KA LUMAYO,OGIE ALCASID
1602,Paalam Na,Rachel Alejandro
1606,Sana'y Wala Ng Wakas,Sharon Cuneta
1608,My Love Will See You Through,Marco Sison
1627,All My Love,Nonoy Zuniga
1661,Each Day With You,Martin Nievera
1668,I Wanna Dance,MLTR
1670,SOMETHING RIGHT,MLTR
1679,Till I Met You,Joey Albert
1693,I'm Gonna Come Back,MLTR
1698,STRANGERS AGAIN,CINEMA
1708,Makapiling Ka Sana,Dingdong Avanzado
1724,You Are To Me,Divo
1728,Langis At Tubig,Sharon Cuneta
1734,Kiss Kiss,VST & CO.
1735,Libreng-Libre,Masculados
1739,Kahit Na,Ogie Alcasid
1740,Just A Smile Away,Luke Mijares
1741,Iniibig Kita,Wadab
1742,Iba Ka Sa Lahat,Roel Cortez
1744,I GOT A GIRLFRIEND,JAY R.
1745,Ikaw Lamang,Ogie Alcasid
1747,Ikaw Pa Rin Pala,Ogie Alcasid
1749,Iwanan Mo Na S'ya,Parokya Ni Edgar
1751,ETCETERA,VST and CO.
1752,Farewell,Jay R.
1753,First Kiss,Nina
1754,Hawakan Mong Mabuti,Masculados
1755,DI MO BA ALAM,PAROKYA NI EDGAR
1757,Chuwariwap,Gee Girls
1759,Bakit Pa Ba,Jay-R
1760,Bakit Sayo Pa,Roel Cortez
1761,BATIBOT,ALAMID
1763,Bring Me Down,Rico Blanco
1764,Bulaklak,Viva Hot Babes
1767,Better Man,Ogie Alcasid
1768,All I Need,Jay R.
1769,Alumni Homecoming,Parokya ni Edgar
1770,As We Dance,Paolo Santos
1771,Mmmm Sarap,Kamikazee
1772,Madelyn,April Boy
1773,Magkasuyo Buong Gabi,Rico J. Puno
1774,Makulit,DJ Alvaro
1775,Maniwala Ka Sana,Parokya Ni Edgar
1777,Macho Gwapito,Rico J.Puno
1779,Labs Kita,April Boys
1780,Selos,Rico J. Puno
1782,Sayang,Parokya Ni Edgar
1784,Ratratin,Masculados
1785,Singkit,DJ Alvaro
1787,Sorry Na Lang,Aubrey Miles
1789,"Step No, Step Yes",VST & Co
1790,SWING IT BABY,VST & CO.
1791,Tatlong Araw,Parokya Ni Edgar
1793,Tsaka Na Lang,Parokya Ni Edgar
1794,Tugon Sa king Dasal,Lyod umali
1795,Uhhya Uhhya,Masculados
1796,Umaasa Pa Rin,Lloyd Umali
1797,Venus,Sexbomb Girls
1798,Aangkin Sa Puso Ko,Vina Morales
1801,Pakita Mo,VST & Co.
1802,Pagkat Wala Ka Na,Lloyd Umali
1804,Pangako Ko,Ogie Alcasid
1805,Parang Ayoko Na Yata,Parokya Ni Edgar
1806,Parang Bad Habit,DJ Alvaro
1807,Pinakamamahal,Aiza Seguerra
1808,Play With Me Tonight,Paolo Santos
1809,Pwede Ba,VST And Co.
1811,Narito,Sarah Geronimo
1812,Nadevelop,Tin Arnaldo
1813,Narito Ka Lang Pala,Lloyd Umali
1815,Alam Kong Di Ako Ok Lang,Bayani Agbayani
1816,Because Of You,Paolo Santos
1817,Dati Pa,Aiza Seguerra
1818,Di ko na kaya,CARMELA CUNETA
1819,Hiram,Zsa Zsa Padilla
1820,Kahit Na Mayroon,Raine
1821,Kung Kailan Wala Ka Na,Jolina Magdangal
1822,The Memory Of Him,Denise Laurel
1823,Paglisan,Color It Red
1824,Pito-Pito,Willie Revillame
1825,Umiibig Na,Ann Jomeo
1831,You Are My God,Carol Banawa
1850,Sana Magbuhat ng Una,Jessa Zaragosa
1883,LAMBERTO QUINTERO,"C,DE LINARES"
1893,LOS DOS AMIGOS,"C,DE LINARES"
1979,SE`NOR AMOR,DULCE
2090,MI PLEGARIA,CESAR
2123,Lobo,Dulce
2131,Soy una dama,Dulce
2244,CORAZ`ON HERIDO,ARIA 8
2266,TU MU`NECA,DULCE
2302,ATLANTICO,JUAN SANTANA
2308,ESPEJISMO,JUANELLO
2371,Nena,2ez2c
2374,OJITOS COLOR CAF`E,FAMA
2401,Mirala Miralo,Alejandra Guzm`an
2413,ANTIGUA,ERICK
2434,FUI DEMASIADO F`ACIL,DULCE
2442,COMO SI FUERA LOCA,DULCE
2472,TU NOMBRE EN LA ARENA,"C,BAROCELA"
2506,CUANDO VAYAS A MI TUMBA,"C,DE LINARES"
2516,PRIMERA COSA BELLA,YAHARI
2718,Boys Boys Boys,Sabrina
2975,Treat Her Like A Lady,Cornelio Bros & Rose
2981,Drivin' My Life,Even Steven
3020,Once In A While,Dinah Shore
3050,Ang Aking Awitin,Side A
3055,Araw-Araw Gabi-Gabi,Didith reyes
3057,Ang Huling El Bimbo,Eraser Heads
3059,Baka Sakaling Mahalin Mo rin Ako,Rey Valera
3060,Bakit Ba?,Siakol
3061,BAWAL NA GAMOT,WILLE GARTE
3062,BAYAN KO,Freddie Aguilar
3063,BAYAN KO,Freddie Aguilar
3064,BAYAN KO,Freddie Aguilar
3070,Bikining Itim,Bert Dominique
3079,Boy,Donna Cruz
3088,CONSTANT CHANGE,JOSE MARI CHAN
3095,Di Pa Huli,Side A
3102,Don't Say Goodbye,Pops Fernandez
3108,Eternally,Victor Wood
3109,EVERLASTING LOVE,THE COMPANY
3129,Getting To Know Each Other,Ariel Rivera
3130,Gintong Araw,Bing Rodrigo
3135,Ha Ha Ha,Eraserheads
3136,Hahanapin Ko,Anthony Castello
3139,Harana,Parokya Ni Edgar
3141,Hard To Believe,Eraserheads
3151,WAG KANG MALUNGKOT KAIBIGAN,APRIL BOY REGINO
3171,Ikaw Ay Nasaan,Bert Dominic
3172,I'm Sorry My Love,Rockstar 2
3174,Inday Ng Buhay Ko,Victor Wood
3175,Isang Lahi,Regine Velasquez
3176,"Isang Tanong, Isang Sagot",Donna Cruz
3185,JEEPNEY DRIVER,APRIL BOYS
3187,KAY LUPIT MO PAG-IBIG,VICTOR WOOD
3188,Kaya Ko Ba,Rachel Alejandro\
3189,Tubig At Langis,Sharon Cuneta
3194,Iisang Damdamin,Louie Heredia
3202,Lupa,Asin
3203,Magandang Gabi,Nonoy Zuniga
3208,MAYROON PANG PAG-ASA,APRIL BOY REGINO
3210,Minsan lang Kitang Iibigin,Ariel Rivera
3212,Mahal Na Mahal Na Mahal Kita,April Boy Regino
3219,"My Girl, My Woman, My Friend",Jose Mari Chan and Regine Velasquez
3226,Oras Na,Coritha
3229,Paminsan-Minsan,Raymond Lauchengco
3230,Pang Habang-Buhay,Jessa Zaragosa
3231,Para Sa Masa,Eraserheads
3232,Perfect,True Faith
3233,PINAKAMAMAHAL KITA,APRIL BOY REGINO
3234,PLEASE BE CAREFUL WITH MY HEART,JOSE MARI CHAN
3244,Sana Ay Ikaw Na Nga,Basil Baldez
3248,SILVERTOES,PAROKYA NI EDGAR
3249,Sinayang Mo,Bing Rodrigo
3251,Sino Ang Baliw,Kuh Ledesma
3257,Spoliarium,Eraseheads
3264,Syotang Pa-Class,Apo Hiking Society
3265,Tag-araw,After Image
3285,Umasa Ka,April Boy Regino
3480,In My Life,Ariel Rivera
3554,It's My Party,Leslie Gore
3582,MAGIC GIRL,PRETTY SAMMY
3585,Real Love,Jodi Wayne
3751,Ulan,Rivermaya
3770,Be My Lady,Martin Nievera
3817,Estudyante Blues,Freddie Aguilar
3860,HOWEVER WHICH WAY,INTROVOYS
4057,Salawahan,Ric Rodrigo
4133,THE TEMPLE OF THE KING,RAINBOW
4156,WAITING FOR YOU,ROSELLE NAVA
4222,Isang Linggong Pag-ibig,Imelda Papin
4225,Kung Ikaw,Lito Camo
4334,Nandito Ako,Ogie Alcasid
4335,Someone's Always Saying Goodbye,Alyona
4336,Lift Up Your Hand,Basil Valdez
4337,Please Be Careful With My Heart,Jose Mari Chan
4338,Mula Sa Puso,Jude Michaels
4510,How Do I Live Without You,Arnee Hidalgo
4521,I DON'T CARE IF YOU LOVE,Raul
4897,You And I,Renz Verano
4913,Alien,Brod Pete.
4914,ANG LAHAT NG ITO'Y PARA SAYO,LANI MISALUCHA
4915,Arayyy...,Mae Rivera
4916,AY AY AY PAG-IBIG,ARA MINA
4919,Bakit Sinta,Paul Sapiera
4920,BALIW NA PUSO,JESSA ZARAGOSA
4921,BANYO QUEEN,ANDREW E.
4922,Binilanggo Sa,Del Horest
4925,Bonga Ka Day,Ogie Alcasid
4931,BUKAS NA LANG KITA..,LANI MISALUCHA
4935,Christmas In Our Hearts,Jose Mari Chan
4937,DAHIL BA SA KANYA,JAYA
4938,Dito Sa Isang Tabi,Jessa Zaragosa
4944,Gulong Ng Palad,Eva Eugenio
4945,Hain Ang Utlanan,Willie Garte
4946,Wait For Me,J. Brothers
4947,Hanggang Kailan,Martin Nievera
4951,Hudas Ka,Mae Rivera
4952,HULOG NG LANGIT,DONNA CRUZ
4955,Iingatan Ka,Carol Banawa
4956,Ikakasal Ka Na,Jessa Zaragosa
4957,Ikaw Lang Ang Iibigin,Jessa Zaragoza
4959,Kahit Kaibigan Lang,April Boy Regino
4962,Kung Okey Lang Sa Yo,True Faith
4963,KUNIN MO NANG LAHAT,FOURMULA
4964,Laging Tapat,Jolina Magdangal
4965,Mahal Ka Sa Akin,Tootsie Guevarra
4967,Nang Makapiling Ka,Jessa Zaragosa
4970,Paano Ang Puso Ko,April Boy
4971,Pagmamahal,Miles
4972,PASUMPA-SUMPA KA PA,ALYNNA
4978,Salamat Sa Iyo,April Boy Regino
4989,Bigong Pag-ibig,Renz Verano
4990,BASANG-BASA SA ULAN,AEGIS
4991,BAKIT DI TOTOHANIN,CAROL BANAWA
4993,DI KO KAYANG TANGGAPIN,APRIL BOY REGINO
4994,Alam Mo Ba,ARA MINA
4995,Bakit Ka Di Naging Tapat,Mystica
4996,BAKIT KA IIYAK?,JEREMIAH
4997,BANYO QUEEN,ANDREW E.
4999,Diyos Lamang..,Cely Bautista
5000,Esperanza,April Boy Regino
5001,HALIK,AEGIS
5003,I Can,DoReMi
5004,If,Nelson Del Castillo
5005,Kahit Na,Ogie Alcasid
5006,KALIWETE,ERASERHEADS
5008,Kanino Ba,Carol Banawa
5009,Labanan Natin Ang Tukso,J. Brothers
5010,MUNTING PANGARAP,AEGIS
5013,On The Wings Of Love,Martin Nievera
5014,Pakita Mo,VST & Co.
5016,SIMPLE LANG,MYSTICA
5017,Sino Pa,Renz Verano
5018,Sinta,Aegis
5020,TUNAY NA MAHAL,LANI MISALUCHA
5022,Wag Mong Pigilan,Willie Revillame
5053,Can We Just Stop And Talk Awhile,Jose Mari Chan
5059,Nag-iisang Ikaw,Louie Heredia
5071,I've Never Been To Me,Charlene
5075,Someone's Always Saying Goodbye,Allona
5076,Esperanza,April Boy Regino
5077,Ibang-Iba Ka Na,Renza Verano
5096,Ibig Kong Magtapat,Victor Wood
5098,Kahit Gaano Kalaki,ALYNNA
5099,Sabi Mo Sa Akin Binata Ka,Mae Rivera
5111,Problema,Freddie Aguilar
5112,Pinoy,Freddie Aguilar
5113,Sigarilyo,Freddie Aguilar
5114,Napupuyat,Freddie Aguilar
5115,Minamahal Kita,Freddie Aguilar
5116,Bakit Galit Ka,First Cousin
5117,Saan Ka Man Naroroon,Ric Manrique
5118,Hulog Ka Ng Langit,Lianne Loren
5120,Sundot,Aegis
5121,Sana'y Kapiling Ka,Jolina Magdangal
5123,BAKIT BA GANYAN,Dina Bonevie
5124,Don't Be Afraid To Love,Nonoy Zuniga
5125,A Perfect Christmas,Jose Mari Chan
5128,ASA KA PA,ARA MINA
5129,BAKIT BA IKAW,IDOLZONE
5130,BAKIT BA IKAW,IDOLZONE
5131,BAKIT BA IKAW,IDOLZONE
5132,Basta't Mahal Kita,Renz Verano
5136,Cry In The Rain,Orient Pearl
5138,Dear Heart,Sandara Park
5140,DITO SA PUSO KO,JAYA
5142,EVERLASTING LOVE,THE COMPANY
5144,Halaga,Parokya Ni Edgar
5150,IBIGAY MO NA,JESSA ZARAGOSA
5151,Ikaw Ang Miss Univeres Ng Buhay ko,Hotdog
5153,In Love With You,Regine & Jacky Cheung
5155,Kaba,Tootsie Guevarra
5157,Kailan Pa,Jessa Zaragosa
5158,KAILANGAN KO'Y IKAW,REGINE VELASQUEZ
5160,Kalaro Lamang,JESSA ZARAGOSA
5162,Kisapmata,Rivermaya
5163,Kung Mahal Mo Ako,Renz Verano
5164,Kung Mawawala Ka,Ogie Alcasid
5166,Larawang Kupas,Jerome Abalos
5170,Love Of My Life,South Border
5171,Luha,Aegis
5172,LUMULUHA,ISABEL GRANADA
5174,Magkayakap Na Puso,Vina Morales
5175,MAHAL PA RIN KITA,LANI MISALUCHA
5178,MAS MAHAL NA KITA NGAYON,MICHAEL V.
5181,Mibalik Ako,DEL HORREST
5186,NAHANAW NA GYUD,PILITA CORALES
5187,Nahuli Kita,Jessa Zaragoza
5188,Nanghihinayang,Jeremiah
5189,NANGHIHINAYANG,JEREMIAH
5190,Nosi Balasi,Sampaguita
5191,One More Chance,Victor Wood
5193,PAANO KITA MALILIMUTAN,YOLLY SAMAON
5194,Paano Na Ang Aking Puso,Renz Verano
5195,PAGKAKATAON,OGIE ALCASID
5196,Pangako,Rey Valera
5198,Picha Pie,Parokya Ni Edgar
5201,Sa 'Yo Lamang,Ogie Alcasid
5203,Saan Ka Man Naroroon,Carol Banawa
5205,SABI MO AKO LAMANG,MEN OPPOSE
5206,Sabi Ng Puso Ko,April Boy Regino
5207,Sana,Ibang Bersyon
5208,Sana'y Di Ko Na Nakita,Carol Banawa
5209,Sana'y Sabihin Mo,Vina Morales
5211,Sino Ba,Donna Cruz
5212,Sinta,Aegis
5213,SUMPA KO SA 'YO,RENZ VERANO
5216,Tingnan Mo Ang Ginawa Mo,Fourmula
5218,TUNAY NA MAHAL,LANI MISALUCHA
5220,Wag Mo Na Sana,Parokya Ni Edgar
5224,WILL I EVER,SIDE A
5228,Ang Cute Ng Pokemon,Willie Revillame
5229,Balat-kayo,Anthony Castello
5231,Bitin Sa Iyo,Hotdog
5232,Butsikik,Yoyoy Villame
5233,Crying Time,Victor Wood
5235,Dayang Daya,Yoyoy Villame
5236,Di Na Ko Aasa Pa,Introvoys
5237,Di Totoo,Imelda Papin
5240,Fraulein,Victor Wood
5243,Hahanapin Ko,Anthony Castello
5246,HUWAG NA HUWAG,TAGERINE
5250,Ikakasal Ka Na,Jessa Zaragosa
5256,Kapag Ako Ay Nagmahal,Jolina Magdangal
5258,Kung Kailangan Mo Ako,ARA MINA
5259,LAGING LERON KA,MICHAEL V.
5265,Mahal Mo Ba Ako,J.Magdangal
5266,MALING AKALA,CHINO ROMERO
5270,Modelong Charing,Blak Dyak
5271,Naaalala,Rallion Allonzo
5276,Tameme,Jolina Magdangal
5277,Teenage Senyorita,Victor Wood
5280,Together Again,Eddie Peregrina
5281,Tuwing Umuulan,Regine Velasquez
5282,WALA NANG MAHIHILING PA,JUDY ANN SANTOS
5283,What Am I Living For,Eddie Peregrina
5285,Missing You,Freestyle
5287,BINAMBO NO. 5,JACK N' POY
5291,Di Magdadalawang Isip,Jolina Magdangal
5294,HANG On,GARY VALENCIANO
5295,Hanggang Ngayon,Kyla
5296,HERE IN MY LIFE,ZSA ZSA PADILLA
5297,HEY BOY,JUDY ANN SANTOS
5302,Iba Ka Na Pala Ngayon,Mike Luis
5304,Inuman Na,Parokya Ni Edgar
5311,'Pag Nananalo Ang Ginebra,Bayang Barrios
5312,Philippine Geography,Yoyoy Villame
5318,SA LANGIT WALA NG BEER,BIG TIME
5322,SING ME YOUR SONG AGAIN DADDY,JOSE MARI CHAN
5328,UNANG PAG-IBIG,YOLLY SAMSON
5329,VERONICA,DEL HORREST
5334,Belinda Bye Bye,Barbie's Cradle
5345,Bakit Ba Ganyan,Dina Bonnevie
5346,Bakit Galit Ka,First Cousin
5360,For Baby,Donna Cruz
5365,IKAW LANG ANG IIBIGIN,JESSA ZARAGOSA
5368,Kailangan Kita,Leah Navarro
5372,Sana'y Kapiling Ka,Jolina Magdangal
5390,It's Raining In My Heart,Lee Towers
5410,MAHAL NA MAHAL KITA,AEGIS
5439,BAKIT,ROCKSTAR 2
5454,LIVING ON A JET PLANE,JET PANGAN GROUP
5459,Loving You,Diano Ross
5462,Moment By Moment,Yvonne
5463,NANG DAHIL SA PAG-IBIG,TOOTSIE GUEVARA
5464,"Oops, Teka Lang",Ara Mina
5465,Palayain Mo Ako,Yamani
5466,Sisirin Mo,Diwata
5484,Ako Na Lang Ang Lalayo,Fredrick Herrera
5485,BULOY,PAROKYA NI EDGAR
5490,Humanap Ka Ng Panget,Andrew E.
5492,I'M SORRY,JAMIE RIVERA
5495,LAKAS TAMA,SIAKOL
5496,Leaving Yesterday Behind,Keno
5498,LORENA,RENZ VERANO
5502,Lupaypay,Ruffa Mae Quinto
5504,Lutong Bahay (Cooking Ng Ina Mo),Parokya Ni Edgar
5505,MAGASIN,ERASERHEADS
5506,MANILA GIRL,PUT3SKA
5507,MASKARA,ERASERHEADS
5509,Minsan Minsan,Manilyn Reynes
5513,Pagdating ng Panahon,Aiza Seguerra
5517,Sa Langit,Moonstar 88
5520,SI FELIMON,YOYOY VILLAME
5521,SUMASARAP ANG GISING,TRUE FAITH
5523,AY AY AY I LOVE YOU,YOYOY VILLAME
5525,This Time,Freestyle
5526,Torete,Moonstar 88
5528,Babae,Hagibis
5534,Katawan,Hagibis
5536,Trip,Parokya Ni Edgar
5553,Adik Sa 'Yo,Mystica
5555,Ako Ang Nagtanim,Mabuhay Singers
5556,Ako Ba O Siya?,Hannah Villame
5557,AKO'Y SA'YO,FIRST CIRCLE
5559,Almusal,Heber Bartolome
5561,ARAYYY..,MAE RIVERA
5563,AYOKO NANG MAKITA KANG LUMULUHA,BING RODRIGO
5566,BAKIT DI TOTOHANIN,CAROL BANAWA
5567,Bakit Mo Iniiba,Nikki Valdez
5571,Booba,Ruffa Mae Quinto
5572,BUHAT,Rico Puno
5575,CAN FIND NO REASON,LOUIE HEREDIA
5576,SINO SA AMING DALAWA,VON ARROYO
5577,DATING DAMDAMIN,JAYA
5578,Don't Ever Go,Eddie Peregrina
5583,GINIGINAW AKO,JESSA ZARAGOSA
5587,Heto Ako,Michael Laygo
5588,HINDI AKO LARUAN,YAMANI
5590,Huwag Mo Nang Itanong,Eraserheads
5596,If We Try,Aiza Seguera
5597,IKAW ANG BUHAY,KUNDIMAN
5600,In My Life Medley,Aiza Seguerra
5601,INAMORATA,VICTOR WOOD
5605,Kahit Isang Saglit,Martin Nievera
5606,Kahit Limutin Mo,Ric Manrique
5607,Kahit Limutin Mo,Ric Manrique
5608,KAPAG PUSO ANG SYANG NAG-UTOS,IMELDA PAPIN
5610,KULANG PA BA?,MANILYN REYNES
5611,Kumusta Ka,Freddie Aguilar
5615,Kung Wala Na,Jaya
5616,Labi Mo,Marissa Sanchez
5617,LABI SA LABI,MYSTICA
5618,Lalaki Ka Lang,Mystica
5619,LITTLE INDIAN FIVE SIX,ROY GEORGE
5621,MAGHIHINTAY SA `YO,JESSA ZARAGOSA
5623,Marupok Na Sumpa,Larry Miranda
5624,Meron Ba?,Nikki Valdez
5625,Minsan Minsan,Manilyn Reynes
5626,MISS,JANNO GIBBS
5629,Ako'y Napapa-Uhh,Gladys and the Boxer with K
5630,Naririto Ako,Michael Laygo
5635,Pangako,Regine Velasquez
5636,Pangarap,Cinderella
5638,Prinsesa,The Teeth
5641,Sa Ugoy Ng Duyan,Jeremiah
5648,SORRY,AIZA SEGUERRA
5649,"Sumayaw, Sumunod",Boyfriends
5650,SUNTOK SA BUWAN,ERASERHEADS
5655,Tama Na,Freddie Aguilar
5656,Tanging Mahal,Regine Velasquez
5658,TARZAN AND BAROK,YOYOY VILLAME
5660,The Right One,Aiza Seguerra
5663,TRIP MO BA?,FRESHMEN
5673,Pinakamamahal,Louie Heredia
5674,KAHIT MAN LANG SA PANGARAP,VINA MORALES
5677,Sinta,Aegis
5679,Andrew ford Medina,Andrew E.
5680,ANG TANGI KONG PAG-IBIG,CELY BAUTISTA
5681,At Kung Malayo Ka,Melody
5682,Babalik Ka Rin,victor wood
5683,Bakit,Rea Valle
5684,Butsikik,Yoyoy Villame
5685,Di Malimot Ang Iyong Halik,Renz Verano
5686,HIMALA,RIVERMAYA
5688,Ikaw At Ako,Diwata
5689,Jumbo,Ruffa MaeQuinto
5690,KUNG KAILANGAN MO AKO,DONA CRUZ
5691,Kung Maibabalik Ko Lang,DingDong
5692,Nang Dahil Sa Pag-ibig,Anthony Castelo
5693,Nasaan Ang Liwanag,Willy Garte
5694,O Kay Sarap Umibig,Rea Valle
5695,Pagdating Ng Panahon,Aiza Seguerra
5696,Panahon Na Naman,Rivermaya
5697,Saan Na Bang Barkada,Apo Hiking
5698,WALA NG IBA (NOTHING TO LOSE),MELODY
5704,Ala-ala'y Nagbabalik,Henna V.
5705,Almusal,Heber Bartolome
5706,Babaeng Holdaper,Porkchop
5708,Bitin Na Bitin,Ruffa Mae Quinto
5709,Bonggahan,Sampaguita
5710,Crush Kita,Sexbomb Girls
5712,Darna,Jenine Desiderio
5716,"Hatid Sundo, Sundo't Hatid",Brod.Pete
5717,HAYOP NA COMBO,BLAKDYAK
5718,Hindi Kita Pwedeng Mahalin,GIRL TALK
5720,Iba Ka Na Pala Ngayon,Mike Luis
5723,Joke Lang,Sharon Cuneta
5724,KAHIT AKO'Y MAHIRAP LANG,GARY GRANADA
5725,Kahit Kailan,South Border
5726,Kahit Konting Pagtingin,Ric Sigreto
5729,Kawawang Puso,Arnel Ignacio
5731,MAHIRAP MAGMAHAL NG SYOTA NG IBA,JIM PAREDES
5734,Nena,Banyuhay
5735,Pekeng Dalaga,PORKCHOP
5736,BUGHAW NA BUHANGIN,VICTOR WOOD
5737,SABI MO AKO LAMANG,MEN OPPOSE
5739,Sabik,Imelda Papin
5741,Sapagkat Kami Ay Tao Lamang,Ric Manrique
5743,SIYA ANG BABAE,RENZ VERANO
5744,Sulat,Renz Verano
5745,Tanging Ikaw Lamang,MELODY
5746,TIBOK NG PUSO,WILLIE GARTE
5747,Tignan Mo Naman Ako,Jolina Magdangal
5812,Baby I Love You,J Brothers
5813,Bakit,Imelda Papin
5815,BAKIT MO INIWAN,MELISSA GIBBS
5818,CARWASH,Andrew E.
5819,Ewan,Apo Hiking
5822,I'll Never Go,Nexxus
5824,Ikaw Ang Ligaya Ko,Ric Manrique
5825,Ikaw Sana,Ogie Alcasid
5826,ILANG TAON AKONG UMASA,RENZ VERANO
5828,KAILANPAMAN,REGINE VELASQUEZ
5829,KASARIANG BOMBA,MICHAEL V.
5830,Kung Sakaling Ika'y Lalayo,J. Brothers
5833,MISS NA MISS NA KITA,LITO CAMO
5834,Muntik Na Kitang Minahal,Carol Banawa
5836,NANG SIYA'Y MAWALAY,ROCKSTAR 2
5837,Ngayong Wala Ka Na,ARA MINA
5842,PAULIT-ULIT,APRIL BOY
5843,Pusong Salawahan,Mystica
5847,Sabado Nights,Rizal Underground
5848,Sa Langit Maghihintay,Larry Miranda
5849,Sana'y Bigyan Mo Ng Pansin,Mystica
5851,Say A Little Prayer,Diana King
5854,SIMPLY AMAZING,MARTIN NIEVERA
5856,Sinungaling,Rea Valle
5860,"TAG-ARAW, TAG-ULAN",IRENE COLOSO
5862,FOREVER BLUE,CACAI VELASQUEZ
5865,This Time,Freestyle
5868,TUTULUNGAN KITA,IMELDA PAPIN
5869,WALANG KASING TAMIS,MIKE HANOPOL
5870,Yakap,L.A. Lopez
5871,Stupid Love,Salbakuta 
5872,214,Rivermaya
5874,CAN'T BE WITH YOU..,IRENE
5875,ESEM,YANO
5877,"Hatid Sundo, Sundo't Hatid",Brod.Pete
5879,IIYAK KA RIN,ARNEL PINEDA
5881,IKAW LANG,SMOKEY MOUNTAIN
5882,IKAW PA LAMANG,RODEL NAVAL
5887,Mahal Kita,Renz Verano
5888,Mahal Mo Ba'y Di Na Ako,Roselle Nava
5890,Minsan Pa,Diwata
5891,I've Never Been To Me,Charlene
5893,O Kay Sarap Umibig,Rea Valle
5898,PANAHON,MIKE HANOPOL
5900,PASENSYA NA,MIKE HANOPOL
5902,SHOUT FOR JOY,GARY V.
5905,"Sinusuyo, Niyayakap",Manilyn Reynes
5906,So Slow,Freestyle
5914,AKALA MO,AIZA SEGUERRA
5915,Dadalhin,Regine Velasquez
5916,HANGGANG NGAYON IKAW,OGIE ALCASID
5919,Sana Ikaw,Piolo Pascual
5920,SA `YO LAMANG,JOEY ALBERT
5921,Warior Is A Child,Gary Valenciano
5928,ANG IYONG PAG-IBIG,JUDE MICHAEL
5934,AWIT AT PAG-IBIG,AEGIS
5935,AY HAB HAND,MAX SURBAN
5937,BAKIT AKO MAHIHIYA,MAE RIVERA
5938,BAKIT MO INIWAN,MELISSA GIBBS
5939,Baleleng,Max Surban
5941,Baliw,Claire De la Fuente
5942,BASANG-BASA SA ULAN,AEGIS
5946,BUHAY AMERIKA,MIKE HANOPOL
5947,"Bulag, Pipi At Bingi",Freddie Aguilar
5948,BULONG NG DAMDAMIN,Marissa Sanchez
5954,DI KARAPAT-DAPAT,SALBAKUTAH
5955,Di Malimot Ang Iyong Halik,Renz Verano
5956,DI P'WEDE KITANG MAHALIN,GIRL TALK
5961,Habang Atin Ang Gabi,South Border
5963,HESUS,AEGIS
5965,Himala,Rivermaya
5966,Huwag Ka Nang Babalik,Roselle Nava
5969,I Love You Na Lang Sa Tago,AEGIS
5973,INANO NI KUWAN,MAE RIVERA
5975,It Seems Only Yesterday,Sharon Cuneta
5978,KABILUGAN NG BUWAN,APO HIKING SOCIETY
5979,Kahapong Nagdaan,April Boy Regino
5980,Kanto,Siakol
5981,Katarungan,Freddie Aguilar
5982,Lift Up Your Hands,Basil Valdez
5985,MABUTI PA NO'NG BATA,VST & Co.
5986,Magdalena,Freddie Aguilar
5987,Maghihintay Ako,Rica Peralejo
5988,Magnanakaw,Asin
5989,Mahal Mo Ba'y Di Na Ako,Roselle Nava
5990,MAHIRAP MAGMAHAL NG SYOTA NG IBA,JIM PAREDES
5992,MALUPIT NA PAG-IBIG,VICTOR WOOD
5994,MULI AY PATAWARIN,VON ARROYO
5996,MY PLEDGE OF LOVE,JUDY ANN SANTOS
5997,NAKAW NA PAG-IBIG,CLAIRE
5998,NO OTHER LOVE,VICTOR WOOD
5999,PAIKOT-IKOT,RANDY SANTIAGO
6000,Peksman,Siakol
6003,Sa Kuko Ng Agila,FREDDIE AGUILAR
6004,SA MATA MAKIKITA,ROEL CORTEZ
6005,SA PANGARAP,VINA MORALES
6006,SA PUSO KO,OGIE ALCASID
6007,Sana,Kuh Ledesma
6008,Sapagkat Mahal Kita,Larry Miranda
6009,SA 'YO LAMANG,JOEY ALBERT
6013,Sinabmarin,Andrew E.
6015,So Many Questions,Side A
6018,TAKE GOOD CARE OF HER,VICTOR WOOD
6019,TANGING IKAW,MARC VELASCO
6023,JUBILEE SONG,JAIME RIVERA
6024,The Promise,Martin Nievera
6029,TO REACH YOU,REGINE VELASQUEZ
6030,Tunay Na Pag-ibig,April Boys
6033,"Umaaraw, Umuulan",Rivermaya
6034,Wag Mo Na Sanang Isipin,Gary Valenciano
6035,WAG NA INIT ULO BABY,RIVERMAYA
6037,WHERE'S THE GOOD IN GOODBYE,SHARON CUNETA
6038,Whoops Kiri,Fruitcake
6039,Wish,Donna Cruz
6040,WISH I COULD,DINGDONG AVANSADO
6043,You Are The One,Martin Nievera
6054,CORAZ`ON HERIDO,ARIA 8
6066,Gaano Kita Kamahal,Pilita Corales
6095,At Kung Malayo Ka,Melody
6096,Bakit Papa,Sexbomb Girls
6097,Basta't Ikaw,Jeremiah
6098,Before I Let You Go,Freestyle
6101,BULONG NG DAMDAMIN,Marissa Sanchez
6102,Carmela,Del Horrest
6103,Chuva Choo Choo,Jolina Magdangal
6106,CROSS MY HEART,SHARON CUNETA
6107,Crush Kita,Sexbomb Girls
6109,Dahan-Dahan Naman,Diwata
6110,Di Ko Na Mappigilan,Sexbomb Girls
6111,Inday,Juan De La Cruz Band
6114,I Do Love You,Eddie Peregrina
6120,ITANGGI PA,Jackie Cajuca
6122,Kaya Pala,Pops Fernandez
6123,Kupas Na Larawan,Ric Manrique
6127,Magellan (Original version -1972),Yoyoy Villame
6129,Mindanao,Freddie Aguilar
6130,Namumuro Ka Na,Lukas
6131,Nanabik Sa'yo,Sharon Cuneta
6132,Nasaan Ka,Willy Garte
6137,Paano Kaya,Jessa Zaragoza
6138,PAGKAGAT NG DILIM,DIDITH REYES
6139,PAKISABI NA LANG,THE COMPANY
6140,PALAGAY KO MAHAL KITA,AIZA SEGUERRA
6142,Pretty Little Baby,Sexbomb Girls
6143,Project,Juan Dela Cruz
6144,Promise Me,J. Brothers
6145,Sa Aking Pag-iisa,Regine Velasquez
6147,So It's You,Raymond Lauchengco
6148,Take Me Out Of The Dark,Gary Valenciano
6153,Way We Were,Rico Puno
6171,BEEP BEEP,JUAN DELA CRUZ
6212,Iisang Damdamin,Louie Heredia
6213,Ikaw,Freddie Aguilar
6215,Itanong Mo Sa Mga Bata,Asin
6224,Kahapong Nagdaan,April Boy Regino
6225,Kanto,Siakol
6229,Kamusta Ka,Rey Valera
6236,Laguna,Sampaguita
6260,Mamasyal Sa Pilipinas,Juan Dela Cruz
6261,MANIWALA KA,AEGIS
6263,May Kakaibang Kutob,Jason Martines
6276,Muling Nagmahal Ang Puso,Jude Michaels
6304,PAG-IBIG KO SA IYO'Y DI MAGBABAGO,MEN OPPOSE
6305,PAGTAWID,AFTER IMAGE
6306,PANAHON,Juan Dela Cruz
6333,Sikat Na Si Pedro,Phil. Violators
6372,HUWAG NA HUWAG,TAGERINE
6373,Kailan Man (Here I Am),Renz Verano
6374,Lorena,Willy Garte
6375,Nerbyoso,Rivermaya
6376,O Kay Sarap Umibig,Rea Valle
6377,BAKIT,ROCKSTAR 2
6382,It's Over Now,Joey Albert
6400,BAKIT,AEGIS
6411,Friends,Sharon Cuneta
6412,Hanggang Kailan,Michel Ramirez
6413,HERE WE ARE YOU & I,JOSE MARI CHAN
6414,Di Mo Ba Alam,Siakol
6416,HOW COULD YOU LEAVE,REGINE VELASQUEZ
6426,IINGATAN KA,CAROL BANAWA
6427,ILANG TAON AKONG UMASA,RENZ VERANO
6429,JUBILEE SONG,JAIME RIVERA
6431,KAY TAGAL,APRIL BOY REGINO
6438,Mahal Mo Ba'y Di Na Ako,Roselle Nava
6440,May Silangan Pa,Bing Rodrigo
6445,OH BABE,JEREMIAH
6446,OH GILIW KO,ZALDY
6457,You Are The One,Martin Nievera
6458,YOU WERE THERE,Regine  Velasquez
6469,KUMUSTA MGA KAIBIGAN,WENCY CORNEJO
6473,MULI AY PATAWARIN,VON ARROYO
6475,Sa May Bintana,James Coronel
6479,BAKIT KA NAGBAGO,JOEY ALBERT
6482,BAKIT KITA MAHAL,APRIL BOY
6484,Kahapon,Rachel Alejandro
6485,KAHIT DI MO PANSIN,JOLINA MAGDANGAL
6486,KAHIT KAIBIGAN LANG,ANTOINETTE TAUS
6487,KUNDI IKAW,GENEVA CRUZ
6488,KUNG AKO BA SIYA,PIOLO PASCUAL
6489,Kung Ako Na Lang Sana,Bituin Escalante
6490,Kung Ikaw Lang Ako,Imelda Papin
6491,Laging Ikaw Pa Rin,Roselle Nava
6492,Mayro'n Sa Yo'y Nagmamahal,Kuh Ledesma
6493,Pakiusap,Donna Cruz
6494,PALIGAW-LIGAW TINGIN,ASHLEY IMLER
6495,PARANG ULAP,WADAB
6496,Patawarin Mo,Rockstar 2
6497,SA ATIN LANG,ANGELIKA
6498,SA PUSO KO,RACHELLE ALEJANDRO
6499,SUKO NA ANG PUSO KO,POPS FERNANDEZ
6500,Sayang Na Sayang,Aegis
6502,Special Girl,J. Brothers
6503,STUPID KA RIN,SEX BOMB GIRLS
6504,Sana Bukas Mahal Mo Na Ako,OGIE ALCASID
6505,Tinig Ko'y Pakinggan mo,Idan Cortez
6506,Utos Ng Puso,Justine Draper
6516,Sana,Ogie Alcasid
6518,TULOG NA BABY,SEX BOMB GIRLS
6522,Kailangan Kita,Piolo Pascual
6527,AKO'Y AKO,ERMA DELA CRUZ
6531,Ang Iibigin Ay Ikaw,Lani Misalucha
6532,"ANO KA, HILO?",GEE GIRLS
6535,BABALIK-BALIKAN,HAJJI & RACHEL ALEJANDRO
6538,Boracay Baby,Carlos Agassi
6553,DALAWA KAMING API,Imelda Papin
6555,Dedma,True Faith
6563,HANGGANG NGAYON IKAW,OGIE ALCASID
6564,HARANA,Regine Velasquez
6565,Hinahanap-Hanap Kita,Regine Velasquez
6566,Hindi Magbabago,Randy Santiago
6582,Kahit Na,ZsaZsa Padilla
6583,KAILANPAMAN,Kevin Roy
6584,Kaligayahan Natin,Regine Velasquez
6591,Masculados,Masculados
6601,Nothing Can Compare,Neil Solter
6604,Pangarap Ko Ang Ibigin Ka,Regine Velasquez
6605,Pangarap Na Bituin,Faith Cuneta
6606,PANUNUMPA,CAROL BANAWA
6609,Pinakamamahal,Louie Heredia
6611,Sa Aking Pag-iisa,Regine Velasquez
6612,SA ATIN LANG,ANGELIKA
6613,Sabi Na Nga Ba,Tootsie Guevarra
6614,Sana,Ogie Alcasid
6620,Spageti Song,Sexbomb Girls
6621,Special Girl,J. Brothers
6622,Tayong Dalawa,Regine Velasquez
6630,This Guy's In Love With You Pare,Parokya Ni Edgar
6632,Till There Was You,Piolo Pascual
6633,Tinig Ko'y Pakinggan Mo,Idan Cortez
6638,USAPAN,AEGIS
6639,UTOS NG PUSO,JUSTINE DRAPER
6642,WALANG HANGGAN,ELLA MAY SAISON
6645,WHAT'S ON THE OTHER,MARTIN NIEVERA
6650,Where Love Has Gone,Isay Alvarez
6659,Dahil Tunay Ang Pangako,Nitoy M.
6662,Hawakan Mong Mabuti,Masculados
6666,KAHIT SINO(LABAN O BAWI),SEXBOMB GIRLS
6667,Kiss Sabay Hug,Sexbomb Girls
6668,Libreng-Libre,Masculados
6672,Magmahalan Na,Dyna Souls
6673,Magsaya Ng Magsaya,Rainbows
6674,Mahal Kita Kahit Kailan,Junior
6677,Pakinggan Mo,Sarah Geronimo
6680,BATIBOT,ALAMID
6681,Sa'Yo Pa Rin,Alex M.
6683,Sana Ay Nandito Ka,Regine Velasquez
6686,Spageti,Sexbomb Girls
6699,Usok,Aegis
6700,Mahal Na Mahal Kita,Aegis
6701,Pakisabi Na Lang,Aiza Seguerra
6702,Hanggang Ngayon,Kyla
6704,LAKAS TAMA,SIAKOL
6705,Namumuro Ka Na,Lukas
6706,Sana'y Sabihin Mo,Vina Morales
6709,MASAKIT,HANNAH VILLAME
6710,PALAGAY KO MAHAL KITA,AIZA SEGUERRA
6711,Buloy,Parokya ni Edgar
6713,Basta't Ikaw,Jeremiah
6717,Without You,After Image
6719,Ang Peyk Peyk Mo,Joey De Leon
6720,ANG SARAP-SARAP NG..,MARICEL
6721,Ano Ang Babaguhin Ko...,Siakol
6722,Ano Bang Meron Siya Na..,Eva Eugenio
6723,Araw Ng Pasko,Fruit Cake
6724,ARAW-ARAW,BOYFRIENDS
6725,Aso,Siakol
6726,Awit Para Sa'yo,Jeremiah
6727,"Ayan Na, Sige Pa",Marissa Sanchez
6728,AYOKO NA SA YO,SIAKOL
6729,Ayoko Ng Isipin Pa,J. Brothers
6730,Bagong Taon Na Naman,Siakol
6731,BAKIT AKO MAHIHIYA,MAE RIVERA
6732,Bakit Di Mo Sinabi,Teresa
6733,Bring Me Down,Rico Blanco
6735,Careless Whisper,Sharon Cuneta
6736,Changes In My Life,Mark Sherman
6738,Crazy Tagalog,Renz Verano
6739,Di Mo Ba Alam,SIAKOL
6740,Di Na Muling Iiwan,Maricel
6741,Diyan Sa Buhay Mo,Siakol
6742,Don't Forget Me,Marissa Sanchez
6743,Don't Say Goodbye,Eddie Peregrina
6744,Fax Machine,Marissa Sanchez
6747,Gising Na,Parokya Ni Edgar
6748,Give Me A Sign,Eddie Peregrina
6749,Gulong Ng Palad,Eva Eugenio
6752,Magbago Ka,Sampaguita
6753,Magbati Na Tayo,Marissa Sanchez
6754,Mahal Na Mahal Kita,Ransa C.
6755,Meet Me Halfway,Jessa Zaragoza
6757,Pakyut,Joey De Leon
6758,Pangako Ko,Ogie Alcasid
6762,Ito And Trip,Parokya Ni Edgar
6763,Tunay Na Tunay,Tootsie Guevarra
6766,Upakan,Tito Vic & Joey
6768,Wagas,Maricel
6771,Ako Ba O Siya?,Hannah Villame
6772,Ala-ala Ay Ikaw,Eddie Peregrina
6773,Alaala,Freddie Aguilar
6774,Alab,Hannah Villame
6775,Alam Mo Ba,Marissa Sanchez
6776,Anak Ng Kuwan,Joey De Leon
6777,Ayoko Ng Maligo,Joey De Leon
6778,Babae Ako,Eva Eugenio
6779,Baby Ang Ganda Mo,Rico Puno
6780,Baby I Love You,J Brothers
6781,Bakas Ng Lumipas,Eddie Peregrina
6782,Basta't-Basta,True Faith
6783,Baunin Mo Ang Pag-ibig Ko,J.  Brothers
6784,Bayan,Freddie Aguilar
6785,Beh Buti Nga,Parokya Ni Edgar
6786,Bongga Ka 'Day,Ogie Alcasid
6787,Dahan-Dahanin Mo,Marissa Sanchez
6788,Di Ba't Ako'y Tao Rin,RIC MANRIQUE
6789,Estudyante Blues,Sampaguita
6793,Fairshare,Ogie Alcasid
6794,Habang Buhay Kitang Mamahalin,Manilyn Reynes
6796,In My Life Medley,Aiza Seguerra
6797,Mga Babong,"Tito, Vic & Joey"
6798,PALAGAY KO MAHAL KITA,AIZA SEGUERRA
6802,To Love Again,Sharon Cuneta
6804,You and I(Together Forever),Rico J. Puno
6805,Aangkin Sa Puso Ko,Vina Morales
6806,Sabik Na Sabik,Gee Girls
6807,WALANG KAPALIT,Piolo Pascual
6810,CROSS MY HEART,SHARON CUNETA
6811,Sa Isip Ko,Agot Isidro
6812,Nanabik Sa'yo,Sharon Cuneta
6813,PAGKAGAT NG DILIM,DIDITH REYES
6814,SORRY NA,PAROKYA NI EDGAR
6815,COOL KA LANG,PRETTIER THAN PINK
6816,DAHIL SA PAG-IBIG,DIDITH REYES
6817,DI KO KAYA,TEENHEARTS
6819,IKAW,SHARON CUNETA
6820,KUNG SINO PANG..,MANILYN REYNES
6821,Next In Line,After Image
6822,PANGARAP KA,GENEVA CRUZ
6823,Sa Kanya,Ogie Alcasid
6826,Kahit Isang Saglit,Martin Nievera
6827,Kung Mawawala Ka,Ogie Alcasid
6829,Paano Kita Malilimot,Ric Manrique
6830,Sa Sulyap Mo,Ric Manrique
6831,Kaligayahan Na Pansamantala,Eva Eugenio
6832,Saan Ka Man Naroroon,Ric Manrique
6833,Sana'y Malaman Mo,Rica Peralejo
6834,SA DIYOS LAMANG,SAMPAGUITA
6835,Lagim,Siakol
6836,Sya Ba Ang Dahilan,Jessa Zaragosa
6837,SANA BUKAS MAHAL MO,OGIE ALCASID
6838,What Am I Living For,Eddie Peregrina
6844,Hindi Na Bale,Jessa Zaragoza
6845,Kung Ako Ba Siya,Piolo Pascual
6846,Laguna,Sampaguita
6847,Sabi Na Nga Ba,Tootsie Guevarra
6849,Sana'y Dumating Ka Na,Vina Morales
6850,Mr. Suave,Parokya Ni Edgar
6853,Patawarin Mo,Rockstar 2
6854,Huwag Ka Lang Mawawala,Ogie Alcasid
6857,Tinig Ko'y Pakinggan Mo,Idan Cortez
6864,Hanggang,Wency Cornejo
6867,IKAW LANG PALA (QING FEI TE YI),MICHAEL JOHN
6872,Lagot Ka,Masculados
6873,Laguna,Sampaguita
6882,"One Body, One Soul",Ella Mae Saison
6883,Paki Sabi Lang,Ivy Violan
6884,Peksman,Siakol
6891,So Many Questions,Side A
6894,Tanging Yaman,Carol Banawa
6901,Binilanggo Sa,Del Horest
6915,AKO AY IKAW RIN,NONOY ZUNIGA
6916,Ako'y Maghihintay,M.Bautista and S.Geronimo
6917,ALAY SA'YO,VIC J
6920,Love Is For Singing,Apo Hiking Society
6922,Dahil Minamahal Kita,Scyld
6924,DAPAT MALAMAN MO,RICA PERALEJO
6927,KAHIT NA PANGIT KA,DJ ALVARO
6928,BAKIT DI KITA MALIMOT,CENON LAGMAN
6937,Hulog Ka Ng Langit,Lianne Loren
6938,Ikaw Ang Ligaya Ko,Ric Manrique
6941,Jealous,Nina
6942,Kanlungan,Noel Cabangon
6943,Katarungan,Imelda Papin
6944,Pakiusap,Donna
6946,Let Me Be The One,Jimmy Bondoc
6948,Magpakailanman,Wency Cornejo
6951,Lovin' You,Nina
6953,Papa Ka Ba,DJ Alvaro
6955,Tila,Lani Misalucha
6956,Sooper Baby Luv,Sooper Babes
6957,Dukha,Aegis
6958,I Wanna Play Bey Blade,Sooper Babes
6959,Johnny Angel,Sooper Babes
6960,Bayan,Freddie Aguilar
6961,"ANO KA, HILO?",GEE GIRLS
6966,DADALHIN,REGINE VELASQUEZ
6967,DI KARAPATDAPAT,SALBAKUTAH
6968,DI KO KAYANG TANGGAPIN,APRIL BOY REGINO
6972,April Boy Medley,April Boy
6975,Farewell,Raymond Lauchengco
6976,Forever Blue,Cacai Velasquez
6979,Giliw,Regine Velasquez
6983,Bakit Ngayon Ka Lang,Freestyle feat. Pops Fernandez
6984,Make Me A Love Song,L.A.Lopez
6988,Pasko Sa Puso Ko,Jeremiah
6991,Rey Valera Medley,Rey Valera
6994,Booba,Ruffa Mae Quinto
6996,Buy 1 Take 1,Grin Department
7000,Otso-Otso,Bayani Agbayani
7003,Minahal Kita,Aegis
7006,Nakapagtataka,Jim Paredes
7008,Sayang Na Sayang,Aegis
7010,Sinta,Aegis
7011,Softly,Apo Hiking Society
7016,Tao(Unplugged),Aegis
7017,TAYO'Y MGA PINOY,AEGIS
7019,Till There Was You(Unplugged),Piolo Pascual
7022,When I Met You,Apo Hiking Society
7024,Almusal,Heber Bartolome
7026,Where He Leads Me,Jamie Rivera
7035,Alone Again Naturally,Alex M.
7050,ASIN MEDLEY,ASIN
7052,Pasko Ang Araw Ng Pag-ibig,Siakol
7062,Araw Ng Pasko,Fruit Cake
7065,Maligayang Pasko,Siakol
7067,Ang Hanap Ko Ay Yong Pag-ibig,Michelle Ayala
7069,Annie Batungbakal,Hotdog
7070,Can't Help Fallin(Tagalog),Josh Santana
7071,COFFE CUP,PAOLO SANTOS
7072,Cutie Cute Cute,Mahal And Mura
7073,Forever Is Not Enough,Sarah Geronimo
7074,HANGGANG NGAYON,MARTIN NIEVERA
7076,Kun'di Rin Lang Ikaw,True Faith
7077,LUMANG TUGTUGIN,APO HIKING SOCIETY
7079,Ang Bawat Gawin Ko,Dyna
7081,MAPANSIN,PAOLO SANTOS
7083,Misss Kita Kung Christmas,Sahron Cuneta
7084,Moonlight Over Paris,Paolo Santos
7085,MRS. 2000,HAV IT
7089,Saan Ka Na Kaya Ngayon,Anna Feigi
7090,Ang Langit Ko'y Ikaw,C.  De Guzman
7091,Super Papa,Ai Ai De Las Alas
7093,Syotang Pa-Class,Apo Hiking Society
7103,Choose To Forgive,Nonoy Zuniga
7104,Close,Paolo Santos
7105,Disco Fever,Vic Sotto
7106,Gaya Ng Dati,Gary Valenciano
7108,Hindi Ko Akalain,Vic Sotto
7109,Huwag Limutin,Keynotes Chorale
7110,Ang Tangi Kong Pag-ibig,Fernando Poe Jr.
7112,Ako Na Lang Ang Lalayo,Chino Roces
7113,Isang Harana,JIL
7114,Kung Gusto Mo Gusto Ko Pa,APO
7117,I Need You Back,R.  Lauchenco
7120,Ang Tao'y Marupok,Rico J. Puno
7121,In Your Hands,M. SISON
7123,IKAW LANG,SMOKEY MOUNTAIN
7125,Ratratin,Masculados
7126,Sa Kandungan Mo,Carol Banawa
7127,Sa Tamang Panahon,Rommel G.
7128,Sana Bukas Mahal Mo,Ogie Alcasid
7129,Sana Do,Andrew E.
7130,Sana Ikaw,Piolo Pascual
7131,Sana Mama,Masculados
7135,Anna,Apo Hiking Society
7137,Tayo'y Magsayawan,VST & Co.
7138,Tunay,Miles
7139,Uhhya Uhhya,Masculados
7140,Venus,Sexbomb Girls
7141,Walang Sigla,Ella
7145,Anyone Can See,Ogie Alcasid
7151,At Kung Malayo Ka,Melody
7153,AWIT NG BARKADA,APO HIKING SOCIETY
7154,Awit Ng Pagsamba,Papuri Singers
7155,Awit Para Sa 'Yo,Jamie Rivera
7156,Awitin Mo At Isasayaw Ko,VST & Company
7157,Ayoko Na Sana,Ariel Rivera
7158,Babae,Hagibis
7159,Babaeng Holdaper,Porkchop
7167,Bakit Babae,Apo Hiking Society
7168,Bakit(Acoustic),Aegis
7169,Bakit(2),Aegis
7172,BASANG-BASA SA ULAN,AEGIS
7175,Beh Buti Nga,Hotdog
7183,Blue Jeans,Apo Hiking Society
7184,Bongga Ka Day,Hotdog
7185,Bonggahan,Sampaguita
7190,Broken And Spilled Out,Gary Valenciano
7192,BUGHAW NA BUHANGIN,RIC MANRIQUE
7197,Butsikik,Yoyoy Villame
7198,Buttercup,Chico Chikas
7199,By Your Side,Lovely M.
7203,Don't Worry Be Happy,Robert Mcferrin
7204,Ewan,Apo Hiking
7205,Forever Is Not Enough,Sarah Geronimo
7207,HALIK,AEGIS
7212,Ibigin Mo Mahal,Sessionist
7213,Kahit Anong Oras,Ricky Garcia
7214,Kahit Na,DJ Alvaro
7215,Kumot At Unan,APO Hiking Society
7216,Luha,Aegis
7218,May Bukas Pa,Aegis
7220,All My Love,VICTOR WOOD
7221,Ako'y Isang Pinoy,Chico Chikas
7222,Ala-ala'y Nagbabalik,Henna V.
7223,Alien,Brod Pete.
7233,Magnanakaw,Asin
7234,Macho Papa,Masculados
7235,Maybe,King
7236,Ang Buhay Ko,Aegis
7237,Bulaklak,Viva Hot Babes
7238,Kahit Kaibigan Lang,April Boy
7241,Kung Ok Lang Sayo,True Faith
7242,KUNIN MO NANG LAHAT,FOURMULA
7243,LAGING TAPAT,JOLINA MAGDANGAL
7244,MAHAL KA SA AKIN,TOOTSIE GUEVARRA
7246,NANG MAKAPILING KA,JESSA ZARAGOSA
7249,Paano Ang Puso Ko,April Boy
7250,Pagmamahal,Miles
7251,PASUMPA-SUMPA KA PA,ALYNNA
7257,Salamat Sa Iyo,April Boy Regino
7268,Bigong Pag-ibig,Renz Verano
7269,Basang-Basa Sa Ulan,Aegis
7270,BAKIT DI TOTOHANIN,CAROL BANAWA
7272,Di Ko Kayang Tanggapin,April Boy Regino
7273,Alam Mo Ba,ARA MINA
7274,Bakit Ka Di Naging Tapat,Mystica
7275,BAKIT KA IIYAK?,JEREMIAH
7276,BANYO QUEEN,ANDREW E.
7278,Diyos Lamang..,Cely Bautista
7279,Esperanza,April Boy Regino
7280,Halik,Aegis
7282,I CAN,DONNA MIKEE REGINE
7283,If,Nelson Del Castillo
7284,Kahit Na,Ogie Alcasid
7285,Kaliwete,Eraser Heads
7287,Kanino Ba,Carol Banawa
7317,O Kay Sarap Umibig,Rea Valle
7318,Ang Umaayaw Ay Di Nagwawagi,Freddie Aguilar
7321,Nerbyoso,Rivermaya
7326,CARWASH,Andrew E.
7327,Ewan,Apo Hiking
7330,Bakit Ako Mahihiya,Mae Rivera
7331,BAKIT MO INIWAN,MELISSA GIBBS
7335,Lorena,Willy Garte
7336,It's Raining In My Heart,Lee Towers
7338,Makulit,DJ Alvaro
7341,One,Heart Evangelista
7343,Oops Aay,Viva Hotbabes
7346,Rock Baby rock,VST & Co.
7347,Singkit,DJ Alvaro
7348,You Are My God,Carol Banawa
7351,2nd Floor,Nina
7354,Tatlong Araw,Parokya Ni Edgar
7355,Aangkin Sa Puso Ko,Vina Morales
7356,Absorbing Man,Parokya Ni Edgar
7359,Ayoko Na Sa'yo,Mahal At Mura
7366,Chikinini,Parokya Ni Edgar
7371,Hot Babes,Viva HotBabes
7377,Bakit Pa Ba,Jay-R
7380,DESIGN FOR LOVE,JAY R
7385,I GOT A GIRLFRIEND,JAY R.
7387,Sana Magbuhat ng Una,Jessa Zaragosa
7391,Keep On Loving You WO NAN GO,Renz Verano
7392,Just A Smile Away,Luke Mijares
7396,Hawakan Mong Mabuti,Masculados
7397,Di Mo Ba Alam,Siakol
7398,Cold Summer Nights,Arnee Hidalgo
7400,Ayoko Na Sa'yo,Mahal At Mura
7401,BATIBOT,ALAMID
7402,Alabang Girls,Andrew E.
7403,Andrew ford Medina,Andrew E.
7404,As We Dance,Paolo Santos
7405,Mahirap Ang Maging Pogi,Andrew E.
7406,Maniwala Ka Sana,Parokya Ni Edgar
7408,Sa Iyo,Sarah Geronimo
7410,Sorry Na Lang,Aubrey Miles
7411,The Yes Yes Show,Parokya Ni Edgar
7412,Pinakamamahal,Aiza Seguerra
7413,Power Of Two,Aiza Seguerra
7415,Alam Kong Di Ako Ok Lang,Bayani Agbayani
7416,Because Of You,Paolo Santos
7417,Dati Pa,Aiza Seguerra
7418,Di Ko Na Kaya,CARMELA CUNETA
7419,Hiram,Zsa Zsa Padilla
7420,Ikaw,Carmela Cuneta
7421,Kahit Na Mayroon,Raine
7422,Kung Kailan Wala Ka Na,Jolina Magdangal
7423,Maghihintay Sa Iyo,Carmela Cuneta
7424,Paglisan,Color It Red
7425,Pito-Pito,Willie Revillame
7426,Umiibig Na,Ann Jomeo
7428,Alam Kong Ako'y Mahal Mo,Bayani Agbayani
7431,Bukas Sana,Regine Velasquez
7432,Dati Pa,Aiza Seguerra
7433,Di ko na kaya,Carmela Cuneta
7434,Ikaw,Carmela Cuneta
7437,The Memory Of Him,Denise Laurel
7438,Narito Ang Puso Ko,Sarah Geronimo
7439,Sa Iyo,Sarah Geronimo
7440,Susubukan Kong Muli,Jessa Zaragosa
7441,Wag Ka Nang Lalayo,Aiza Seguerra
7443,ANG GUSTO NAMIN,SEXBOMB GIRLS
7444,Baby Ang Sarap,Sexbomb Girls
7445,Bakit Di Mo Na Kaya,Divo
7446,Bakit Ka Lumayo,OGIE ALCASID
7448,Di Pwede Yan,Sexbomb Girls
7455,KAHIT NA PANGIT KA,DJ ALVARO
7456,Kung Ako'y Magkakajowa,Sexbomb Girls
7457,Loveless,Sexbomb
7459,Nasaan Ka Na,Nyoy Volante
7464,THE SONG OF MY SOUL,CAROL BANAWA
7472,Pamela Wan,Vhong Navarro
7480,Bulag Na Pag-ibig,Sheila Marie
7487,Chivachocho,Jolina Magdangal
7492,FOR THE REST OF MY LIFE,LOUIE HEREDIA
7495,GUHIT NG PALAD,IMELDA PAPIN
7496,HAWAK MO ANG PANAHON,BASIL VALDEZ
7498,I Don't Wanna Lose Your Love,Rodel Nava
7507,KUNG AKO'Y IIBIG MULI,ANNA DIZON
7510,MAHAL GINAGABI KA NA NAMAN,GERALDINE
7511,MAHAL SAAN KA NANGGALING KAGABI,IMELDA PAPIN
7512,MAISIP MO LANG AKO,VON ARROYO
7513,MINSAN-MINSAN,CLAIRE
7517,ONLY I,DIANNE DELA FUENTE
7518,Pamela Wan,Vhong Navarro
7529,"UMAARAW, UMUULAN",RIVERMAYA
7531,Kayo Na Pala,Ogie Alcasid
7532,Malaya Ka Na,Lani Misalucha
7533,UBOS NA ANG PASENSYA,OGIE N' SALBAKUTAH
7540,A Love Affair To Remember,Lea Navarro
7542,Aanhin Pa Ang Pag-ibig,Kathleen
7546,A Poor Man's Roses,Victor Wood
7551,Better Man,Ogie Alcasid
7553,Adlaw Ug Gabi,Pilita Corales
7558,Ako Ay Sa'yo Lang,Weird
7560,Alab ng Puso,Rivermaya
7561,Alabang Girls,Andrew E.
7562,Ako nga ba ito,Imelda Papin
7564,Pamela Wan,Vhong Navarro
7565,44 k softly,Apo Hiking Society
7574,Loveless,Sexbomb
7575,Macho Gwapito,Rico J.Puno
7576,Madelyn,April Boy
7577,Magnifica,VST & CO.
7578,Magpakailan Pa Man,J.Brothers
7579,"Malayo Man, Malapit Din Ako",Bayang Barrios
7580,Nadevelop,Tin Arnaldo
7581,Pakita Mo,VST & Co.
7582,Pretend That I Don't Love You,Cookie Chua
7583,Pwede Ba Malaman Mo,Lito Camo
7584,Pwede Ba,VST And Co.
7585,Salawikain,Apo Hiking Society
7588,Sorry Na Lang,Aubrey Miles
7589,SWING IT BABY,VST & CO.
7590,What Do I Do,Nyoy Volante
7591,When You Smile,Arnee Hidalgo
7593,You're My You,Nyoy Volante
7595,Kung Ibibigay Sa Yo,Nina
7596,Bring Me Down,Rivermaya
7598,Chocolatte,Parokya Ni Edgar
7600,Hindi Ko Akalain,VST & CO.
7601,Di Pwede Yan,Sexbomb Girls
7602,I'm Going To Heaven,Nina
7603,Hawakan Mong Mabuti,Masculados
7604,Huwag Masanay Sa Pagmamahal,Apo Hiking Society
7605,Ikaw Lamang Ang Buhay Ko,Ogie Alcasid
7606,Just Smile Away,Luke Mijares
7607,Kahit Sino,Sexbomb Girls
7608,KAIBIGAN KASAMA MO AKO,APO HIKING SOCIETY
7609,Ikaw Lamang Mahal,April Boy Regino
7610,Ikaw Parin Pala,Ogie Alcasid
7611,Kayo Na Pala,Ogie Alcasid
7612,Kiss Sabay Hug,Sexbomb Girls
7613,Kiss Kiss,VST & CO.
7614,Kumot At Unan,APO Hiking Society
7615,Bakit Sayo Pa,Roel Cortez
7616,Iba Ka Sa Lahat,Roel Cortez
7617,Iniibig Kita,Roel Cortez
7618,I Will Be There,Kyla
7619,KAPAG PUSO ANG..,IMELDA PAPIN
7620,Alay Ko Sa'yo,Carmela Cuneta
7621,Bahala Na,Jolina Magdangal
7624,Canton,Joey De Leon
7627,ENDLESS LOVE 1 THEME,LARA MORENA
7628,Paepek Epek,Joey De Leon
7631,Maghihintay Ako,Carmela Cuneta
7632,Muling Mahiram,Anton Diva
7634,Kahit Mahirap Lang,April Boys
7635,Kahit Na Mayroon,Raine
7637,Kung Kailan Wala Ka Na,Jolina Magdangal
7638,Last Love Song,Heart Evangelista
7639,Madalas Kung Minsan,Aiza Seguerra
7640,Narito Lang Ako,Vina Morales
7641,SA YONG PAGLISAN,ELAINE LEE
7642,Pamela Wan,Vhong Navarro
7643,Papromise Promise,April Boys
7645,Umiibig Na,Ann Jomeo
7646,Huwag Ka Nang Umiyak,True Faith
7648,I Wanna Play Bey Blade,Sooper Babes
7649,Di Madadala Sa Langit,April Boy Regino
7651,DJ Ng Aking Radyo,April Boy Regino
7654,KAILAN KA DARATING,WENCY CORNEJO
7655,Kailan Kita Mamahalin,Anna Feigi
7656,Maibabalik Ko Ba,Josh Santana
7657,Maybe,Neocolors
7658,KAILANGAN I-MEMORIZE,SOOPER BABES
7659,Picha Pie,Parokya Ni Edgar
7660,Pito-Pito,Willie Revillame
7663,Sabi Ng Kanta,Aiza
7665,"Stop, Think",Aliya Parcs
7670,Bye Bye Na,Rico Blanco
7671,Galaw-Galaw,Marc Logan
7672,Kiss Sabay Hug,Sexbomb Girls
7673,Beinte Beinte,Gee Girls
7675,Malaya Ka Na,Lani Misalucha
7676,Kung Wala Ka Na,Jaya
7677,Balisong,Rivermaya
7682,Ba't Di Mo Pagbigyan,King
7689,KAILAN KA DARATING,WENCY CORNEJO
7690,KAILAN KITA MAMAHALIN,ANNA FEGI
7694,You've Made Me Stronger,Regine Velasquez
7696,Tatakbo Ako,Ate Glow
7697,Stay,Carol Banawa
7700,Jumbo Hotdog,Masculados
7703,Bumper To Bumper,Love Anover
7704,Noypi,Bamboo
7705,Come On In Out Of The Rain,Sheryn Regis
7706,Sasakyan Kita,K & The Boxers
7707,Rainbow,South Border
7709,Ako Ay Para Sa Iyo,Edwin Roces
7710,My Labs,Lovely
7713,Alipinin Mo Ako,Crisel Perez
7715,My Little Clown,Barbie
7716,Ako'y Sayong Sayo,Himig
7717,Ang Saya Ng Puso,Maylo Mulach
7718,Ayoko Na Kitang Makita,Penoy
7719,Ayoko Ng Mag-isa,Jose Manuel
7720,Bakit Inibig Pa Kita,Jay Pok
7721,Alam Kong Alam Mo,A. Flores
7722,Bakit Ngayon Ay Iniwan,Julia R.
7723,Bakit Nilisan,Jay Pok
7725,Batuta,Roger Dames
7726,Bente Bente,Badinggar-Z
7728,Hanggang Sa Huli,MAnnie Mesina
7729,Hataw Mare,Japok Band
7731,Walang Biro Yan,Patti S.
7732,Sa Buhay Ko'y Ikaw Lang,Eric Cui
7733,Lahat Sa Aking Nobya,Jerovi-Bo Aguasin
7735,Langit Sa Lupa,Egay Monsalvo
7736,Lihim Kang Mahal,Nikki Valdez
7737,Nagiisa,Rannie Raymundo
7738,Nakakabaliw Ka Babe,L. Lopes
7739,Nandito Lang Sa Tabi,Roman F.
7740,NAng Iwan Mo,Piolo
7741,Noo'y Pasko Rin,Roselle Nava
7742,Paalam Sinta,Nikki Vargas
7743,Paano Makakasiguro,Lovely Mesina
7744,Paano na Ba,Roxy
7745,Padjakero,Jojit Pelaez
7746,Pag Nag-iisa,Philip Kolin
7747,Pangako Ko'y Di Kukupas,Bing Rodrigo
7748,Para Lang Sa 'Yo,Edmon Tumana
7749,Parang Boomerang,Blazing Star
7750,Patawad Baby,Ariel Rivera
7751,Sa Paskong Ito,Ariel Rivera
7752,Sa Tuwina,Sheila Mae
7753,Saan Na Nga Ba,Devine
7754,Sabihin Man Nilang Baliw Ako,Laarni Mendoza
7755,Sagutin Mo Na Ko,Willie Revillame
7756,Tita Nanay,Virgie Miranda
7757,Todo Na Ito,Edmon Lina
7758,Limang Dipang Tao,Barbie's Cradle
7759,6 Feet,Anton Diva
7761,Akala Mo Cute Ka,Joey De Leon
7764,Bakit,Michael V.
7765,Baliw Ako Sa Iyo,Sheila Mae
7766,Bati Na Tayo,Agaw Agimat
7767,Brickin',Paolo Santos
7768,Could Be Wrong,M.Y.M.P.
7769,Crush Mo Ko Noh,M.Y.M.P.
7771,Halika Baby,Lovely Mesina
7772,Hanggang Sa Kailan Man,Martin Nieverra
7773,Hey Pansinin Mo,Segundo Matias
7775,Huwag Kang Lalayo,Aiza Seguerra
7776,Iibigin Kita,J. Advincula
7777,I'm Sorry,Bituin Escalante
7780,Sakaling Mahalin Mo,Rannie Raymundo
7781,Kung Ako Ay Mag-Aasawa,Miles
7782,Sana Magbalik,Mannie Mesina
7783,Kung Papipiliin,S. Geronimo
7784,Liar,Sandara P.
7786,Madalas Kung Minsan,Aiza Seguerra
7787,May Iba Pa,Aiza Seguerra
7790,Pag-Ibig Mo Pala,Aiza Seguerra
7791,Palaging Luhaan,Mariel
7792,Pink Palaka,Andrew E.
7793,Simpleng Tao,Gloc 9
7794,Aking Susundin,Leny Prieto
7797,Ingat Ka,Claudine Barreto
7808,Baw Waw,Joey De Leon
7810,Tanggap Ko,Nyoy Volante
7811,Pusong Nalulungkot,Sagisag
7812,DI KO KAYA,ERIC SANTOS
7813,"Hanggang Saan, Hanggang Kailan",Ogie Alcasid
7815,Ako'y Sa 'Yo Lamang,Piolo Pascual
7816,Alaala,True Faith
7817,Alipin Ako,Mari V. Saturno
7819,Ambi Dextrose,Eraserheads
7820,Anong Dali Sabihin,Ladine Roxas
7823,As We Dance,Paolo Santos
7824,Atras Abante,Bayani Agbayani
7825,Bakal Na Rehas,No Bail Band
7826,Bakit Iniwan Na,Freestyle
7827,Baliw,Mark Bautista
7828,Beep Beep Beep,Willie Revillame
7829,Beside You,Akafellas
7831,Burn+B6052:C6111 Out,Sugar Free
7832,Choto Matte Kudesai,Sex Bomb
7833,Chuwariwap,Gee Girls
7837,THIS IS THE MOMENT,ERIK SANTOS
7838,Eto Na,Paolo Santos
7840,Fallin',Danica Sotto
7841,Fall On Me,Moonstar 88
7843,Fool,Paolo Santos
7844,The Greatest Love Affair,Martin Nievera
7847,I'm Sorry,Moonstar 88
7851,Nais Ko,Side A
7856,Tango Boogie Chahca,Ate Glow
7858,TILL I FOUND YOU,FREESTYLE
7859,Tinitiis Ko,Noel Cabangon
7861,The Way You Look At Me,Christian Bautista
7863,Ako'y Maghihintay,Sarah And Mark
7864,BABAE PO AKO,TUESDAY
7865,Biglaan,6cycle Mind
7868,Daisy Siete,Sexbomb Girls
7872,A Girl Can Dream,Nina
7873,Halukay Ube,Sexbomb Girls
7874,Human Nature,Kyla
7875,Ibulong Sa Hangin,Sarah Geronimo
7877,Kailan Kaya,Sheryn Regis
7878,Kailan Pa Ma'y Ikaw,Christian Bautista
7879,Kikay,Viva Hotbabes
7880,Kung Mahal Mo Sya,Jay-R
7881,A Little Bit,M.Y.M.P.
7882,Make You Mine,Nina
7883,Selosa,Andrea
7884,Miracle,Christian Bautista
7885,Mr. Clay,Bamboo
7886,Nasaan Ka Na,Nyoy Volante
7889,Pagbigyan Muli,Erik Santos
7891,Paulit-ulit,Danica Sotto
7893,Sa Piling Mo,Regine Velasquez
7894,Sa Puso Ko,Vina Morales
7897,Sunod Sa Galaw,Jaboom Twins
7900,What If,Nina
7901,Hands To Heaven,Christian Bautista
7902,Answer The Phone,Chona Pada
7903,Tanging Ina Nyo,Ai Ai delas Alas
7911,Di Ko Na Makaya,FRED LIMOS
7925,Hanep Sexy,Joey De Leon
7927,Hopeless Romantic,The Company
7929,Ikaw Lamang Para Sa'kin,Janet
7930,I'm Sorry,Bituin Escalante
7932,Kaibigang Tunay,R.  Reynoso
7933,Kakapraning,Kenji
7934,KUNG PAPIPILIIN,SARAH GERONIMO
7941,Nag-iisa,Laarni Cuevas
7943,Sa Aking Panaginip,Agatha
7955,Your My You,Nyor Volante
7956,Batibot,Alamid
7958,DON'T GIVE UP ON US,ZSA ZSA PADILLA
7990,Kaibigan,Chiqui Pineda
7992,Kay Ganda Ng Ating Musika,Hajji Alejandro
7997,Around You,Tribe Of Levi
7998,TOTOY BIBO,VHONG NAVARRO
8000,Renz Verano Medley,Renz Verano
8003,Kahit Sandali,Jennylin Mercado
8005,DONT CRY OUT LOUD,RACHEL ANN GO
8007,Si Misis,Bayani Agbayanio
8008,MAYBE,SHERYN REGIS
8009,Totoy Bibo,Vhong Navarro
8010,Nakaka,Masculados
8011,Tong Song,Sexbomb Girls
8012,Itsumo,Dice & K9
8013,Now That I Have You,Sheryn And Mark
8014,In Or Out,Sandara Park
8015,Ikaw Nga,South Border
8017,Nakapagtataka,Vingo & Jimmy
8018,How Can I Forget You,Nexxus
8021,Iswing Mo Ako,VST & Co
8023,PAST CHRISTMAS,NELSON DEL CASTILLO
8024,O PAG-IBIG,VHONG NAVARRO
8029,I Think I'm In Love,Piolo Pascual
8030,Nakaraang Pasko,Ariel Rivera
8034,Kailan,Smokey Mountain
8035,Kapuso,7th Coral Group
8039,Mr. Dream Boy,Sheryl Cruz
8040,Overjoyed,Sharon Cuneta
8041,Trip Mo Ba,J. Santana
8043,Cinderella Medley,Cinderella
8046,Hinahanap Ng Puso,Gloc 9
8047,Pagbabalik,Aegis
8048,How Did You Know,Gary V.
8049,"Crispy Na, Creamy Pa",Andrew E.
8050,Natutulog Ba Ang Diyos,Gary Valenciano
8055,Kuratsoy,Max Surban
8058,Awit Ng Kabataan,Rivermaya
8059,Bading Si Sta. Claus,Point
8060,Bilanggo,Rizal Underground
8061,Bulakbol,Mongols
8063,Can This Be Love,Smokey Mountain
8064,Coca-Cola Body,Viva Hotbabes
8065,Dear Heart,Sandara Park
8066,Drayber Sweet Lover,Bayani Agbayani
8068,Growing Up,Gary V.
8069,Gusto Ko Ang Nota,Aleck Bovick
8070,Paligaw-ligaw Tingin,Ashly Imler
8071,Kabataan Para Sa Kinabukasan,Francis M.
8072,Kuya Wag Po,Tuesday
8073,LIVING THE DREAM,JENNYLYN
8074,Love Of My LIfe,South Border
8075,Machunurin,Masculados
8076,Magandang Gabi,Nonoy Zuniga
8077,Mag-Exercise,Vhong Navarro
8078,Mamahalin,Ariel Rivera
8079,Manila,Hotdog
8080,Natutulog Kong Mundo,Wolfgang
8083,Sulat,Moonstar 88
8084,The Show,South Border
8085,Your Love,Alamid
8090,Tsaka Na Lang,Parokya Ni Edgar
8093,Say That You Love Me,Regine Velasquez
8094,Pasaway,J. Brothers
8095,Basketball,Viva Hot Babes
8096,Walang Sabit,Sandara Park
8097,Once In A Lifetime,Freestyle
8098,Wag Na Wag Mong Sasabihin,Kitchie Nadal
8103,Points Of View,Joey Albert
8106,SUMASARAP ANG GISING,TRUE FAITH
8114,Kaibigan,Chiqui Pineda
8117,Sinong Magsasabi,Masculados
8129,Liwanag Sa Dilim,Rivermaya
8130,Turn,Mojo Fly
8132,Shine,Regine Velasquez
8133,KLSP,Sponge Cola
8134,Leaving You,Session Road
8135,Lunes,Sponge Cola
8136,Kailan Pa Ma'y Ikaw,Christian Bautista
8137,Bulong,Kitchie Nadal
8138,Titigas Lalambot,Masculados
8139,You'll Be Safe Here,Rivermaya
8140,Ye Ye Vonel,April Boy Regino
8141,Suntok Sa Buwan,Session Road
8142,Iniwan,Erik Santos
8143,Sige,6 Cycle Minds
8144,Pinakamagandang Lalaki,Janno Gibbs
8145,How Could You Say You Love Me,Sarah Geronimo
8146,I Don't Wanna Be Your Friend,Nina
8147,Kiliti,D' Bodies
8148,Pag-Ibig Ko Sana'y Mapansin,Faith Cuneta
8149,Fallin',Janno Gibbs
8150,Hari Ng Sablay,Sugar Free
8158,Nanggigigil,Hagibis
8160,Panalangin Sa Paglilingkod,Keynotes Chorale
8162,Ikaw Lamang Mahal,April Boy Regino
8164,I Am But A Small Voice,Leah Salongga
8165,The Bible,Yoyoy Villame
8166,Mama's Girl,Sexbomb
8174,Trackin',Billy Crawford
8176,Anak Ng Pasig,Geneva Cruz
8177,I-SHOOT MO,SEXBALLS
8178,Wag Na Wag,Michael V.
8179,Pag-Ibig Ko'y Pansinin,Sexballs
8180,SI ANTONTON,SEXBALLS
8181,Paraiso,Smokey Mountain
8182,Si Manloloko,Ai Ai delas Alas
8184,Giling Giling,Tuesday
8186,Pangarap,Sexbomb
8187,I've Fallen For You,Jamie Rivera
8188,Mamimiss Kita,Father & Son
8189,Mahiwagang Puso,Karylle and Jerome John Hudges
8190,Di Nag-iisa,Regine Velasquez
8192,Hello,Ogie Alcasid
8193,Colour Everywhere,Christian Bautista
8194,Lumingon Ka Lang,Sarah Geronimo
8195,From The Start,Rachelle Ann Go
8196,Get Me,MYMP
8197,Wherever You Are,South Border
8198,Love Moves In Mysterious...,Nina
8199,Same Ground,Kitchie Nadal
8200,Too Crazy,South Border
8206,Broken Sonnet,Hale
8209,The Day You Said Goodnight,Hale
8210,Hallelujah,Bamboo
8214,Scooter Boy,Mojo Fly
8224,Say That You Love Me,Martin Nievera
8232,Minamalas,Mojofly
8236,Somewehe in My Past,Divo
8237,Pinoy Ako,Orange And Lemons
8238,Jopay,Mayonaise
8239,Mata,Mojo Fly
8240,Sweet,South Border
8241,Wowowee,Lito Camo
8242,Masaya,Bamboo
8246,Akap,Imago
8248,Gemini,Spongecola
8249,Hanggang Langit,Martin Nievera
8250,Maling Akala,Brownman Revival
8251,I Know,Yasmien Kurdi
8252,Kwarto,Sugar Free
8253,Kahit Pa,Hale
8254,Sorry,Cueshe'
8255,Asa,South Border
8256,Pangarap Ka,Karel Marquez
8257,High,The Speaks
8258,Don Romantiko,Vhong Navarro
8259,Stay,Cueshe'
8260,Hanggang Kailan,Orange And Lemons
8263,Always,Marco Sison
8295,If,Rivermaya
8305,Ms. Serious,Shamrock
8310,Lintik,Brownman Revival
8311,Tamang in Love,Jennylyn Mercado
8312,Zoom,Regne Velasquez
8314,Amoy Ng Papa,Sexbomb Girls
8315,Abot Kamay,Orange And Lemons
8316,Bahala Ka,J. Brothers
8318,Hanggang Ngiti Na Lang,Ranier Castillo
8321,Hataw Na,Gary V.
8323,Bestfriend,Dice and K9
8324,Araw Gabi,Regine Velasquez
8325,Eddie's Song,Mayonnaise
8326,Biyahe Na,Regine Velasquez
8327,Constantly,Nina
8328,Diba,Nina
8329,Hot Na Hot,Barako Boys
8331,Mabuti Pa Sila,Gary Granada
8332,Pandesal,Viva Hot Men
8333,Tuloy Pa Rin Ang Awit,Jolina Magdangal
8334,Kitchie Nadal Medley,Kitchie Nadal
8335,These Days,Bamboo
8336,Sunshine,Bamboo
8337,Swak Na Swak,Masculados
8338,Twin Hearts,Sarah Geronimo
8339,Who's Loving You Now,Erik Santos
8340,Makita Kang Muli,Sugar Free
8341,You And Me..,Rachel & Christian
8342,Magmula Ngayon,Ogie Alcasid
8343,Kung Maaalala Mo,Eric Santos
8344,Just A Smile,Barbie
8345,Mang Jose,Parokya Ni Edgar
8346,I Believe,Jimmy Bondoc
8347,Harapin Ang Liwanag,The Dawn
8348,Now That You're Gone,Ella Mae Saison
8349,O.K. Na,Milk And Honey
8350,Ulan,Cueshe
8352,Jeepney,Spongecola
8354,Chicksilog,Kamikazee
8355,Sandalan,6 Cycle Minds
8356,In The Name Of Love,Yasmien Kurdi
8357,Close To Where You Are,Jonalyn Viray
8358,Mananatili,Freestyle
8359,Love Ko 'To,Kitchie Nadal
8360,Kung Wala Ka,Hale
8365,I'll Be Yours Forever,Ogie Alcasid
8370,Lihim,Orange And Lemons
8378,Say You'll Never Go,Neo Colours
8379,Kasalanan Ko Ba,Neo Colours
8380,Tuloy Pa Rin,Neo Colours
8381,Much Has Been Said,Bamboo
8382,Waiting In Vain,Bamboo
8383,F.U.,Bamboo
8384,Narda,Kamikazee
8385,Lagi Mo Na Lang Akong Dinededma,Rocksteddy
8386,Tulog Na,Sugarfree
8387,I (Ay),6 Cyclemind
8388,Here Tonight,Hale
8389,Love Me Now Hate Me Soon,Cueshe'
8390,Alipin,Shamrock
8392,Para Sa'yo,Manny Pacquiao
8393,Magmahal Muli,Sam and Say
8394,Everything You Do,Christian Bautista
8396,Goodbye's Not Forever,Erik Santos
8397,Anino,Imago
8398,Umaambisyon,Yasmien Kurdi
8399,Iisang Bangka,The Dawn
8402,HERE I AM AGAIN,RACHELLE ANN GO
8403,If You Walk Away,Rahcelle Ann Go
8404,You Win the Game,Mark Bautista
8405,Sayaw Ng Puso,Yvette & Michael Cruz
8406,Sikat Ang Pinoy,"Toni G., Sam M."
8407,When I See You Smile,Kris Lawrence
8408,Posible,Rivermaya
8409,Hindi Ko Kayang Iwan Ka,Sheryn Regis
8410,Bilog Ang Mundo,Manny Pacquiao
8411,Beer,Itchyworms
8412,Para Sa Akin,Sitti
8415,Binibini,Janno Gibbs
8431,Ako Pa Rin,Shamrock
8432,AKO SI M-16,JUNIOR KILAT
8434,Maybe It's You,Jolina Magdangal
8435,My Girl,Sam Milby
8436,Nandito Lang Ako,Shamrock
8437,Majika,Kitchie Nadal
8438,Makulay Na Buhay,Kitchie Nadal
8439,Sabihin Mo Na,Top Suzara
8440,Invincible,Christian Bautista
8441,Sugod,Sandwich
8442,Pwede Ba,Soapdish
8443,Papa Cologne,Parokya Ni Edgar
8444,Akin Ka Na Lang,Itchy Worms
8445,241 (My Favorite Song),Rivermaya
8446,24 Hour Ago,Cueshe'
8447,Dahil Ikaw,True Faith
8448,I Care,Rachel Ann Go
8449,Nasaan Ka,Pupil
8450,Nobela,Join The Club
8451,Wait Forever,Gary Valenciano
8452,Toll Gate,Hale
8453,Order Taker,Paokya Ni Edgar and Kamikazee
8454,We Belong,Toni Gonzaga
8455,Trip,6 Cycle Mind
8456,Can't Let You Go,Cueshe
8457,Buwad Suka Sili,Junior Kilat
8458,Truth,Bamboo
8459,Direction,Slapshock
8460,Jeepney,Kala
8463,MULI,GARY V. AND REGINE V.
8465,Ikaw Lamang,Janno & Jaya
8466,Superproxy2K6,FrancisM
8469,UNFAITHFUL,RHIANNA
8473,SAYANG ANG LAHAT,TRUE FAITH
8474,Blue Sky,Hale
8475,I STILL BELIEVE IN LOVING YOU,SARAH GERONIMO
8476,BUMALIK KA LANG SA AKIN,JULIA CLARETE
8477,KUNG MALAYA LANG AKO,CHRIS LAWRENCE
8479,DOO BIDOO,KAMIKAZEE
8480,MARTYR NYEBERA,KAMIKAZEE
8483,SA AKING PANAGINIP,JENNYLYN MERCADO
8484,SANA,SHAMROCK
8485,BACK TO ME,CUESHE'
8486,Oo,Up Dharma Down
8488,FIRST OF SUMMER,URBANDUB
8489,SHE COULD BE,CHRISTIAN BAUTISTA
8490,Kaleidoscope World,Francis M.
8491,ALIVE,FRIO
8493,STARS,CALLALILY
8495,You Are The One,TONI GONZAGA AND SAM MILBY
8497,Babaeng Uy Ay,"Brownman Revival, Up Dharma Down, Sugarfree"
8501,ANG MAHIWAGANG HIWA,BOY SULLIVAN
8504,BAKIT,RACHEL ANN GO
8505,GITARA,PAROKYA NI EDGAR
8506,PANALANGIN,MOONSTAR 88
8507,NENE,MANO MANO
8510,TARALETS,IMAGO
8511,WALTZ,HALE
8513,BITIW,SPONGE COLA
8515,Ikaw Ang Iibigin Ko,Josh Garcia
8516,MAY B.O. NA AKO,MICHAEL V.
8517,BESTFRIEND,DICE AND K9
8518,PANAGINIP,CRAZY AS PINOYS
8519,MAMAW,MICHAEL V.
8520,MISS KITA PAG TUESDAY,rj jimenez
8521,ISANG BANDILA,RIVERMAYA
8522,ULAM,MICHAEL V.
8523,Boom Tarat Tarat Pasko Na,Willie Revillame
8525,Hawak-Kamay,Yeng Constantino
8541,Nakapagtataka,Sponge Cola
8542,DVD X,SANDWICH
8546,Hold On,Shamrock
8547,MAGHIHINTAY AKO,REGINE VELASQUEZ
8548,IKAW,BRENAN ESPARTINEZ
8549,CARRY MY LOVE,SARAH GERONIMO
8550,PINTURA,KJWAN
8552,UMAASA,6 CYCLE MIND
8553,TAKE MY HAND,CALLALILY
8554,Kung Ayaw Mo Na Sa Akin,Sugarfree
8555,AMBISYOSO,KAMIKAZEE
8559,PWET MO'Y ANG LAKI,JOEY DE LEON
8562,SANA,GAGONG RAPPER
8563,Kabet,Gagong Rapper ft. Kyla
8564,ITAKTAK MO,JOEY DE LEON
8572,SUPERHERO,ROCKSTEADY
8573,PANGARAP,YENG CONSTANTINO
8574,ANGHEL,STONEFREE
8575,Walang Yamang Mas Hihigit Sa Iyo,Cueshe
8576,HIDE AND SEEK,HALE
8577,BORROWED TIME,CUESHE
8578,GRABE,CRAEONS
8579,TATSULOK,BAMBOO
8580,Paano,Shamrock
8585,SANA NAMAN,CIVIL EYES
8586,Ikaw Lamang,Silent Sanctuary
8588,MAHAL NAMAN KITA,MARRI NALLOS
8589,Nasa'n Ka Na,KYLA
8590,BEAUTIFUL DAYS,KYLA
8591,COULD HAVE BEEN,FRIO
8592,SOMEDAY,NINA
8593,Love Team,Itchyworms
8594,Tuliro,Spongecola
8595,Magbalik,Callalily
8613,CHINA EYES,ALAMID
8615,Huling Hiling,Gagong Rapper
8616,"DODODO, DADADA",Willie Revillame
8617,Kakabog Kabog,Willie Revillame
8618,SUNDO,IMAGO
8619,Bakit,Cueshe
8620,LANDO,GLOC 9 FEAT FRANCIS M
8621,SAMA NA,CHILITIES
8622,TULAK NG BIBIG,JULIANNE
8623,Hiling,Jay-R Siaboc
8624,If I Keep My Heart Out Of Sight,Nikki Gil
8625,PASAN,CALLALILY
8626,Salamat,Yeng Constantino
8627,May Tama Rin Ako,Jay-R Siaboc
8628,Cool Off,Yeng Constantino
8629,PASENSYA NA,CUESHE
8630,Charing (Bisaya),1017
8646,Ayos Giud Visayan Song,Michael V.
8651,Barkong Karaan,Max Surban
8654,Be Kayen To Animals,Max Surban
8658,Budbud Ug Bibingka,Max Surban
8673,Gihidlaw Na Intawon Ako,Max Surban
8678,Haring Solomon,Sulivan
8679,Hibok Hibok,Sullivan
8693,Karyo,Sullivans
8700,Kulot Ang Buhok,Sullivans
8701,Kung Ako Ay Lasing,Sullivans
8702,Kuntis Sa Hambog,Max Surban
8704,Langgonisa,Sullivans
8708,LoneRanger,Sullivan
8716,Mariang Palad,Sullivans
8721,May Pulis Sa Ilalim Ng Tulay,Sullivans
8750,Sa Unang Pagtan-aw Kog Sine,Max Surban
8781,Pag-ibig,Apo Hiking Society
8782,Yugyugan,P.O.T.
8783,Bakit Ang Babae,Apo Hiking Society
8784,MINE,KIM CHIU
8785,SKY,CUESHE
8786,FRIENDSTER,MOONSTAR 88
8787,WALANG IBA,RONNIE LIANG
8788,BREAK ME,GARY VALENCIANO
8789,BREAK NA TAYO,ROCKSTEDDY
8790,IF WE FALL IN LOVE,YENG CONSTANTINO and RJ JIMENEZ
8791,CATCH ME I'M FALLIN',TONI GONZAGA
8792,Haplos,Shamrock
8793,KEMBOT,UD4
8794,KERING-KERI,KIM CHIU
8795,YESTER AND TODAY,MOM'S CAKE
8796,I LOVE YOU 1 2 3,MOM'S CAKE
8797,SONG FOR YOU,CHAD PERALTA
8798,TIME IN,YENG CONSTANTINO
8799,ALE,THE BLOOMFIELDS
8800,NGITI,RONNIE LIANG
8801,Pilit,Hilera
8805,Palagot sa Kontra,(Phylum)Bis-rock
8810,Alinlangan (SUPERTWINS OST),Jolina M.
8812,Himala,Yeng Constantino & Siaboc
8816,Lupin (Lupin OST),Janno Gibbs
8822,Tanging Ikaw,Shamrock
8823,ALAM NG ATING MGA PUSO,RACHELLE ANN GO
8824,ANG LAHAT PARA SA'YO,SHERYN REGIS
8826,Baile,Rochelle Pangilinan Feat. Gloc 9
8827,BEHIND THOSE EYES,PANKY TRINIDAD
8829,Bright Lights,Billy Crawford
8830,BLUE JEANS,ROCKSTEDDY
8831,Buksan Mo,Willie Revillame
8832,Charing (Tagalog),1017
8833,Crazy Love,Kim Chiu
8834,DINAMAYAN,6 CYCLE MIND
8836,EWAN,IMAGO
8837,HANDANG MAGHINTAY,NIKKI GIL
8838,HEY LOOK AT THE SUN,SITTI
8839,HINTAY,SOAPDISH
8841,I'll be Alright,Sarah Geronimo
8843,KUNWARI LANG BA,YASMIEN KURDIE
8844,LOVE IS ALL I NEED,YASMIEN KURDI
8845,LUNOD,DANITA
8846,MAPAGKUNWARI,FAITH CUNETA
8847,MARIA FLORDELUNA,SHERYN REGIS
8848,MOVIE,SPONGECOLA
8849,PAG-ALIS,BARBIE ALMABIS
8850,PINTIG NG PUSO,YASMIEN KURDI
8851,PROBINSYANA,BAMBOO
8852,I WILL ALWAYS LOVE YOU ANYWAY,RACHELLE ANN GO
8853,Don't Say Goodbye,Rachel Ann Go
8854,SABIHIN,ZELLE
8855,SONG FOR YOU,SESSION ROAD
8856,TADHANA,MOONSTAR 88
8857,TAKIPSILIM,CALLALILY
8859,THE BALLAD OF,HALE
8860,WALANG KADALA-DALA,JANOO GIBBS
8861,WHERE IS LOVE,NINA
8862,AKO,RJ JIMENEZ
8868,MR. DISCO,MANILYN REYNES
8873,GOODBYE GIRL,MARTIN NIEVERA
8875,TALAGA NAMAN,M.Y.M.P.
8877,Oka Tokat,Parokya Ni Edgar ft. Jay
8879,Mas Gusto Mo S'ya,Andrew E.
8882,MINSAN,ERASERHEADS
8884,Hombre,Sexbomb Girls
8885,BILOG NA NAMAN ANG BUWAN,TROPICAL DEPRESSION
8887,WALA NG IBA,THE BLOOMFIELDS
8888,WAG MONG IWAN ANG AKING PUSO,YENG CONSTANTINO
8889,WALANG KADALA-DALA,SANDWICH
8890,ARAW'T GABI,TRUE FAITH
8891,MOSHI MOSHI CHIKIYAKI,SEXBOMB GIRLS
8893,UMIBIG MULI,JANNO GIBBS
8895,SEASON OF SMILE,ITCHYWORMS
8896,Kapayapaan,Tropical Depression
8897,Diwata,Brownman Revival
8898,AWIT NG PANGARAP,YENG CONSTANTINO
8899,ASA KA PA,BLUE KETCHUP
8900,AS THE MUSIC PLAYS THE BAND,BAMBOO
8901,SEKSI SEKSI,AMIKAZEE
8902,INIHAW (LUPET NA HUMAHAGUPET),SIAKOL
8903,BERTING (Tagalog),1017
8904,I WISH YOU LOVE,KYLA
8905,WAG KA NG UMIYAK,SUGARFREE
8906,ZAIDO,SANDWICH
8907,Tuyo Ng Damdamin,Silent Sanctuary
8908,Sanctuary,Callalily
8909,Even If,Sam Concepcion
8923,Charing (Tagalog),1017
8926,Inihaw(Hagupit),Siakol
8927,Sa Araw ng Pasko,All Star
8928,Mukhang Pera,The Youth
8929,"PASKO NG MAHIRAP, PASKO NG MAYAMAN",SANDUGO
8930,Pasko Para Sa Lahat,All Star
8932,LIGHT YEARS,BAMBOO
8934,TINDAHAN NI ALING NENA,ERASERHEADS
8935,OVERDRIVE,ERASERHEADS
8936,REYNA NG QUEZON CITY,JUANA
8937,MAHAL KITA,GERALD SANTOS
8938,PARA SA 'KIN AY IKAW,WILLIE REVILLAME
8939,UMAASA LANG SA'YO,SIX PART INVENTION
8940,WALANG MYSTERYO,IMAGO
8941,KAGAT LABI,JULIA CLARETE & ALLAN K.
8942,Bisrock,Indephums
8944,Enteng,Kabobo
8945,Ibog Ibog,Mantequilla
8946,Kagat Labi,Joey De Leon
8948,Para lang sa'yo,Aiza Seguerra
8951,ALA-ALA,KOLLIDE
8954,CIRCLE,6 CYCLEMINDS
8955,DI KASI,MOONSTAR 88
8956,DIFFERENT WORLDS,PUPIL
8957,DIRECTOR'S CUT,KAMIKAZEE
8958,GOTTA GO MY OWN WAY,NIKKI GIL
8959,Hulog Ng Langit,Sofia
8960,IKAW,SARAH GERONIMO
8961,ISIPIN,MIGUEL ESCUETA
8962,KUNG KAYA KO,TONI GONZAGA
8963,LOVE IS CONTAGIOUS,NINA
8964,Magsasaya,6 Cycleminds
8965,PAKIUSAP,ACEL
8966,Reggae Fever,Brownman Revival
8968,SALA,PUPIL
8969,SAYANG,MOONSTAR 88
8970,SENTI,YANO
8971,SO FAR AWAY,BAMBOO
8972,SUMAYAW KA,GLOC 9
8973,TAYONG DALAWA,AICELLE SANTOS
8974,UNANG PASKO,WILLE REVILLAME
8975,Ang Katulad Mong Walang Katulad,Orange and Lemons
8976,Berting,1017
8980,Labasan Na,Joey DeLeon
8982,Pakikay,Joey De Leon
8988,Wala Ng Iba,Bloomfields
8989,Hawak Mo Aking Kamay,Mocha
8990,Iyugyog Mo,Willie Revillame
8991,Kung Para Sa'yo,Willie Revillame
8994,Patcha,Mocha
8995,Pinoti,Mantequilla
8996,Sayaw Darling,Willie Revillame
8997,Tabachingching,SexBomb Girls
8999,PANGAKO YAN,LUKE MEJARES
9000,FADE,ORANGE AND LEMONS
9002,Tulo Seven Hundred,Kabobo
9004,Falling Away,Miguel Escueta
9005,Ikaw Lang At Ako,Janno Gibbs
9006,Isang Pangarap Lamang,True Faith
9007,Iskul Bukol,The Bloomfields
9010,LQ,Mantequilla
9012,Mama,Mantequilla
9014,Perfect World,Toni Gonzaga
9015,Pobre,Mantequilla
9017,Salawikain,MCoy of Orange & Lemons
9018,Tuloy Pa Rin,Spongecola
9019,Ulaw-Ulaw,Assembly Language
9020,Ulingling,SexBomb Girls
9021,Walay Title,Mantequilla
9023,AKALA MO LANG,ZELLE
9024,BALIW NA BALIW,JOIN THE CLUB
9025,BANDA NG BAYAN,RIVERMAYA
9027,WITH YOU,M.Y.M.P.
9028,BIGAY NA BIGAY,MANO MANO
9029,NAGMAMAHAL NG TUNAY,PIOLO PASCUAL
9030,ONE LOOK,KWAN
9031,PAGBABALIK NG KWAGO,KAPATID
9032,PASUBALI,SPONGECOLA
9033,REBOUND,SILENT SANCTUARY
9034,SO PERFECT,M.Y.M.P.
9036,DI NA MAGGIGISA,MICHAEL V.
9037,DJ BUMBAY,MICHAEL V.
9040,DRAGONFLY,SPONGECOLA
9041,First Day Funk,Parokya ni Edgar
9043,FOREVERMORE,REGINE VELASQUEZ
9044,Glowing Inside,Nikki Gil
9045,BARAKO,BARAKO BOYS
9046,GULONG NG PALAD,JEROME SALAS
9047,Hanggang Kailan,Sarah Geronimo
9048,HANGGANG MAY KAILANMAN,CAROL BANAWA
9049,Heart Of Mine,Janno Gibbs
9050,Hindi Ako Bakla,Michael V.
9051,HINDI KO NA KAYANG MASAKTAN PA,OGIE ALCASID & REGINE VELASQUEZ
9052,HOLD ME IN YOUR ARMS,REGINE VELASQUEZ
9053,HUWAG MO NANG ITANONG,M.Y.M.P.
9054,I WANNA KNOW WHAT LOVE IS,SARAH GERONIMO
9055,IF THE FEELING IS GONE,KYLA
9056,IKAW LAMANG,GARY VALENCIANO
9057,Ikaw Lang Pala,Divo
9059,I'LL NEVER GO,ERIK SANTOS
9060,Iniwan Mo,Vina Morales
9061,JOKE JOKE JOKE,WILLIE REVILLAME
9062,JOY IN MY HEART,MICHAEL V.
9063,BOWOWOW,WILLIE REVILLAME
9064,Burn,Nina Feat Christian Baustista
9065,JUST A SMILE,BARBIE ALMALBIS
9066,KABATAANG PINOY,ITCHYWORMS
9067,Kailan Kaya,Christian Bautista
9068,Kaligayahan Natin,Tribe Of Levi
9070,KASINUNGALINGAN,JANNO GIBBS
9071,LIFE'S A JOKE,THE SPEAKS
9072,LOVE CAN'T LIE,SARAH GERONIMO
9073,Love of My Life,Rachelle Ann Go
9074,LUMILIPAD,OGIE ALCASID
9075,MAGANANG UMAGA,VHONG NAVARRO
9076,MAGTIWALA KA (FANTASTIKIDS),SHAMROCK
9077,MINAMAHAL KITA,OGIE ALCASID
9078,Minsan Pa,Victor Wood
9079,MOMENTS OF LOVE,JANNO GIBBS & JENNILYN MERCADO
9080,NAAALALA KA,SHAMROCK
9082,NILAMON NG GABI,THE PAIN UP GIRLS
9083,Not Your Ordinary Girl,Kyla
9085,Pagbigyan Ang Puso,Karylle & Jerome
9086,Pambihira,Francis M.
9087,Pangarap Na Bituin,Faith Cuneta
9088,PARA SA'YO,PAROKYA NI EDGAR
9090,SANA NAMAN,SESSION ROAD
9091,Sapat Na Ang Minsan,Jennilyn Mercado
9092,Say That You Love Me,Christian Bautista
9094,Sincerely,Victor Wood
9096,Sumayaw Sumunod,Sexbomb
9097,SUNDAY DRIVING,RIVERMAYA
9098,SUNDO'T HATID,KAYE & THE BOXERS
9099,SUPER KRYSTALA,SHERYN MAE REGIS
9100,TANGING IKAW,RENZ VERANO
9101,Tanging Ikaw,Shamrock
9103,TENSYONADO,SOAPDISH
9105,TY 4 UR LUV,DIMSUM
9107,WHEN LOVE IS GONE,MARTIN NIEVERA
9108,You And Me,Rachelle and Christian
9111,Ako'y nagkamali,Cristy Mendoza
9112,Ang Pag-ibig Pala,Chiqui Pineda
9113,Another Chance,Keno
9114,Araw-Araw,Boyfriends
9115,Bakit Ikaw Pa,Imelda Papin
9116,Bakit Kaya,Imelda Papin
9117,Bakit Mo Pa Inibig,Imelda Papin
9118,Bakit Pa Kita Minahal,Cristy Mendoza
9119,Baliw,Claire De la Fuente
9120,PANAHON,Juan Dela Cruz
9121,Basta't Isipin Mo,Bing Rodrigo
9122,Buksan Ang Puso,Claire Dela Fuente
9123,Can't We Start Over Again,Jose Mari Chan
9124,Come Into My Life,Marco Sison
9125,Come Just As You Are,Claire Dela Fuente
9126,Crush Ng Bayan,Cris Villongco
9127,Dangal,Vina Morales
9128,Dear Ana,J. Brothers
9129,Dear Angie,Renz Verano
9131,Di Bat Sinabi Mo,J BROTHERS
9132,DI KA NAGKULANG,LEAH NAVARRO
9133,Di Magbabago,Claire Dela Fuente
9134,Di Mo Lang Alam,Bing Rodrigo
9135,Di Mo Pansin,J Brothers
9136,Di Na AKo,Renz Verano
9137,Di Na Iibig Pa,J Brothers
9138,Dinggin Mo,A Regino
9140,Early In The Morning,Jose Mari Chan
9142,Everyday,Renz Verano
9143,Fallin' In Love,Danica Sotto
9144,First Love Never Dies,Boyfriends
9145,Flexin',Kyla
9147,Game Face,Jay R
9148,Ganyan Ka Lang OK Na Sa Akin,J Brothers
9149,Girl In The Wood,Victor Wood
9150,GoodBoy,Blakdyak
9151,Habang Buhay Ko,Eddie Peregrina
9152,Habang Buhay,Renz Verano
9153,Habang May Panahon,Imelda Papin
9154,Halata,Marco Sison
9157,Have A Good Time,Jolina Magdangal
9158,Hayaang Ibigin Lang Kita,Bing Rodrigo
9159,He Opens A Window,Ivy Violan
9160,Heal Our Land,Jamie Rivera
9161,Heavenly,Anthony Castelo
9162,Heaven,Nina
9163,"Hey, It's Me",Ciara Sotto
9164,Hikaw Ni Lolo,Lito Camo
9165,Hindi Pa Pala Ikaw,Pops Fernandez
9167,Huwag Ka Nang Lumuha,Bing Rodrigo
9168,I Believe In You,Jessa Zaragosa
9169,I Can't Live Without,Imelda Papin
9170,I Can't Make Up My MInd,Imelda Papin
9171,Iskul Bukol,Tito Vic And Joey
9173,I Promise You,Ogie Alcasid
9174,I Will Give My Love,Cristy Mendoza
9175,Ibulong Mo Sa Hangin,Claire Dela Fuente
9178,Iiwan Ba Ako,Jessa Zaragosa
9179,Ikakasal Ka Na Pala,Eva Eugenio
9180,Ikakasal Na Ang Aking Mahal,Isabel Granada
9181,Ikaw Ang Buhay Ko,L.A Lopez
9182,Ikaw Ang Idol Ko,Cinderella
9183,Ikaw Ang Lahat Sa Aking Buhay,E.Peregrina
9184,Ikaw Ang Mahal Ko,Eddie Peregrina
9185,Ikaw Ang Pag-Asa,Renz Verano
9186,Ikaw Ang Simula,P.Fernandez
9187,Ikaw At Ako Parin,Jessa Zaragosa
9188,Ikaw Ay Nagbago,E.Peregrina
9189,Ikaw Lang Ang Iibigin Kailan Man,Jay R.
9190,Ikaw Lang,Chad Borja
9191,Ikaw Pala 'Yon,Donna Cruz
9192,Ilagay Mo Kid,Hagibis
9193,Imelda Papin Medley,Imelda Papin
9194,In A Wink Of An Eye,Dingdong Avanzado
9195,In Despair,Victor Wood
9196,In Love,Rico J Puno
9197,In My Little Room,Eddie Peregrina
9198,In The Battles,Basil Valdez
9199,In This Heart,Ella Mae Saison
9200,Ina,Freddie Aguilar
9201,Inday Ng Buhay Ko,Freddie Aguilar
9202,Kahit Ilang Umaga,Jessa Zaragosa
9203,Kahit Iniwan Mo,Boyfriends
9204,Kahit Kunwari Lang,Renz Verano
9205,Kahit Magbago Pa,Yoyoy Villame
9206,Kahit Na Mahirap Lang,April Boys
9207,Kahit Nasaan,Boyfriends
9208,Kahit Sa Panaginip Lang,Bing Rodrigo
9209,Kailan Kaya,April Boy
9210,Kailangan Ko,Imelda Papin
9211,Kakaba Kaba,Pops Fernandez
9212,Kaligayahan Mo'y Kaligayahan Ko Rin,Imelda Papin
9213,Kaligayahan Na Pansamantala,Eva Eugenio
9214,Never Ever Say Goodbye,Nonoy Zuniga
9215,SAKAYAN NG JEEP,NIKKI GIL
9216,SAYANG,STONEFREE
9217,SOMEDAY,BARBIE ALMALBIS
9218,Tinig,Join The Club
9220,ANGHANG,MICHAEL V.
9221,BAKIT BA INIBIG KA,ERIK S. & REGINE V.
9222,BATUTA NG PULIS,VIVA HOT BABES
9223,BAWAT BATA,AIKEE
9224,BINIBINI,BROWNMAN REVIVAL
9225,BLUE MOON,ORANGE & LEMONS
9226,Bop Bop(Bop It),APRIL
9227,CHAKA NYA,MICHAEL V.
9228,Chick Boy,Vhong Navarro
9229,Dahan Dahan Lang,Alek Bovic
9230,DAHILAN,BARBIE ALMALBIS
9233,SO BLUE,SINO SIKAT
9244,A Little Too Perfect,Sam Milby
9245,A Night To Remember,Shalamar
9246,Aking Hiling,Third Avenue
9249,Call Center,Cambio
9250,Guillotine,Urbandub
9251,Huwag Ka Ng Umiyak,True Faith
9252,Ikaw ang aking pangarap,Martin Nieverra
9253,I've Fallen In Love,Sam Milby
9255,Lastikman,Parokya ni Edgar
9258,Nangangawit,SugarFree
9259,Peng Yu,Kim Chiu feat.MYMP
9261,Sayang,Rivermaya
9262,Sumigaw,Rivermaya
9263,Yue Liang Dai Biao Wo De Xin,Kim Chui
9264,Aaminin Ko,6 Cycle Mind
9265,Torpedo,GLoc9 feat.JP Cuison of Kiko Machine
9267,Nang Dahil Sa'yo,Maricris Garcia
9269,Ang Iyong Paalam,The Dawn
9270,Last Look,Chicosci
9271,Heto Na,Concrete Sam
9272,Ojo Kaluguran Daka,Ara Muna & Jumari(Kapampangan)
9273,'Di Ka Makuha Sa Tingin,Danita
9274,Kung Wala Na Nga,Danita
9276,Dulce Tirah Tirah,Ud4
9277,Kamandag,First Circle
9278,Under Repair,Imago
9279,Sugal Ng Kapalaran,Rivermaya
9281,Ang Pag-ibig Kong Ito,Sheryn Regis
9282,Walang Daya,Joey De Leon
9283,All I Need,Shamrock
9284,Kung Liligaya Ka,Boyfriends
9285,Langit Na Naman,Hotdog
9291,Dahil Sa'yo (Sa Himig Ng Aking Gitara),Hale
9293,One Love,Ace Bisa
9294,Kasalanan Ba?,Guji Lorenzaa
9295,PROCASTINATOR,SANDWICH
9296,Sagot Kita,6 Cycle Mind
9297,Sana,La Famille Dembele
9298,Will You Ever Learn,Typecast
9299,Monobloc,Pupil
9300,Take It Or Leave It,Yasmien Kurdi
9301,Habambuhay,Yeng Constantino
9302,LAUGH AND CRY,ACEL BISA
9304,Dear Kuya,Sugarfree
9305,EARGASMIC,DICE AND K9
9307,Hiram,Session Road
9310,Princesa,Itchyworms
9311,MINSAN LANG,JAY-R SIABOC
9312,I DON'T WANT YOU TO GO,KYLA
9313,WAITIN',LALA
9316,Take Me There,Miguel Escueta
9317,MIGRAINE,MOONSTAR 88
9320,ANG SARAP DITO,PROJECT 1
9321,MASKARA,RIVERMAYA
9322,MAHAL PA RIN,SAM MILBY
9325,Supahpapalicious,Vhong Navarro
9326,Superstar,RJ Jimenez
9327,TA-KUBETS,MICHAEL V.
9330,Ikaw Lang Talaga,Yeng Constantino
9341,BRING ME DOWN,CUESHE
9342,Eto Na Ang Summer,Callalily
9343,PASAWAY,CAMBIO
9344,WITH YOU,CHRIS BROWN
9346,Paglisan,Jericho Rosales
9353,ANG SARAP MONG MAGMAHAL,NIGHT SHIFT
9355,Sa Wakas (Tuesday Sequel),RJ Jimenez
9356,SUMMER SONG,SILENT SANCTUARY
9357,Wag Kang Matakot,Shamrock
9358,Susundan,Callalily
9360,SUNDOWN,HALE
9361,Unsaid,Lala ft. Christian Bautista
9362,Low,Bisaya Version
9363,SIGAW,SLAPSHOCK
9364,PAYONG (UMBRELLA),TAGALOG
9365,Sa Aking Mundo (Dyesebel OST),Julie Ann San Jose
9366,It Can Only Get Better,Charice Pempengco
9369,Rakenrol,Marcus Highway
9370,Mata Ng Diyos,WolfGang
9371,The Last Time,Richard Poon
9372,As You Believe,Zelle
9376,Disposable (Irreplaceable),Tagalog Version
9378,Emily,Paraluman
9379,Espesyal Mamon,Moabytes
9381,Pitong Araw,Hale
9382,Midinite Special,Jeepney Joyride
9384,Rule No. 1 (Wag Kang Aamin),Overtone
9385,Betamax,Sandwich
9387,Barista (Bartender),Tagalog Version
9388,Tsobols-25,Greenpeace
9389,Hep Hep Hooray,Willie Revillame
9390,Di Na Ganun,Yeng Constantino
9391,Wag Mong Pipigilan,Miss Ganda
9393,Binibining Ganda,Miss Ganda
9395,Gumising,Delara
9396,Ikaw,Gerald Santos
9397,I'm Missing You,Bea Alonzo
9398,Lampa (Ika'y Mag-ingat),Miss Ganda
9399,Magic,Sino Sikat
9400,Sabihin Mo Na,Yeng Constantino
9401,Praning,Sino Sikat
9402,Sleep,Rivermaya
9403,Sya Na Nga Kaya,Julie Ann San Jose
9404,The One Who One My Heart,Christian Bautista
9405,Totoo(True),Michael V.
9406,Himig Ng Pag-ibig,Yeng Constantino
9408,Laya,Imago
9409,Penge Naman Ako Niyan,Itcyworms
9410,Muli,Janno Gibbs
9411,American Gurl,Marcus Highway
9412,Saludo,6 Cycle Minds
9413,Ako'y Babalik,Callalily
9414,Ingat Ka,Silent Sanctuary
9415,Bakit Ikaw Pa Rin,Maricris Garcia
9416,Handa,Miguel Escueta
9417,Hear My Heart,Nikki Gil
9418,Million Miles Away,Nikki Gil
9419,Teka,Paraluman
9420,Disconnection Notice,Pupil
9421,The Search Is Over,Rachelle Ann Go
9422,Naaalala Ka,Shamrock
9423,Puso,Spongecola
9424,Asero,Janno Gibbs
9425,Akala,Parokya Ni Edgar
9426,Patunayan Mo,Sheryn Regis
9430,Kailan,Bamboo
9431,Paano Na Kaya,Bugoy
9432,Leap Of Faith,Hale
9433,Imposible,KC Concepcion
9434,Kung Sakali,Ogie Alcasid
9436,Ikaw,Ronnie Liang
9437,A Very Special Love,Sarah Geronimo
9438,Kundiman,Silent Sanctuary
9439,Turning My Safety Off,Sino Sikat
9441,"Take Me, Ill Follow",Toni Gonzaga
9442,The Fight Is Over,Urbandub
9443,Home,Aiza Seguerra
9447,Pataasan Ng WeeWee,Itchyworms
9450,Yugto,Rico Blanco
9451,Selos,Sandwich
9452,Ayos Na Ang Buto-Buto,Vhong Navarro
9457,Captured,Christian Bautista feat. Sitti
9458,Itulog Na,Chubibo
9460,Papa Boogie,Willie Revillame
9461,Steady Lang Tayo,Itchyworms
9462,Di Bale Na Lang,Jericho Rosales
9463,After All These Years,Arnel Pineda
9464,This Is Me,Julianne and Miguel Escueta
9465,Ngiti Lang,KC Concepcion
9467,Eternally,Mark Bautista
9468,Sinungaling,Mayonaise
9469,Now,M.Y.M.P.
9470,Kahit Maputi Na Ang Buhok Ko,Richard Poon
9471,Your Universe,Rico Blanco
9472,Rocaholic,Rochelle Pangilinan
9473,Boy Kulot,Rocksteddy
9474,I'll Be There,Sarah Geronimo Feat. Howie Dorough
9475,Igiling Giling,Willie Revillame
9477,Kailan,Calsada
9478,Tagumpay,Chivas Malunda
9479,Please Naman,Cueshe
9480,Gagambino,Dennis Trillo
9481,Nahuli Mo Na Ba Ako,Itchyworms
9482,My First Broken Heart,Iya Villana
9483,Grace,Kitchie Nadal
9484,Invitation,Kjwan
9485,Banana Split,Cool Chix
9486,Heart To Heart,Kyla
9488,Played,Sarah Geronim
9489,You Are My Obsession,Rachelle Ann Go
9490,Una Kang Naging Akin,Ram Chavez
9491,Ligawan Stage,Rivermaya
9492,Kahit Mahal Mo Ay Iba,Sarah Geronimo
9493,Die Just A Little,Side A
9494,HILOT,Jay-R Siaboc
9495,MAHAGKAN KANG MULI,Aiza Seguerra
9496,ONE DAY,Yasmien Kurdi
9498,SUPER PINOY,Jolina Magdangal
9499,BUONG BUHAY KO,Sam Milby
9500,DITO SA PUSO,Lovi Poe
9502,IMPULSIVE,M.Y.M.P.
9503,MAMA,Charice Pempengco
9504,ONE MORE CHANCE,Piolo Pascual
9505,RAINBOW COLORED SKIES,Freestyle
9506,ROCK N' ROLLIN,Willie Revillame
9507,BACK 2 U,Cueshe
9508,Novus Is Burning,Wolfgang
9509,SUPERSTAR,Cueshe
9510,WALANG SAYANG,Aiza Seguerra
9511,IBIGAY MO BABY,Willie Revillame
9512,NAIS KO,Lovi Poe
9513,PAANO KITA IIBIGIN,Piolo Pascual & Regine Velasquez
9514,PARA HINDI KA MAWALA,Rico Blanco
9516,ANAK KA NG LANGIT,Vhong Navarro
9517,BABY DON'T YOU BREAK MY HEART SLOW,M.Y.M.P.
9518,CRAZY ABOUT YOU,Bea Alonzo
9519,Doo Bee Doo,KC Concepcion
9521,PAANO,Kris Lawrence
9522,Bitin,Mayonnaise
9524,SANA DI LANG PURO SANA,Aiza Seguerra
9525,SAY YOU DO,The Bloomfields
9526,SISIKAT DIN AKO,Sarah Geronimo
9527,SUPER NOVA,Rocksteddy
9528,Tanging Ikaw,Ogie Alcasid
9529,WISH LIST,M.Y.M.P.
9530,WHY CAN'T WE BE TOGETHER,Piolo Pascual
9531,HUMAN,M.Y.M.P.
9532,INIIBIG KITA,Kitchie Nadal
9534,"Ngayon, Bukas At Kailanman",Sarah Geronimo
9538,Deliciosa,Mocha Girls
9539,TAKAW TINGIN,Iya Villania
9540,Gusto Na Kita,6 Cycle Mind
9544,Tell Me That You Love Me,Regine Velasquez
9545,When I Hear You Call,Gary V.
9546,Ely Buendia,Soapdish
9548,Message In A Bottle,The Dawn
9549,Di Na Mababawi,Spongecola
9550,An Updated Version Of Me,KC Concepcion
9551,Softly Saying Sorry,Ariel Rivera
9552,Basted,Siakol
9553,Muli,Bugoy
9555,Halik Ni Hudas,Wolfgang
9556,VAKLUSHII,Sexbomb Girls
9557,TORPE,Kontagious
9558,WAY ENAK INAM AMMO,Jefferson Anton
9559,DEHADO,Hilera
9562,MACHO,Parokya Ni Edgar
9563,REACH FOR THE SKY,Sarah Geronimo
9566,SINO BA NAMAN AKO,Mau Marcelo
9567,WAYNASDI,Margaret Paleng Locano
9568,DIVA KA,Sexbomb Girls
9569,GUITAR ADIK,Manibela
9570,IKAW ANG MUSIKA,Tres
9572,KUNG AKIN ANG MUNDO,Erik Santos
9573,Kung Mamahalin Mo Lang Ako,Janno Gibbs
9574,LAMBINGAN,Kontagious
9576,LUMILIWANAG,Moonstar 88
9577,Could Have Been The One,Christian Bautista
9578,HINDI NA SANA,Zelle
9579,HIGHWAY,Kitchie Nadal
9580,FALLING AWAY,Miguel Escueta
9581,COFFEE BREAK,Zelle
9582,NAWAWALA,6 Cyclemind
9583,There You'll Be,Nina
9584,OVER AND OVER,Hale
9585,SABAY-SABAY TAYO,Marian Rivera
9586,Heartbreak,Six Part Invention
9587,Tikman,Sugarfree
9588,FX,Pedicab
9589,One,Cueshe
9590,DRIFT,Cueshe
9591,Hanggang,Gerald Santos
9593,Bugbog Sarado,Itchyworms
9594,Hindi Ako Susuko,Rivermaya
9595,Checkmate,Rivermaya
9596,Senti,Moonstar 88
9597,Ikaw Lang Ang Iibigin,Lambert
9599,All This Time,Six Part Invention
9600,Ala-ala Niya,Piolo Pascual
9601,Alapaap,Eraserheads
9602,Aminin,Rachel Alejandro
9603,Ang Himig Natin,Juan dela Cruz Band
9604,Angel Eyes,Piolo Pascual
9605,Another Goodbye Song,Van Louelle Pojas
9606,Asya,Bayang Barrios
9607,Babae Na Ako,Zsa Zsa Zaturnah Musicale
9608,Bakit Ba Ikaw,Lani Misalucha
9609,Can Never Be Me,Carol Banawa
9610,Cold Summer Nights,Francis M.
9611,Cradle Me This Christmas,Regine Velasquez
9612,Crush Kitang Talaga,Fruitcake
9613,The Greatest Day,Kitchie Nadal feat Barbie Almabis
9615,Higpit Ng Yakap,Patricia Javier
9616,I Still Believe In Love,Jaya
9617,I Will Be Here,Gary V.
9618,I'll Be Around,Jed Madela
9619,It's You I Cannot Do Without,Jaya
9620,Kahit Habang Buhay,Smokey Mountain
9621,Kung Maaalala Mo,Eric Santos
9623,"Malayo Man, Malapit Din Ako",Bayang Barrios
9624,Mamahalin,Yasmien Kurdi
9625,Manhid,Regine Velasquez
9626,Noon At Ngayon,Carol Banawa
9627,Pag Tumatagal Lalong Tumitibay,Decadas
9628,Sa Yahweh Ang Sayaw,Gary Valenciano
9629,Until Then,Gary Valenciano
9630,What You Are To Me,Regine Velasquez
9631,You,Erik Santos
9632,You Do,Agot Isidro
9633,Buhay at Pag-ibig Ko,Lani Misalucha
9634,COZ I BELIEVE,Jessa Zaragosa
9635,Follow Your Dreams,Sheryn Regis
9636,Heartbreak Song,Kim Chiu
9637,I THINK I'M IN LOVE,Kuh Ledesma
9638,Isang Ulit Man Lang,Lani Misalucha
9639,Just A Minute,Rachel Alejandro
9640,Just Can't Say,Yeng Constantino
9641,Paalam,Faith Cuneta
9642,Paano Maibabalik Ang Kahapon,Jed Madela
9643,Sana Man Lang,Roselle Nava
9644,Something In Your Eyes,Claire Dela Fuente & Richard Carpenter
9645,Special Memory,Iwi Laurel
9646,SUMMER DAY,Barbie Almalbis
9647,Tuldok,Asin
9655,You Changed My Life In A Moment,Sarah Geronimo
9656,Last Days On A Cruise Ship,Bamboo
9657,Antukin,Rico Blanco
9659,A Million Miles Away,Joey Albert
9660,Ako Ay Pilipino,Kuh Ledesma
9661,Amats,Parokya Ni Edgar
9662,Ang Buhay Nga Naman,Freddie Aguilar
9663,Ang Pipit,Pilita Corales
9664,Ang Tangi Kong Pag-ibig,Noel Cabangon
9665,Baka Lasing Ka Lang,Patricia Javier
9666,Bakit Ako Mahihiya,Dulce
9667,Boracay Ang Isla Ko,Father & Sons
9668,Both Still Here,Father & Sons
9669,Catch You,Agot Isidro
9670,Daddy Sana'y Kapiling Ka Sa Pasko,Father and Sons
9671,Darling Wag Naman Sa Christmas,Father & Sons
9672,Dear Heart,Sharon Cuneta
9673,Di Na Lalayo Sa Pasko,Father & Sons
9674,Don't Give Me Your Promise,Ariel Rivera
9675,Durian,Joey Ayala
9676,Eversince,Zsa Zsa Padilla
9677,Find The Child Hiding In You,Gino Padilla
9678,FIREWOMAN,Hungry Young Poets
9679,For All Of My Life,MYMP
9680,Full Of Love,Ella Mae Saison
9681,Tuyo Ng Damdamin,Silent Sanctuary
9682,Gusto Ko Ng Lumigaya,Pops Fernandez
9683,Hands Of Time,Gino Padilla
9684,Happy Christmas,Noel Cabangon
9685,Hindi Lang Sana Sa Pangarap,Rachel Alejandro
9686,Hold On,Side A
9687,Huwag Mong Itatanong,Toni Daya
9688,I Dream Of Christmas,Ariel Rivera
9689,I Love You Goodbye,Nina
9690,Ihip Ng Hangin,The Company
9691,Ikaw Ang Aking Pangarap,Sarah Geronimo
9692,Ikaw Ang Kailangan Ko,Anna Fegi
9693,Ikaw At Ako Parin,Rica Arambulo
9694,Is it Over Now,Nina
9695,Just Say You Love Me,Pops Fernandez
9696,Kailan Kaya,Sheryn Regis
9697,Kung Ako Na Lang Sana,Chad Borja
9698,Lab Na Lab Kita,Fathr & Sons
9699,Laging Mayroong Bukas,Pat Castillo
9700,Lampas Langit,Father & Sons
9701,Let Me Love You Baby,Tribe of Levi
9702,LOVE LETTER,Kitchie Nadal
9703,LOVE'S SO BEAUTIFUL,Noel Cabangon
9704,MANA-MANA LANG `YAN,Gary Granada
9705,MAY MINAMAHAL,Rachel Alejandro
9706,May’ron Pa Ring Pag-ibig,Jaya
9707,Minsan Lang,Martin Nievera
9708,Minsan Sa Isang Panahon,Kuh Ledesma
9709,Napamahal Ka Na,Jolina Magdanagal
9710,Nasaan Ka Paano Ako,Kuh Ledesma
9711,Nasasaktan,Reuben Laurente
9712,Ngayong Pasko,Bayani Agbayani
9713,NGAYO'Y NARIRITO,Jay R
9714,One More Try,Kuh Ledesma
9715,Pag-ibig Sa Tag-Araw,Beth Del Rosario
9716,Pain,Martin Nievera
9717,Pangako Sa'yo,Sharon Cuneta
9718,Pa'no Kaya,Ella Mae Saison
9719,"Pasko Na, Pasko Na",Noel Cabangon
9720,Sa Aking Tabi,Jaya
9721,Sana Lagi,Jasmine Trias
9722,SARANGGOLA SA ULAN,Gary Granada
9723,Sasakay Sa Pangarap,Yeng Constantino
9724,Stay With Me,Nina
9725,Tayo Pa Ring Dalawa,Ariel Rivera
9726,Tayong Dalawa,Regine Velasquez
9727,TWICE BROKEN,JESSA ZARAGOZA
9728,Wala Kang Katulad,Ariel Rivera
9729,Walang Pangarap Kundi Siya,Zsa Zsa Zaturnah Musicale
9730,When You Smile,Arnee Hidalgo
9731,Wherever I Go,Pops Fernandez
9732,Without You,Joey Albert
9733,You Make Me Smile,Carol Banawa
9734,Agent Orange,Slapshock
9735,Away Bati,Yeng Constantino
9736,Back In Your Arms,Joanne Lorenzana
9737,Dahil Minahal Mo Ako,Sarah Geronimo
9738,Free,Jed Madela
9739,Grateful,Julianne
9740,I Believe,Arnee Hidalgo
9741,Ikaw Pa Rin,Piolo Pascual
9742,Iniibig Kita,Jed Madela
9743,Kasalanan Ko Ba,Mark Bautista
9744,Kung Iniibig Ka Niya,Laarni Lozada
9745,Manunumbalik Lamang,Yasmien Kurdi
9746,Nananaginip Ng Gising,Sarah Geronimo
9747,Paris,Chicosci
9748,Patuloy Pa Rin,Yasmien Kurdi
9750,Sa Akin Lang Sana,Yasmien Kurdi
9751,Tanging Kasama,Christian Bautista
9752,The Search Is Over,Jed Madela
9753,Tumatakbo,Mojofly
9754,Underground River,Girl Valencia
9759,Back in Time,Kyla duet with Jay-R
9760,Kumot At Unan,Richard Poon
9761,Walang Iwanan,6 Cycle Mind
9763,44317,Archipelago
9764,Simple Lang,Ariel Rivera
9765,Banana,Blank Tape
9766,Hintay,Callalily
9767,Limutin Na Lang,Christian Bautista
9770,Ikaw Pa Rin,Letter Day Story
9771,Old Friend,Kyla
9774,Miskol,Kerubin
9775,Tabi,Paraluman with Kean of Callalily
9776,Photograph,Paolo Santos
9777,And I Love You So,Regine Velasquez
9779,Tayong Dalawa,Gary Valenciano
9780,Always You,Charice
9781,I'll Never Get Over You Getting Over Me,Karylle
9782,Love Will Set Us Free,The Dawn
9783,Almost Over You,Karylle
9784,Maybe This Time,Martin Nievera
9785,So Be It,Hilera
9786,Kung Di Rin Lang Ikaw,Sitii
9787,Manila,Sandwich
9788,Ayt,Spongecola
9789,Sandali Na Lang,Hale
9790,MUNTING HILING,Willie Revillame
9791,HAVEN'T STOPPED LOVING YOU,Janno Gibbs
9792,SILONG NA,Willie Revillame
9794,ANG AKING PUSO,Janno Gibbs feat. Kyla
9795,AKALA KO AY IKAW NA,Willie Revillame
9796,Ikaw Na Nga,Willie Revillame
9797,Wala,Kamikazee
9801,A Long And Lasting Love,Kuhe Ledesma feat. Gary V.
9802,Minsan,Cueshe
9803,Ako'y Sa'yo,Regine Velasquez
9804,Nalilimutan Mo Na Ba,Jennylyn Mercado
9805,Sulyap,Manibela
9806,Wait For You,Kyla
9807,A Day On A Rainbow,Gerald Santos
9808,Angel Of Mine,M.Y.M.P.
9809,I Don't Want You To Go,Kyla
9810,Say That You Love Me,Kyla Feat. Jay-R
9811,Kung Pwede Lang Sana,Bugoy Drilon
9815,Gusto Ko Lamang Sa Buhay,Itchyworms
9816,Magkasuyo Buong Gabi,Regine Velasquez and Janno Gibbs
9819,Hanggang Sa Dulo Ng Walang Hanggan,Basil Valdez
9823,One Little Kiss,Sarah Geronimo
9824,Teacher's Pet,Pupil
9825,What I Do Best,Sheryn Regis
9826,Ayus,Rico Blanco
9827,Baby It's Time,Rachelle Ann Go
9828,Bakit Ba?,Bugoy Drilon
9829,Can't We Try,Toni Gonzaga
9830,Di Ko Sadya,Jay-R
9831,Di Nagpaalam,Brenan
9832,Hay Naku,Silent Sanctuary
9833,I Don't Have The Heart,Kyla
9834,I Miss You So Much,Kyla
9835,Kahit Na,X-Crew
9836,Kakayanin Ko Ba,Ariel Rivera
9837,Kaya Mo Bang Ibalik,Jennylyn Mercado
9838,Kung Kaya Ko Lang,Callalily
9839,Laughter All The Time,Gary V.
9840,Kapag Tumibok Ang Puso,Donna Cruz
9841,Leslie,Rocksteddy
9842,Maalala Mo Sana,Silent Sanctuary
9843,Miles Away,Kuh Ledesma
9844,Note To God,Charice Pempengco
9846,Ang Pusa Mo,Pedicab
9847,Crazy For You,M.Y.M.P.
9848,Minsan Pa,Faith Cuneta
9849,My Eyes Adored You,Sam Milby feat Toni Gonzaga
9850,One Of These Days,Pops Fernandez
9851,Over And Over,Joey Albert
9852,Sana'y Malaman Mo,OJ Mariano
9853,Idlip,Imago
9854,Manalig Ka,Laarni Lozada
9855,Old Friend,Kyla
9856,Lahat Ng 'Yan,Bugoy Drilon
9857,Time To Say Goodbye,Nina
9858,You Are My Obsession,Rachelle Ann Go
9859,My Heart Has A Mind Of Its Own,Christian Bautista
9860,Ikaw Ang Pag-ibig Ko,La Diva
9861,Sana Na Lang,Blue Ketchup
9862,Lihim,Zelle
9865,Alipin Ako,Laarni Lozada
9866,Balisa,Angel Mocatuno
9867,Dalawa'y Naging Isa,Michael V. and Spice Gays
9868,Di Magdadalawang Isip,Jolina Magdangal
9869,"Please, Don't Touch My Birdie",Parokya Ni Edgar
9870,Hindi Mo Ba Alam,Siakol
9871,Ikaw Lamang,Zsa Zsa Padilla
9872,Ikaw Lang Ang Iibigin,Jessa Zaragoza
9873,Kahit Minsan Lang,Lilet
9874,Kaya Ko Ba,Rachel Alejandro
9876,Maalala Mo Pa Rin,Richard Reynoso
9877,"Mahal Kita, Mahal Mo Siya Mahal Niya Ay Iba",Sharon Cuneta
9878,May Isa Na Namang Kumagat Sa Alikabok,Michael V.
9879,Never Give Up,Erik Santos and Christian Bautista
9880,OH BABE,JEREMIAH
9881,Power Of The Dream,Toni Gonzaga
9882,Sa Kuko Ng Agila,FREDDIE AGUILAR
9883,Sabi Mo Sa Akin Binata Ka,Mae Rivera
9884,Sana'y Dinggin Mo,Mark Bautista
9885,Sa 'Yo Lang(Paint My Love),Renz Verano
9886,Simulan Mo Sa Isang Pangarap,Bugoy Drilon
9887,Sino Ang Baliw,Basil Valdez
9888,So Heartbroken,Sarah Geronimo
9889,Tao Lang Ako,Yeng Constantino
9892,Journey,Leah Salonga
9894,Init Sa Magdamag,Sharon Cuneta And Nonoy Zuniga
9896,Cast Of Clowns,Wolfgang
9904,Bahay Kubo,Hale
9905,Kasalanan,6 Cyclemind ft. Gloc 9
9906,Upuan,Gloc 9 feat. Jeazell Grutas
9907,Higante,Ely Buendia & Fransis M.
9908,50 Ways To Leave Your Lover,Bamboo
9909,Nagmamahal Ako Ng Bakla,Dagtang Lason
9975,Let The Pain Remain,Side A
9991,Salita,Angulo
9992,Lapit,Yeng Constantino
9993,Human Nature,Billy Crawgord
9994,Tell Me Your Name,Christian Bautista
9996,Misis Fely Nimfa Ang Pangalan,Itchyworms
9997,Hanggang Tingin,Kamikazee
9998,Up Up Down Down,Krissy and Ericka
10003,Adlaw Gabii,Dulce
10005,Agbabaket,Jay-Ar Abella
10007,Ako si Virginio,Pirot
10009,Akong Kalipay,Kabobo
10011,Albularyong Buta,Max Surban
10012,Amateur Hour,Max Surban
10013,Ampinging Mga Bulak,Pilita Corales
10015,Ang Akong Valentina,Max Surban
10018,Ang Langit Day Nahibalo,Jaime Salazar
10019,Ang Manila,Max Surban
10020,Ang Mausab Dili Gayud Ako,Pilita Corales
10021,Ang Trato Ko,Max Surban
10022,Ang Walog Sa Luha,Edna
10023,Angay Na Ba,Indephums
10025,Angelita San,Max Surban
10027,Apan Wala Ka Na,Johar Lapasaran
10028,Arrozcaldom Corazon,Doming
10029,Aw Diay,Max Surban
10030,Awit Na Kanta,Yoyoy Villame
10031,Babaeng limbungan,Max Surban
10039,Baruganan,Ben Noynay
10041,Bassit A Trak,Jack Perez
10046,Bibingka Nen Maria,Insiyong
10050,Bisan Ang Kalibutan Magdumili,Del Horest
10051,Bisan Pa,Wet Slippers
10052,Bisaya (Tagalog),Max Surban
10053,Bisyoso,Toothpick Band
10054,Bol-anon,Max Surban
10058,Buak,Indephums
10059,Bugno Sila,Max Surban
10061,Bunga Sa Akong Damgo,Max Surban
10062,Buta,Ruth Vergara
10063,Butigon Ka Gali,Max Surban
10065,Carmela,Del Horest
10066,Carmen Damgo Ko,Joel Baclayon
10069,Combo Lata,Max Surban
10071,Dalaga Ka Na Carmelita,Max Surban
10073,Damgo Ang Tanan,Rene Cruz
10075,Detang Malambing,Tirso Romantiko
10076,Di Kamao,Max Surban
10077,Di Madutlan,Assembly Language
10078,Di Na Gyud Ko Mo Usab,Max Surban
10080,Diak Maawatan,Tuesday Vargas
10083,Dili Pahilakon,Max Surban
10087,Drayber Nga Makalolooy,Max Surban
10089,Dughang Guba,Lee Soledad
10093,Gilumsan Ako,Janet Basco
10094,Gimingaw ako,F. Peregrino
10095,Grango,Max Surban
10097,Gugma Idalom Sang Kahoy,Max Surban
10099,Gugma Sa Tigulang,Max Surban
10101,Gugmang Ga Aso-Aso,DJ Rowel
10102,Gugmang Gia-hak,Brownian Method
10103,Hain ang Utlanan,J. Lagartija
10104,Hain Ka Na Karon,On and Off Band
10105,Hambugerang Silingan,Max Surban
10106,Happy Birthday Akong Mahal,Max Surban
10107,Haring Solomon,Boy Sulivan
10109,Hikalimtan Mo Na Ba,Victor Wood
10115,Hubag,Thavawenyoz
10116,Hubog,Slingshots
10117,Hugasan Sa Luha,Max Surban
10118,Hukmi Ninyo Ako,Max Surban
10120,I Love My Teacher,Max Surban
10121,Igo Na Day,Max Surban
10123,Ikaw Mao Ang Langit Ko,Dodong Sanchez
10124,Ikaw Ra Gang,DJ Rowel
10125,Ilamba Ibonal,Max Surban
10127,Impyerno Kuno,Max Surban
10136,Istorya,Assembly Language
10141,Kaluoy Lubot,Kanteen
10144,Kamingaw sa Payag,Dulce
10146,Kampo ni Ladio,Pirot
10147,Kanser,Yoyoy Villame
10148,"Kapait, Kasakit",Max Surban
10151,Kapet-Kapet,Gerald Arellano
10152,Karabaw Ingglis,Max Surban
10154,Karnabal Sa Pista,Max Surban
10156,Kasadya Ning Tanaa,Mga Siloy
10158,Kastoy Ni Ayat,Sylvia Gaoiran
10159,Katipunero,Max Surban
10162,Kondisyones Ni Ayat,Melo Santiago
10163,Comparsa Vs. Orkestra,Max Surban
10165,Kunsomido,Max Surban
10169,Lawas,Max Surban
10174,LQ,MANTEQUILLA
10178,Maayo Di Maminyo,Yoyoy Villame At Max Surban
10182,Maghulat Ako,Max Surban
10184,Maluibon Cha Cha,Max Surban
10186,Manok Ni San Pedro,Max Surban
10189,Mao Kaha Kini Ang Gugma,Thavawenyos
10191,Mapul-Anon,Wetslippers
10193,Matin-aw Ang Langit,Pirot
10194,Matud Mo,D. Horest
10198,Mga Pagsulay,Abscond
10199,Mibalik ako,E. Losenada
10200,Miss Lee,Max Surban
10201,Motokoy,Yoyoy Villame
10202,Mr. And Mrs.,Max Surban
10204,Na In-Love Ka,Max Surban
10206,Naglibog,Jayr Siaboc
10208,Nahanaw Ang Tanan,Dinomics Artist
10211,Nangabayot Sila,Max Surban
10212,Nangokoy Ako Ni Santa Klawos,Max Surban
10213,Nanguyab,On And Off
10214,Nansinan,Insiyong
10215,Nawong Bato (Pusong Bato Bisaya Version),Taligsik Band-
10217,Ngano Ba Gugma,Pilita Corrales
10218,Nganong Mipakita Ka,Pilita Corrales
10221,O Cebu,Susan Dalmacion
10224,Ok Ok Wa Na Koy Say,Max Surban
10225,Okay Okay,Max Surban
10226,Olivia,Cencio Arias
10227,Opaw,Max Surban
10228,Pagkatam-is,Yoyoy Villame
10229,Pagmahay,Hand Of God
10230,Pamilyang Yonik,Max Surban
10233,Paminawa,Mantequilla
10235,Pangabuhi sa Uma,Sammy Rubido
10236,Paningkamot Ug Panikaysikay,Onie Oclarit
10237,Panterter Na Luak,Analyn Servinias
10240,Pasayloa Kon Ugaling Nasayop Ako,Dulce
10243,Pastilan Kanimo No.1,Max Surban
10244,Payag Luyo Sa Bungtod,Max Surban
10246,Poor Boy Makalolo-oy,Max Surban
10247,Promo Girl,Max Surban
10248,Puno Sa Gugma,Zenith Rivera
10250,Pwerting Hubaga,Max Surban
10251,Rebintador Rock,Max Surban
10252,Relax Lang,Max Surban
10253,Ayaw Pagsaad (LDR),Gerlyn And Paul
10254,Rosas Pandan,Asin
10255,Sa 14 Pa Ako,Max Surban
10258,Sa Kidhat Mo,Josephine Cawit
10259,Sa Libis Ng Nayon,Mabuhay Singer
10260,Sa Una Natong Panagkita,Jaime U. Salazar
10261,Sabungero,Max Surban
10264,Salakot (Tagalog Version),Pilita Corrales
10266,Salingsing Sa Kasakit,Isabel Rivero
10267,Sangla Lupa Punta Saudi,Yoyoy Villame
10268,Seaman,Max Surban
10269,Si Elyang Ug Tibor,Max Surban
10271,Sikat Na Pangit,Yoyoy Villame
10273,Simba Simbako,Max Surban
10278,Sugta Intawon,Max Surban
10281,Tang-go,Yoyoy Villame
10284,Tigmo,Yoyoy Villame
10285,Tilawan Ta,Max Surban
10286,Baklalero,Tirso Romantiko
10287,Kolektor Ning Bangko,Tirso Romantiko
10288,Torpe ka,Susan Dalmacion
10290,Ulan,Max Surban
10292,Unsa Ning Tamaa,Jimmicycle
10296,Way Enak Inam Ammo,Jefferson Anton
10297,Way Sama Ang Gugma Sa Dios,Dominguez Pagas
10298,Work While You Work,Max Surban
10300,Agriing Kayon Kailian,Norbie Quiambao
10301,Al-Allia,Norbie Quiambao
10302,Albularyo A Palpak,Norbie Quiambao
10303,Aldaw Ti Naikari,Melo Santiago
10304,Ayat A Di Sumngaw,Doming
10305,Babai A Napili,Norbie Quiambao
10307,Dagiti Bannuar,Noralyn Domingo
10309,Sipot-Sipot,Aprilyn Velasco
10312,Nagkallong,Doming
10315,Inggon Dumaralos,Gusting (Pangasinan Song)
10316,Miarowan,Ed Guwapo (Pangasinan Song)
10317,Nansinan,Insiyong (Pangasinan Song)
10501,AGAS,Butchiki dela Cruz
10505,AGMURMURAY KA,Melo Santiago
10506,"AGPAKADAAKON, AYAT KO",Grace Rosqueta
10507,AGRAMBAK TAYO,Melo Santiago
10508,AGSALA-SALA TA,Jennalyn Salviejo
10511,AGSUBLIKAN,Lea Dansalan
10513,AGWATWAT (EXERCISE),Gemma Rojas & Jennalyn Patron
10516,AKO NA GUD NI,Max Surban
10517,AKONG BIRTDI,Max Surban
10524,Apay Ikalangnak,Gemma Rojas
10525,Apay Nga Inayat Nak,ADELAIDA RAMONES & Randy Corpuz
10526,Apo Bumalay,Melo Santiago
10527,Apoy Ditoy Pusok,Gemma Rojas
10528,Arak,Lea Dansalan
10529,Arapaap,Sylvia Gaoiran
10531,Ari Ti Amin Nga Ari,Melo Santiago
10536,Awanen Serbina,Lea Dansalan
10539,Ayat Mi A Lallaki,Grace Saddam
10542,Bababero,Sylvia Gaoiran
10543,Balakad Mo Kaniak,JR Bataan & Reyshelle Galinato
10544,Balasang Ti Away,Grace Saddam
10547,Bannatiran,Melo Santiago
10550,Flora,Dading & Ester Alferez
10551,Gaksa,Del Horest
10554,Gasat,Iyaman
10558,Gold Digger,Butchiki dela Cruz
10560,Gugma Sorry Na Lang,Max Surban
10563,Sabalan,Abdillah
10566,Sabsabong Ti Away,Noralyn Domingo-Yabes
10567,Sadinno Ti Ayan Mo,Grace Saddam
10568,Saligi,Del Horest
10571,Sampay Kuhnu,Abdilla
10572,Samtang Ako May Kinabuhi Pa,Fred Bernabe
10574,Saniweng Ti Paskua,Melo Santiago
10576,Sapay Koma,Randy Ramolete
10578,Second Hand,Max Surban
10579,Seknan Ni Ayat,Sylvia Gaoiran
10581,Sidong Sabali Naragsak Kay A Dua,Lea Dansalan
10582,Sika Ket Banuar,Grace Saddam
10584,Sika't Kapatgan,Noralyn Domingo-Yabes
10585,Sikat Raniag,Grace Saddam
10586,Siksika,Randy Corpuz & Adelaida Ramones
10587,Soka Inday,Dading Alferez
10591,Suratan,Abdilla
10592,Susa Atay Dayang,Abdilla
10593,Sweet 16,Sylvia Krystel Gaoiran
10594,Tagtaginep,Grace Saddam
10595,Tarzan Ken Barok,Butchiki dela Cruz
10597,Ti Arapaap Ko,Jay-R Bataan
10600,Toy Ayat Ko,Adelaida Ramones
10601,Umay Kam Makiaguinaldo,Melo Santiago
10602,Umuna A Pagsak,Jennalyn Patron
10604,Unang Pagtan-aw Sa Sine,Max Surban
10606,Usa Ka Higayon,Mil Villareal
10609,Veronica,Dhel Horest
10612,Barkong Karaan,Max Surban
10613,Bartek,Grace Saddam
10617,Biag Ti Announcer,Jerry Martinez
10618,Biag Ti Hawaii,June Ollaesma
10620,Bituen A Naraniag,Melo Santiago
10625,Bulan,Gibbs Cabaral
10627,Combo Lata,Max Surban
10628,Conchita,Dading & Ester Alferez
10634,Daytoy Ladawam,Jennalyn Patron
10636,Diak Gamden,Jennalyn Salviejo
10638,Diak Maisuro Toy Riknak,Noralyn Domingo-Yabes
10639,Diakto Mammengga,Jenalyn Salviejo
10644,Dili Dili Mahimo,Dhel Horest
10645,Dimtengen Diod Apo,Melo Santiago
10646,Dinak Pabasolen,Eden Abarra
10649,Dua Kami Dita Pusom,Lea Dansalan
10650,Duadua,Grace Saddam
10658,Hardin Ni Masetas,Noralyn Domingo
10660,Hiniktan Ni Kumpare,Max Surban
10663,Ikaw,Harana Cebuano
10666,Ikaw Ang Langit Ko,Harana Cebuano
10670,Inday Intawon Balik Na,Max Surban
10673,Irut Nga Arakop,Grace Saddam
10675,Joggin-Jogging,Butchiki dela Cruz
10678,Kabalyero,Gemma Rojas & Jennalyn Patron
10679,Kagahapon,Del Horest
10682,Kappia,Grace Saddam
10683,Karik Kenka,Adelaiada Ramones
10687,Kasano-ak Pay Itan,Ed Dugay)
10688,Kasapulan Kadi,Grace Saddam
10689,Kastoy Ni Ayat,Sylvia Gaoiran
10691,Kawitan,Gemma Rojas & Jennalyn Patron
10696,Kulas,Butchiki dela Cruz
10697,Kumusta Ka,JR Bataan
10700,Kuntis Sa Hambog,Max Surban
10701,Kuradang,Max Surban
10703,Laglagipem Awan Naglurangak,Lea Dansalan
10705,Langit Ug Yuta,Pilita Corales
10707,Libakera,Max Surban
10710,Lukatak Pusom,Grace Saddam
10714,Makipaspaskua Kami,Melo Santiago
10716,Malasa Magtunang,Abdilla
10719,Mamiss Ka Ayat Ko,Jovy Orbeta
10720,Manggang Hilaw,Max Surban
10723,Martir Nga Ayat,Grace Saddam
10724,Matud Nila II,Del Horest
10726,May Gitago Kong Pagbati,Harana Cebuano
10728,Medalya Ni San Pedro,Max Surban
10729,Medley Pasayawa Ko Day,Dulce & Milyo Naryo
10733,Misanag Pagbalik,Del Horest
10734,Way Buli Rapat,Abdilla
10737,Montanosa,Iyaman
10739,Musika Iti Biagko,Lea Dansalan
10740,Na Ulpit Ni Ayat,JR Bataan
10741,Naamas Ay Unga,Iyaman
10742,Nadalus A Paraangan,Melo Santiago
10743,Nagahulat Ako Pinangga,Dading & Ester Alferez
10745,Naglemmesak Ti Lulua,Jovy Escalante
10746,Nagmahay Ako,Harana Cebuano
10747,Nagpaiduma Nga Ayat,Grace Saddam
10751,Nagsaway A Pintas Mo,ADELAIDA RAMONES & RANDY CORPUZ
10752,Nahanaw Ang Tanan,Harana Cebuano
10753,Naisangsangayan A Pasken,Melo Santiago
10757,Naranggas Ni Ayat,Grace Saddam
10758,Narigat Ti Aginnadayo,(R Bataan Lyn Villantes
10760,Nasapsapa La Koma,Gerry Martinez
10761,Ngano,Harana Cebuano
10769,Pakandangan,Abdilla
10770,Palsipikado,Max Surban
10772,Panagkallaysa,Noralyn Domingo-Yabes
10775,"Papa, Oh, Papa!",Gemma Rojas & Jennalyn Patron
10776,Parbo Nga Ayat,Grace Rosqueta
10779,Piman A Puso,Jay-Ar Bataan
10780,Probinsiyana,Vilmer Tindoc
10781,Putli,Del Horest
10783,Ragsak A Di Agsarday,Noralyn Domingo-Yabes
10784,Rebbeng Na Kadi,Adelaida Ramones
10785,Rigat Ken Nam-Ay,Jun Ollaesma & Grace Saddam
10786,Riribok Toy Biagko,Lea Dansalan
10801,Diay Baybay,Faye Tangonan
10826,Diak Maisuro Toy Riknak,Noralyn Domingo
10827,Diay Baybay,Faye Tangonan
10845,Manang Biday,Katutubong Awitin/Folk Songs
10858,Naraniag A Bulan,Faye Tangonan
10859,Naraniag,Faye Tangnonan
10866,No Addan Sabali,Elvis Park
10869,No Siak To,Theresa Palting
10876,Panagkakabsat,Jeramil Parucho
10880,Ragsak A Di Agsarday,Noralyn Domingo
10884,Selos,Jesabel Alonzo
10886,Siakto Ti Agayat,Theresa Palting
10897,Bicolana,Nonoy
10899,Maybe This Time (Bicol Adaptation),Nonoy
10900,Nagtanom Ako,Bert Dominic
10902,Pungaw Ako,4rk Barrel
10908,Ipariknam Layad Mo,Bigis 4
10925,Pusong Bato (Kapampangan Version),White Lies
10926,Totoy Bato (Tribute),Tirzo Romantiko
10943,"Si Pilemon, Si Pilemon",Tagalog Version
10946,Hulagway,Bingbing Veloso
10947,Birthday Party,Max Surban
10948,Gabi't Araw,Dulce
10949,Hagki Sa Makadaghan,Victor Wood
10951,Katahum Sa Yamog,Girlie Lapinid-Las Pinas
10952,Bisaya Ko Irespeto Ko,Gerlyn Abano Johnel & Bucog
10953,Tungod Sa Awit,Pilita Corrales
10954,Samtang Ako May Kinabuhi Pa,Del Horest & Shake
10960,Waray Sugad,Cielo Tibe
10973,Anongkot,Ka Tero Elgincolin
10974,Binibining Masinloc,Randy Echon
10976,Hanggang Main Biyay,Randy Echon
10978,Hika Ot Wari,Ramonte
10979,I Love Candelaria,Randy Echon
10984,Sa Tamang Oras,Baysix Band
10985,Tunay Na Nagmamahal,Randy Echon
10987,Camiguin Song,Camiguin
10988,Maysa A Dayag,Joel Tolentino
10989,Anak Dalita,Dr. Francisco Santiago
10990,Pandangguhan,Eva Eugenio
10994,Alan Darling Ko,Doming
11001,Hiling,Silent Sanctuary
11002,Bangon,Rico Blanco
11003,You Make Me Feel,Kyla
11005,Wala Kang Katulad,Spongecola
11006,Nananaginip,Callalily
11007,Kalesa,Hale
11009,Hanggang Sa Muli,Kenyo
11010,Lifeline,Kjwan
11013,Simulan Mo Na,Pedicab
11014,You,Rhian Ramos
11015,Hay Buhay,Sugarfree
11016,Hatak,The Dawn
11021,Bilog Na Hugis Itlog,Sexbomb Girls
11022,Makapiling Ka,Spongecola
11023,Pyramid,Charice ft Sean Kingston
11024,Crazy Crazy,Pop Girls
11025,Half Crazy,Freestyle
11026,Martilyo,Gloc 9 ft Dex of LDS
11027,Wag Kang Magtatanong,Yeng Constantino
11028,Pusong Ligaw,Jericho Rosales
11029,Pananagutan,Bugoy Drilon
11030,Unang Tikim,Kamikazee
11032,Muli,Bamboo
11034,Harinawa,Hale
11035,Taas Noo,Amber Davis Feat. Gloc 9
11036,Torres,Mayonnaise
11037,Putik,Sandwich
11040,Hitik Sa Bunga,Brownman Revival
11041,Not Like The Movies,KC Concepcion
11042,Parang Si Ely Buendia,Soapdish
11046,I Don't Want To Fall,Juris
11047,Di Lang Ikaw,Juris
11048,Gusto Ko Lang Ng Girlfriend,Eevee
11050,Magbabalik Ka Pa Ba,Nikki Gil
11051,Picture Picture,Tanya Markova
11052,Gabay,Callalily
11053,Bathroom Dance,Michael V.
11055,Please Be Careful With My Heart,Jose Mari Chan
11056,Please Be Careful With My Heart,Jose Mari Chan
11057,Nariyan Ka,Juris
11058,Araw-Araw Na Lang,Aegis
11061,I Never Cry,Iya Villana
11062,If I Give You My Heart,Toni Gonzaga
11067,Itaga Mo Sa Bato,Juris
11069,Galing Ng Pinoy,Yeng Constantino
11070,How Could I,Paraluman
11083,Kalayaan,Bamboo
11085,Kahit Na,Kiss Jane
11086,Lamok,Escabeche
11087,Yun Lang,True Faith
11127,Kung Wala Na Nga,"6Cyclemind Feat. Yeng Constantino, Kean Cipriano"
11141,Dahil Mahal Na Mahal Kita,Roselle Nava
11147,Yakap,Hale
11170,Aso't Pusa,Hale
11171,Jejemon (Buster Phunk Mix),Blank Tape
11173,You Still Have My Heart,Princess
11176,Love Will Keep Us Together,Sarah Geronimo
11177,Magkaibang Mundo,Hale
11178,Ulap,Hale
11180,Gaan,Archipelago
11182,I'll Be There,XLR8
11183,You're So Hot,XLR8
11184,Like An Eskimo,Slapshock
11185,Simulan Na Natin,Kenyo ft HI-C
11186,Neon Lights (Nebula),Rico Blanco
11187,Sayang Sayang,Aljur Abrenica
11200,Ikaw Lang (Endless Love OST,Rachelle Ann Go
11201,Huwag Kang Matakot,Eraserheads
11202,Torpedo,Eraserheads
11203,Tadhana (Ilumina OST),Up Dharma Down
11204,Pag-ibig Na Tunay (Pilyang Kerubin OST),Julie Anne San Jose
11205,Red Heaven,General Luna
11206,Afraid For Love To Fade,Christian Bautista
11208,Baliw,Kiss Jane
11209,Sama-Sama,Letterday Story
11210,Suplado Ka Pala Sa Personal,Itchyworms
11211,Opposites Attract,Juris
11212,Bata,"BBS, Kean And Madeline"
11236,All Me,Toni Gonzaga
11237,In Your Eyes,Rachelle Ann Go
11238,Moving,Malay
11239,Alay,Kamikazee
11240,Damdamin Ko Sa'yo,Regine Velasquez
11241,Coz I Believe,Jessa Zaragosa
11242,Foolish Heart,Nina
11243,Pagbabalik,Lolita Cabron
11244,Pangarap Na Bituin,Sharon Cuneta
11245,SPOLIARIUM,IMAGO
11246,Tukso,Eva Eugenio
11247,Usok,Asin
11248,Meron Ba,Kjwan
11249,Sige Sayaw,Pop Girls
11284,People Are Crazy,Billy Currington
11328,Disney,Tanya Markova
11329,Hangover,Sugarfree
11330,I Love You Girl,XLR8
11331,Liwanag,Julianne
11334,Takipsilim,KC Concepcion
11355,She Said,Plan B
11381,Ang Huling Yakap Ng Mundo,Imago
11392,Did It Ever,Gary V.
11393,I Remember The Girl,Christian Bautista
11394,Hanggang Sa Dulo Ng Aking Buhay,April Boy Regino feat. JC Regino
11395,Di Na Ako Iibig Pang Muli,April Boy Regino and Jc Regino
11396,Ayos Lang Ako,Rocksteddy
11397,Can't Get Enough,Young Jv ft August Rigo
11398,Back To Love,Quest ft Nimbus
11399,Going Nowhere,Hilera
11400,Lakad,Sandwich
11401,Paano,Letter Day Story
11402,Pangako,Cueshe
11403,You Don't Know,Regine Velasquez
11404,Naked,Salamin
11405,This Kind Of Silence,Typecast
11406,Time Machine,Nyoy Volante
11407,Waiter,Eevee
11408,Wasak Watlz,Ely Buendia ft Fancis M
11409,Yakap,Ogie Alcasid
11411,Don't Say You Love Me,Krissy & Ericka
11412,What's Your Poison,Chicosci
11413,Jeepney Love Story,Yeng Constantino
11414,Pakiusap Lang Lasingin Nyo Ako,Parokya Ni Edgar
11415,Nandito,General Luna
11417,Reset,Charice
11420,Kung Wala Ka,Nikki Gil
11428,Photograph,Ariel Rivera
11432,Liwanag,Callalily
11433,Everytime,Frencheska Farr
11434,Today I'll See The Sun,Frencheska Farr
11438,I Love You,Willie Revillame
11439,Kanlungan,Willie Revillame
11461,Wer Na U?,Ara Muna
11466,Isama Mo Ako (Captain Barbell Theme 2011),Frencheska Farr
11467,Hanggang Dito Na Lang,Frio
11468,Fly With Me,Duncan Ramos
11469,Lagi,Kiss Jane
11470,Lumapit,Archipelago
11473,Ituloy Mo Lang,Siakol
11474,We Belong Together,Miguel Escueta
11475,Hanging Habagat,Champ
11478,Mahal Kita Kasi,Nicole Hyala
11480,Mahal Kita (Di Mo Pansin),Kyla
11481,Linda Blair,Tanya Markova
11482,Walang Natira,Gloc 9 ft Sheng Belmonte
11483,And I Am Telling You,Charice Pempengco
11486,Maghihintay Sa 'Yo,Jake Vargas
11488,Run To You,Regine Velasquez
11489,Fallin',Sarah Geronimo
11492,Sino Nga Ba Sya,Sarah Geronimo
11496,Porque,Maldita
11497,Ito Ang Pangako Ko,Nyoy Volante
11498,Porque (Full Tagalog),Maldita
11499,Hindi Na Bale,Bugoy Drilon
11500,True Romance,Regine Velasquez
11501,Tambay,Spongecola
11502,Lonely Night,Princess Velasco
11503,Patuloy Ang Pangarap,Angeline Quinto
11505,Kung Siya Ang Mahal,Sarah Geronimo
11507,Paasa,All For Patricia
11511,Tanong Lang,Ajka
11512,One Day,Charice
11515,Sa Silid,SLEX
11519,Pera Pera,Sandwich
11520,Pangarap Lang Kita,Parokya Ni Edgar ft Happee Sy
11522,Express Highway,Bloomfields
11525,Wag Na,Yeng Constantino
11529,Patunayan,Silent Sanctuary
11530,Kahit May Mahal Ka Nang Iba,Mark Bautista
11533,Tila,General Luna
11535,Kahit Walang Sabihin,Rico Blanco
11537,Song For The Suspect,Franco
11538,Pagkakataon,Shamrock feat. Rachelle Ann Go
11539,Sandata,Shamrock
11540,Don't Tie Me Down,Kyla
11542,Wala Na Tayo,BBS Feat. Kean
11543,Before It Explodes,Charice
11546,Tropa,Siakol
11547,Landi,Hansom
11551,Remenis,Rivermaya
11552,Ligaw,Ney Dimaculangan
11553,Problemang Puso,Jude Michael
11555,Walang Hanggan,Yeng Constantino & Nel Dimacunahan
11559,Drive,Chris Cayzer
11568,Meron Akong Ano,Kamikazee
11571,6Cyclemind Medley,6Cyclemind
11573,Bamboo Medley,Bamboo
11575,Eraserheads Medley,Eraserhead
11579,Rivermaya Medley,Rivermaya
11580,The Dawn Medley,The Dawn
11588,Gary V. Praise Medley,Gary Valenciano
11592,Can't Help Myself,Toni Gonzaga
11595,Regal,Spongecola
11605,Panaginip,Noel Cabangon
11609,Sari-saring Kwento,Champ Lui Pio feat. Noel Cabangon and Gloc 9
11613,DELIVERY BOYS,SOMEDAYDREAMS
11617,Gigil,Sheng Belmonte
11619,P.A. Roadie Fernandez,Tanya Markova
11622,A Perfect Place,Stonefree
11627,Siguro,Yeng Constantino
11632,Pawiin,B.B.S. feat Kian Cipriano And jay Durias
11634,O.M.G.,Karylle
11637,Fire,Solenn Heussaff
11639,Gaano Ko Ikaw Kamahal,ItchyWorms
11641,PUSONG BATO,AIMEE TORRES
11643,Paano,Jovit Baldivino
11645,Bagong Sigaw,Bamboo
11648,Kulang Ako Kung Wala Ka,Erik Santos
11649,Huwag Mo Na Munang Sabihin,SITTI
11650,Kahit Di Mo Sabihin,Juris
11651,Ala-alang Nagbabalik,Edgar Mortiz
11658,First Love Never Dies,White Lies
11660,Buhay Nga Naman Ng Tao,Freddie Aguilar
11662,Di Na Mag-iisa (Darna Theme),Jonalyn Viray
11663,Beautiful Girl,Jose Mari Chan
11668,Muling Ibalik,First Cousin
11669,Swimming Beach,Parokya Ni Edgar
11670,Yan Naman,Rizal Underground
11671,Napakasakit Kuya Eddie,Roel Cortez
11673,Cool Off,Session Road
11674,May Pag-Ibig Pa Ba,South Border
11679,Kay Tagal Kitang Hinintay,Sponge Cola
11687,Ako Na Lang,Zia Quizon
11688,IN MY LIFE,ARIEL RIVERA
11690,Questions,Bamboo
11699,Louder,Charice
11717,Girl Be Mine,Francis M.
11718,Castaway,Franco
11719,Touch The Sky,Franco
11722,Habang Buhay,BBS ft Kean Cipriano
11723,HARI NG TONDO,GLOC9
11724,Hey Daydreamer,Somedaydream
11725,Huwag Mong Iwan Ang Puso,Aiza Seguerra
11728,IT HURTS WHEN LOVE FAILS,NELSON DEL CASTILLO
11733,LET ME LOVE YOU,JED MADELA
11736,Halik,Kamikazee
11737,My Tender Bear,Kamikazee
11741,KUNIN MO NA ANG LAHAT SA AKIN,ANGELINE QUINTO
11748,Minsan Lang Kitang Iibigin,Regine Velasquez
11755,Ordinary Song,Mark Velasco
11756,Original Song,Parokya Ni Edgar
11757,Kapitan,Paraluman
11758,One Hit Combo,Parokya  Ni Edgar feat. Gloc 9
11766,SANA'Y AKO NA LANG,SIX PART INVENTION
11767,Ngayon Na,Slapshock
11768,STARGAZER,SPONGE COLA
11770,Superstar,Brenan ft. Thai
11777,Pag-ibig,Yeng Constantino
11784,Dahil Ba Sa Kanya,Jaya
11788,Afterglow,Jose Mari Chan
11789,Titser's Enemy No. 1,Juan Dela Cruz Band
11790,Pangako,Kindred Garden
11793,Iba Ka Na Pala Ngayon,Mike Luis
11794,Bagsakan,Parokya Ni Edgar Ft Francis M. & Gloc 9
11795,Forevermore (New Version),Side A
11808,The Man I Was With You,Jimmy Bondoc
11809,WAG NA WAG MO AKONG IWANAN MAG ISA,ANGELINE QUINTO
11813,How Can I Fall,Jed Madela
11814,Asahan Mo,Siakol
11821,Isang Katulad Mo,AJ Tabaldo ft Bernie Ann
11823,Orange,Parokya Ni Edgar
11829,Tagpuan,Kamikazee
11830,Sinong Mag-aakala,Sitti
11832,Gisingin Ang Puso,Liezel Garcia
11834,Breathe Again,Chicosci
11837,Di Ko Kayang Limutin,Liezel Garcia
11838,The Past,Jed Madela
11839,Healing,Jed Madela
11840,Bakit Pa Ba,Sarah Geronimo
11841,Paano Na Ang Puso Ko,Bugoy Drilon
11844,Tinamaan Ako,Anne Curtis
11846,0.535416667,Krissy And Ericka
11848,Beautiful To Me,Christian Bautista
11849,Sing This Song,Somedaydream
11850,Kahit Umiwas Pa,Jake Vargas
11851,Dear Lonely,Zia Quiazon
11855,Believe Me,Marri Nallos
11856,Hanggang Sa Dako Roon,Gilbert Golez
11859,Nasaktan Man Kita,Louie Heredia
11860,You're All I Need,Lani Misalucha
11861,Hanggang Ngayon,Bryan Termulo
11862,Tuloy,"Sarah Geronimo,  Somedaydream and Gary Valenciano"
11863,To Reach You,Anja Aguilar
11878,Habang Buhay,MJ Magno
11882,Moving Closer,Never The Strangers
11890,Da Facebook Song (Ang Ganda-Ganda Mo),Tanya Markova
11892,Whispered Fear,Rachelle Ann Go
11905,Batang-Bata Ka Pa,Sugarfree
11906,Yakap Sa Dilim,Orange And Lemons
11908,Break It To Me Gently,Mark Bautista
11909,Mahirap Magmahal Ng Syota Ng Iba,Hilera
11910,Never Let Her Slip Away,The Bloomfields
11911,Salawikain,Spaceflower Show with Mcoy
11912,Bawat Bata,The Dawn
11913,Ikaw Lang Ang Aking Mahal,Brownman Revival
11914,Only Reminds Me Of You,M.Y.M.P.
11915,Through The Fire,Nina
11921,Iiyak Na Lang,Calzada
11926,Ikaw Pa Rin,Aisaku
11927,Alaala Mo,Aisaku
11928,Love Radio Theme Song,Love Radio Theme
11929,Hayahay,Yes FM Jingle
11951,Sirena,Gloc-9 Feat. Ebe Dancel
11955,Basta Ako,6 Cycle Mind
11956,Upside Down,6 Cycleminds
11960,Ba't Di Ko Ba Nasabi,Krizza Neri
11963,Bakit Mahal Pa Rin Kita,Erik Santos
11964,Ikot Ng Mundo,Bamboo
11965,Peace Man,Bamboo
11969,Bukod Tangi,Jason Hernandez
11970,Minsan,Callalily
11973,Sasabihin,Christian Bautista with Neocolours
11974,Huling Pag-ibig,Circa
11977,Dota O Ako,Aikee and Vanessa
11978,My Everything,Down To Mars
11981,I Wanna Touch You,Drop Decay
11983,Sandali Lang,Emmanuelle
11986,Mga Kababayan,Francis M
11988,Different Corners,General Luna Band
11989,Lov Na Lov,Gloc 9 ft Lovie Poe
11990,Blues Nyang Itim,Gloc 9 ft Czarina Rosales
11992,Hinahanap Hanap Kita,Rivermaya
11993,Hindi Ako Katulad Niya,Jeremiah
11994,Huling Sayaw,Kamikazee Feat. Kyla
11995,I'm Sorry My Love,Victor Wood
11997,Sorry Mahal,J Brothers
12019,"AH LORD, GOD",Kay Chance
12020,Akayin Mo Ako,Jannette Rodrigo
12021,Aking Awit,Larraine Ancheta
12022,Ako Ang Iyong Kapwa,Gerry M. De Leon
12026,Ako Ngayo'y Iba,Jimmy Lim
12028,Ako'y Magtitiwala,Angelic Quartet
12029,Ako'y Sa'yo Lamang,Ruth & Bea
12030,"Alalahanin, Gunitain",O. Pagsanghan
12033,Alay Ng Pagsamba,Joy Azul & Nathan Gutlay
12034,Alay Sa'yo,Era Ann Oblefias
12036,Aleluya (A),Mich Dumlao
12053,All Out,Moses Catan
12082,Ang Panginoon Ang Aking Pastol,"D.B. Isidro, S.J."
12085,ANG TANGING ALAY KO,Raymond Remo
12091,Ano Nga Ba Ang Kulang,Gigi De Jesus
12115,AWIT KO'Y PARA SA KANYA,ROBERT MORE
12116,AWIT KO'Y PARA SA'YO,BETH FLORES
12117,Awit Ng Pag~Asa,Rading Jumaquio & Bong Aquino
12125,Awitin Ng Pagsamba,Jimmy Obcemia
12129,Babalik Na Muli,Len Catalan
12131,Bagong Pag~Asa,Gene Lumba
12132,Bakit Ako Mangangamba,Reuben Laurente & April Ricafuente
12162,Bless Us O Lord,Mich Dumlao
12185,Buhay Ko'y Walang Wakas,Dottie Day
12187,Bukas Ay Haharapin Mo Siya,Robert More
12190,By His Wounds,Jun Polistico
12218,CLOSE TO YOU,Rommel Guevara
12240,Come To The Table,Moses Catan
12242,Consider The Lilies,Jean Goeboro
12246,Create In Me A Clean Heart,Jean Goeboro
12255,DAHIL SA'YO,KATCHIE OBLEFIAS
12268,Days Of My Life,Gigi De Jesus
12270,Di Ako Iiwan,Ruth & Bea
12278,Dito Sa Young Pamilya,Gigi De Jesus
12299,Face To Face,Gigi De Jesus
12310,Fear Not,Gigi De Jesus
12389,Gumising Ka,"Moses Catan, Dondi"
12390,Gumising,"Onofre Pagsanghan,"
12391,Habang Buhay,Joyce Verano
12392,Habang May Buhay,ENRICO C. QUIMOYT
12399,Halina't Umawit (A),Albert Cecilio Flores
12413,Hayaan Mo,Gilbert M. Huarde
12449,Hide And Seek,Dondie Catan
12482,Humayo't Ihayag,"Catalan, Go And Francisco"
12485,Huwag Kang Mangamba,Onofre Pagsanghan
12515,I Know My Reason,Gigi De Jesus
12534,I Wanna Give,Mich Dumlao
12535,I Wanna Thank You,Kits Falcis
12565,I Won't Cry,Moses Catan
12574,Ika'y Aking Kaibigan,J & O Pagsanghan
12576,Ikaw Ang Mahal Ko,Onofre Pagsanghan
12582,Ikaw Lang Sa Puso Ko,Joyce Verano
12601,Inari Mong Ganap,Julious Esteban
12605,Ipadama Ang Pag~Ibig Mo,Erick Sta. Maria
12613,ISANG HARANA,Sammy Uy & Caro Magdaluyo
12614,Isang Panalangin,Mary Rose Del Rosario
12636,Jesus What A Friend You Are,Mich Dumlao
12661,Kailanman,Era & Katchie Oblefias
12663,Kampeon,Onofre Pagsanghan
12664,Kanlungan Ko'y Ikaw,Raymond Obcemia & Katchie Oblefias
12665,KARAMPATANG PAGSAMBA,George Guerrero
12671,Kay Hesus Na Nakabayubay,Onofre Pagsanghan
12674,KAY SAYANG TUNAY,Mario Rubio
12685,Kulay~Buhay,Butch Sison
12756,Love,Moses Catan
12758,"Lumalapit, Lumuluhod",Joyce Verano
12762,Magalak Tayo Sa Diyos,Hango Sa Salmo 145
12763,Magandang Umaga Bayan,Mich Dumlao
12767,Maglakbay,J & O Pagsanghan
12771,MAGPATULOY KA,Larraine Ancheta
12773,MAHAL KA NG DIYOS,God's Forever Family
12774,MAHAL KA NIYA,Tanglaw Singers
12787,MANANATILI KANG TAPAT,KHAY M. RATIO
12788,Mananatili,GILBERT M. HUARDE
12789,Mangag~Ibigan Tayo,Kathy Garcia & Gene Lumba
12792,Mariang Ina Ko,Onofre Pagsanghan
12809,More And More,Gigi De Jesus
12822,MULING ISINILANG,Jimmy Lim
12838,NAGMAMAHAL,LORI OBMERGA
12844,Nang Pagharian Mo,Zebedee Zuniga
12910,Oyayi [A],Onofre Pagsanghan
12911,Oyayi [B],"J Beltran, G Garcia"
12914,Paborito,Glenn Cagandahan
12916,Pag~Ibig Ang Naghahari,Dulce Punzalan
12929,Pagsamba Ay Sa'yo,Nica Gapunuan
12930,PAGSAMO KO,Butch Charvet
12931,PAMANA,Raymond Dy
12933,Panalangin Sa Paglilingkod,Erick Sta. Maria
12937,Pananatili,Noel Miranda
12938,Panawagan,Bill Aujero & Robert Bironia
12944,Panginoon Ng Buhay Ko,Gilbert Huarde
12949,PARA SA KANYA,Jeng Gloriane
12950,Para Sa'yo,Harold Clomera
12957,Pilipinong Kristyano,Moses Catan
13003,Sa Bawat Oras,Roy Miranda
13005,Sa Habang Panahon,Albert Flores
13006,Sa Iyo,Gigi De Jesus
13011,Sa Yo Lamang,"S. Borres, P. Gan,"
13018,Send Me,Moses Catan
13019,Shalom,Ding Yson
13031,Song Of Thanks [A],Gigi De Jesus
13036,"Sumayaw, Sumigaw","Moses Catan,"
13059,The Song Of My Soul,Coleen Geronimo
13094,TUNAY Na Nagmamahal,RENE RAMOS JR
13112,Voice From The Heavens,Jules Dacanay
13121,WALANG MAKAKAPIGIL,WILLIAM INOY
13187,YOU ARE MY LIFE,MUSIKATHA
13197,You'll Be Home,Mich Dumlao
13200,You,Gigi De Jesus
13564,Sa Ugoy Ng Duyan,Jeremiah
13646,Little Robin Redbreast Sat Upon A Tree,Nrusery Rhyme
13805,Saranggola Ni Pepe,Celeste Legaspi
13806,Paru-Parong Bukid,Mabuhay Singers
14039,Complicated Heart,MLTR
15001,I'll Be There,Julie Ann San Jose
15004,Kay Lupit Ng Tadhana,Willie Garte
15007,Ngayong Wala Ka Na,Kyla
15008,Langit,Slapshock
15016,I Love You,Lovi Poe
15018,Lumilipad,Dennis Trillo
15019,Magpakailanman,Top Suzara
15020,Magpakailan Pa Man,Ogie & Regine
15027,Pag Wala Na Ang Ulan,Jessa Zaragosa
15031,Sige Lang,Quest
15033,Amats,Rico Blanco
15035,Matututuhan Mo Rin,Rocksteddy
15036,Sa Bawat Paghinga,Sabrina
15037,Sabi Ko Na Nga Ba,Sheryl Cruz
15039,Hey Hey Alodia,Segatron
15040,Biyaheng Impiyerno,Siakol
15042,Skin,Grin Department
15043,It's Your Life,Somedaydream & Champ
15044,Song For A Rainy Day,Marc Velasco
15048,Difference,The Dawn
15055,Kasama Kang Tumanda,Toni Gonzaga
15059,Pangako,Valley Of Chrome
15064,Syempre,Willie Revillame
15065,Sandata,Wolfgang
15067,Remember M,Da Pulis
15068,Sana'y Bigyan Mo Ng Pansin,J. Brothers
15070,Tao Lang,Looney Ft. Quest
15071,Memories Of Our Dream,Eddie Peregrina
15072,More Than A Friend,Introvoys
15075,Traysikel,April Boys
15076,You're My Everything,Victor Wood & Marika
15080,XGF,Sponge Cola Feat. Chito Miranda and Los Magno
15091,Radio,Amber Davis
15096,Autopilot,Cambio
15097,Beginning Today,Agot Isidro
15099,Blanko,Session Road
15100,Bitin,Brownman Revival
15101,Pasasalamat,Callalily
15103,Cotabato,Asin
15104,Dulo Ng Dila,Pupil
15106,Manong Guard,Emmanuelle and Yeng Constantino
15107,Every Little Thing He Does Is Magic,M.Y.M.P.
15111,Enough,Julie Ann San Jose
15113,Val Sotto,Kiko Machine
15114,Mahiwaga,Join The Club
15117,I Can't Make You Love Me,Nina
15120,Pa'no Nangyari Yun,Mayonnaise
15124,Gising Na,Rocksteddy
15126,Sana Ngayong Pasko,Ariel Rivera
15129,"Endless, A Silent Whisper",Urbandub
15130,But If You Leave Me,Von Arroyo
15131,Your Name,Young JV ft. Myrtle
15132,Your Song,Parokya Ni Edgar
15145,Gayuma,Abra ft Thyro & Jeriko Aguilar
15152,Forever,Martin Nievera and Regine Velasqez
15160,Nag-iisang Bituin,Angeline Quinto
15165,Wishing You'll Be Mine,Sam Concepcion
15166,Sa Isang Sulyap Mo,0.071527778
15175,Umagang Kay Ganda,Bamboo
15181,Buti Na Lang,Jessa Zaragoza
15183,Cha Cha Dabarkads,Ryzza ft. Jose and Wally
15191,Bakit Hindi,Gloc 9 Feat. BIlly Joe Crawford
15199,Bago Mahuli Ang Lahat,Never The Strangers
15201,Run,Kitchie Nadal
15203,Si Aida O Si Lorna O Si Fe,Marco Sison
15205,Mr. P.I.G.,Greyhoundz
15209,Paalam,Silent Sanctuary
15211,Babaero,Randy Santiago
15216,Mahaba Ang Gabi,Spongecola
15224,Turn It Well,Up Dharma Down
15227,Mambobola,Zsa Zsa Padilla
15228,Biglang Liko,Ron Henley ft. Pow Chavez
15231,Nagmamakaawa,Bugoy Drilon
15232,Want You To Cry Too,Keno
15235,Burado,Rico Blanco
15236,Hagdan,Ron Henley ft Kat Agarrado
15237,Pwede Ako,Gracenote Feat Kean Cipriano
15240,Oras,Mic Llave
15241,Halika Na,0.071527778
15242,Bakit Ngayon,Julie Anne San Jose
15246,Kunwari,Kamikazee Feat. Gloc 9
15247,Maria,Jason Fernandez
15249,Wo Oh,Kamikazee
15250,Wag Ka Nang Umiyak,KZ Tandingan
15252,Love Kita Noon,Haganas
15254,Sana Di Na Lang,Dello
15256,We Could Be In Love,Lea Salonga & Brad Kane
15261,Fiesta,6 Cyclemind
15262,Mag-usap,6 Cyclemind
15266,After All This Time,Itchyworms
15267,Ako'y Maghihintay,Cenon Lagman
15268,Alaala,Yeng Constantino
15270,Anong Nangyari Sa Ating Dalawa,Aiza Seguerra
15271,B.A.B.A.Y.,Yeng Constantino
15272,Buhay,Freddie Aguilar
15274,HKM,Callalily
15277,Diamond Shotgun,Chicosci
15283,Easy Pare,Sampaguita
15284,Hindi Mo Nadinig,Gloc 9 ft. Jay Durias
15285,Hanggang Wakas,Juris Fernandez
15290,Buko,Jireh Lim
15291,KPL,The Oktaves
15292,Kahit Na,Toni Gonzaga
15294,Loving You,Ric Segreto
15295,Miss U (Miss Miss Sa Loob ng Jeepney),Grin Department
15297,Mottaka,Cheese
15299,Nasa Iyo Na Ang Lahat,Daniel Padilla
15301,Ok Lang Ako,Parokya Ni Edgar
15302,One Day,Angeline Quinto
15304,Paano,Gary Valenciano
15306,Pinakamamahal,Willie Revillame
15310,Sapagkat Ikaw Ay Akin,Ric Manrique Jr.
15311,Scared To Death,KZ Tandingan
15315,Tayo'y Mga Pinoy,Heber Bartolome
15316,Trip To Jerusalem,Eraserheads
15317,Kendeng Kendeng,Willie Revillame
15318,In This Life,Bamboo
15322,Sabi Nila,Agaw Agimat
15328,Back For More,Sandwich
15333,Mamang Sorbetero,Celeste Legaspi
15334,Darating,BBS feat. Ney Dello Kleggy
15336,Tatlong Beinte Singko,Dingdong Avanzado
15337,Ewan Ko,Soapdish
15339,Maria,General Luna
15340,Katulad Ng Iba,Gloc 9 Feat Zia Quizon
15341,Heaven Knows,Orange And Lemons
15344,I Believe In You,Jed Madela
15345,I Will Always Stay In Love This Way,Boy Katindig ft Baron Barbers
15347,It Takes A Man And A Woman,Sarah Geronimo
15348,Pangarap Ka Na Lang Ba,Jaimie Rivera
15350,Falling For You,JayR & Marie Digby
15351,Umpisa,Jensen Gomez
15354,Magkabilang Mundo,Jireh Lim
15357,Pipit Puso,Larry Miranda
15368,Ang Pipit,Pilita Corales
15372,Saranggola Ni Pepe,Celeste Legaspi
15373,Take A Chance,Luigi 'D Avola
15377,Mr. Papable,Vhong Navarro
15379,Tanong,Young JV
15386,Altogether Alone,Be The Voice
15387,Better Days,Franco
15394,Hello I Love You,Chicser
15395,If This Day Was The Last Day,General Luna
15397,1 Week To Move On,Isabelle De Leon
15402,Sana'y Pagbigyan,Juan Rhyme Brothers
15406,Kapus-Palad Nang Isilang,Ric Manrique Jr.
15407,Sabihin Mo Naman,Kris Lawrence
15408,Kung Pwede Lang Ibalik,Markki Stroem
15411,Mamatay Man Ako,Jam Disciples
15420,Pick Your Poison,Sponge Cola
15421,Pusong Lito,Myrus
15422,Pilipinas Kailan Ka Magigising,Rivermaya
15423,Sabihin Mo Lagi,Men Oppose
15424,Sama-sama,Rocksteddy
15425,Two Steps Behind,Six Part Invention
15433,You Still Have A Long Way To Go,Typecast
15434,Karakaraka,Vice Ganda ft. Smugglaz
15435,Ikaw Ang Tanging Minamahal,Willy Garte
15436,Piitan,Willy Garte
15437,Walang Iba,Ezra Band
15442,Carousel,Bamboo
15444,Lord Patawad,Basilyo
15450,Chinito,Yeng Constantino
15452,Don't Tell My Heart To Stop Loving You,Bobby Gonzales
15453,Charade,Drop Decay
15456,Falling In Love,Six Part Invention
15458,Haunted,Ely Buendia
15459,Hiling,Frio
15460,I Wish You Love,Victor Wood
15464,Balewalang Pag-ibig,Join The Club
15465,Papansin,K.A. Antonio
15466,Salamin,Kilos
15473,Meron Ba,Barbie Forteza
15478,Panawagan,Larry Miranda
15479,Pangarap,Dingdong Avanzado
15480,Pangarap Na Mahal,Six Part Invention
15483,Pulubi,Freddie Aguilar
15485,Lipat Bahay,Rico Blanco
15496,Ikaw at Ako,TJ Monterde
15497,Tsismosa,Kley
15500,Where Is Your Heart,Victor Wood
15502,Kaibigan Lang,2 Years Apart
15506,Pagkat Mahal Kita,Bugoy Drilon
15508,Bumalik Ka Na Sa Akin,Silent Sanctuary
15510,You'll Never Stand Alone,Charice
15515,Ipagpatawad Mo,Gloc 9
15516,Balita,Gloc 9 ft Gabby Alipe
15517,Elmer,Gloc 9 ft J. Dionisio
15519,Help Me Get Over You,Jonalyn Viray
15520,Ikaw Ang Iibigin,Larry Miranda
15521,Island Called Boracay,Ferns Tosco
15525,For Everything,Julie Anne San Jose
15529,"Nanliligaw, Naliligaw",Lloyd Umali and Ima Castro
15536,Napapaluha,Paula Bianca
15538,Bestfriend,Not Informed
15539,Orasan Ng Pag-ibig,Larry Miranda
15541,Nakita Kang Muli,Jonalyn Viray
15542,Pag-ibig Na Nga Ba Ito,Hansom
15543,Pangako,6 Cyclemind
15549,Selosa,Sicarius
15550,Sa Bingit Ng Isang Paalam,Spongecola
15555,Tinig,Pathway
15557,Tapatin Mo Ako (Munting Baryo),Victor Wood
15558,When I Close My Eyes,Julie Anne San Jose
15560,Ikaw Ang Magic ng Buhay ko,Yeng Constantino
15561,Promise,Yeng Constantino
15567,Alalay Ng Hari,Glock-9 ft. Allan Mitchel
15569,Bakit Lumuluha,KZ Tandingan
15570,Broken Heart,Kaligta
15571,Sana'y Ibigin Mo,Bugoy Drilon
15572,Dahilan,Callalily
15573,Fake Lullabies,Callalily
15574,In This Song,Charice
15576,Dati,Sam Conception & Tippy Dos
15578,Higit Sa Lahat Ay Tao,Freddie Aguilar
15579,If You Ever Change Your Mind,Marion Aunor
15580,Ikaw Pala,Kris Lawrence
15581,Ikot-Ikot,Sarah Geronimo
15584,Ayoko Na,Jessa Zaragosa
15586,Josephine,Yeng Constantino
15587,Tamis,Kamikazee
15588,Space,Banda Ni Kleggy ft Kian Cipriano
15589,If Only,Lea Salonga
15591,Kung Sana Bukas,Maricris Garcia
15592,Gilid,Moonstar 88
15593,Ligaw,Moonstar 88 Feat Chito Miranda
15594,Lumayo Ka Man Sa Laklak,Moymoy Palaboy
15595,Kung Di Man,Ney Dimaculangan
15596,I'll Always Stay In Love This Way,Oj Mariano
15601,Puro Laro,KZ Tandingan
15602,Pwede Ba,Midnight Meetings
15603,I'll Take Care Of You,Richard Poon
15604,Kahit Di Mo Napapansin,Richard Poon
15605,Sayaw,Rico Blanco
15606,Sa Yakap Mo,Willie Revillame
15607,Sa'Yo Na Lang Ako,Karylle
15608,Saludo,Quest
15609,Sana Pinatay Mo Na Lang Ako,Kimpoy Feliciano
15610,Sandata,Yeng Constantino
15613,Segundo,Yael Yuzon
15619,Tamang Panahon,Wynn Andrada
15620,That Girl,Young Jv
15621,Alay,Young Jv ft Akiko
15622,Ilusyon,Abra ft Arci
15623,Ako'y Iyong-Iyo,Regine Velasquez
15625,Malaya Ka Na,Armchairs
15627,Bakit Hindi Ka Crush Ng Crush Mo,Zia Quizon
15628,Bespren,Yeng Constantino ft Coach Jungee
15635,Di Bale Na Lang,Gary V.
15636,Di Ko Kaya,Jeremiah
15637,Drown,Rocksteddy
15639,Gabay,Siakol
15643,Insekto,Pedicab
15644,It's Only Love,Junior
15650,Look Up,Ryzza Mae Dizon
15651,Luna,Up Dharma Down
15652,Malayang Magmahal,Rivermaya
15653,Never Say Goodbye,Martin Nievera
15654,Mary Jane,Aegis
15656,Nandito Lang Ako,Michael V.
15657,Midnight Girl,Christian Vega
15659,Minahal Kita,Michael Laygo
15660,Minahal Kita,Aegis
15662,One Hundred Ways,Jay R
15663,Only For You,Six Part Invention
15664,Pansamantagal,Sitti
15665,Pansamantala,Callalily
15666,Pasakalye,Zia Quizon
15667,Promise Of Love,Martin Nievera
15670,No Limitations,Sam Concepcion
15671,Sana Nga,Regine Velasquez
15681,Yun Ka,Willie Revillame
15682,20 Million,Rivermaya
15689,Anak Dalita,Mabuhay Singers
15690,Ako'y Para Sa'yo,Anja Aguilar
15691,Back To You,Luigi D' Avola
15692,Bakya Mo Neneng,Mabuhay Singers
15693,Binibirocha,Andrew E.
15696,Bundok Banahaw,Sylvia La Torre
15698,Lighthouse,Charice Pempengco
15699,Ngayong Narito Ka,Chiqui Pineda
15700,Chit-Chirit-Chit,Mabuhay Singers
15711,Sembreak,Eraserheads
15713,Fill Her,Eraserheads
15715,Eto Na Naman,Gary Valenciano
15716,Hate,Rivermaya
15721,Inaamin Ko Na,Jerome Abalos
15725,Deliverance,Kitchie Nadal
15726,Hintayin,Kley
15727,Lipad Ng Pangarap,Angeline Quinto & Regine Velasquez
15729,XXX,Loonie ft Hi-C
15732,Mano Po Ninong,Tarzan & Jane
15734,Fallen,Marion Aunor
15735,Pag-Uwi,Martin Nievera
15736,Misa De Gallo,Alpha All Stars
15737,Oha Kaya Mo Ba To,Enrique Gil
15744,Sa Kabukiran,Sylvia La Torre
15752,Tayong Dalawa Pa Rin,April Boys
15756,Tonight,JayR & Mica Javier
15757,Un-Love You,Kz Tandingan
15758,Frailty,Urbandub
15759,Wag Na Lang,Beating The Red Lights
15762,Ikaw Ang Sagot,Tom Rodriguez
15767,Ang Liwayway,Larry Miranda
15768,Ang Probinsyanang Gwapa,Noel Alamis
15769,Nalusaw,Anna Melissa
15771,Atat,Ron Henley ft. Muriel
15774,Baleleng,Roel Cortez
15777,Bituing Marikit,Conching Rosal
15783,Ayaw Kong Isipin,Chedi
15784,Could Have Been,Jensen Gomez
15785,Tagay Mo To,D-Coy
15786,Di Mo Man Sabihin,Ronnie Liang
15787,Excuse Me,Junior
15795,Selfie Song,Davey Langit
15801,Sa Laot Ng Karagatan,Larry Miranda
15806,Madaling Araw,Sylvia La Torre
15808,Mutya Ng Pasig,Conching Rosal
15809,Naghihintay,Jacob
15810,Nandiyan Palagi,Regine Velasquez
15811,Nasaan,Jessa Zaragosa
15814,Sunlight,Nina
15820,Princess Of Disguise,Rivermaya
15821,Prinsesa,VFort
15822,Go All Night,Radiodriveby
15824,Mahal Na Mahal Kita,Sam Concepcion
15825,Shake Yer Head,Eraserheads
15830,Stop Stop,Gracenote
15833,Paakyat Ka Pa Lang Pababa Na Ako,Oktaves
15835,Tibok Ng Puso,Willy Garte
15836,Trip Lang,Shehyee ft. Sam Pinto
15838,Unat Huling Pag-ibig,Willie Garte
15839,Inibig Ko'y Nakatali Na,Victor Wood
15841,Yakap,Charice
15849,Magda,Glock9 ft. Rico Blanco
15852,Manhid Ka,Vice Ganda
15858,Ang Bagong Ako,Greyhoundz Feat. Loonie & Biboy Garcia
15859,Ang Parokya,Parokya Ni Edgar ft. Gloc9 & Frank Magalona
15860,Anino Mo,Slapshock
15869,Hamon Ng Buhay,Chito Miranda
15879,To Survive,Franco
15882,I Believe In You,Gino Padilla
15889,Ibong Ligaw,Juana Cosme
15896,Rakista,Join The Club
15899,Meron Ng Iba,Silent Sanctuary Feat. Ashley Gosiengfiao
15902,Pag-ibig Na Kaya Ito,J Brothers
15903,Queen Paranoia,Slapshock
15904,Rosas Pandan,Pilita Corales
15907,Kailangan Kita,Sponge Cola
15910,Say Goodbye,Barbie Almalbis
15912,Cool Off,Verzikhulo
15913,Walang Kwentang Kanta,Basilyo
15917,Wake Up,Slapshock
15922,Pinakamagandang Tanawin,Brownman Revival
15923,Sana'y Ikaw (Carmela Theme Song),James Wright
15938,Feelingero,Isabelle De Leon
15950,Tayo,Sarah Geronimo
15954,Abot Langit,Silent Sanctuary
15970,Unshakable,Slapshock
15971,Villa Quintana,Rockstar 2
15980,Sana2x,Angeline Quinto
15982,Ayokong Tumanda,Itchyworms
15983,Bawal Na Ako Sa Gamot,Banda Ni Kleggy
15988,No One,Champ
15993,World Is Our Playground,DJ Vice ft. Mike Taylor
15996,Good By Sunday,6 Cyclemind
15999,Hayop Sa Ganda,0.071527778
16001,I Never Knew Love,Lovi Poe
16006,Beep,K.A. Antonio
16007,Ikaw Pa Rin,Kaligta
16011,Wag Kang Mangako,Lovie Poe
16012,Paraan,Mayonaise
16013,Electrified,M.Y.M.P.
16014,Nandito Lang Ako,TJ. Monterde
16015,Ngayong Nandito Ka,Divo Bayer
16018,Lucky In Love,Paolo Onesa
16024,Ito Ang Sandali,Rico Blanco
16027,Bunga,Siakol
16028,Sino Ako,Aegis
16030,Sorpresa,Alon Band
16031,Anting-Anting,Sponge Cola feat. Gloc9 & Denise Barbacena
16043,Bato Sa Buhangin,Julia Clarete
16046,Walang Kasing Sarap,Brownman Revival
16051,Sayang,Claire Dela Fuente
16053,Lolo Jose,Coritha
16057,Do The Moves,"Sarah Geronimo, Apl.de Ap, Enrique Gil & Elmo Magalona"
16059,If I Just Believe,Erik Santos
16060,My Love Is Here,Erik Santos
16063,Ikaw Na Na Na (Acoustic),G2B Boys
16066,Wag Mong Iwan Ang Puso,Aiza Seguerra
16068,Ikaw Pa Rin,Juana
16069,Pagsuko,Jireh Lim
16071,Kailanman,Dennis Trillo
16072,Kislap,Kamikazee
16073,Kiss You,Karylle
16074,Basta Masaya Ka,Kilos
16079,Otso Pa,Grin Department
16080,Ulitin,P.O.T.
16083,Sa Panaginip,Rocksteddy
16084,Sa Piling Ko,Mark Alain
16088,Sumisigaw,Orient Pearl
16089,Telepono,Sugarfree
16090,Di Ko Makontrol,Moonflowers
16093,Indak,Updarma Down
16114,Diwata,Abra ft Chito Miranda
16115,Tabing Ilog,Barbie's Cradle
16116,Basted,Myrus
16117,Paniwalaan,Brownman Revival
16120,Harana,Eraserheads
16124,Gamu-Gamo,Pupil
16125,The Bobo Song,Gloc 9 ft Loonie
16126,Gusto Na Kitang Makita,Session Road
16129,Ikaw,Regine Velasquez
16137,Dahan-Dahan Lang,Maja Salvador
16138,Parang,Mayonnaise
16139,Natataranta,James Reid
16140,No Erase,James Reid & Nadine Lustre
16143,Paligoy-Ligoy,Nadine Lustre
16147,Sa Isang Bote Ng Alak,Siakol
16148,Singapore Sling (Dahil Kilala Na Kita),Spongecola
16149,Takip Silim,Glock9 ft Regine Velasquez
16154,Ikaw Lamang,Top Suzara
16155,Torpe,Barbie's  Cradle
16156,Pag May Time,Xian Lim
16157,You And Me,Callalily
16176,Hanggang Kailan Kita Mamahalin,Angeline Quinto
16179,All I Need,Barbie's Cradle
16188,Hindi Ko Kaya,Geneva Cruz
16191,Kapit,Imago
16192,Friend Zone,Isabelle De Leon
16194,Right Where You Belong,Julie Anne San Jose
16198,Pause,Kjwan
16199,Larawan,Freddie Aguilar
16201,Lumuhod Man Ako,Zaito
16207,Narito Ako,Regine Velasquez
16208,Smile At Me,Rocksteddy
16209,Salamat Po,Parokya Ni Edgar
16211,Sama-Sama,Silent Sanctuary
16212,Night Owls,Slapshock
16228,I'm Ready,AJR
16230,Walang-Wala,Banda Ni Kleggy
16232,Basta't Nandito Ka,Jennylin Mercado
16235,Eroplanong Papel,December Avenue
16236,Dyosa,Yumi Lacsamana
16239,Pag Napagod Na Ang Puso Mo,Erik Santos
16242,Ikaw Lamang,Siakol
16244,Into Your Arms,Luigi D' Avola
16249,We Can't Be (Acoustic),Krissy Villongco
16250,Kunwa-Kunwari Lang,Kayla
16255,Mr. Kenkoy,Mike Hanopol
16256,Nakasanayan Ko Na Ba,Carmela Cuneta
16261,Puwang Sa Puso,Juris
16262,Hindi Ka Nag-iisa,Yeng Constantino ft. Q-York
16263,Ready Ka Na Ba?,Kito Romualdez
16266,Puyat,RJay Ty ft. Ron Henley
16268,SeenZoned,Yeng Constantino
16271,Synesthesia,Mayonnaise
16272,Boom Panes,Vice Ganda
16277,AMA,Zaito
16278,63,Spongecola Feat. Yeng Constantino
16287,"Ikaw, Ako at Siya","Janno Gibbs, Jaya and Jonalyn"
16288,Ang Saya Saya,0.071527778
16290,Bakit Part 2,Mayonnaise
16292,Carmelita,Victor Wood
16298,Dading,Gaby Eigenmann
16299,I Heart You,Daniel Padilla
16300,Friends,Francis M
16301,Friends Lang Tayo,Grin Department
16304,Ikaw Pa Rin,Manilyn Reynes
16306,Baby You Are,Julie Anne San Jose
16307,Kakaibabe,Donnalyn Bartolome
16308,Kaya Ko Na,Jennilyn Mercado
16310,Kung Hindi Ikaw,James Wright
16314,My BFF Theme Song,"Jillian, Mona and Janno"
16316,No Rewind No Replay,Jose Mari Chan
16318,Pag-Ibig Na Kaya,Rachelle Ann Go & Christian Bautista
16325,Sampip,Parokya Ni Edgar
16327,Sa'yo,Silent Sanctuary
16328,Umaasa,Ken Alfonso
16332,Awit Ni Ginny,Toni Gonzaga
16334,Miss Pakipot,Urban Flow
16349,Main Chick,66 Kid Ink
16359,Awit Mo'Y Nandito Pa,Aldrich Talonding
16361,Asintado,Lirah Bermudez feat. Gloc 9
16368,Hang Out Lang,Duncan Ramos & Young JV
16369,Habulan,The Dawn
16375,Dear Heart,Kiana Valenciano
16382,Panaginip,P.O.T.
16401,We Are Tonight,Billy Currington
16413,Hanggang Kailan,Angeline Quinto
16415,Bagong Siglo,Christian Bautista ft Glock9 & Basti
16416,Bahala Na,James Reid & Nadine Lustre
16420,Sa Gitna Ng Ulan,"Curse One, Smugglaz, vlynz"
16421,Simpleng Tulad Mo,Daniel Padilla
16424,Sabado,Eraserheads
16425,Halika Na,Maja Salvador ft. Abra
16426,Ikaw,Yeng Constantino
16427,Mahal Kita Pero,Janella Salvador
16428,Bumabalik Ang Nagdaan,Jessa Zaragoza
16429,Dito,Jovit Baldivino
16430,Walang Basagan Ng Trip,Jugs & Teddy
16431,Kapiling Kita,Karylle
16432,Torpe,Kris Lawrence
16433,Dito Na Lang,Kyla
16434,Mahal Ko O Mahal Ako,Kz Tandingan
16435,No Girlfriend Since Break,Luigi D' Avola
16436,Pare Mahal Mo Raw Ako,Michael Pangilinan
16438,Song On A Broken String,Nicole Asensio
16440,Para-Paraan,Nadine Lustre
16441,World Without Strangers,Rico Blanco
16465,Umiiiyak Ang Puso,Bugoy Drilon
16474,Walang Nagbago,Eraserheads
16477,Everything Takes Time,Hazel Faith Dela Cruz
16478,Qrush On You,Jay-R Elmo Magalona And Q-York
16479,If You Don't Want To Fall,Jed Madela
16482,Nahihibang,Join The Club
16485,Aking Pangako,Kjwan
16486,Salbabida,Kyla
16487,Pumapag-ibig,Marion Aunor
16488,Porta,Mayonnaise
16491,Akin Ka Na Lang,Morissette
16495,San Man Patungo,Parokya Ni Edgar
16496,Mali,Shadow
16498,Burnout,Sugarfree
16504,The Only One,Thor Dulay
16507,Langit Umaawit,Tom Rodriguez
16514,Business Man,Glock-9
16520,Dedma,Abra & Julie Ann
16524,Milk And Money,Eraserheads
16527,Para Sa'yo,Freestyle
16528,Habang Buhay,Glenn Jacinto
16533,Ikot,The Oktaves
16534,Sobrang Init,Kamikazee
16535,Laging Ikaw,Jed Madela
16537,Lullaby,Introvoys
16541,Miss Taken,Blue Ketchup ft Danita Paner
16542,Narito,Gary Valenciano
16551,Tayo Lang Dalawa,Rivermaya
16554,Kilometro,Sarah Geronimo
16562,Jacuzzi,Tanya Markova
16574,Ilibing Ng Buhay,Death Threat
16579,Gusto,Jolina Magdangal
16580,Huwag Siya,Donnalyn Bartolome ft. Shehyee
16581,If Only,Side A
16583,First Day High,Kamikazee
16585,Ikaw Na Nga Yata,Kathryn Bernardo
16586,Will You Wait for Me,Karavana
16591,Orient Pearl,Maabot Ka Lang
16595,Bakit Ba Ikaw,Michael Pangilinan
16597,Red Horse,Mike Kosa
16604,Roel Cortez,Dalagang Probinsyana
16605,Sa Puso Ko,True Faith
16606,Sabay Natin,Daniel Padilla
16607,Sana Pag-ibig Mo Ay Tunay Na,J. Brothers
16608,Akala Ko'y Langit,Siakol
16614,Push Mo Yan Te,Vice Ganda ft. Regine Velasquez
16616,Wala Man Sayo Ang Lahat,Myrus
16621,Mangarap Ka (Full Band),After Image
16622,Lihim Na Pagtingin,Antoinette Taus
16623,Time To Let Go,Ashley ft Dexter
16624,Discolamon,Banda Ni Kleggy
16625,Iyong-Iyo(Ang Puso Ko),Big Thing
16628,Lapit,Callalily
16629,Hulog Ng Langit,Donna Cruz
16631,Poorman's Grave,Eraserheads
16634,Ala-Ala Na Lang,Hambog ft Lun
16635,Nothing New,Hilera
16636,I Won't Let You Go Again,Jaya
16637,Paano Ba Maibabalik,Jed Madela
16638,Sana'y Magbalik,Jovit Baldovino
16639,Bagong Umaga (Strawberry Lane OST),Julie Ann San Jose
16642,Pusong Lito,Kim Chiu
16648,Runaway Angel,Mojofly
16649,Mr. Antipatiko,Nadine Lustre
16650,I Keep On Saying,Nexxus
16651,Can't Say That I Love You,Nina
16652,Hiling,Paramita
16654,Ang Tangi Kong Pangarap,Rico Blanco
16655,Say Forever,Rico Blanco
16656,Hindi Ko Naisip,Rockstar 3
16658,Minamahal,Sarah Geronimo
16659,Second Chances,Jennylyn Mercado
16660,I Didn't Know I Was Looking For Love,Sitti
16661,Listen,Stonefree
16664,A Gentle Persuasion,The Camera Walls
16667,Ipagdarasal Ko,The Vibe
16669,Stay With Me,Toni Gonzaga
16670,Awit Para Sa Kanya,True Faith
16671,Akin Ka Na Lang,Vice Ganda
16672,Without You,Introvoys
16673,Darkness Fell,Wolfgang
16674,What's Up Ahead,Yeng Constantino ft. Yan Asuncion
16676,You Don't Know Me,Kathryn Bernardo
16678,Maabot Ka Lang,Orient Pearl
16679,Dalagang Probinsyana,Roel Cortez
16694,Mahiwagang Pag-ibig,Aldred Gatchalian
16695,Mahal Kita Pramis,Banda Ni Kleggy
16696,Money For Food,Barbie's Cradle
16697,Basta't Kasama Ka,Glock 9 ft Lirah Bermudez
16700,Nais Kong Malaman Mo,Boyfriends
16701,Bigkas,Brisom ft. Lovi Poe
16702,My Memory Of Him,Denise Laurel
16703,Pangako Ng Kahapon,Donna Cruz
16705,Lowbat Na Ba,Ganny Brown
16706,You Can Make It Happen,Heart Evangelista
16710,Falling Star,Itchy Worms
16711,Di Na Ba Kita Mapipigilan,Jaya
16712,Bukas Ngayon At Kailanman,Jerome Abalos
16715,Tulad Mo,Julie Ann San Jose
16716,Tagumpay Nating Lahat,Leah Salonga
16717,Leave You,Jose Mari Chan
16719,Damang-Dama,Moonstar 88
16721,Sayang Naman,Nina
16722,P.I.,Siakol
16725,Rainy Day,Itchyworms
16726,Kol Center,Ram Chavez Band
16727,Paalam,Ram Chavez
16728,Kagulo,Sandwich
16731,Superstalker,Sopiz
16732,Ikot,Stonefree
16733,Tanging Ikaw,Zander Khan
16734,My Life's Arithmetic Means,The Camerawalls
16736,Let Me Love You One More Time,Victor Wood
16737,Wala Na Ba Ang Dati,Vina Morales
16738,Trapo,Yano
16754,Hanap-Hanap,James Reid and Nadine Lustre
16755,Number One,Harana
16759,In Love Ako Sa'yo,Darren Espanto
16760,It Had To Be You,Toni Gonzaga
16761,Wiki Me,Julian Trono
16762,Kung Maibabalik Ko Lang,Julie Anne San Jose
16768,Kismet,Silent Sanctuary
16771,Una't Huling Mamahalin,Louie Heredia
16776,Take A Chance,Marion Aunor
16781,Prom,Sugarfree
16789,Kasalukuyan,Siakol
16792,Tahanan,Evette Pabalan
16793,Galit Sa Mundo,Teeth
16795,Kapag Nagunaw Ang Mundo,The Youth
16796,Finally,Toni Gonzaga
16797,Tsinelas Sa Putikan,Glock 9 ft Marc Abaya
16800,Panaginip,Alex Gonzaga
16801,Anak Ng Gabi,Backdraft
16802,Hawak Mo,Asin
16803,Awit Ni Brod,Asin
16804,Batugan,Shanghaied
16817,Pag Kasama Ka,Gimme 5
16818,Bakit,Glock 9 ft Cookie Chua
16819,Your Puppet And Clown,Greyhoundz
16820,Sampayan,Grin Department
16821,Halika Na,Siakol
16822,Hari Ng Sari Sari,Boneheads
16834,Magulo Buhay Ng Tao,The Youth
16835,Love Me Instead,Moira Dela Torre
16840,Giyang,Razorback
16841,Munting Paraiso,Razorback
16842,Ako'y Tinamaan,Reo Brothers
16843,Langit,Ron Henley ft. BV
16847,The Crown,Slapshock ft. Apl de ap
16850,Stuff Toy,Grin Department
16852,Fed Up,Talata
16854,Tugtugan Na,The Teeth
16856,Time Space Warp,Balahibumpooza
16859,Feels Like,Yeng Constantino
16862,Akin Ka Na,Yeng Constantino
16864,Arise,Wolfgang
16868,Ceiling,Typecast
16871,Ala-Ala,Cueshe
16872,Praning,Datus Tribe
16875,68 Dr. Sixto Avenue,Eraserheads
16879,I Like You,Geneva Cruz
16880,Gising Na Kaibigan,Asin
16881,See You,Hale
16883,Ikaw Na Lang Ang Kulang,Akafellas
16885,Kaya Mo Yan,Introvoys
16886,Buwan,Itchy Worms
16888,Lalaki Lang Ako,Janno Gibbs
16891,Akin Na Lang Sana Siya,Jimmy Bondoc
16892,Mr. Right,Kim Chiu
16895,Say You Love Me,M.Y.M.P.
16896,Miss You,M.Y.M.P.
16897,Magical Feeling,M.Y.M.P.
16899,Tanong Mo Sa Bituin,Maris Racal
16901,Pinaikot-Ikot,Mitoy Yonting
16904,One And Only You,Parokya Ni Edgar
16906,Payaso,Razorback
16907,Katol,Rocksteddy
16908,Umay,Rye Sarmiento
16909,Sana,Sarah Geronimo
16911,Sa Piling Mo,Silent Sanctuary
16916,Think About You,Jolina Magdangal
16926,Muling Magmamahal,Angeline Quinto
16928,Dusk 'Til Dawn,Glaiza De Castro
16929,Di Man Lang Nagpaalam,Edward Benosa
16934,Unstrung Heroes,Francis Magalona ft Ely Buendia
16938,Caught In That Feeling,Jason Dy
16940,Darating Din,Kim Chiu
16946,Bakit Ganito Ang Pag-ibig,Maja Salvador
16948,Tayo Na Lang Dalawa,Mayonnaise
16949,Me And You,Nadine Lustre
16950,Mga Langaw,Grin Department
16951,Di Mapaliwanag,Morissette
16952,Nakakamiss Lang Kasi,"Smugglaz, Curse One, Dello, Flict G"
16953,Sabay,Never The Strangers
16957,Kailangan Kita,Orange And Lemons
16959,Why,Pupil
16960,I'm Flying High,Rita Daniela
16969,Tell Me,Joey Albert
16973,Paano Ko Sasabihin,Thor
16976,Weekend,Sugar High
16981,Cerberus,Abra ft Loonie & Ron Henley
16985,Cutterpillow,Eraserheads
16986,Stuck,Darren Espanto
16987,Nakakalitong Mga Tao,Datu's Tribe
16991,Hey Jay,Eraserheads
16992,Waiting For The Bus,Eraserheads
16993,Shirley,Eraserheads
16995,For The Rest Of My Life,Side A
16996,Syota Ng Bayan,Grin Department
16998,Bay,Jack 'N Poy
17001,Julie Tearjerky,Eraserheads
17007,Pwede Nang Mangarap,Lyca Gairanod
17010,Morena,Roxee B.
17011,Muling Buksan Ang Kahapon,Orient Pearl
17013,Pautang Ina,Manang Damo
17014,Musikaw,James Reid ft Pio
17015,Nasaan,Lara Maigue
17016,Sa Ibang Mundo,Nadine Lustre and Kean Cipriano
17019,Sigarilyo Ni Pepe,Re-Animator
17024,Iyong Iyong Iyo,Spongecola
17025,Still In Love With You,Manilyn Reynes
17030,The Harder I Try,Free Movement
17031,Basura,The Youth ft Cookie Chua
17033,Traffic Na Naman,Erectus
17035,Wag Kang Pabebe,Vice Ganda
17038,Kaka,Yano
17039,Ale,Young JV
17040,Pagsilang,Join The Club
17044,A Friend,Keno
17047,Babalik Ka Rin,Gary Valenciano
17049,Death Metal,Datu's Tribe
17051,Maselang Bahaghari,Eraserheads
17052,Slo Mo,Eraserheads
17053,A Smile In Your Heart,Ariel Rivera
17057,Moonset,Franco
17058,Saint Or Sinner,Hale
17059,Happy Breakup Song,Donnalyn Bartolome
17067,Tidal Wave,Julie Anne San Jose
17068,Kananete,Eraserheads
17073,Let The Pain Remain,Basil Valdez
17083,You Are So Beautiful,Paolo Onesa
17084,Nag-Iisa Lang,Angeline Quinto
17085,Voodoo Who Do,Razorback
17086,Hahanap-Hanapin Ka,Rita Daniela
17087,Nasa Sa'yo,Rivermaya ft. Gloc9
17088,Buhangin,Sandwich
17092,Itatago Na Lang,Tanya Chinita
17093,Tao Po,The Youth
17096,Paano Ba Ang Magmahal,Sarah Geronimo feat. Piolo Pascual
17097,Triangulo,"Thyro Alfaro, Yumi Lacsamana and Jeric Medina"
17100,Dance Without The Music,Yeng Constantino
17110,Wish I May,Alden Richards
17112,Himig Ng Pag-Ibig,Asin
17113,Karaniwang Tao,Heber Bartolome
17119,Edge Of The World,Josh Padilla and Yassi Pressman
17124,Feelings,Up Dharma Down
17128,Ingatan Mo Ang Salitang Mahal Kita,Orlando Sol
17130,Not Impressed,Julie Anne San Jose
17140,Pwede Ba,3logy
17144,Atomica,Wolfgang
17146,Let My Fire Out,Frencheska Farr
17154,Iniwan,Grin Department
17155,Kumusta Ka,Nonoy Zuniga
17157,To Love Again,Dingdong Avanzado
17162,1995,Eraserheads
17165,Ako Na Lang,Angeline Quinto
17166,Bakit Ba Mahal Kita,Angeline Quinto
17168,Ayoko Na Sa'yo,Vice Ganda
17170,Bakit May Pag-ibig Pa,Bing Rodrigo
17174,Maari Ba,Beverly Caimen
17178,Now I'm Dancing,Callalily
17181,I Got You (I Feel Good),Daniel Padilla
17189,Di Na Kita Mahal,Hazel Faith ft. Michael Pangilinan
17192,Alam Niya Ba,James Reid
17193,Pag-ibig,Spongecola
17195,Para Sa 'Yo,Juan Karlos Labajo
17196,Isang Araw,Kaye
17200,Kilig,Maja Salvador
17204,Tupad Na Ang Pangarap,Camille Santos
17206,Perfectly Imperfect,Sarah Geronimo
17211,Whoa Pilipinas,Datus Tribe
17212,Saan Darating Ang Umaga,Raymond Lauchengco
17214,Parang Wala Lang,Tippy Dos Santos
17216,Perpekto,Dong Abay
17217,Unlimited And Free,Daniel Padilla
17223,14,Silent Sanctuary
17224,20/20,Pupil
17225,A New Tattoo,Urbandub
17226,A Wish On Christmas Night,Jose Mari Chan
17227,Thank You For The Love,ABS-CBN Christmas Station ID 2015
17238,Buong Gabi,Maja Salvador ft Project Pinas
17239,Christmas Past,Jose Mari Chan
17244,Diskarte,Daniel Padilla
17247,Chinito Problems,Enchong Dee
17249,Ikaw,Erik Santos
17250,Tandaan Mo To,Erik Santos ft Gloc9
17254,Sa Paskong Darating,Freddie Aguilar
17255,Fruitcake,Eraserheads
17257,Giliw,Martin Nievera
17262,"Baby, I Do",Juris
17263,Kilig,Jinky Vidal
17265,Habang Ikaw Ay Narito,Martin Nievera
17267,Bulag,Mitoy
17269,Pasko Ang Damdamin,Freddie Aguilar
17270,Turn Back Time,Slapshock
17271,I Will Wait,Gracenote
17272,Again,Sarah Geronimo
17276,Ganyan Talaga,Janella Salvador
17278,Atin Ang Mundo,The Juans
17279,Hanep,Rouge Band
17293,Anong Kailangan Kong Gawin,Myrus
17301,"Araw, Ulap, Langit",Christian Bautista
17328,Fight Song,Rachel Platten
17331,Babalik Sa Iyo,Sampaguita
17333,Pasensya Ka Na,Silent Sanctuary
17335,Sing,Parokya Ni Edgar & Rico Blanco
17341,Abante,Loonie ft Kat Agarrado
17355,Could've Been,Sarah Geronimo
17356,Dahan-Dahan,Brownman Revival
17357,Dear You,Juris
17362,Isang Pangarap,Dulce
17388,A Call to Arms,Urbandub
17390,Aking Pagmamahal,Repablikan
17398,Awanen Serbina,Lea Dansalan
17399,Bakit May Paalam,Six Part Invention
17405,Bolinaw,Mantequilla
17409,Buak,Indephums
17410,Build A Girl,Darren Espanto
17411,Bumuhos Man Ang Ulan,Jericho Rosales
17412,Buta,Ruth Vergara
17422,Makin' Moves,Darren Espanto
17423,Diak Gamden Ti Agayat,Melo Santiago
17424,Dito,Pops Fernandez
17428,Your Love,Eddie Peregrina
17442,Gawing Langit Ang Mundo,Siakol
17443,Getting To Know Each Other,Ariel Rivera
17447,Goodbye,Juana
17448,Picture Mo Inday,Grin Department
17449,Gupit,Toto Sorioso
17450,Haharanahin Kita,Mikey Bustos & David DiMuzio
17451,Liwanag,Zion Aquino ft Yeng Constantino
17453,Milagro,Jason Dy
17455,You Mean The World To Me,Jed Madela
17456,There You Go Again,Joey Albert
17458,On The Wings Of Love,Kyla
17459,Love Me Kill Me,Maja Salvador
17462,Please Love Me Now,Eddie Peregrina
17464,Sa Isang Awit,Lyca Gairanod
17473,Pilipinas,Quest
17474,Hello Hello Hello,Tanya Markova
17480,Sana'y Maghintay Ang Walang Hanggan,Zsa Zsa Padilla
17484,Akala Mo Lang Yon,Herbert Colanggo
17498,Tibok,Cholo and Shane
17499,Who Is She To Me,Christian Bautista
17500,Crazy Tonite,Sampaguita
17502,It's Not Easy Letting Go,Daryl Ong
17513,Mabuti Pa,Daryl Ong
17514,Pag-ibig Lang,Gary Granada
17515,Face In The Woods,Urbandub
17532,Ferris Wheel,Yeng Constantino
17534,Dangerous,Jensen & The Flips
17538,Silakbo,Miles Experience
17541,Kahit Sa Panaginip Lang,Join The Club
17550,Pinasmile,Daniel Padilla & Kathryn Bernardo
17558,Sana Bukas Pa Ang Kahapon,Angeline Quinto
17559,Dulo,Sarah Geronimo
17567,Mahiwagang Kamote,FrancisM
17568,Babalik,James Reid
17569,HaHaHaHasula,Kurt Fick
17570,You Can't Be Right,Mayonnaise
17571,Videoke Queen,Rico Blanco
17598,Byaheng Bohol,Brownbuds
17603,Carinosa,Pilita Corales
17605,Dapat Tama,Gloc 9 ft Denise Barbacena
17609,Di Kayang Pilitin,Klarisse De Guzman
17619,Evidence,Urbandub
17622,First Love Never Dies (Piano Version),Boyfriends
17626,For Everything I Am,Christian Bautista
17633,Hain Ang Utlanan,Willy Garte
17638,I Believe,Darren Espanto
17642,Dalawang Letra,Itchy Worms
17651,Runnin' Away,Ang Tunay Na Amo
17652,Muling Binuhay Mo,Ciamara Morales
17654,Bet Mo Ba,Kelly Welt
17655,Wow,Mike Kosa ft Ayeeman
17656,Naririto Ako,Willie Revillame
17659,Piliin Mo Ang Pilipinas,Angeline Quinto
17662,Mr. Lonely,Victor Wood
17671,Ayoko Sa Dilim,FrancisM
17674,Nyebe,Kaye Cal
17676,Gusto Kita,Bailey May
17677,Kurakot,Banda Ni Kleggy
17678,Lagi Mong Tatandaan,Parokya Ni Edgar
17680,Up Dharma Down Medley,Up Dharma Down
17687,Bolang Kristal,Abra ft KZ Tandingan
17688,All That's Left,Christian Bautista
17689,All This Time,Side A ft Sharon Cuneta
17691,Araw Oras Tagpuan,Spongecola
17697,Dasal,Ric Segreto
17698,Di Ko Alam,Yassi & Andre
17701,Dito Sa Puso Ko,Josh Santana & Nikki Gil
17707,Only You,After Image
17708,Ambon,Barbie Almalbis
17716,"Gising Na, O Kuya Ko",Coritha
17721,Hatid Sundo,Gimme 5
17725,A Certain Smile,Introvoys
17727,Dear Biyenan,Breezy Boyz And Abaddon
17729,Patay Na Si Uto,Nyoy Volante
17731,It's Hard To Say Goodbye,Regine & Paul Anka
17732,Takbo,The Youth
17736,Kahit Kunwari Lang,Claire Dela Fuente
17748,Bibitawan Ka,Juris
17750,Otso Pa,Grin Department
17752,You Got It All,MYMP
17755,Minamahal Pa Rin Ako,Daryl Ong
17758,Tama Lang,Jolina Magdangal
17759,Sana'y Tumibok Muli,Klarisse De Guzman
17760,Mananatili,Marlo Mortel & Janella Salvador
17761,Diamante,Morissette
17762,Tulad Mo,TJ Monterde
17770,Puedepende,Edray Teodoro
17776,Sa Aking Pagpikit,Midnight Meetings
17778,"Kung Ayaw Mo, Huwag Mo",Rivermaya
17794,Babaeng Sorbetes,Orient Pearl
17795,Bakit Ba Ganyan,Nyoy Volante
17796,Baliw Na Pag-ibig,Sam Milby
17798,Barkada,Parokya Ni Edgar
17799,Baso Ni Maria,Aleck Bovick
17805,Bihag,Bryan Termulo
17806,Binibining Pilipina,Ogie Alcasid
17817,Dahil Minamahal Kita,Imelda Papin
17831,Firefly,Kitchie Nadal
17833,Fly Away,Blaze N Kane ft Pow Chavez
17835,Forevermore,After Image
17848,"More, More, More",Andrea True Connection
17849,My Summertime Love,Juan Carlos Labajo
17854,Stay,Daryl Ong
17855,Two Four,Gracenote
17862,Tabo,Grin Department
17863,Di Na Kita Mahal,Silent Sanctuary
17864,Nakakainis,Parokya Ni Edgar
17865,Solb,Siakol
17866,Dito Ka Lang Sa Puso Ko,Wynn Andrada
17867,Iduyan Mo,Basil Valdez
17871,Maghihintay,Mark Allain
17876,Maghihintay,Mark Allain
17878,Imahinasyon,TJ Monterde
17882,"Ako Ang Nagwagi, Ako Ang Nasawi",Dulce
17884,Better World,Smokey Mountain
17886,Sierra Madre,Coritha
17889,Paano,Dulce
17893,Tuwing Umuulan At Kapiling Ka,Basil Valdez
17901,Ikaw Pa Rin Ang Mamahalin,April Boys
17904,Your Love,Juris
17905,22 Anyos,Len Clarino & Cesar Verdeflor
17906,Free Fall Into Love,Marion Aunor
17907,Sana Mali,Moonstar 88
17911,Nagsimula Sa Puso,Sarah Geronimo
17912,Kaibigan Mo,Sarah Geronimo ft Yeng Constantino
17913,Sa Pag-ikot Ng Mundo,Siakol
17914,Till The End,Six Part Invention
17915,Mahal Ka Sa Akin,Tanya
17916,Dahil Sa 'Yo,Andrew E.
17924,Imagine You And Me,Maine Mendoza
17929,Hoy,Gloc 9
17937,Kung Pwede Lang,Lovi Poe
17939,Magkaisa,Virna Lisa
17941,On The Wings Of Love,Regine Velasquez
17946,Suwerte,Narda
17951,Parachute,Darren Espanto
17952,Parang Nalimot Ko Na,Jolina Magdangal
17953,Maghihintay Ako,Jona
17956,Throwback,Morissette ft. KZ
17957,Hopeless Romantic,Daryl Ong
17959,Heart Of Glass,Jonalyn Viray
17960,Sangandaan,Noel Cabangon
17961,Panakip Butas,Hajji Alejandro
17964,Sige Na Nga,Myrus
17969,Ikaw At Ako,Johnoy Danao
17970,Cheap Thrill,Pupil
17971,Exploration No. 5,Reese Lansangan
17972,Outlaw,Sandwich
17973,Five Ever,Mayonnaise
17975,Coda,Sponge Cola
17979,Umiiyak Ang Puso,Angeline Quinto
17985,Bakit Ba,Ella Mae Saison
17986,Bakit,Rockstar 2
17988,Can I Change My Mind,Tyrone Davis
17989,Carino Brutal,Slapshock
17992,Damdaming Nakabitin,Asin
17995,Deeper,Julie Ann San Jose
17998,Duyog (Acoustic),Jewel Villaflores
18006,Felt So Right,Sarah Geronimo
18009,Gone,Urbandub
18010,Handa Na Ako,Eurika
18030,Laban Pa,KZ Tandingan And Jay R
18032,Starlight,Darren Espanto
18033,Road Trip,Hashtags
18035,Wala Pa Ring Iba,Rockstar 2
18036,Pag May Alak May Balak,Skusta Clee
18038,Away From You,Jaya
18040,Taciturn,Gracenote
18042,Imagine You And Me,Maine Mendoza and Alden Richards
18046,Patawarin,Piolo Pascual
18047,Supernova Scum,The Youth
18050,Langit Na Rin,JC De Vera
18053,Ikaw Ang Buhay Ko,Ogie Alcasid
18054,Walang Iwanan,Jason Dy
18055,"I Do, I Do",Regina Grace
18057,Sa Una Ka Lang Magaling,Skusta Clee Ft Flow G
18058,Dami Mong Alam,Skusta Clee ft Flip D
18065,Girlfriend,Kamikazee
18073,Bwelo Lang,Edray Teodoro ft Juan Carlos Labajo
18074,You Or Nothing,Hale
18075,Prom,The Juans
18078,Guillotine,Urbandub
18083,Aldub Medley,Maine Mendoza and Alden Richards
18086,Bahala Na,Neo Colours
18091,Dakilang Lahi,Ciara Sotto
18100,Paalam Na Sa'Yo,April Boys
18103,Honey,Tito Mina
18105,If Only,Sarah Geronimo
18106,Ikaw Ang True Love Ko,Sheryl Cruz
18107,Ikaw Lamang,Martin Nievera
18108,Ikaw Pa Rin,Tito Mina
18109,O Pag-ibig,Bailey May and Ylona Garcia
18114,Balang Araw,Myrus Ramirez
18115,Di Kita 'Pagpapalit,Rockstar 2
18116,Minahal Kita Ng Labis,Rockstar 2
18117,Got To Let You Know,Tito Mina
18118,Both In Love,Tito Mina
18120,But If You Leave Me,Junior
18135,Di Ko Magawang Limutin Ka,Paul Sapiera
18138,Just A Smile Away,Jaime Garchitorena
18140,"Mahalan, Lambingan, Bulungan",Joey Albert
18142,Nang Dahil Sa Pag-big,Bugoy Drilon
18143,Nasaan Ang Pangako,Anja Aguilar
18144,Panaginip,Hotdog
18148,Kahit Ako'y Pangit,Roel Cortez
18151,I Love You (Maniwala Ka Sana),Chino Romero
18156,Nasaan Ang Pangako,Roger Mendoza
18159,Sana Maulit Muli,Regine Velasquez
18164,Tayo Lang Dalawa,Donna Cruz
18168,Thank You For Your Love,Dimsum
18177,Summer Baby,Imago
18180,Umagang Kay Ganda,Tillie Moreno and Ray-an Fuentes
18184,About You Boy,Pop Girls
18195,Di Ka Man Lang Nagpaalam,Juan Karlos Labajo
18196,Sa Iyo,Nikki Bacolod and Min Yasmin
18202,Sino Ba Ako Sa'yo,Erik Santos
18206,Hanggang Sa Kailanman,Jeremiah
18209,I'm Already King,Christian Bautista
18211,Hiling,143
18213,Paniwalaan,Blue Jeans
18215,Ikaw At Ako,Krausswind
18217,A Love To Last,Donna Cruz
18218,Reyna,Derrick Monasterio
18224,Pabili Po,Banda Ni Kleggy ft Aikee
18236,Kung Alam Mo Lang,Jed Madela
18246,Kailan,Basil Valdez
18249,Bagong Umaga,Bayang Barrios
18252,Hiram Na Buhay,No Bail Band
18254,Para Sa Tunay Na Pagbabago,Freddie Aguilar
18258,Miss Kita,J Brothers
18261,Awiting Pilipino,Mike Hanopol
18262,Pasa Diyos,Young JV feat Vice Ganda
18263,Mr. Pakipot,Myrtle Sarrosa
18265,Kung Pwede Lang,Sabrina
18274,Paraan,Sharlene San Pedro
18276,Wag Mong Aminin,Rico Blanco
18277,Eman,Parokya Ni Edgar
18278,Kung Di Magkatagpo,Enrique and Liza
18279,Love at Website,Ronnie Alonte
18281,Tuwing Umuulan At Kapiling Ka,Eraserheads
18282,Happy Merry Christmas,Sexbomb
18284,"Mano Po Ninong, Mano Po Ninang",Janet Arnaiz
18286,Paskong Anong Saya,Verni Gonzales
18287,Christmas Bonus,Aegis
18288,Sa Paskong Darating,Celeste Legspi
18291,Wish Ko Sa Pasko,Sexbomb
18293,Ba't Di Mo Na Kaya,Sherwin Baguion
18301,Saan Darating Ang Umaga,Angeline Quinto
18302,Ikaw Lang Ang Mamahalin,Martin Nievera
18320,Barkada Ko,Isla Era
18321,Miss Mo Rin Ba Ako,J Brothers
18323,Giliw Ko,Rockstar
18326,Rain,Von Arroyo
18333,Harana Na Na Na Na,Janella Salvador
18335,7 Minutes,Darren Espanto
18337,Tala,Sarah Geronimo
18341,Bonfire Love Song,James Reid
18342,Gusto Ko,Gracenote ft Alexa Ilacad
18343,Binibini Sa MRT,The Juans
18344,Misteryoso,Issa Rodriguez
18345,I'd Do Anything,Tim Pavino
18346,I Don't Wanna Miss A Thing,Regine Velasquez
18353,Pusong Bato,Jovit Baldovino
18356,Tayo Ay Maglaro,Lyca Gairanod ft. Reynan Dal-Anay
18357,Pare-Pareho,Banda Ni Kleggy ft Bayang Barrios
18358,Reunion,Parokya Ni Edgar
18362,Lupa,Rico J. Puno
18368,Larawan,Eevee
18373,No Ordinary Love,M.Y.M.P.
18374,Pariwara,Itchyworms feat. Ely Buendia
18377,Dahan Dahan Dahan Lang,Ylona Garcia
18382,Magmahalan Tayo Ngayong Pasko,Alden Richards
18383,"Thank You, Ang Babait Ninyo","Lyca, Darren, JK and Darlene"
18384,"Bro, Ikaw Ang Star Ng Pasko",ABS-CBN Artist
18385,Isang Pamilya Tayo Ngayong Pasko,"Sarah, Leah, Bamboo, Sharon & The Voice Kids"
18389,Rain,Boy Mondragon
18391,Sana'y Tanggapin Ang Pag-ibig Ko,April Boy Regino
18394,Promise Me,Lord Soriano
18395,What Kind Of Fool Am I,Regine Velasquez
18403,Mahal Naman Kita,Josh Santana
18407,Rescue Me,Alden Richards
18411,Only You,Lord Soriano
18416,Gold Digger,Butchiki Dela Cruz
18417,Harinawa,Bayang Barrios
18422,If We Just Hold On,Jonalyn Viray
18425,Bumalik Ka Na,Freshmen
18426,Hanggang Dito Na Lang,Enchong Dee
18427,Dating Tayo,TJ Monterde
18433,Dearest One,Lord Soriano
18437,I Am A Soldier,Lew Soratorio
18444,Paasa (T. A. N. G. A.),Yeng Constantino
18451,Soul Mates,Marc Velasco
18452,Ikaw,Martin Nievera
18453,Fall For Me,Kyle Echarri
18457,Kapag Kasama Kita,Piolo Pascual
18458,Kiss (Never Let Me Go),Thyro & Yumi
18459,Monumento,Kyla & Kris Lawrence
18461,Love Story Ko,Gloc 9
18462,Ngayong Wala Ka Na,Aiza Seguerra
18467,Aking Prinsesa,Gimme 5
18468,Ang Darling Kong Zombie,Tanya Markova
18469,Friendzone Mo Mukha Mo,Parokya Ni Edgar
18472,Dahil Puso Tinali Na,KJ Reyes
18475,My Love Will Never Die,Bert Dominic
18476,Kamasupra,Eraserheads
18479,Wala Lang Yun,Parokya Ni Edgar
18484,Idalangin Sa Maykapal,April Boys
18491,Minsan Ang Minahal Ay Ako,Celeste Legaspi
18493,Maybe This Time,Sarah Geronimo
18494,Pakaingatan,Eurika
18499,Ako Ay Probinsyano,Gloc-9 ft Ebe Dancel
18500,Di Na Muli,Itchyworms
18501,Sagwan,Gloc 9 ft Monty Macallino of Mayonnaise
18503,Label,Myrtle Sarrosa ft Abra
18504,Pakipot Suplado,Alexa Ilacad
18505,Happy To Be Me,Andrea Brillantes
18506,Sana Kung Pwede Lang,Juan Karlos Labajo
18507,Killing Myself To Sleep,Charice
18508,Kung Alam Mo Lang Kaya,Roxie Barcelo
18509,End Of The World (E.O.W),Tanya Markova
18512,Wag Ka Nang Umiyak,Gary Valenciano
18515,Hindi Kita Iiwan,Sam Milby
18517,I See You Lord,Aiza Seguerra
18525,Shoot Shoot Anime,Andrew E.
18526,Banyo Queen ah-ah uhm-hum,Andrew E. ft Rica Paralejo
18538,Alam,Darren Espanto
18540,Two Lovely Flowers,Eddie Peregrina
18543,Give Me A Reason,Anja Aguilar
18547,Pause,Gracenote
18549,Sila,SUD
18552,Magpakailanman,Rocksteady
18556,My Miracle,Jonalyn Viray
18557,Noon At Ngayon,Blakdyak
18559,Cry,Romie Medalla
18561,Ung Tagalog,Kamikazee
18563,Kabilang Mundo,Siakol
18565,Sana Ngayon Lang Ang Kahapon,Angeline Quinto
18574,Mary Jane,The Grandells
18575,Lea,Noel Cabangon
18576,Butterflies,Spongecola
18577,Anak Ka Ng Ina Mo,The Youth
18578,Masdan Mo Ang Kapaligiran,Xanctuary
18583,Aking Ama,Lil Coli
18584,Ayaw Na Kung Ayaw,Cathy Go
18585,Baka Sakali,Jay Jimenez
18586,Kahit Ika'y Panaginip Lang,Basil Valdez
18588,Sa Piling Mo,Bing Rodrigo
18592,Sandali Na Lang,Eurika
18594,Firepower,Bamboo
18596,Bulalakaw,Jennylyn Mercado ft Silent Sanctuary
18598,Ikaw Na Nga,Daryl Ong
18602,Impossible Winner,Rockstar
18604,Mangga,Jireh Lim
18607,Call,Bamboo
18608,Laro,Autotelic
18609,My Morena Girl,Hey Joe Show
18612,Baby You're The Reason,Sarah Geronimo
18618,Itutuloy,Regine Velasquez
18633,Malaya,Moira Dela Torre
18639,Lalake,Hagibis
18640,Love Me Again,Regine Velasquez
18643,Mahal Naman Kita,Jamie Rivera
18644,Muli,Vina Morales
18646,One More Try,Kyla
18647,Panaginip,Zelle
18649,Pinoy Ang Gusto,DJ Alvaro
18652,Good Vibes,Quest feat Mayonnaise
18655,Tao,Sampaguita
18657,Sana Ikaw,Erik Santos
18658,Sasagipin Kita,Siakol
18660,"Sorry Na, Pwede Ba",Brownman Revival
18662,Stay,Carol Banawa
18665,"Tag-araw, Tag-ulan",Hajji Alejandro
18666,Tayo Lang Dalawa,Kiss Jane
18670,Kapag Lasing Ka Lang Malambing,Mayonnaise
18672,Sa'n Ako Magsisimula,Callalily
18674,Sorry Naman,Rico Blanco
18676,Tsinelas,Yano
18677,Tunay Na Ligaya,Basil Valdez
18678,Nando'n Ako,Willie Revillame
18689,Ganito Ba Talaga?,Liezel Garcia
18697,Yaya,Jimmy Bondoc
18699,Your Guardian Angel,Alden Richards
18700,Nabihag,JC De Vera ft Jessy Mendiola
18702,Kahit Sa Pangarap Lang,Roel Cortez
18713,Atake,Slapshock
18716,Kaligayahan,Eddie Peregrina
18725,Cheryl Moana Marie,Victor Wood
18731,Ikaw Lang,Shamrock
18734,Mahalin Ka Ng Totoo,Toni Gonzaga
18736,No Greater Love,Clara Benin
18738,Pain In My Heart,Arnel Pineda
18739,Panahon Na Naman ng Harana,Rico Blanco and Chito Miranda
18749,Kung Magiging Tayo,Rocksteddy
18753,Do Ya Do Ya Ever Do Ya,Ric Segreto
18764,Tadhana,Denise Barcena
18767,Sama-Sama,Alamid
18772,Iniwanan,Mga Anak Ng Tupa
18775,Never The Bright Lights,Violent Playground
18776,Padre Damaso,Warlock
18781,Runaway,Zendee
18794,Wala Lang,Edray Teodoro
18796,Tanging Sa'Yo,Jerome Abalos
18799,Spark,Liza Soberano
18800,Tandang Tanda,Thyro and Yumi
18801,Huwag Kang Matakot,Elmo Magalona
18802,Balewala,Loonie
18803,Ako Sa'yo,Sue Ramirez
18805,Titig Ng Pag-Ibig,McLisse and MayWard
18806,Tayo Lang Ang May Alam,Peryodiko
18810,Don't Say Goodbye,Ylona Garcia
18815,Hinding-Hindi Kita Iiwan,Rocky Lazatin
18817,Mahal Kita,Andrew E.
18818,Habang Buhay Ay Ikaw,Ariel Rivera
18822,Nasaan Ka,Eloisa
18825,We Know The Way,"Opetaia Foa'i, Moana"
18830,Stay,Ric Segreto
18831,Ale Nasa Langit Na Ba Ako,Richard Reynoso
18835,Mapagmahal Ako,April Boys
18838,How Far I'll Go,Janella Salvador
18840,Hindi Wala,Juris
18842,Oo Nga Pala,Marion
18844,Dahil Sa'yo,Inigo Pascual
18845,'Pag Pwede Na Ang Puso Mo,Tim Pavino
18847,Walang Hanggan,Quest
18850,Paano Ka Magiging Akin,True Faith
18855,Xman,2 Years Apart
18857,Pinoy Ang Gusto Ko,Dj Alvaro
18858,Pananagutan,Jireh Lim
18860,Things Are Getting Complicated,Rivermaya
18862,Lambing,Silent Sanctuary
18864,I Love You,Eddie Peregrina
18865,Within,Sarah Geronimo
18866,Mr. Kupido,Rachel Alejandro
18873,Itulog Mo Na Yan,Moonstar88
18881,Under The Reggae Moon,Brownman Revival
18886,Closer,Alamid
18887,Dekada,Join The Club
18890,Magulong Pamilya,Dolphy & Panchito
18892,Ba't Di Mo Nasabi,Myrus
18893,Ano Nga Ba Tayo,Jona
18895,Parang Tayo Pero Hindi,Angeline Quinto & Michael Pangilinan
18896,May The Good Lord Bless And Keep You,Jose Mari Chan
18897,Someday,Juris
18899,Di Kita Ma Reach,April Boys
18906,Tsinelas,Kamikazee
18908,Nobody But You,Monica Cuenco
18909,Paalam Na,MYMP
18913,Somewhere Along The Way,Manilyn Reynes
18933,Pusuan Mo,KJ Reyes
18943,The Way I Do,Marcos Hernandez
18944,Hanggang Kailan,Michael Pangilinan
18945,Misteryo,Sarah Geronimo
18948,Kung Maibabalik Ko Lang,LDS ft Yeng Constantino
18949,Listen,Kyla
18951,Hiling,Mark Carpio
18952,Come With Me,Martin Nievera
18957,Pangako,Northdrive
18962,Pink White Blue,Mayonnaise
18964,Muli,Parokya Ni Edgar
18968,Tumalon,Ella Cruz & Julian Trono
18972,Di Ko Alam,Enchong Dee
18974,Bale Wala,Jeric Medina
18978,Salamat Na Lang,Shamrock
18980,Kumusta Na,Yano
18984,Sa 'Yo Na Lang Ako,Dennis Trillo
18986,At Ang Hirap,Angeline Quinto
18987,"Pagputi Ng Uwak, Pag-itim Ng Tagak",Basil Valdez
18989,Langit Ang Pag-ibig,Donna Cruz
18992,Pangarap,Maricris Garcia
18998,Bakit Ikaw Pa Rin,Sharon Cuneta
26002,Call Me,Regine Velasquez
26003,Kapit,Christian Bautista
26008,I Feel Blue,Eddie Peregrina
26013,Dito,Inigo Pascual
26014,Kung Pwede Lang,Alexa Ilacad
26015,Alangan,Zsaris
26021,How Can I,Martin Nievera
26033,Nasaan Ka Man,Martin Nievera
26043,Fly Tonight,Ylona Garcia
26044,Unli,BoybandPH
26046,Paano Na Ako,Susan Cuevas
26053,Kwentuhan,Sugarfree
26054,Guilty,Barabara Streisand & Barry Gibbs
26057,Hindi Mo Na Ba Minamahal,Dingdong Avanzado
26058,Believe Me,Eddie Peregrina
26062,Landas,Marco Sison
26063,Kay Tagal,Mark Carpio
26065,Buhay Ng Buhay Ko,Regine Velasquez
26067,Sinta,Rockstar
26073,Heto,Thyro & Yumi
26076,Walang Dahilan,Gimme 5
26079,Lutang,Ely Buendia And Itchyworms
26084,All I Need,Side A
26086,Bakit Hindi Mo Na Kaya,Sherwin Baguion
26093,Ikaw Ang Buhay Ko,Kris Lawrence
26094,Akala Ko,uess
26098,Ikaw Na Lamang (Matud Nila),Pilita Corrales
26099,God Gave Me You,Regine Velasquez-Alcasid
26102,Hinahanap Pa Rin,Morissette
26104,Kung Sakali Man,Angeline Quinto
26109,Magbago Ka,Freddie Aguilar
26110,Bilog,Gracenote ft Yeng Constantino
26113,Pusong Babae,Donita Nose
26114,Sumilong Ka,Angelina Cruz
26115,Why Can't It Be,Kaye Cal
26116,'Til The End Of Time,Jona
26117,Mahika,TJ Monterde
26118,Manila,Rivermaya
26122,Ikaw Pa Rin,Val John
26132,Cool Down,James Reid
26137,Good Vibes,Vice Ganda
26138,Kung Mababalik,604
26143,Can We Still Be Friends,Toni Gonzaga
26149,Missed You,Sam Concepcion
26152,Bulag Pipi At Bingi,Aegis
26159,Sometimes You Just Know,Jaya
26160,Bituin,Shehyee ft Keiko Necesario
26161,Toinks,Maymay Entrata
26162,Go With The Flow,Poppert
26168,Tama O Mali,Thyro & Yumi
26169,Pigface,Greyhoundz
26171,Insomnia,Hilera
26172,Here In My Heart,Mayonnaise
26175,Bahaghari,Spongecola
26177,Payo,The Youth
26189,All Of My Life,Marco Sison
26197,Forever And A Day,Aiza Seguerra
26201,Bistado Na Kita,Boyfriends
26203,Ito Ang Gusto Ko,Francis Magalona
26209,If We Fall In Love,McLisse
26210,Naririnig Mo Ba,Julie Anne San Jose
26211,Balisong,The Juans
26212,Isang Tingin,Ella Cruz and Julian Trono
26213,Love is You,Ten 2 Five
26216,Amen,Frio
26217,Himig Ng Panahon,"Luke Mejares, Duncan Ramos, Thyro and Yumi, Loonie"
26218,Hindi Na Magbabago,Erik Santos
26219,I Believe,Carol Banawa
26231,Two Of Us,Eddie Peregrina
26236,Unleash The Diva,4th Impact
26249,Langit,Agot Isidro
26250,Man From Manila,Francis Magalona
26252,Once Again,Southborder
26258,Salawahan,Boyfriends
26261,Narda,Daryl Ong
26263,Pusong Ligaw,Jona
26265,You Are My Song,Martin Nieverra
26269,Sa Ngalan Ng Pag-ibig,Acel Bisa
26270,Sandali Lang,Silent Sanctuary
26273,Sukob Na,Aiza Seguerra
26274,Sun And Moon,Lea Salonga & Simon Bowman
26276,Is this Love,Callalily
26278,I Found You,Itchyworms
26280,The Great Unkown,Hale ft Sarah Geronimo
26290,Ako Ang Namunit,Pirot
26295,We'll Meet Again,Eddie Peregrina
26297,Pangarap Ko Ang Ibigin Ka,Erik Santos
26298,Angel Of My Dream,Joel Trinidad
26300,Kahit Hindi Naging Tayo,Willie Revillame
26303,That's The Way Of A Clown,Victor Wood
26304,Ang Tunay Na Pagmamahal,Bobby Duran
26307,Found My Smile Again,Karylle
26323,Huling Harana,Christian Bautista
26324,U.T.I.(Umasa Tapos Iniwan),Rocksteddy
26325,Kaliwa't Kanan,Julian Sean ft Smugglaz
26328,Pwede Ba,Willie Revillame
26331,The Coconut Nut,Smokey Mountain
26334,Why Must I,Eddie Peregrina
26335,Heart Song,Mica Javier
26337,Hudas,Bamboo
26339,Ibig Kong Ibigin Ka,Anthony Castelo
26341,Ikaw Ang Aking Mundo,Angeline Quinto
26343,Itatama Pa Ba O Tama Na,Donnalyn Bartolome
26350,Kumakaba,Sassa
26351,New York and Back,Leanne and Naara
26359,Lihim,Milk 'N Money
26363,Nababaliw (Acoustic),Letterday Story
26365,Parang 'Di Ko Na Kaya,April Boys
26372,Walang Kapalit,Dingdong Avanzado
26375,Will You Still Love Me Tomorrow,Juris
26378,Kulay,Young JV
26379,Haplos,Maja Salvador
26380,Tumahan Ka Na,Noven Belleza
26383,Para Sa 'Yo,Randy Santiago
26384,Ligaw Tingin,Smokey Mountain
26386,Tersera,Mayonnaise
26387,The Last Night Of The World,Leah Salonga and Simon Bowman
26389,Walang Basagan,Rico Blanco
26391,Babalik Kang Muli,Angeline Quinto
26398,Narito Na Ang Pasko (Paglamig Ng Hangin),Ariel Rivera
26399,Do I Make You Wanna,Billy Currington
26400,Karapatan,Bing Rodrigo
26403,Nakaraang Pasko,Kuh Ledesma
26405,"Kumusta Ka, Mahal",Victor Wood
26406,Pasko Sa Pinas,Yeng Constantino
26407,Magkasama Tayo sa Kwento ng Pasko,ABS-CBN Christmas Station ID
26408,Bastelicious,Baeby Baste
26410,Can't Get Over You,Harana
26411,Maria Theresa,Joel Trinidad
26413,Two Less Lonely People In The World,KZ Tandingan
26414,Habulan,Maja Salvador
26415,Ipakita Mo,Manny Pacquiao
26417,Torete,Moira Dela Torre
26418,Hey Barbara,IV Of Spades
26419,Ice Tubig,Gloc 9 ft Mike Luis
26422,Idjay,Davey Langit ft Michelle Dy
26423,Pasko Sa Bawat Kalye Ng Mundo,The Clingy Bunch
26427,You,Ten2Five
26433,Gusto Kita,Ara Mina
26443,Wedding Song,Davey Langit
26444,If I Never Knew You Cared,Eddie Peregrina
26451,Kung Ito Ang Palad Ko,Eddie Peregrina
26452,Lightyears,Eraserheads
26453,Love Has Come My Way,Heart Evangelista
26454,Lumiliwanag Ang Mundo Sa Kwento Ng Pasko!,ABS-CBN Christmas ID 2012
26455,Maniwala Ka,Hungry Young Poets
26457,Ngayong Pasko Magniningning Ang Pilipino,Toni Gonzaga and Gary V.
26460,Pagdating Ng Pasko,Jose Mari Chan
26461,Pwede Bang Ako Nalang Ulit,Bugoy Drilon
26462,Raspberry Girl,Chicosci
26463,Just Fall In Love Again,Angeline Quinto
26470,Lalaban Ako Para Sa Pilipino,Manny Pacquiao
26472,Our Moment,Kyle Echarri
26473,Di Magbabago,Teejay Marquez
26475,Haplos,Maja Salvador
26481,Sa Piling Mo,Bayang Barrios
26492,Break Na Tayo,Alex Gonzaga
26513,Ikaw,Daryl Ong
26514,'Di Ako F'ckboy,JRoa & Emcee Rhenn ft Agsunta
26518,Titibo-tibo,Moira Dela Torre
26519,Huling Gabi,Moira Dela Torre & Quest
26520,Getting To Know Each Other,Xian Lim
26526,Naghihintay,Iktus
26527,Sakto Ka Na,Hashtags
26530,Mobe,Enrique Gil
26531,Got You,Toni Gonzaga
26539,Balang Araw,Julian Trono
26540,Last Message,Jona
26542,The Labo Song,Kaye Cal
26544,Anything For You,Nina
26545,Kaibigan Blues,Zelle
26549,Love Was Born On Christmas Day,Regine Velasquez
26551,Me,Teeth
26554,Misa De Gallo,Ivy Violan
26558,Naroon,Yano
26560,Pag-Agos,Up Dharma Down
26563,Sana'y Kapiling Ka,Angeline Quinto
26566,Wow Na Feelings,Janella Salvador
26569,Turning Up,James Reid
26570,Tadhana,Regine Velasquez-Alcasid
26571,Nakakalokal,Ogie Alcasid
26573,Balita,Asin
26575,Sa Puso Ko'y Ikaw,0.071527778
26578,Shooting Star,Hale
26579,Stealing Heart,Chicosci
26581,Talaga Naman,The Dawn
26584,To Forget You,Sitti
26586,When A Child Is Born,Jose Mari Chan
26594,Don't Ever Leave Me,Eddie Peregrina
26596,Where Do Broken Hearts Go,Erik Santos
26597,Kahit Mali Ang Puso,Garry Cruz
26598,Two Words,Lea Salonga
26602,Sa Totoo Lang,Susan Cuevas
26606,Forevermore,Juris
26607,Sundo,Moira Dela Torre
26608,Just Love Ngayong Christmas,ABS-CBN Christmas Station ID 2017
26610,Magmahalan Nang Buong Puso,GMA Christmas Station ID 2017
26612,Bagyo,Jake Zyrus
26614,Okay Na Ako,Kim Chiu
26615,Tayo Na Lang Kasi,Kyla and Jason Dy
26616,Hey,Matteo Guidicelli
26617,Bes,Migz Haleco
26618,Naririnig Mo Ba,Morissette
26619,Pasko Na,Darren Espanto
26627,I'll Be There For You,Jake Zyrus
26629,Baliw (Acoustic),Maymay & Edward
26630,Tadhana,Noel Cabangon
26632,Anino,Wolfgang
26633,Hayop Na Kombo,Yoyoy Villame
26636,Hello,Kuh Ledesma
26637,Hindi Ka Na Mag-iisa,Jennylyn Mercado
26638,Hiwaga,Up Dharma Down
26641,Ikaw Ang Langit Ko,Celeste Legaspi
26649,I'll Never Love This Way Again,Gary Valenciano
26650,Malayo Na Tayo,Silent Sanctuary
26651,Tunay Na Pag-ibig,Sam Milby
26653,Tanghaling Tapat,UNIT 406
26655,Kailan Pa,Parokya Ni Edgar
26657,Mahiwagang Nunal,Vincent Daffalong
26665,Awit Kay Inay,Carol Banawa
26666,Huling Gabi,Maja Salvador
26670,Sampu,Jona
26672,With Love,Marlo Mortel & Kristel Fulgar
26674,Sa Langit Wala Ang Beer,Bert Dominique
26678,Sumpa,Rockstar 2
26679,Taong Grasa,The Youth
26682,Time Machine,Six Part Invention
26685,Tulad Ng Dati,The Dawn
26686,Tutulungan Kita,Roel Cortez
26688,Waray-Waray,Sylvia La Torre
26691,Tunay Na Nagmamahal,J. Brothers
26692,You're All I Need,Eddie Peregrina
26697,Narito Ako,Erik Santos
26704,Maging Superhero,Daniel Padilla
26707,Kaya Mo,"Mark Bautista, Rico Blanco, James Reid, Nadine Lustre, Yassi Do"
26708,Make Me Yours,Sarah Geronimo
26709,Alon,Hale
26710,Tagay,Quest
26712,Pa'no Na Lang Ako,Jason Dy
26714,Istorya,The Juans
26715,High End,Tanya Markova
26717,Tempura,Sponge Cola
26718,Hayaan Mo Sila,"Ex Batallion, OC Dawgs ft J Roa"
26719,Paano,Janno Gibbs ft. Freestyle
26721,Little Star,Pops Fernandez
26722,Randomantic,James Reid
26738,Pwede Bang Malaman,0.071527778
26743,Dalangin Ko,Zander Kahn
26744,Sakaling Malimutan Ka,Carol Banawa
26745,Ikaw Ang Buhay Ko,Piolo Pascual
26747,Alaala,Jimi Jurado
26749,Till I Met You,Kuh Ledesma
26752,Bakit Bigo Ang Puso,Eddie Peregrina
26756,Live For Love,Nonoy Zuniga
26760,Lonely Teardrops,Victor Wood
26765,Pinipigil,Yeng Constantino
26768,Nasa Atin Ang Panahon,Noel Cabangon
26770,Tibok Ng Puso,M.Y.M.P.
26772,Only Gonna Love You,Kyla feat. REQ
26776,Victor Could,Parokya ni Edgar
26783,Gigil Si Aquo,Vice Ganda
26784,Ikaw Lang Ang Mamahalin,KZ Tandingan
26785,KNKLG,Julian Trono
26787,TRPKNNMN,Gloc9 ft Agsunta
26789,Sa Ngalan Ng Pag-ibig,Jessa Zaragoza
26792,Kahit Kunwari,TJ Monterde
26793,Salot,Siakol
26795,Sa'yo Parin,Glaiza De Castro
26797,Love Me Now And Forever,Romeo Miranda
26799,Ikaw Ang Buhay Ko,King
26800,Makakaya Ko Ba,Roselle Nava
26801,Para Kang,0.071527778
26802,Diwata,Jireh Lim
26804,Close Enough,Christian Bautista
26805,Tampo,Princess Velasco
26807,Sinungaling Mong Puso,Sheryn Regis
26815,Sa Aking Pag-iisa,Cinderella
26823,Dahan,December Avenue
26825,ST4Y UP,Nadine Lustre
26826,"Where Have You Been, My Disco",IV Of Spades
26829,Dito Sa Kanto,Noel Cabangon Feat Chito Miranda
26832,Kalsada,Sam Concepcion
26834,After,Eddie Peregrina
26835,Dito Lang Sa Aking Tabi,Marte
26836,Bakit Ganyan Ka?,Gracenote and Chito Miranda
26837,Wag Ka Nang Umuwi,Matteo Guidicelli
26841,Kanlungan,Hannah Precillas
26848,Inday,Salbakuta
26849,Pangako (Ikaw Lamang),Jovit Baldivino
26850,Yung Pakiramdam,Jona
26851,Be My Fairytale,Janella Salvador
26853,Dito Tayo Sa Dilim,Pedicab
26854,Walang Ganon,Siakol
26856,Who Was I,Juris
26857,Ngumiti Tumawa Magsaya Kumanta,Cynthia Garcia
26858,Crazy For You,Sponge Cola
26859,Nagmamakaawa,Roselle Nava
26862,Awit ni Lira (Sa Pangarap Lang),Mikee Quintos
26867,Patay Sindi,Stellar
26872,Here I Am,Eddie Peregrina
26878,I Just Fall In Love Again,Sarah Geronimo
26881,Oras na,Asin
26882,Nandito,Brownman Revival
26883,Mahal Na Mahal Kita,Dingdong Avanzado
26886,Tagpuan,Moira Dela Torre
26887,Tagu-Taguan,Moira Dela Torre
26889,Dying Inside,Darren Espanto
26890,Mundo,IV Of Spades
26891,Peque,Apekz ft Abra & Mikerapphone
26892,8 to 5,Rivermaya
26894,Sana,Up Dharma Down
26896,Fix You And Me,Kyla
26899,Oks Lang,John Roa
26904,The Life,James Reid
26907,Nadarang,Shanti Dope
26913,Wasak,JC Regino
26916,Kung Sakali,Pabs Dadivas
26917,Move On,Sponge Cola Ft Jane Oineza
26924,Tsismis,Siakol
26927,State U,Yano
26929,"Umaga, Tanghali, Gabi",0.071527778
26931,Bayle Tibook Kalibutan,Yoyoy Villame
26934,Kaibigan,Anthony Castello
26938,Buhay Ng Buhay Ko,Leah Navarro
26939,Hindi Ko Akalain,Leslie Montes
26948,Bintana Ng Puso,Victor Wood
26949,Ako Muna,Yeng Constantino
26951,Pag-asa,Asin
26953,Kathang Isip,Ben&Ben
26955,Sinta,Glaiza De Castro
26961,Opposites Attract,McLisse
26962,Demonyo (Redefined),Juan Karlos Labajo
26964,Di Sadya,Repablikan
26967,Shanti Dope,Shanti Dope ft. Gloc 9
26974,"Kahit Saan, Kahit Kailan",Alexa Ilacad
26983,Move On,Curse One
26984,Alaala Na Lang,Hambog Ng Sagpro Krew ft LUN
26988,Mau,Shanti Dope
26991,Ok Na 'Ko Pag Nawala Ka,Yeng Constantino
26995,Jeggae,Brownman Revival
27000,Paglisan,Repablikan
27002,Ulan,Parokya ni Edgar
27003,Ngiti,Shamrock
27004,Baby Ko,Zandro
27006,Kailangan Kita,Curse One
27007,Hindi Ko Kaya,Angeline Quinto
27011,Kahit Di Na Tayo,Yumi ft Curse One
27014,Una,Spongecola
27016,Puso Kong Nabihag Mo Na,Jayson Largo
27018,"Isang Mundo, Isang Awit",Leah Navarro
27019,Peksman,Ogie Alcasid
27020,Naghahanap,Bing Rodrigo
27023,Yesterday's Dream,Donna Cruz
27026,Baka Ikaw,The Company
27028,Bulong,December Avenue
27029,One Day,Bugoy Drilon
27044,Unreleased (Mahirap Na),Kakaiboys
27045,Weak,AJR
27054,Litrato,Callalily
27056,Pangako Ko,April Boy Regino
27057,Let The Love Begin,Kyla and Jerome John Hughes
27058,Kagandahan,Bea Alonzo
27060,I Will Be Here For You,Kaligta
27062,Two Trick Pony,Sandwich
27063,Unang Araw,Sugarfree
27065,Akin Ka,Bobby Duran
27073,Mahal Mo Pala Ako,Bing Rodrigo
27074,Unang Pag-ibig,Claire dela Fuente
27075,Ikaw Ay Ako,Klarisse with Morissette
27076,Bulung-Bulungan,Victor Wood
27077,Pag-ibig Lang Ang Kailangan,Viva Hot Babes
27078,Begin,Morissette
27080,Habang Buhay,Circa
27084,To Be With You,Aegis
27089,Love At 30000 Feet,Jose Mari Chan
27098,Spaces,MilesExperience
27103,Simple Girl,Zia Quizon
27104,'Di Na Muli,Janine Tenoso
27117,Sige na Tuloy Pa,Siakol
27119,Kahapon At Pag-ibig,Asin
27120,Mateo Singko,Dong Abay
27122,Ngiti,Jake Vargas
27128,Pag-asa,Chocolate Factory ft Sinio
27136,Superhero Mo,ExBatallion ft. Alden Richards
27137,Pare Mahal Naman Kita,Michael Pangilinan
27139,Yakapin Mo Ako,Joey Albert
27140,Who You Are,Morrisette Amon
27141,I Am Yours,Gerald Santos
27142,Ilalim,Chocolate Factory
27144,Kung 'Di Rin Lang Ikaw,December Avenue ft. Moira Dela Torre
27145,If You Ever Say Goodbye,Lord Soriano
27150,Dambana,Silent Sanctuary ft Aia De Leon
27152,Buwan,Juan Karlos Labajo
27153,Kahit Maputi Na Ang Buhok Ko,Noel Cabangon
27157,I Won't Say Goodbye,Bernie Gala
27168,Ngayon Hanggang Wakas,Daryl Ong
27169,In The Beginning,Victor Wood
27172,Ang Ating Araw,Dicta License
27174,Kunwari,Spongecola
27176,Kuya,Davey Langit
27178,Taguan,John Roa
27179,Prom,James Reid & Nadine Lustre
27180,Shanawa Sana S'ya,Maymay Entrata
27181,Walang Papalit,Music Hero
27186,Follow My Lead,ExBattalion ft. Chicser and Sachzna Laparan
27187,Ilaw Sa Daan,IV Of Spades
27188,In My Prison,IV Of Spades
27189,Did You,Donny Pangilinan
27193,Paano,APO Hiking Society
27194,Araw Gabi,Nonoy Zuniga
27198,Isang Iglap,Roel Cortez
27199,Puso Ko'y Sumisigaw,Zander Kahn
27206,Masasabi Mo Ba?,Rachelle Ann Go
27210,B.A.D.A.F. Forever,Charing
27212,Sisikat Muli Ang Araw,Itchyworms
27213,Ex,Callalily
27221,Poison,Darren Espanto
27232,Tayong Dalawa,Julie Anne San Jose
27237,Sa Ngalan Ng Pag-ibig,December Avenue
27238,Kabaduyan,Maymay Entrata
27239,"Bes, I Ever Had",Paraluman
27243,When I'm With You,Ariel Rivera
27244,Leaves,Ben And Ben
27245,A Little Love Goes A Long Way,DoReMi
27251,Kiss Me Kiss Me,Sarah Geronimo
27252,Pangako,Kyle Echarri
27254,Mahal Na Mahal,Archie D.
27255,Help Me Forget,Kuh Ledesma
27256,Hindi Laro Ang Ibigin Ka,Anthony Castelo
27259,Sabay Tayo,Pamboy Lorenzo
27265,Aegis Medley,Aegis
27266,April Boys Mega Medley,April Boys
27268,Ikaw Ang Paglilingkuran,Imelda Papin
27271,Shadow Of Time,Raymond Lauchengco
27272,Pagmamahal Na Walang Wakas,Zsa Zsa Padilla
27276,Letra,Chocolate Factory
27277,Kahit Di Mo Alam,December Avenue
27278,Sana,I Belong To The Zoo
27283,Saluhin,Pao Lofranco ft Ted Vendiola
27284,Kahit Ayaw Mo Na,This Band
27293,Rewind,BBS ft. Kean Cipriano
27296,Kahit Maputi Na Ang Buhok Ko,Moira Dela Torre
27299,Pagka't Nariyan Ka,Sam Mangubat
27300,Memories,Joey Albert
27303,You Are My Sunshine,Moira Dela Torre
27304,Dahil Nariyan Ka,Noel Cabangon
27305,Ikaw Na Nga Talaga,0.071527778
27308,Walang Kapalit,Julie Anne San Jose
27309,Isa Pang Araw,Sarah Geronimo
27310,Tahimik,Yeng Constantino
27311,Akala,Marion
27313,Bibingka,Ben and Ben
27316,Panaginip,Morissette
27317,Itatago Na Lang,Sassa
27318,Ever My Only Love,Zion Aquino
27319,Sino Ako Sa'yo,Angeline Quinto
27321,Ang Babaeng Hinugot Sa 'King Tadyang,Anthony Castelo
27322,Tunay Na Pag-ibig,Bing Rodrigo
27323,Ikaw Ang Lahat Sa Akin,Regine Velasquez
27324,Ako Ba o Sya?,Imelda Papin
27325,Huwag,Imelda Papin
27326,Kailan Sasabihing Mahal Kita,Sharon Cuneta
27328,Pagsinta'y Pang-araw At Ulan,Basil Valdez
27331,Kahit Malayo Ka,Piolo Pascual
27332,Clueless,Sam Mangubat
27339,Hati Na Lang Tayo Sa Kanya,Eumee ft JC Santos
27340,Dalawang Pag-ibig Nya,Krystal Brimner & Sheena Belarmino ft MNL48
27341,Para Sa Tabi,BoyBandPh
27342,Tinatapos Ko Na,Jona
27343,Wala Kang Alam,Sam Mangubat
27344,Kababata,Kyla and Kritiko
27345,Mas Mabuti Pa,Janine Berdin
27346,Sa Mga Bituin Na Lang Ibubulong,JM de Guzman
27347,Wakasan,Agsunta
27348,Sugarol,Maris Racal
27357,Maybe The Night,Ben&Ben
27360,Miracle,Martin Nievera
27363,Silent Night Na Naman,Sexbomb Girls
27364,Malay Ko,Daniel Padilla
27365,Pag Ika'y Nagmahal,Migs Haleco
27366,Something I Need,Moira Dela Torre
27368,Lagi,Gloc-9 feat Al James
27377,"Darna, Ikaw Na",Daryl Ong
27381,Susi,Ben&Ben
27384,Mapipigil Mo Ba,Imelda Papin
27385,Pagbigyang Muli,Regine Velasquez and Erik Santos
27387,Family Is Love,ABS-CBN Artists
27388,Ipadama Ang Puso Ng Pasko,Kapuso Artists
27390,Litrato Ngayong Pasko,TJ Monteverde
27391,Paskong Wala Ka,Donnalyn Bartolome
27392,Mahal Pa Rin Kita,Divo Bayer
27393,Hiram Lamang,Bing Rodrigo
27397,Himala Ay Nawala,Toto Sorioso
27406,Namimis Kita,Jhomajikero
27407,Kung Sana Lang,Yayoi of 420 Soldierz
27410,DNM,Jake Zyrus
27411,Respeto,Gracenote
27412,Kariton,Arcapellago
27413,Loco De Amor,BennyBunnyBand
27414,Nanay Tatay,Chud Festejo
27415,Di Ko Man,Ferdinand Aragon
27416,Yun Tayo,Gracenote
27417,Ako Ako,Feel Day ft Hans Dimayuga
27419,Pilipit,Julian Trono
27420,Laon Ako,Kakai Bautista
27421,Tama Na,Katrina Velarde
27422,Sunrise,Ben&Ben
27426,Di Makatulog,SUD
27429,Huwag Mong Bitawan,Kristine Dera
27436,Gisingin Mo Na Lang Ako,Eevee
27437,Cebuana,Karencitta
27443,You And Me,The Rainmakers
27444,Mahal Kita (Marimar Theme),Maricris Garcia
27445,Superhero,Jed Madela
27450,Ikaw Ang Musika Ko,Daniel Padilla
27452,Biyaya,Janine Berdin
27453,Habang May Buhay,Regine & Jaya
27457,Keep Talking,Cyrus
27458,Haring Araw,Apekz
27467,Chambe,Alex Gonzaga
27479,Sana'y Ako Na Lang,Jake Vargas
27482,'Di Maiwasan,Hashtags
27483,Better Place,Rachel Platten
27484,Mawala Ka,Silent Sanctuary
27491,Tadhana,Kenyo
27495,Lumang Tugtugin,Inigo Pascual
27503,My Promise,Victor Wood
27509,Pangako,Jerome Abalos
27510,Lason Mong Halik,Katrina Velarde
27519,Pauwi Nako,O.C. Dawgs ft Yuri Dope Flow G
27534,Norem,Shanti Dope Ft J. Kris Abaddon & Gloc-9
27538,Kumusta Mga Kaibigan,Maria Cafra
27547,Memories Of Our Dreams,Advent Call
27554,Dear Teresa,Victor Wood
27566,Happy Birthday My Darling,Victor Wood
27569,We Are All God's Children,Jamie Rivera
27571,Lupa Man Ay Langit Na Rin,Leah Salonga
27572,Kung Sakali,Michael Pangilinan
27574,Hindi Na Lang,Ric Segreto
27577,Karaniwang Tao,Joey Ayala
27586,Pag-ibig Fortune Cookie,MNL48
27594,Diamond,Jake Zyrus
27596,Pa'no Ang Lahat,Sharlene San Pedro
27604,Di Ka Mahirap Mahalin,Silent Sanctuary
27607,Gusto Ko Lang,Mayonnaise
27610,Bawat Kaluluwa,Four Of Spades
27618,Naaalala Ka,Alden Richards
27620,Mga Tingin Sa Malayo,Bing Rodrigo
27621,This Song Is For You,Erick Santos
27626,I Went To Your Wedding,Victor Wood
27629,Paraisong Parisukat,Basil Valdez
27631,Tanging Ikaw,Imelda Papin
27632,Hiram Sa Diyos(Sino Ako),Jamie Rivera
27633,Kung Masasabi Ko Lang,Jolina Magdangal
27634,Pusong Mapaglaro,Yoyoy Villame
27635,Hulog Ka Ng Langit,Regine Velasquez
27636,Ikaw Lang At Ako,Kyline Alcantara
27637,Dito Na Lang,Bugoy Drilon
27644,Sasamahan Kita,Loisa Andalio
27649,Dalaga,Allmost
27655,Balang Araw,I Belong To The Zoo
27657,I Like You So Much You'll Know It,Ysabelle Cuevas
27658,Almusal,Ken Chan and Rita Daniela
27660,Be With You Again,Jed Madela x BoybandPh
27662,Nag-iisa,Frio
27663,Oh Boy,Sabrina
27664,Panaginip,Mayonnaise
27667,Ikaw At Ako,Moira and Jason
27668,Phantoms,Sponge Cola
27669,Ulan,Janine Tenoso
27670,We're In This Together,Catriona Gray
27673,Tahanan,TJ Monterde
27679,"Bata, Dahan Dahan!",IV Of Spades
27680,Summer,Nadine Lustre & James Reid
27683,Kapag Ako Ay Nagmahal,Juris
27684,Mahal Kita Pero Konti Na Lang,Kyla
27689,"Ano, Bakit, Paano",Jona
27690,Fragments Of Forever,Nonoy Zuniga
27692,Much Better,Skuzta Clee
27704,Filipina Girl,Billy Crawford ft Marcus Davis & James Reid
27708,Amatz,Shanti Dope
27709,Palusot Ko'y Maybe,MNL48
27712,Kakayanin Kaya,Maymay Entrata
27713,Nais,Erik Santos
27717,Pabango Ng Yong Mata,Orange and Lemons
27718,Pagkat Mahal Kita,Voices of 5
27721,Ngayong Gabi,Al James
27723,A Love To Last A Lifetime,Juris
27725,Hanggang Dulo,Paraluman
27729,Aurora Sunrise,Franco
27733,Abot Langit,Maris Racal x Rico Blanco
27734,Maleta,Gloc-9 ft. Julie Ann San Jose
27738,Sayaw Sa Hangin,Dennis Trillo
27739,Sembreak,Moonstar88
27741,Tuloy Pa Rin,"Thyo, Yumi, Donnalyn Bartolome & Sh"
27745,To Love Again,Daryl Ong
27746,Huling Muli,Kyla
27747,Baliw,COLN
27749,Babae (Ugat Ng Pagkakasala),Anthony Castelo
27752,Tanging Ikaw,Imelda Papin
27756,The Wonder Of You,Victor Wood
27769,Hindi Na Nga,This Band
27773,Paasa,Kurei
27775,Sa Susunod Na Lang,Skusta Clee ft Yuri
27778,From Saudi With Love,Loonie ft KA Antonio of Ajka
27783,Simula,Karylle
27788,Pagtingin,Ben&Ben
27799,Regrets,Julie Ann San Jose
27804,Nais Ko,Basil Valdez
27807,Abi ko'g Abat,Max Surban
27808,Adis Adis,Max Surban
27809,Ambot Ngano Ba,Max Surban
27814,Apir,Max Surban
27815,Aruy! Aray! Aruy!,Max Surban
27816,Atong Edad,Max Surban
27818,Ay Bibitin-Bitin,Max Surban
27820,Banag-Banag Sa Tungang Gabii,Max Surban
27822,"Bes, Pancit Oh!",Bisaya
27824,Bisaya Ako,Dandin Ranillo
27825,Bisaya Nga Tinagalog,Max Surban
27826,Boksingero,Max Surban
27827,Bombero,Yoyoy Villame
27828,Budoy Ako,Junior Kilat
27830,Bulak Akong Bukidnon,Pilita Corrales
27831,Bulkan Wa Matubo,Yoyoy Villame
27832,Conchita,Del Horest
27833,Dalawidaw,Yoyoy Villame
27834,Daman Sa Damgo,Everlita Rivera
27835,Didto Sa Luyong Bungtod,Nora Hermosa
27836,Eleksyon,Max Surban
27837,Gaba,Everlita Rivera
27838,Gamay Nga Krismas Tri,Max Surban
27840,Gihimo Mo Ang Saad Aron Lang Pakyason,Greg Macquin
27841,Gimingaw Ako,Dulce
27843,Gitik-Gitik Labyog-Labyog,Max Surban
27844,Gugma Ba Kini,Lee Soledad
27846,Gugma Vs. Kuarta,Max Surban
27847,Gugmang Ga Aso-Aso,DJ Rowel
27848,Hain Kana Pinangga Ko,Lee Soledad
27849,Hay Iskul,Max Surban
27850,Herbal,Max Surban
27851,Hilak,Musikada Band
27853,Human Da-an,Max Surban
27854,Ikaw Ang Akong Gimahal,Victor Wood
27856,Itlog Batilon,Max Surban
27857,It's Up To You,Max Surban
27859,Kagahapon,Brain Damage
27860,Kakulian,Oscar Pagas & Norelyn Endrina
27861,Kaming Mga Mangingisda,Max Surban
27862,Kamingaw Gayud,Pilita Corrales
27863,Ka-On Pa,Yoyoy Villame
27864,Kantang Sagol Estorya,Max Surban
27867,Katahum Sa Yamog,Girlie Lapinid-Las Pinas
27868,Katulog Na Inday,Pilita Corrales
27869,Kinilao,Yoyoy Villame
27870,Kon Hibaw-an Mo,Pilita Corrales
27871,Kung Magmadre Ka Magpari Ako,Max Surban
27872,Lami Nga Masahe,Max Surban
27873,Luha Pahiri Na,Max Surban
27874,Maghulat Ako,Max Surban
27875,Mangingilad,Yoyoy Villame
27877,Mayano,Max Surban
27880,Ngano Ba Mahal Ko,Max Surban
27881,Oh Kalami,Max Surban
27882,Pagkatahum Unta,Julius Obregon
27886,Pangagad,Max Surban
27887,Pasiyon Syo,Max Surban
27888,Ilingaw-Lingaw Lang,Pilita Corrales
27889,Plastik Lang,Max Surban
27890,Porbida,Pilita Corrales
27891,Puslan Mang Wa'y Nagmahal,Max Surban
27892,Rosita,Johnny Hope Iglesia
27893,Sa Gagmay Pa Kita,Max Surban
27894,Sa Imong Adlaw,Victor Wood
27895,Sa San-O Pa,Max Surban
27896,Sa Siyudad Ug Bukid,Max Surban
27897,Salamat Sa Gugma Mo,Pilita Corrales
27898,Saligi,Del Horest
27900,Si Babaye'g Si Lalake,Max Surban
27901,Skul Adul,Max Surban
27902,Suliran,Carmelita Alburo
27903,Suwerting Dimalas,Max Surban
27904,Tao Pagmata,Emphatzu
27905,Tig Lang Ako,Max Surban
27906,Tima-An Sa Gugma,Pilita Corrales
27907,Tipik Sa Kagahapon,Max Surban
27908,Tisay,Max Surban
27915,Kung Di Man Gani Kita,Davelyn Cuenco
27916,Dili Ka Na Problema,Max Surban
27917,Dili Pa Panahon,Freon ft Kenneth Corvera
27918,Brgy. Blues,Earl Andrei Ornopia
27919,Tug Ta Tug,Earnest Hope Tinambacan
27920,Estong,Max Surban
27921,LQ (Sige La'g Away),"Eugene Corpin, Julyann Uy"
27923,Habak,Gasser Perez
27924,Hain Na Panumpa Mo,Victor Wood
27925,Hambugerang Silingan,Max Surban
27926,Hangtud Sa Kahangturan,Jaime Salazar
27929,Inday Conching,Max Surban
27930,"Inday, Pinangga Ko Ikaw",Jaime Salazar
27931,Pero Atik Ra,Jacky Chang
27932,Paghunas,"Jayneil Enriquez , Joseph Gara"
27933,Ikaw Ra,Jay-R Siaboc
27934,Labyu Langga,Jerika Teodorico
27935,Kurog Ko,Jetz Tacsan
27937,Suwart Ni Maria,Joe Branzuela
27940,Kanemo Lang(Bisrock),THY CAUSE
27941,In Love Ra Kutob,Kurt Fick
27942,Puhon,Kurt Fick
27945,Mabugnaw Ang Lasang,Pirot
27948,Baga Ka'g Face,Malaya Macaraeg
27950,Ang Girlfriend Ko Gusto Nga Magmadre,Max Surban
27951,Dirty Look,Max Surban
27952,Pakaslan,Max Surban
27953,Turagsoy,Max Surban
27954,Pamilya Ukay-Ukay,Max Surban and Yoyoy Villame
27955,Ay Hab To Hands,Max Surban
27957,Bahalag Dili Gwapo,Miga Ta Babes
27958,Perting Gwapaha,Migo Ta Bai
27959,Kasikas,Mike Fegi
27961,Nahanaw Na Gyud,Pilita Corrales
27963,Pangandoy,Daryl Leong
27965,Pasagdi Na Lang,Blue Fighter
27966,Imong Bayani,Ralph Mallapre
27969,Si Pilemon,Cebuana Folk Song
27970,Bok Love,Therese Villarante & Kurt Fick
27973,Ulahi Na Ang Pagbasol,Evelyn Bacarra
27975,Gugma Ko (Song Sung Blue),Victor Wood
27976,Ikaduhang Bathala,Victor Wood
27977,"Inday, Kapait Mo, Malupit na Pag-ibig",Victor Wood
27978,Mahimong Biyaan Mo Ako,Victor Wood
27979,Sura Inday,Victor Wood
27980,Tuba,Victor Wood
27983,Walay Angay Sung,Jaramie
27985,Waray Love Bisaya,Polzkee and Ai
27988,Yayay,Piyaok Band
27990,Driver Makalolooy,Max Surban
27991,Nagabarog,Ferdinand Aragon
27992,Ikaw,Del Horest
27995,Pep Pep,Kenneth Corvera
27996,Sa Pagkakaron,Kurt Fick
27997,Worth It Ang Tanan,Kurt Fick ft Jacky Chang
27999,Ang Gugmang Gibati Ko (Ang Harana),Max Surban
28000,Marieta,Max Surban
28001,Palad Nga Naangkon,Johnny Hope
28003,Lulua,Melody Santiago
28005,An-anusak,Melody Santiago
28006,No Pay Lagip Laeng,Faye Tangonan
28010,Di Na Babalik,This Band
28012,Willie Revillame Medley,Brian Gilles
28027,Pag Tumingin Ka Akin Ka,Princess Thea
28030,Masarap Ang Bawal,G-Clown
28033,Imposible,KZ x Shanti Dope
28035,Everything Will Be Alright,Sharlene San Pedro
28040,Butterscotch,Eraserheads
28041,Nasilaw Sa Dilim,COLN
28046,Wag Mong Isipin Yon,Siakol
28047,Huwag Na Sana,Arkasia
28049,Huling Sandali,December Avenue
28057,Sinungaling Ka Pala,Michael Laygo
28060,Umaasa Pa Rin Ako,The Mike Bon Gang
28061,Wala Nang Hahanapin Pa,True Faith
28064,Minamahal Kita,Bing Rodrigo
28067,Kung Wala Na,Kid Camaya
28073,An Pagkaurusa,Joseph Uy
28075,Itnap,Dodoy Torres Jr.
28076,Kuratsa Menor,Joseph Uy
28080,Iniwanan Ng Liwanag,Willy Garte
28083,Mahal Mo Pa Ba Ako,Klarisse De Guzman
28085,You And I,Morissette
28086,Love Takes Time,Jed Madela
28087,When You Find Your Voice,Rachel Ann Go
28089,Bakit Ngayon Lang,Bodjie's Law Of Gravity
28097,Hayaan Mo Sila (Rock Cover),TUH
28102,Susana,Shernan
28105,Wika Ng Pag-ibig,Bing Rodrigo
28109,Ba't Gano'n,Miguel Tanfelix
28111,No Apology (Wala Akong Paki),Karencitta
28112,Sasamahan Kita,Quest
28129,Patawad Paalam,Moira x I Belong To The Zoo
28135,Changes,Carla Martinez
28136,I Can,Janella Salvador
28138,I'd Give You Anything,Rodway
28140,Biag Ti Hawayano,Norbie Quiambao
28141,Sayang Na Sayang,Pirot
28142,Ampon,Pirot
28143,Sin-o Ang Dapat Basulon,Pirot
28144,Stow Away,Pirot
28146,Diskoral,Max Surban
28147,Kinabuhing Bukidnon,Max Surban
28148,Pag Sure Uy,Zhalia
28151,Wa Nay Luha(Alang Kanimo),Rene Cruz
28152,Granada,Yoyoy Villame
28153,Mag Exercise Tayo,Yoyoy Villame
28154,Francisco Dagohoy,Yoyoy Villame
28155,Pangandoy,Daryl Leong
28156,Pwede Duman Inaro Ko,Randy Echon
28157,Anong Nangyari,Ariel Rivera
28158,Isang Pangako,Ato Arman
28160,Alipin Mo Hanggang Ngayon,Geraldine
28161,Sana,J. Brothers
28163,Ikaw Lang Sa Buhay Ko,Mark Bautista
28168,Bangkang Papel,Anne Jomeo
28169,Tayo Na Lang,Michael Pangilinan
28173,Rawstarr 'Til I Die (Batang Pasaway),Psychedelic Boyz
28180,Pati Pato,"Shanti Dope, Chito Miranda, Gloc-9, DJ Klumcee"
28182,Itanong Mo Sa Mga Bata,Glaiza De Castro
28189,Nakapagtataka,April Boys
28191,Ikaw Ang Dahilan,Jerry Angga
28193,Lunes,Join The Club
28194,Hangin,Asin
28195,Mabagal,Daniel Padilla & Moira dela Torre
28196,I Will Never Leave You,Erik Santos
28197,Halik Sa Hangin,KZ Tandingan
28202,Buhat,Rico J. Puno
28209,Para Sa 'Yo,April Boys
28212,Bakit Ba Ganyan Ang Pag-ibig,George Canseco ft Becca Godinez
28213,Dahil Ikaw Ang Mahal Ko,Hannah Flores
28214,Taksil,Imelda Papin
28217,Dolores,Pirot
28218,I Will Go Away,Pirot
28219,Hiluan,Dodoy Torres Jr.
28221,Pigsote,Dodoy Torres Jr
28227,Awit Sa Marawi,Esang De Torres
28229,Golden Boy,Ethnic Faces
28230,Kahit Na,Sarah Geronimo
28238,Anarchy in the UK,Sex Pistols
28242,Totoo,Soapdish
28244,Please Lang,Alex Gonzaga ft Toni Gonzaga
28251,Kung 'Di Mo Natatanong,BoybandPH
28255,Nung Tayo Pa,Janella Salvador
28258,Ikaw At Ikaw Pa Rin,Sam Mangubat
28259,Manok Na Pula,Tagalog Parody Song
28261,I Need You More Today,Caleb Santos
28263,Pag-ibig Na Walang Balik,Imago
28264,Sasabihin Ko,Joan Da
28267,Dito Ka Lang Sa Tabi,Yeng Constantino
28269,Lakambini Bottom,Datus Tribe
28271,Bitaw Na,This Band
28272,Sa 'Yong Mundo,Janine Berdin
28274,Baliw Sayo,JRoa ft. Bosx1ne
28275,Isa Pang Ikaw,Justin Vasquez
28280,A Dream(Dumio),Robert Grace
28281,Now That I Have You,The Company
28282,Dungaw,Gloc 9 ft Keiko Necesario
28283,Magiging Akin Ba,Bugoy Drilon
28286,Kailan Darating Ang Ayoko Na,Orlando Sol
28289,Macho Na Si Santa,Masculados
28295,Simula Ng Dulo,Davey Langit
28298,Naluluha Ako,Kim Molina
28300,Wala Nang Kulang Pa,Moira de la Torre ft Sam Milby
28303,Hindi Tayo Pwede,The Juans
28312,Stranded,Tanya Markova
28313,Sana Bumalik,SUD
28314,Binalewala,Michael Dutchi Libranda
28322,Zebbiana,Skusta Clee
28323,Araw-araw,Ben&Ben
28325,Parokyana,Geo Ong
28326,Home Along The Riles,Dolphy
28328,Di Lahat,Donnalyn Bartolome
28331,Paano Ba,Vanya Castor
28332,Ikaw At Ako,0.071527778
28333,Hay Nako,Lj Manzano
28334,Bakit 'Di Natin Ulitin,April Boys
28340,Hanggang Kailan Kaya,BoybandPH
28342,Si Caloy,Haganas
28343,Bitter Song,Callalily Ft. Maychelle Baay
28345,Diksyonaryo,The Chongkeys
28348,Bakit May Pag-ibig Pa,Imelda Papin
28350,Barumbado,Pirot Jr.
28351,Mutya Sang Kasakit,Pirot
28352,Sawimpalad,Pirot
28354,Ika Mu Apu,Harvey A. Quiwa
28359,Mahal Miss Na Miss Kita,Hamier M. Sendad
28361,Is She Thinking About Me?,Jose Mari Chan
28362,Mahal,Pabs Dadivas
28363,Parang Bula,Jovit Baldivino & Juana Cosme
28371,Come Inside Of My Heart,IV Of Spades
28378,Sabik Na Sabik,Ella Del Rosario
28388,Love Shines,GMA Christmas Station ID 2019
28392,Family Is Forever,ABS-CBN Station ID 2019
28400,Di Sapat Pero Tapat,This Band
28402,Sixteen,Vilma Santos
28405,Ikaw At Linggo,Eamarie
28406,Baso At Bote,Gracenote
28414,Mundo Ko'y Parang Langit Na,Cesar Barreta
28420,Liwanag,Sarah Geronimo and Ronnie Liang
28421,Huwag Kang Magalit,Miguel Vera
28422,Aanhin Pa,Rey Valera
28426,Hihintayin Pa Rin Kita,Von Arroyo
28427,Lahat Sa Akin Ay Ikaw,Zander Khan
28434,Nagbabalik,"Rico Blanco, IV Of Spades"
28441,Kung Maibabalik Ko Lang,Budakhel
28443,Pangarap Kong Pangarap Mo,Zephanie
28445,Imahe,Magnus Haven
28448,Nadarama,Abra
28449,Miracle Nights,ALLMOST ft L.A.GOONS & Peso Mercado
28452,Shake Shake,Go Girls
28453,Neneng B,Nik Makino ft Raf Davis
28454,Simula Pa Nung Una (Sad Version),Patch Quiwa
28458,Tsismosa Song,Jr.Crown & Thome
28466,Masaya Ka Na Ba,Joe Vince
28467,Your Song (My One And Only You),Julie Anne San Jose
28469,Pag-Ibig Sa Tabing Dagat,Orange & Lemons
28470,Masyado Pang Maaga,Ben&Ben
28472,Kalawakan,Juan Karlos
28477,Kahit Kaibigan Lang,Ted Ito
28480,Maghihintay Itong Puso,April Boys
28481,Tukso Ka Ba,Imelda Papin
28482,Inday,Juan De La Cruz Band
28483,Wala Na Talaga,Klarisse De Guzman
28484,Ikaw Lamang,Marco Sison
28485,Ingat,I Belong To The Zoo
28488,Options,Inigo Pascual
28494,Muling Magbabalik,December Avenue
28495,Itutulog Nalang (Live),The Juans
28496,Make It With You,Ben&Ben
28499,Balewala,Brisom
28500,Alam Ko,John Roa
28507,Catriona,Matthaios
28514,Miss Flawless,"Flow G, Bosx1ne ft. Sachzna"
28518,Body Language,Andrew E.
28521,Awit Ng Kambing,Dong Abay
28522,Balita,I Belong To The Zoo
28524,Sa Hindi Pag-alala,Munimuni
28526,Kahimanawari,Dong Abay
28529,Pa'no Ba,BoybandPH
28533,KLWKN,Music Hero
28535,Ako Na Lang Sana,Mark Carpio
28537,You Are Lovely,Rico J. Puno
28540,Paano Kung,Juris
28542,I Love You Too,Rey Valera
28551,Alab (Burning),SB19
28558,Magkaibang Mundo,Katrina Velarde
28559,Heart React,ALLMOST
28564,Sasagipin Kita,Darren Espanto
28578,Sana Na Lang,Yeng Constantino
28579,Hay Nako,Lj Manzano
28582,Alaala,Rico Blanco
28583,Pangakong Napako,Willy Garte
28584,Sabihin Mo Sa Akin,Klarisse De Guzman
28587,Lord,Chocolate Factory
28590,Tupperware Party,Rivermaya
28594,Give Thanks,Janella Salvador
28596,Miss Kita,J. Brothers
28597,Kwento Nating Dalawa,Paolo Santos
28600,Baleleng,Aegis
28623,Mom's Cake Medley,Mom's Cake
28624,Tiwala,Breezy Boyz ft Kejs Breezy
28629,Normalan,Shanti Dope
28632,Fall,Ben&Ben
28633,Hindi Tayo Pwede,Janine Tenoso
28636,Nasasaktan Ako,MJ
28638,Mama,Sarah Geronimo
28639,Mayonnaise Medley,Mayonnaise
28644,Count To Ten,Grin Department
28648,Puting Ilaw,Advent Call
28649,Friendzone Mo Mukha Mo,Parokya Ni Edgar
28650,Ngayon,Rico Blanco
28655,Ngayong Wala Ka Na,Bing Rodrigo
28656,Nandito Pa Rin Ako,Manilyn Reynes
28663,Binago Mo,Juana Cosme
28665,Sana,Amy Nobleza
28668,Go Up,SB19
28669,Champion,Sarah Geronimo
28677,Hatid,The Juans
28679,Corona Ba-Bye Na!,Vice Ganda
28684,Bang,AJR
28689,Masarap,Schizophrenia
28690,Minsan Pa,Daddy's Home
28700,Kaakbay,Inigo Pascual
28701,Iniismol,Ryle Santiago
28705,Say You'll Never Go,Erik Santos
28710,Andalusian Dog,Eraserheads
28712,She Wont Be Waiting,Jett Pangan
28713,Kahit Na Malayo Ka,Bhem Rosas
28714,Happy For You,Jayda
28715,Akala Mo,Juris
28716,Saglit,Moira dela Torre
28717,Paano Kung Malaman Mo,Tin Reyes
28718,Gusto Kita,Angeline Quinto
28720,Languyin,Autotelic
28727,Kung Walang Ikaw,Hannah Precillas
28731,Pagdating,Alamid
28752,Sa Susunod Na Habang Buhay,Ben&Ben
28765,Napapaligiran,The Good Times x Rico Blanco
28766,Paalam,Moira Dela Torre x Ben&Ben
28769,Wala Ako N'yan,Janine Berdin
28770,Parang Kailan Lang,Maine Mendoza ft. Gracenote
28771,Langit Lupa,Moira Feat.Inigo Pascual
28772,Dahil Sa 'Yo Natutong Magmahal,Julie Anne San Jose
28776,Wala Kang Kapalit,Ianna
28777,Huwag Magbago,Zander Kahn
28783,Beerhouse Ng Pag-ibig,Joel Trinidad
28784,Forbidden,Jovit Baldivino
28797,High Tension,MNL48
28807,Marikit,"Juan, Kyle"
28816,Dalaga,Arvey
28819,Ikaw Lang,Kiyo
28822,Kalangitan,Chiquerella
28823,Anna,Top Suzara
28826,Buhol Buhol,Sandwich
28829,Dahil Mahal Kita,Chocolate Factory
28830,Lifetime,Ben&Ben
28831,Malayo Ka Man,"Jr.Crown, Kath, Cyclone, Young weezy"
28832,Bawal Lumabas (The Classroom Song),Kim Chui
28834,Pahirapan,Mayonnaise ft I Belong To The Zoo
28845,Sana,Jennylyn Mercado
28846,Darling I Love You,The Classic Illustration
28867,Baliw,SUD
28869,Negro Ng Buhay Ko,"Zaito, Daiana Menezes"
28870,Talikodgenic Man Ako,Sexy Hipon Herlene
28883,Runaway,Written By The Stars
28884,Dyad,Dong Abay
28885,Magulang,Asin
28886,Seven Black Roses,Chicosci
28890,Landas,Magnus Haven
28891,Takot Ko Sa'yo,Slapshock
28893,Hulog Ng Langit,Angeline Quinto
28894,Hanggang Sa Muli,Carol Banawa
28895,Babe I Love You,Chad Borja
28901,Alaala,Alekzandra
28902,Kaputol Ng Isang Awit,Nonoy Zuniga
28906,Saan Darating Ang Umaga,Lani Misalucha
28916,Nasa Harapan,Rapido
28918,Sa'yo,Southborder
28921,Binibini,Matthaios
28922,PACMAN,Michael Bars ft. Michael Pacquiao
28924,Hindi Na Nga,Sam Mangubat
28930,Chinita Girl,LiL Vinceyy feat Guel
28934,Nakikinig Ka Ba Sa Akin,Ben&Ben
28936,Huling Liham,JM De Guzman
28937,Sampaguita,Juan Karlos Ft. Gloc 9
28938,Pangga,Matthaios Ft. Soulthrll
28939,Multo,Magnus Haven
28940,Kung 'Di Na Ako,Agsunta
28941,Mahal Na Mahal Kita,Freddie Aguilar
28942,Insomya,Eraserheads
28947,Nag-Iisang Ikaw,Aegis
28953,Hanggang Dito Na Lang,Jaya
28954,I Will Be Here,Alessandra De Rossi & Paolo Contis
28955,Tag-Ulan,Thyro and Yumi
28957,Ikaw Ang Akin,Yeng Constantino
28959,Ba't Nahayaan Ka,Renz Verano
28966,Narito Pa Rin Ako,Janno Gibbs
28967,Sana Tayo Na,Darren Espanto ft. Jayda
28968,"Sometime, Somewhere",Basil Valdez
28969,The Way Love's Meant To Be,Regine Velasquez
28970,Tinamaan Ng Lintik,Ringo Marquez
28972,Upang Muli Ay Magmahal,Roselle Nava
28978,For My Dearly Departed,Franco
28980,Before It Sinks In,Moira Dela Torre
28981,Where I Belong (You Always Make My Day),Sam Concepcion
28983,Sana'y Di Nalang,Bandang Lapis
28997,Vie (Sabihin Mo Kung),Nobita
29002,Isang Kahapon,Kell Gatdula
29006,Reason,Alamid
29009,Isang Buhay,Abaddon
29015,Now That You're Gone,Juris
29017,Pangako Ko,OJ Mariano
29018,Pinay Sa Japan,Roel Cortez
29019,I've Fallen For You,Toni Gonzaga
29022,Having You Near Me,Bugoy Drilon
29025,Kapalaran,Freddie Aguilar
29027,Nagmamahal,Narex
29038,Na Naman,Color It Red
29046,Kahit Bata Pa Ako,Aikee
29052,War,Ben&Ben
29055,Sa Kabilang Buhay,Bandang Lapis
29057,Ang Sa Iyo Ay Akin,Aegis
29058,Chasing,Chad Gould
29059,Sa Paghimig Mo,December Avenue
29062,Andito Lang Ako,Five Fifty Myth
29065,Ikaw Pa Rin,Freshmen
29067,Los Banos,Sugarfree
29068,Minsan (Lang Ako Umibig),True Faith
29070,Kumander,Mayonnaise
29075,Please Don't Go,Civil Eyes
29078,Sayaw Ng Mga Tala,Matty Juniosa
29082,Akong Kinabuhi Kay Ikaw,Celine Carpenter
29084,Reyna Prinsesa,Circle Of Willies
29085,Dili Molubad,Fervent
29086,Kanindot,Fervent
29087,Ikaw Ang Langit Ko,Celeste Legaspi
29088,Kalayo,Agaron
29089,Katapusang Higayon,Max Surban
29090,Pasko Sa Binilanggo,Max Surban
29091,Pangandoy,Wet Slipperz
29092,Puhon,TJ Monterde
29115,Aeta Warrior,Baguio Gold
29116,Araw At Gabi,Nyt Lumeda
29118,Sa Iyong Pagbabalik,Eddie Peregrina
29119,Love Again,Regine Velasquez
29120,Kasalanan Nga Ba,Thor
29122,Dapat Pa Ba?,Darryl Ong
29131,Dumito Ka Muna,Hulo
29133,Ingatan Mo,Yayoi ft Serjo and JDK
29135,Umaasa,Skusta Clee
29142,Paubaya,Moira Dela Torre
29143,Lapastangan,St. Wolf
29146,Araw Araw Love,Flow G
29147,Ngiti Sa Ulan,Brisom & Silent Sanctuary
29149,It's Not For Me,Maris Racal
29155,Sana Pag Gising,Slapshock
29156,Nang Iwan,This Band
29157,Teka Lang,EMMAN
29160,O Bakit Ba,Rockstar 2
29162,The Boston Drama,Typecast
29164,Baka Di Tayo,"Yayoi, Yosso, Lopau"
29168,Kung San Ka Masaya,Bandang Lapis
29169,Ang Pag-ibig Kong Ito,Salbakuta
29172,My Pledge of Love,Edgar Mortiz
29178,Pangarap Ko'y Ikaw,Regine Velasquez
29184,Hummingbird,Ben&Ben
29197,Forever Loving You,Freestyle
29200,TORPE,Nck Deezy ft Acepipes
29202,Sulyap,Jr.Crown Thome & Chris Line
29207,Someone's Always Saying Goodbye,Morisette
29208,Palong-Palo,Vice Ganda
29212,Agimat,Kamikazee
29214,Bagay Tayo,ALLMOST
29215,Hindi Tayo Pwede,Ysabelle Cuevas
29216,Napagod Na,Joshua Mari x Zync x Yhanzy x 1ne Maeng
29224,GodSent,Ben and Ben
29225,Aking Hiling,Flict G and Curse One Feat.Bei Wenceslao
29226,In Luv W U,Jnske Featuring Ritzz
29228,Pagtila,Slapshock
29231,Nais Kong Malaman Mo,Daryl Ong
29233,Reason Enough,Regine Velasquez
29234,Kahit Sa Pangarap lang,Willy Garte
29237,Dating Angkin,Antenorcruz
29238,If I'm Not In Love,Janno Gibbs And Jennylyn Mercado
29239,I'll Never Love This Way Again,Jona
29240,Iniibig Kita,Paul Sapiera
29241,Come Back To Me,Ric Segreto
29244,Higa,Arthur Nery
29246,Doors,Ben&Ben
29248,Bounty (Makukuha Rin Kita),Ex Battalion
29249,Need You,Ex Battalion
29250,Dulo Ng Hangganan,IV Of Spades
29252,Bangon,Sarah Geronimo
29253,BTNS (Bakit 'to Nangyari Sa'tin),The Juans ft. Janine Tenoso
29257,Wingman,Wonggoys ft. Lourdes
29259,Sapagkat Ang Diyos Ay Pag-ibig,Erik Santos
29261,I Will Still Love You,Freestyle
29266,SAKALAM,"Curse One ft. Smugglaz, Abaddon & Mike Kosa"
29269,Baby Girl,Arcos Aloy Ar-R & Tyrone
29274,Ang Kutis,Mayonnaise x Barbie Almalbis
29276,Maibalik,JBK
29279,Sulyap,Jom ft ALLMOST
29280,Alas Dose,Agsunta
29282,Hawak Bitaw,LaLuna
29283,MALI VODKA,Andrew E.
29288,Halik,Gloc-9 Feat. Flow G
29290,Luha,Slapshock
29294,Million Miles Away,Gino Padilla
29295,Buksan Mo Na,Roel Cortez
29299,Roots,Ben&Ben
29307,Minsan Pa,Janet Basco
29325,Panalo (Trap Carinoza),Ez Mil
29333,Kung Ikaw Nga Ang Lalayo,Dulce
29334,Dance With You,Skusta Clee ft. Yuri Dope
29335,Momay,Juan Thugs
29336,Pajama Party,1096
29337,Puso Para Sa Bayan,Willie Revillame
29363,Dungo,Davey Langit
29364,Sika Laeng Iti Biag,Noel Cabangon
29369,Ako Ang Namingwit,Pirot
29370,Pampanga's Geography,Tirso Romantico
29376,Balu Mu Bang Type Da Ka,K4AD
29377,Ika Mu Kakung Sinta (Peksman),K4AD
29379,King Salu Mu Ima,Miriam Sandico
29381,Mahal Kita Walang Iba,K4AD
29384,O't Penasakit Mu Ku,K4AD
29389,"Bulanghoy, Gabi, Saging, Kamote",D' Double B
29390,Kinsa Man,Duchess Uybengkee
29391,Kuyogi Ko,Gerlyn Abano
29394,Tek It Or Leb It,Max Surban
29395,Move On Na,Celine Carpenter
29396,Oy Inday,Jay-R Siaboc
29398,Sukda Inday,Max Surban
29399,Tonto Nga Gugma,Rocky Santino & Dharling Kho
29401,Ikaw Pa Rin Ang Mahal Ko,Bobby Duran
29402,Minsan Pa,Zsa Zsa Padilla
29404,Mahal,Pabs Dadivas
29406,Tuloy Pa Rin Ako,Side A
29424,Hindi Ako Bibitaw,Paul Ramirez
29430,Get To You,DJ Young ft Edwar Mante
29431,Magandang Dilag,JM Bales
29440,O Lumapit Ka,Hotdog
29444,Bongga Ka Day,Hotdog
29445,Panalo Ka,Gameboys OST
29446,Pasensya,Mac Mafia
29447,Sa Muling Pagkikita,Toto Sorioso
29449,Lakbay Diwa,Asin
29450,Tabi Ng Bulkan,Razorback
29454,Sabi-Sabi,Moira Dela Torre
29456,Maybe In Another Lifetime,Keiko Necesario
29464,'Di Ka Sayang,Ben&Ben
29465,Kahit Kunwari Man Lang,Agsunta and Moira Dela Torre
29468,Sweetheart Lab na Lab Kita,April Boy Regino
29471,Balu Mu Bang Type Da Ka?,K4AD
29472,Sika,Rudy Corpuz
29473,Sta. Catalina Waltz,Marieta Rafanan
29475,Meko Keni Tara Na,Bea Austria
29477,Sibul Na Ning Arayat,Harvey Quiwa
29479,Malagu kang Babai,Harvey Quiwa
29481,Palsintang Dalaga,Joel Datus
29482,Batang Buotan,Max Surban
29483,Batang Mababait,Max Surban
29484,Essential Lang,Michael V.
29487,Bawat Saglit,Romeo Quinones
29489,Marahil Ay Ikaw Parin,Louie Heredia
29492,Hanggang Sa Huli,SB19
29493,Ang Ganda Ganda Ko,Allan K
29495,Suko Na Ang Puso,Faith Cuneta
29496,Ibang Planeta,ZILD
29502,Unti-Unti,Up Dharma Down
29508,Awit Ko Sa Iyo,Verde & Clarino
29512,Manalangin,The Juans
29515,Marupok,KZ Tandingan
29516,Lakas Tama,Ayeeman ft. Mike Kosa
29519,Kahit Anong Sabihin,Seth Fedelin
29529,Panaginip,Lapis
29530,Patawad,Moira Dela Torre
29538,Titig,"MC Einstein ft. Flow G, Yuri Dope & Jekkpot"
29543,My Oxygen,Supanut
29545,Park Chaeyoung,Mayonnaise X Chino David X Julia Daniel
29547,Sana Hindi Na Lang Kita Minahal,RJ Agustin
29551,Anak Ng Mahirap,Freddie Aguilar
29552,Ikaw Pa Rin,Katrina Velarde
29570,Uh Ah,Michael Pangilinan
29575,Balang Araw,BuDaKhel
29583,Binibini,Zack Tabudlo
29585,Byahe,JRoa
29595,Kapit,Armi Millare
29596,Kilometer Zero,Ian Pangilinan
29598,Ulan,Skusta Clee ft Leslie
29605,Dantay,Kiyo ft YZKK
29608,Ika'y Babalik Pa Ba,Juris
29611,Gabay (From Raya and the Last Dragon),Kz Tandingan
29617,Mahiwagang Bulsa,Sharlla Cerilles
29619,Birheng Walang Dambana,Freddie Aguilar
29622,O Maliwanag Na Buwan,Pilita Corrales
29629,Nasa Puso,Janine Berdin
29630,Sa Piling Mo,Sheryn Regis
29641,Branches,Ben&Ben
29646,Disco Fever,VST & Co
29651,Walang Aminan,huhsmile
29663,We Are Tomorrow,Sarah Geronimo
29669,Wonderful Life,Zendaya
29670,Higad Girl,Vice Ganda
29672,We And Us,Moira Dela Torre
29678,Urong Sulong,"Kiyo, Alisson Shore"
29679,Orbiting,Reese Lansangan
29680,Resignation,Morissette Amon
29683,I'm Serious,Kyle Echerri
29688,What,SB19
29697,I Want You Back,Matthaios ft Calvin De Leon
29700,Bungantulog,Zild
29701,Bitaw,EJ De Perio
29702,I Love You,Romeo Quinones
29703,Miloves (OTW),King Badger
29704,Kiss Me Kiss Me,Efren Montes
29707,Hump Ahead,Cueshe
29708,Tubig Alat,Engkanto
29711,Miles Away,Slapshock
29714,Yes Girl,Bea Miller
29718,Upuan,Ben&Ben
29719,Di Kawalan,Maymay Entrata
29721,Ikaw Ay Umalis,Skusta Clee
29722,Sasamahan Kita (Araw-Araw Ng Puso Part II),"Jom, Crakky"
29724,Huminga,Zild
29725,Magpahinga,Ben & Ben
29726,Para Lang Sa Yo,Mark Carpio
29729,Paraluman,Adie
29731,Sulyap,ALLMOST
29734,Bukod-Tangi,Cup Of Joe
29741,Samahan Mo Ako,Je
29742,Right Here,Jom
29749,Pahalik,ALLMOST ft. Curse One & Vlync
29750,Bangin,Paul Pablo
29751,What Is This Feeling?,Reese Lansangan
29752,MAPA,SB19
29753,Lagi,Skusta Clee
29756,Hindi Ko Kaya,Zack Tabudlo
29759,Ganito Na Pala Ang Pag-Ibig,Marika
29761,TLKDN,St. Wolf
29762,Hangga't Maaari,JRoa x Flow G
29767,Sigurado,Imago
29769,Ako,Sexbomb Girls
29770,Pogi,Superkendi ft. Andrea Mendez
29771,Nangangamba,Zack Tabudlo
29775,Pantomina,Carmen Camacho (Bicol Song)
29776,Pantomina Menor,"Edward Delos Reyes, Los Bicolanos"
29784,Pangaku,Sasa Buenaventura
29785,Angel Ning Bie Ku,Jennifer Salenga
29788,Kapampangan Medley,Harvey A. Quiwa
29790,O Jo Amimiss Da Ka,K4AD
29791,Palsintang Dalaga,Jomar Dela Pena
29794,Ika Mu,Jerard Miranda
29795,Sana Keng Pasku,Kate Ibanez
29796,Ika,Kate Ibanez
29797,Kaluguran Daka Oyta Mu,Nobelista
29799,Lugud Mu Ing Bie,Paula Lei Tayao
29801,Yaku'y Meturan Sayo,13th Verse Krew ft. Taktika
29804,Parul Fernandino,Harvey Quiwa
29808,Paynawa Mangan Sindi,Gkilla Booris Khalifa Cross P
29811,Duyan,Jong & Pxrple
29812,Bukid,Jong ft. Pxrple & Prince Ben
29813,Inday,Jong ft. Pxrple
29814,"Ginoo, Walay Sukod",MYMP
29816,Pinangat Ni Ann Ann,Dodoy Torres
29823,Born To Win,BINI
29839,Tama Na,Darren Espanto
29846,Di Lang Ikaw,Migz Haleco
29848,Rainy,Francis M.
29849,Salamat Paalam Na,"Yayoi, Yhanzy ft. Still One"
29852,Iyong Iyo,Zack Tabudlo
29863,Yearly,Ex Battalion
29866,Soda,James Reid
29867,"Kung Tayo, Tayo",Raven Aviso
29869,Everyday,Labuyo
29872,Sigurado,Belle Mariano
29873,Alalahanin,Zild
29874,Ako Naman Muna,Angela Ken
29877,Sleep Tonight,December Avenue
29892,Hindi Para Sa'Yo,Kithara
29893,Kulang Ang Sandali,Hannah Precillas
29895,Pwede Ba,Lola Amour
29902,Nang Dumating Ka,Bandang Lapis
29905,Kung Tayo,Skusta Clee
29906,Ulap,Rob Deniel
29919,Pasan,Gloc-9 x Hero
29923,SRRY,King Badger
29924,Bahala Ka,MC Einstein ft. Yuridope x Jekkpot x Flow G
29926,Pasalubong,Ben&Ben
29940,Dati,JRoa ft. Skusta Clee
29942,Oras,I Belong To The Zoo
29948,Kayabangan,Mike Hanopol
29949,Saan Na Nga Bang Barkada,Spongecola
29950,Without You,The Kid Laroi
29952,Bakit Ba Ganyan,Imago
29957,Aabutin,Jennifer Maravilla
29961,Boston,Juan Karlos
29964,Be Your King,Matthaios
29972,Take All The Love,Arthur Nery
29987,Drive,December Avenue
29994,Nosi Balasi,Janine Berdin
29995,Pakiusap,JC De Vera
29998,Samalamig,Shehyee
29999,Inutil,Madam Inutz
38002,Selos,The Vowels They Orbit
38005,Oras Na,Esseca
38014,Kayumanggi,Ben&Ben
38022,Aguiang Na,Dennis Gomez & Eleonor Rodriguez
38024,Ing Kasal (Sintang Hirang),Harvey Quiwa
38026,Kampay,Christian Quizon
38027,Kanyaman Lulugud,Jellyn P. Rodriguez
38028,Malagung Kakung Palsintan,Harvey Quiwa
38029,Mamasku Ta Pampanga,Jonas David
38030,Mamumurit Ku Keka,Edward Bernabe
38031,Mekeni o Jo,Ara Muna
38046,Sana Maglaho Na Ang Corona,Harvey Quiwa
38048,"You Made It, Abe",1DELACREW
38049,Bulan,Redwin F. Cenzon Jr
38050,Inday,TJ Monterde
38051,Tahong Ni Carla,Remix Version
38052,Basuni Sa Dog Heart,Halayahay Trio
38053,Bungto San Norte,Halayahay Trio
38071,Higugmaon Ko,Flor Eder
38074,Sangkay,Flor Edern
38076,Ulahipan,Joel Rongcales
38078,Walang Makakapigil,Arra San Agustin
38081,Sugat,Ben&Ben ft. Munimuni
38082,Biyakin Mo,Mae Rivera
38084,Boom Shala,Backlash Divas
38085,Can't Stop Thinking About Love,Regine Velasquez
38088,Pinag-isa,Crystal Paras
38092,Hello,James Reid
38097,Kapit Lang,Bini
38098,Okay Lang Yan,Kiyo
38100,Lahat Sa Buhay Ko,Mark Bautista
38103,Di Mawawala,Mikee Quintos and Kelvin Miranda
38104,Padayon,Awi Columna & Viy Cortez
38109,"Banal Na Aso, Santong Kabayo",Janine Berdin
38117,Dulo,The Juans
38119,Gunita,Kyryll
38122,Kasmala,Alamat
38123,Sa Panaginip,Katrina Velarde
38126,Chill Lang,Mac Mafia
38127,Ate Sandali,Maris Racal
38128,Nararahuyo,Matthaois
38131,Ikaw Lang,Nobita
38132,Unang Sayaw,Nobita
38134,Pagsamo,Arthur Nery
38137,The Baddest,BGYO
38138,The Only One,Reyne(Cover)
38151,Ilang Tulog Na Lang,Ben&Ben
38153,Dumaloy,SUD
38154,Tayo Na Talaga,Henyong Makata
38155,STAY,The Kid LAROI Justin Bieber
38157,I Like You,DJ Trix
38158,EBEB,FLOW G
38164,Mapa (Band Version),SB19 and Ben&Ben
38165,Lunod,Ben&Ben ft. Zild and Juan Karlos
38167,Ngayong Gabi,Jericho Rosales
38169,Luhang Umaapaw,St. Wolf
38171,Kahit Na Anong Sabihin Ng Iba,Unit 406
38172,Asa Naman,Maris Racal
38173,Hey It's Me,Tom Rodriguez
38174,Pag-uwi,Raven
38175,Don't Go Changing,Ylona Garcia
38176,Ang Puso Kong Ito'y Sa'Yo,Thea Astley
38177,Ikaw Pa Rin Ang Pipiliin Ko,Cup Of Joe
38178,Pelikula,Janine Tenoso feat. Arthur Nery
38182,Kahit Sa Panaginip,December Avenue
38184,Ikaw Pa Rin,Moira Dela Torre ft. Erik Santos
38185,Rock It,Master P
38186,Pangalawang Bitaw,The Juans
38188,Bakit Ikaw Pa,April Boy Regino
38193,Before You Say Goodbye,Martin Nievera
38197,Bazinga,SB19
38200,Ililigtas Ka Niya,Gary Valenciano
38201,Yakap,Alex Bruce
38202,Ba't Ganto Ang Pag-ibig,Zack Tabudlo 
38203,Binhi,Arthur Nery
38205,Bulag Daw Ang Pag-ibig,Freddie Aguilar
38214,Harana sa Sarili,kiyo
38217,Hung Up,Arthur Nery
38218,Karma,Skusta Clee ft. Gloc 9
38220,lutang,jikamarie
38222,Naghihintay,ALLMOST
38223,Phoenix,Morissette
38225,Ligaw,Matthaios & VNCE
38226,AMAKABOGERA,Maymay Entrata
38227,Nandito Lang Ako,"Skusta Clee, Jnske, Leslie, Honcho, Bullet D, Flow G"
38230,Sana All,Ivana Alawi
38246,Kasayaw,Ben&Ben
38249,Ang Hirap Maging Mahirap,Davey Langit & Kritiko
38251,Kapangyarihan,"Ben&Ben, SB19"
38258,Sabi Ng Lola,Moira Dela Torre
38266,Wag Na Lang,MC Einstein ft. Skusta Clee
38269,Sonata Of Love ,Victor Wood
38270,Kung Alam Ko Lang,Jeffery Hidalgo
38273,Anticipation,Leanne & Naara
38275,G Wolf,Flow G
38277,Free,Julie Anne San Jose
38281,Neverland,Inigo Pascual
38291,Rosas,Parokya Ni Edgar
38293,Aba Okay Din,Shehyee
38294,Simula Palang Nung Una,Zack Tabudlo
38298,Tawag Lang,JRoa
38302,Wala Na Talaga,Parokya Ni Edgar
38308,Pangako,CLR x Jay R
38311,Labis Na Nasaktan,Jennelyn Yabu
38316,K&B III,OMAR BALIW X CLR
38317,Butterfly Carnival,Sandwich
38320,TINOTOYO,Jr.Crown & Thome ft. Bomb D
38321,Para Sa Mga Ex,Zack Tabudlo
38322,Hanggang Sa Langit,Shanne Dandan
38323,Habang Buhay,Zack Tabudlo
38328,Halong,SUD
38329,Tuloy Tuloy,Quest
38336,Edsa (Emosyong Dinaan Sa Awit),Jason Marvin
38337,A.I.D.S,Kamikazee
38339,Prinsesa,6cyclemind
38341,Mahal Kita Alam Mo Ba,Jerome John Hughes
38342,Pagod Na Ako,Janine Berdin
38343,Ride Home,Ben&Ben
38347,May Pag-asa A Song For Our Frontliners,Jason & Moira
38348,Metro,Ely Buendia
38349,Tabi-tabi Po,JMKO
38351,Ibong Adarna,Flow G And Gloc 9
38352,Kung Ika'y Akin,Chocolate factory
38356,Feelings,Datus Tribe
38358,Sa Tuwina,TJ Monterde
38361,KAYUMANGGI,Ben&Ben x National Geographic
38362,Baby Come Back,Renz Verano
38365,Pakisabi,Dr. Pocket
38367,Kahit Kailan,Bianca Umali
38368,Kailanman,Kawago
38371,Di Na Mag-iisa,Nobita
38382,Binibini,Cean Jr.
38383,Stig,Bugoy na Koykoy ft. Flow G
38384,Cheated,Domm ft. Khen Lizardo
38387,Dungaw,Adie
38388,FF,Toni Fowler ft Makagago
38392,Huwag Mong Pahulain,Zack Tabudlo
38395,Ikaw Lang,Quest
38396,Isa Lang,Arthur Nery
38397,Paumaga,Je ft. Lennoj
38398,Kursunada,"Je, Cliff"
38403,Ligaya,SB19
38404,Loaded,Shanti Dope ft. HELLMERRY
38410,No Stopping You,SB19
38413,Pano,Zack Tabudlo
38414,Ritratong Sumasayaw,dyood
38419,Tahanan,Adie
38424,Walang Wakas,CLR
38427,WIN,Press Hit Play
38428,Yakap,Curse One and Vlync Of Breezy Boyz
38435,Maniwala Ka,Donnalyn Bartolome
38436,In Love Ako Sa'yo,Eurika ft. Euann
38437,Kulay,BGYO
38443,Detox,Juan Caoile ft. Hex
38446,"Eyes, Nose, Lips",Kristel Fulgar
38454,Beautiful,Jessica Villarubin
38462,When I Dream About You,Gracenote
38465,Amo Gid Na Ya,Don Flores
38466,Sabi Da,Romeo B. Canilao
38467,Oras,Mernuts
38468,Nung Aibalik Ku Sana,Harvey A. Quiwa
38469,Prinsesa,Geomar S. Cordova
38473,Sana,Sheila Patungan
38483,Anak,Joel Rongcales
38486,Idi Tiempo Ti Gubat,Peter Tanan
38490,Ara Lang Ko Di,Don Flores
38493,bawi na lang ako sa next life,jikamarie
38496,Huling Mensahe,Bandang Lapis
38497,Sana'y Iyong Mapansin,Nyt Lumenda
38503,Kahit Sandali,Ariel Rivera
38504,Walang Kapantay,Romeo Quinones
38506,BMW,Because ft. Leslie
38507,Duyan,Sarah Geronimo
38519,Sandali,Because
38520,Tanging Dahilan,Belle Mariano
38524,Sawa Na,Adie
38529,Anyo Ng Pag-ibig,Sexbomb Girls
38530,Baliw,True Faith
38531,BETTERMAN,"Alisson Shore ft Kiyo, JRoa, Because"
38532,Sa Pumipili,Brownman Revival
38533,KAYA NATIN,Skusta Clee
38534,Para Paraan,"Hans, Jr. Crown, M Zhayt, Thome"
38535,Barumbado,Pricetagg ft. CLR
38537,Bukas Makalawa,Munimuni
38541,Ayoko Na,Libre
38546,PSG,Al James
38548,BATUGAN,Flow G
38550,Char - Char,John Veantur
38558,HATDOG,Zack Tabudlo ft James Reid
38562,Luha,Adie
38566,Anymore,Jeon Somi
38573,Sa Kabukiran,Freddie Aguilar
38574,You Are to Me,Martin Nievera
38578,Ako'y Iyong-Iyo,Sheryl Cruz
38579,Malupit Na Pag-Ibig,Victor Wood
38585,For You Page,Zius List
38586,Gusto Ko Nang Bumitaw,Morissette
38592,Paliwanag,Gloc-9 feat. Yeng Constantino
38593,Prinsesa,Pop Girls
38596,Tipints,Alex Gonzaga
38600,Iba,Zack Tabudlo ft Moira dela Torre
38607,SINDIHAN,CLR
38609,Palaging May Tayo,ALLMOST
38611,Aegis Medley 2,Aegis
38614,Ginhawa,SUD
38615,Ambon,True Faith
38619,Bakit Ngayon Ka Lang,JuanThugs n Harmony
38621,Sana'y Pangarap Mo Rin,Jeremiah
38624,Sana Kunin Ka Na Ni Lord,Pokwang
38626,War of Hearts and Minds,Bamboo
38627,Bale Wala,Rocksteddy
38629,Huwag Lang Ikaw,Eevee
38630,Pagmamahal Mo Lang,O.C. Dawgs ft. Flow G
38631,Mag-Ingat,Ben&Ben
38636,Hindi Ikaw,Kenaniah
38638,Ikaw Lamang,Willie Garte
38639,Kabataang Pinoy,BINI x SB19 x Jonathan Manalo
38644,Nasaan Na Ang Puso Mo,Pops Fernandez
38647,Heart Can't Lose,Zach Tabudlo
38650,Usok,Chocolate Factory
38655,I Can't Believe,Eddie Peregrina 
38660,Amfee,Alex Gonzaga
38666,Marites,Madam Inutz
38669,Paagi,Up Dharma Down
38670,Sige Malaya Ka Na,Eva Eugenio
38679,Shattered Like,Rivermaya
38686,Without Your Love,Ariel Rivera
38691,Ang Kulit,Vice Ganda
38693,Praning,Flow G
38698,Ipagpatawad Mo,Mayonnaise
38699,Na-Try Mo Na Ba Ako,Andrew E.
38706,Wala Nang Hihilingin,Sugarfree
38714,Aussie Aussie,Andrew E
38717,Ginintuang Tanawin,Marc Alfaro
38719,Sa Hatinggabi,Jennylyn Mercado & Yasmien Kurdi
38720,Ako'y Sabog Na,Gagong Rapper
38723,Masaya Ako Sa'yo,Curse One
38724,Mhine,Slim of Repablikan
38725,Anghel,The Juans
38729,Fallin',Lea Salonga
38739,Dalampasigan,Anji Salvacion
38740,Ikaw Pala,Roselle Nava
38742,Iniibig Kita,Maricris Garcia
38743,POSITIBO KA LANG,ITSCKALLAB ft. CLR & OMAR BALIW
38749,KALMADO PART 1,"Omar Baliw ft. Loonie, Rhyne"
38750,Pag-iisang Dibdib,Nyt Lumenda
38752,Langit Na,Rachel Alejandro
38755,Teknik,Shanti Dope ft. DJ Buddah
38760,Ayaw Kong Mawalay Ka,Tootsie Guevarra
38762,Habang May Buhay,Freddie Aguilar
38763,Asan Ka Na Ba,Zack Tabudlo
38764,Bakit Mahal Pa Rin Kita,Mariane Osabel
38767,Diwata,Sam Concepcion
38769,Eh Papaano,JRLDM featuring Jikamarie
38770,Hakunamatata,Smugglaz
38772,If Ever You're In My Arms Again,Regine Velasquez
38774,Kailan,MYMP
38781,Tamis,Alisson Shore ft. GFAB
38785,You're All I Need,Zephanie
38788,Madali,Lola Amour & Al James
38792,Wasted,"J emm Dahon, KL, Kushin, Ft. Aeron J, Guthrie Nikolao"
38793,Kagome,Lo Ki
38794,Sumpa,Shanti Dope ft. Hero
38795,PROBINSYANA,VVS Collective
38799,I Need You,Mark Bautista
38803,Nandito Na,The Juans
38809,Pabalik-Balik,Faith Da Silva
38811,Sober Up,AJR ft. Rivers Cuomo
38813,UNA,JRoa and Raina
38816,Basta Masaya Tayo,Mikee Quintos
38821,Bigay Ka Ng Maykapal,Nyt Lumenda
38826,It's Okay Not To Be Okay,Angela Ken
38829,Payapa,SUD
38830,Rosas,Nica Del Rosario
38831,Sinayang,Je Ft. Kunnns
38835,Adda Ragsak Kalpasan Panagsagaba,Jeanalyn Tan Cadavona
38843,Perming Hubog,Shanika
38844,CEBUANA,SOUTHVIBES ft. Kyle Zagado & Prince Ben
38846,Bisdak,Brian Pepito
38847,Gibuhat Ko Ang Tanan,Jude Pastor
38848,Perteng Gwapaha,Migo Ta Bai
38852,Something Beautiful,Benedict Cua
38853,Ganon Paren To,Bugoy na Koykoy
38854,Direk,Because
38867,Alak,Sylvia LaTorre
38870,As You Are,Zach Tabudlo
38871,Bad Boy,Pop Girls
38874,Hanggang Dito Na Lang,TJ Monterde
38875,Hanggang Sa Muli,Angela Ken
38878,Industriya,Gloc-9 feat. KZ Tandingan
38879,Isang daan,"OCHOMIL ft. CLR, RHYNE, OMAR BALIW & DROPPOUT"
38883,Manifest,Lo Ki
38885,Pilak,Gloc-9
38886,Sariling Wika,Thyro Alfaro
38890,U GOT ME,ALLMOST
38903,Dime Girls,Alex Bruce
38904,Bang,G22
38905,Maulit Man,Gloc-9 ft. Grace Cristobal
38910,Kahit Pa Ikaw,SUD
38917,Paninindigan Kita,Ben&Ben
38918,Pinakahihintay,The Juans
38929,Polaris,December Avenue
38932,Good Vibes,East of Heaven feat. Russel Vista
38934,Aking Pagmamahal,Angeline Quinto x LADZKIE
38938,Miss You Like Crazy,Erik Santos
38941,Di Namalayan,Benedict Cua
38942,SARANGGOLA,Gloc-9 ft. Yuridope
38955,Anghel,Zack Tabudlo
38957,Bahaghari,"Jr.Crown, Kath & Thome"
38958,Best Time,BGYO
38960,Brats Doll,Zae
38962,Closer,Belle Mariano
38965,Dito,Hero ft. Matthaios
38966,Dito Sa Puso Ko,Ogie Alcasid
38970,HayPa,MMJ
38971,Here We Go,4TH IMPACT
38974,La Luna,PABLO
38976,Ligaw Tingin,Zildjian
38977,Liwanag,The Juans
38978,Maya,Shanti Dope
38980,Muli,Ace Banzuelo
38983,Re-Up,Ez Mil
38986,Rise,Belle Mariano
39003,Ano Ba,Jong Madaliday
39004,Totoo,NOBITA
39006,SABIK,The Juans
39007,HUNGHANG,Palos ft. JMara Prod
39008,ABKD,Alamat
39010,Gilid,Because ft Kris Delano
39011,Itigil Mo Na,Bianca Umali
39016,Walong Bilyon,TJ Monterde
39026,Seasons,Franco
39033,Around The City,Hey Its Je
39034,Bahaghari,Dionela
39037,Kono Yakusoku,Typecast
39038,Kumpas,Moira Dela Torre
39039,Mahika,Adie and Janine Berdin
39048,Ang Wakas,Arthur Miguel ft. Trisha Macapagal
39054,Ligaya,mrld
39055,KALMADO PART 4,Omar Baliw ft. Rhyne
39056,Pag-Ibig,Francine Diaz
39059,All I Want Is You Today,South Border
39065,Anong Nangyari,Matthaios
39066,Anytime,"Lipip ft. Asiong De Luna,esseca"
39073,D2,"Ochomil, Droppout, CLR, Rhyne, Omar Baliw"
39077,Dyosa,Skusta Clee ft. Zeinab Harake
39079,Empilight,Jonas
39081,Favorite Girl (Uh-Oh),Raf Davis ft. King Badger
39083,Gusto Kita Makita,Matthaios
39085,Hinga,Minaw
39089,"Kahit Na, Kahit Pa",Belle Mariano
39090,Langyang Pag-Ibig,Ben&Ben
39091,Maaari Ba,Wilbert Ross
39092,Mahal Kong Pilipinas,JMara
39093,NO WAY MAN,MNL48
39095,"Oh, Jo",Magnus Haven
39097,Paano Uusad,NOBITA
39101,Sabel,"Ben&Ben, KZ Tandingan"
39104,Vibin,Ylona Garcia
39116,Ikaw Lamang,Myrus
39117,"Dito, Sa Ilalim Ng Buwan",Arthur Miguel
39118,Moon,Nik Makino ft. Flow G
39125,ARAGUY,OMAR BALIW ft. RHYNE
39126,Heart,Sabrina
39129,Blah Blah,KAIA
39131,ASIA @(Ako'y Sayo Ikaw Ay Akin),FERODINA
39141,My Favorite Movie,Gilyan Saludes
39143,Kung Alam Mo Lang,Bandang Lapis
39144,Larawan,JRoa and Flow G
39147,This doesn't feel the same,Hey Its Je
39149,Your Everything,Jeremy G & Angela Ken
39152,Iglap,VNCE
39158,Annie and Ricky,Bita and the Botflies
39169,Larawan Mo,Anthony Rosaldo
39175,Bicolana,Fred Engay
39176,BUHOK,Gloc-9 ft. Liezel
39177,DI NA PWEDE,Lil Vinceyy ft. Boss B
39187,Lagi,BINI
39195,Somebody Like You,"GATTUSO, Frogmonster, KZ Tandingan"
39202,Tunay Na Minamahal,Zephanie
39203,Stay Here With Me,Loving Caliber
39204,Hold On,Julie Anne San Jose
39205,Pasensya Ka Na,"Yayoi,Lopau,Jaber,Yosso"
39213,Agad (Ring Ring),Skusta Clee ft. Flow G & HONCHO
39214,Anyo,WHAMOS ft. AXCEL
39215,Good Day,AREA 52 ft Nik Makino
39227,Ikaw Ang Paborito,UNXPCTD ft. JZ
39232,Mahal Kita (ILY),Iktus
39233,Babalik Sa'yo,Moira Dela Torre
39235,Dating Tayo,Bandang Lapis
39238,Easy Ka Lang,Eraserheads
39239,Hardin,Jericho Rosales
39241,Maligayang Pagkunwari,mrld
39242,Nag-iisang Muli,Cup of Joe
39243,The Ones We Once Loved,Ben&Ben
39246,Akala Ko Nung Una,O.C. Dawgs ft. Future Thug
39249,LDR-(Laging Di Ramdam),Music Hero
39250,Paano,Jai Asuncion
39255,When You Said Goodbye,Julie Anne San Jose
39260,Say U Love Me',ALAMAT
39263,"Bibitaw, aasa",Arthur Miguel
39267,Sana Masaya Ka Na,Eevee
39271,Araw,juan karlos
39273,Next Week,Moonstar88
39274,Sorry,Paolo Sandejas
39276,Gabi,Rob Daniel
39280,Akala Mo Ata,Nateman x Realest Cram x CK YG
39281,Alam Ko Naman,Frizzle Anne
39283,Bakit 'Di Na Lang Tayo,Muriel Lomadilla
39288,Defy',G22
39290,Diko Akalain,UNXPCTD ft. JZUNXPCTD
39291,Dito Ka Lang (In My Heart),Moira Dela Torre
39300,GINTO,BRUSKO BROS.
39307,Kahit Magdusa Pa,Luke Mejares
39310,Mahiyain,DENY
39311,Make Your Mind Up,"Zom Marie, Maximillian"
39312,Masiram,Just Hush ft. Paul Royale
39319,Sinong Nagsabi,The Miguel Project
39323,Tell Me Where It Hurts,MYMP
39332,Glad It's Over,Julie Anne San Jose
39333,Kagat ni Eba,Gloc 9
39334,ASA,Jroa
39338,Ikaw Na Sana,Ella Cruz  Julian Trono
39340,Byahe,Kunnns
39342,WYAT (Where You At),SB19
39344,Gudds,Guddhist Gunatita
39346,Let Me Be The One,Julie Anne San Jose
39347,Captivated,IV Of Spades
39354,Tahanan,Munimuni
39358,BALANG ARAW,PLAN B
39360,Bituin,Tanya Markova
39362,Especially For You,MYMP
39366,O KAY GANDA,BLASTER
39367,Umaasa,Calein
39369,Higit Sa Sapat,This Band
39371,Bahala Na,Kenaniah
39375,KG,Nik Makino
39377,Chinita,Raf Davis ft. Nik Makino & MSTRYO
39378,Hulog,Tanya Markova
39379,Iglap,Tanya Markova
39380,That's Why You Go Away,Elha Nympha
39381,LANGGA,Wilbert Ross
39383,Aswang',ALAMAT
39386,Cuore,Sarah Geronimo
39387,Di Ka Akin,Julie Ann San Jose ft. Gary Valenciano
39388,Eba,Kiyo
39391,Gumamela,Jireh Lim
39393,Ikaw,Arthur Miguel
39394,I'll Never Get Over You Getting Over Me,MYMP
39397,Lagi Nalang,JRLDM ft. Gloc 9
39402,NVMD,Denise Julia
39405,Pag-ibig Nga Naman,Curse One x Aphryl Breezy
39406,Payapa Lang,Angela Ken
39407,SHAWTY,Donnalyn
39411,Tricks,Shanti Dope
39412,Walang Himala,Ace Banzuelo
39419,Para Sakin,Hey Its Je
39422,Take Me Back,Zack Tabudlo ft. Yonnyboii
39425,Happy W U,Arthur Nery ft Jason Dhakal
39429,Malay Mo Tayo,TJ Monterde
39432,Hebishram,"Gloc 9 feat. Bishnu, Hero & Ramdiss"
39433,Fallen,Lola Amour
39436,Alay,Silent Sanctuary
39437,Buti Pa Noon,Angela Ken
39440,Di Man,Arthur Miguel
39446,Alalahanin Mo,Arvy T ft. Dadi Jang
39448,DI NA,Kurt Fick
39450,Esmi,Because
39452,Ikaw Pa Rin,mrld
39454,Sinta,Rob Deniel
39456,City Lights,December Avenue
39457,Saksi Ang Langit,December Avenue
39460,I Feel For You,Kyla
39467,Summer Rampapam,RK Kent x DJ Danz
39468,Tampisaw,This Band
39470,Mahal Mo Parin Ako,Unit 406
39471,Aking Pahinga,Dro Perez ft. I-Ghie
39473,Better Now,Kenaniah
39475,City Girl,Shanti Dope
39478,Dati-Dati,Sarah Geronimo
39492,Maikee's Letters,Just Hush
39494,Nagloko Ka Rin Naman 'di Ka Lang Nahuli,Humphrey Lofranco
39496,Pira-piraso,Mariane Osabel
39498,Sadly Falling,Hannah Precillas
39499,Shibuya,Matthaios
39500,Shortcut To Heaven,lullaboy
39506,You,Jona
39523,U & I,James Reid
39532,Pinadama,Zack Tabudlo
39540,Dahan-dahan,Lola Amour
39551,Gabi Man May Araw,Ely Buendia
39552,Bahay Yugyugan,Glock-9 ft. Flow G
39556,Bulalakaw,Matthew Hermosura
39559,Wala Kana,Michael Dutchi Librada
39563,Classmate,Hambog Ng Sagpro Krew
39574,Infinity,Jaymes Young
39575,Musika,Dionela
39576,Nakalimutan,Noah Raquel
39578,'Nyebe',SB19
39583,RESBAK,"Gloc-9 ft. Pricetagg, Omar Baliw, CLR and Shanti Dope"
39589,Solo,Skusta Clee
39590,Tama Nga Sila,I Belong to the Zoo
39591,Testing,Skusta Clee
39599,Aking Habangbuhay,Moira
39600,Ikaw At Sila,Moira
39601,Hanggang Sa Huli,Moira
39611,Bihag,EarlySeven
39612,Dear,Ben&Ben
39614,Shot Puno,juan karlos
39617,HOMETOWN,Sponge Cola
39619,Alak Style,Tirso Romantico
39620,Malayo,Ace Banzuelo
39621,Uhaw (Tayong Lahat),Dilaw
39624,PUYAT,kiyo
39630,AKIN KA,Zack Tabudlo
39633,Diyan Ka Magaling,Matthaios
39635,Filipina Killa,Zae
39646,Omo,Donnalyn
39650,Sa Pinakamahirap,Juan Caoile
39658,World Smallest Violin,AJR
39664,Lagi Na Lang,Leah Navarro ft. Basil Valdez
39678,Give Me Your Forever,Zack Tabudlo
39683,Pasilyo,SunKissed Lola
39684,White Toyota,SunKissed Lola
39690,4 U,Dixzie Cruel
39691,G.K.Y.A.M,Adie
39694,Close to You,Sam Milby
39697,Buhat,Gloc9
39707,Entablado,Noah Alejandre
39711,Alam,Sarah Geronimo ft. John Roa
39716,Entertain Me,Ylona Garcia
39719,HILING,LIL VINCEYY ft. Jhonmark
39720,Himig Ng Puso,Sarah Geronimo
39724,Idana,Jason In Town
39725,Love is in the Air,Billy Crawford
39727,MANATILI,Alisson Shore
39731,Tahimik Lamang,TOTHAPI
39732,Walang Pagsisisi,Angeline Quinto
39736,Tadhana,Ace Banzuelo
39738,Love Melody,CK YG
39739,Pinilit Kong Limutin Ka,Nina
39740,Sige Padayon,JRoa
39741,In love With That Bitch,Skusta Clee
39749,Love Again,The Kid LAROI
39754,Baka Tayo,Hey Its Je
39760,EME,Moira
39768,XXV,Greyhoundz ft Gloc-9
39769,Habang Buhay,Sarah Geronimo
39772,Sikat ng Araw,Munimuni
39773,Kalangitan,NOBITA
39774,Ang Pagibig,Rob Deniel
39775,Baka Bukas,SUD
39779,Down for Me,Julie Anne San Jose ft. Fern
39789,Nandito Ulit,Wevier
39796,Muli,Angeline Quinto
39802,Nagmamahal Lang,Karl Zarate
39803,Goodbye,Regine Velasquez
39806,Hindi Ko Kaya,Vina Morales & Denise Laurel
39811,ASA,Jroa
39821,Bogsa,Benidic Fragata X Archico
39822,Dahil Mahal Kita,Angelo Garcia
39824,Kung Nakikita Mo Lang,Angelo Garcia
39825,Bermuda Love Triangle,Tanya Markova
39828,Fallin',December Avenue
39829,Ganito Pala,Marion Aunor
39838,Ilang Beses Kita Mamahalin?,December Avenue
39844,Pahina,Jireh Lim
39847,Lagi Nating Galingan,Mikekosa ft. CLR
39851,Always Remember,Mona Gonzales
39852,Bodyguard Medley,Charice ft. David Foster
39860,Kapalaran (Batang Quiapo OST),Gary Valenciano
39878,Weak,Michael Pangilinan
39880,Yung Totoo?,Hev Abi ft. Sica
39882,Habang Ako'y Nabubuhay,Sanshai
39883,Miss Na Miss Kita,Sanshai
39886,Diba,Zack Tabudlo
39890,Para,YARA
39901,Pandemonium,Tanya Markova
39902,Elyu,Ben&Ben
39903,Crashing,Kyle Juliano
39904,Hanggang Sa Buwan,Kenaniah
39906,Mas Mahal Na Kita Ngayon,Young Men
39908,Aalis Ka Ba,April Boy Regino
39922,Sadyang Sinayang Mo,Nyt Lumenda
39934,GENTO,SB19
39936,Masungit,Jireh Lim
39938,Mood,"Al James, Muric"
39968,ESKAPO,Loonie ft. John Roa
39969,Para Sa Sarili,JRLDM
39970,Kamusta,Shanti Dope feat Flow G
39976,Someone Will Love You Better,"Johnny Orlando, Zack Tabudlo"
39978,Take That Man,IV Of Spades
39983,Agurayak,Paula Domingo
39997,Sa Kanya,MYMP
40001,Wag Ka Nang Umiyak,Bandang Lapis
40002,Dapat Ka Bang Mahalin,Angeline Quinto 
40003,Leonora,Sugarcane
40011,Gabi,juan karlos ft. Zild
40012,Hanggang sa Huli,Alisson Shore
40014,I WANT YOU,SB19
40021,Raining in Manila,Lola Amour
40040,Sandig,Janine Tenoso
40044,Gusto,Zack Tabudlo ft. Al James
40047,Boomerang,G22
40051,Buti Ka Pa Ok Na,"Still One, Joshua Mari, Arjay"
40052,Ano Na,Calvin & Kiyo
40054,Celeste,Tothapi
40057,Kyusi,Zild
40060,VIS.,Chelsea Alley
40064,Ano Ba Ang Nangyari,April Boys
40067,Ok Sa Akin,The Rainmakers
40079,superglue,joan ft. Zack Tabudlo
40080,Kahit Konting Pagtingin,Angeline Quinto
40085,Champions,Sponge Cola
40087,Hiraya,"Matthaios, Soulthrll"
40097,Could Be Something,Ben&Ben
40101,Fallin,Zack Tabudlo ft. Nasty C
40109,M.N.M.,Toni Fowler ft. Freshbreed
40110,M.P.L.,Toni Fowler
40115,Nag-iisa Lang,Regine Velasquez x Jonathan Manalo
40116,Nasa'king Damdamin,Arthur Nery
40122,Hilom,Moira Dela Torre
40124,Sagot Sa Dalangin,Maricris Garcia
40130,Daleng Dale,MMJ
40142,Fine Time,Eraserheads
40143,I'll Always Love You,Nina
40147,Wala Nang Iba,December Avenue x Belle Mariano
40149,Okay Lang Ako 3,Inigo Pascual
40152,Ikaw Ang Aking Mahal,Reymond Sajor
40153,Sakto,Sitti
40157,Di Na Babalik,Leanne & Naara
40159,Ako Nalang Kasi,Zack Tabudlo
40164,Atin-Atin Lang,Al James ft. Flow G
40165,Bae You,"Jay R, Kris Lawrence, CLR"
40170,Di Mahuhulog,KLYDE ft.Gins&Melodies
40174,Lipad Ng Pangarap,Regine Velasquez
40182,Realest,EZ Mill with (Eminem)
40192,Kasunod,Erik Santos
40193,Swerte Swerte Lang,Joel Navarro
40196,DI NAGMAMADALI,Guddhist Gunatita ft. Nateman
40197,Silay,Jeff Grecia
40198,Tunay,Jopper Ril
40201,Day And Night,Alamat
40204,Bakante,Omar Baliw feat Rhyne
40217,Orasa,Dilaw
40218,Balse Ng Gabi,Cesca with Maki
40219,SMP,dwta
40221,Hello,Fred Engay
40222,Isipin Mo Mahal Ko,Sanshai
40223,Mag-isa,Jason Marvin
40225,life with u,lullaboy
40226,Kalendaryo,Mike Swift
40227,Napakasakit,Sanshai
40228,Mina(mahal ko),rhodessa
40229,Luna,SunKissed Lola
40230,Tapusin Na Natin To,juan karlos ft. Paolo Benjamin
40240,OFW AKO,Still One
40247,Super Fly,Zae
40248,Totoo,Kenaniah
40249,Treading Water,Sarah Geronimo and Bamboo
40255,Ngayong Wala Ka Na,Rey Valera
40274,Pano Maging Tayo,"This Band, Anthony Meneses"
40275,So Close,Sponge Cola
40276,ERE,juan karlos
40278,YK,Cean Jr.
40279,Martyr,CHNDTR
40283,KARAMAY,Nik Makino
40286,Wankata,Willie Revillame
40290,Ang Wakas,Arthur Miguel ft Trisha Macapagal
40295,Elevate,Jeff Grecia
40301,Karera,BINI
40304,Loka Loka,Queen Manica
40308,Pabalik,Jeremy G
40310,SAGUTIN,SV SQUAD
40311,Sana'y Kapiling Ka,Nonoy Pena
40314,Tawagan Mo 'Ko,"Matthaios, Dudut, Soulthrll"
40317,Sa Kabila ng Lahat,Rey Valera
40320,Chinelas,Dilaw ft. Asian Cutie
40325,Pass Sa Lowkey,UNXPCTD
40330,Kisame,Rhodessa
40340,KARANASAN,Guddhist Gunatita ft. Flow G
40342,Iingatan Kita,Jireh Lim ft. Nik Makino
40344,Laban,Not Informed
40348,Pangako,Moira Dela Torre
40349,WHAT JUST HAPPENED,The Kid LAROI
40350,Ano Ba Meron Tayong Dalawa,Zack Tabudlo
40353,Bibitaw Na,Darren Espanto
40364,Lihim,Arthur Miguel
40368,Palagi,Shanti Dope
40371,SIPAG LANG,Nik Makino
40377,Tingin,"Cup Of Joe, Janine Tenoso"
40386,Stand By You,Rachel Platten
40397,Pakundangan,Demi
40398,Someone,Calein
40399,Di Nga Pala Tayo,CHNDTR
40410,Be With U,KD Estrada
40446,Lumayo Kana,Nateman
40448,Reynmen,Ela
40451,Praning,ALLMOST
40457,Kursunada,Adie
40465,sa'yong sa'yo lang ako,rhodessa ft. mrld
40466,Dal'wang Patinig,SunKissed Lola
40470,LOVE IS DEAD,Zack Tabudlo
40485,TOO MUCH,"The Kid LAROI, Jung Kook, Central Cee"
40499,B.A.D.,Denise Julia ft. P-Lo
40500,Fallin,"Skusta Clee, Bosx1ne, Emcee Rhenn & Flow-G ft. JRoa"
40503,Makasariling Malambing,"Hev Abi, Kristina Dawn"
40504,RAPSTAR,FLOW G
40505,Sa Kahapon,Dilaw Janine Berdin
40506,Walang Alam,Hev Abi
40508,Faded,Illest Morena
40510,Laya,Flow G ft. Skusta Clee
40511,Lil Kasalanan Shortie,Hev Abi
40512,Parehas Tayo,Nateman
40513,Lagabog,Skusta Clee ft. Illest Morena
40519,Autumn,Ben&Ben
40527,Kasing Kasing,juan karlos ft. Kyle Echarri
40530,Huwag na Huwag Mong Sasabihin,Lola Amour
40531,Anything,Mayonnaise
40534,HEAVEN,The Kid LAROI
40538,Morena,Sandwich
40553,Tayo Na Lang,NOBITA
40555,Walwal,Dilaw
40564,WE MADE IT,Nik Makino x Flow G
40566,Lackin,Denise Julia
40570,Isang Beses,Jom feat. Jasmine
40572,SORRY,The Kid LAROI
40574,Ride For Me,KAYAM
40575,Selos,Shaira
40576,Hawak Mo,Lyka Estrella
40577,Nasayo,ALLMOST
40583,Ngayon,Golden Canedo 
40584,NOWHERE,TJ Monterde
40586,RomCom,Rob Deniel
40590,Babaero,Gins & Melodies
40591,BLEED,The Kid LAROI
40600,Maria Clara,Janah Rapas x Pjansein
40601,Marikit Sa Dilim,Juan & Kyle ft. JAWZ
40605,Pulso,Zack Tabudlo
40606,So Fine,Realest Cram
40608,Tayo Na Lang Dalawa,Calein
40609,Walang Pumapalakpak,"Gloc-9, Gary Valenciano"
40618,Kapit,Alamat & Dwta
40621,Kape Tayo,Joema Lauriano
40623,Of All The Things,Regine Velasquez
40628,Forever Single,Shaira
40633,Pantropiko,BINI
40635,Sugar n' Spice,Denise Julia
40636,WELCOME2DTQ,Hev Abi
40639,Believing In Magic (Yakap Mo),Alexa Ilacad
40640,Nais,Ben&Ben
40644,Herbal Na Utan,Halamana
40645,Ika'y Nag-iisa,Katrina Velarde
40650,Alam Mo Ba Girl,Hev Abi
40655,Burgis,Flow G x Hev Abi
40664,Hoodie,Dionela
40665,Ikaw Na Ba,Norhana
40666,Love It All Out,Greg Gould ft. Morissette
40668,Lupit Ng Pag-ibig,Vanessa
40669,Medisina,Zild
40670,"Nangako Ka, Sa Iba Mo Lang Tinupad",Norhana
40671,"Oo Sige Na, Mahal Na Mahal Kita",Mother Nature
40673,Para Sa Streets,Hev Abi
40675,QC Girls,Hev Abi
40677,Sabihin Mo Na Lang,Zephanie
40680,Sugal,Maja
40684,Wag Na,Realest Cram ft. CK YG
40688,Deserve,Skusta Clee & Flow G
40690,XXXX,Looney feat. Hev Abi
40695,Amboy Shit (Remix),Sica ft Hellmerry & Hev Abi
40698,Ikaw Na,Calvin ft. Rovilyn
40708,Ikaw Lang At Ako,UPGRADE
40716,Eyes Only For Me,Jay R & Regine Velasquez
40720,I Hate Boys,G22
40727,MINE,CHNDTR
40732,Saan,Maki
40733,SARILING MUNDO,TJ Monterde
40751,PAPALAYO,Zack Tabudlo
40752,Dilaw,Maki
40753,Incomplete,Michael Pangilinan
40755,Ready,apl.de.ap SB19
40756,"Salamin, Salamin",Bini
40762,Malabong Ugnayan,Arthur Miguel ft. Jikamarie
40768,HBD,Maki
40770,ALAS DOS NA!!!,Janine Berdin
40772,Selosyndrome,Tanya Markova
40773,Tiger,Mayonnaise
40782,GIRLS,The Kid LAROI
40784,Lagi,"Clien, Jom ft. AA & Kxle"
40785,Loca Toca,Ladita
40787,Medisina,JRLDM
40795,Thug,Shanti Dope
40802,Nagmamahal Kahit Bawal,Narex Bernan
40803,Nakapagtataka,Frio
40808,ILY,YB Neet feat Bugoy Na Koykoy
40809,I Feel Good,BINI
40810,Isang Pagkakataon,Marco Sison
40811,Selos Na Friend,Shaira
40812,Sikulo,"Maki, Angela Ken, Nhiko"
40815,Pwede ba,Maymay Entrata
40816,My Mind,Sarah Geronimo and Billy Crawford
40818,Palagi,TJ Monterde
40823,Iyo,Darren Espanto
40826,Hahanapin Ko,Aegis
40828,Pulot,Jireh Lim
40830,Maybe Maybe,Lola Amour
40836,Who,Jimin
40837,ALL IN,Shehyee
40838,Batang Tondo,Smugglaz
40840,Boyfriend,ALLMOST
40846,Highschool,Shanti Dope
40848,MY BOO,Jr.Crown
40851,Sabik Na Puso,Marco Sison
40858,High Score,Flow G
40860,Wag Muna Tayong Umuwi,BINI
40861,Saan Kakapit,Lola Amour
40862,Ano? Bakit? Paano?,Lyka Estrella
40863,Sabog,Repablik Reggae
40864,Babaero,The BloomFields
40865,Cherry On Top,BINI
40867,Galaxy,The Juans
40868,Moonlight,SB19
40869,Nilalang,Dilaw
40870,Sinungaling,Matthaios
40873,Na Na Na,BINI
40877,Sining,Dionela ft. Jay R
40880,Bulaklak Sa Buwan,Ely Buendia
40884,Ivana,Soulstice
40887,AU,Nica del Rosario
40891,Medyo Ako,juan karlos ft. Moira Dela Torre
40894,Bwak Bwak Bwak,Vice Ganda
40910,Kontrabida,Price tagg
40912,LMK,Calista
40914,Mine,YB Neet
40931,Angas,Skusta Clee & Flow G
40932,Sugat sa Tinik,Bing Rodrigo
40937,KNT (Kanta ng Tanga),VXON
40943,Kumukutikutitap,Joey Albert
40945,Namumula,Maki
40948,Sana Ikaw Na Nga,Marlo Mortel
40951,Isa Dalawa Tatlo,Zack Tabudlo
40954,Ayokong Masanay,Jireh Lim ft. Jikamarie
40955,Biglaan,Belle Mariano
40967,Isa lang,kiyo ft. tao aves
40968,KLWKN,Rocksteddy
40972,Medyo Crazy,"Robledo Timido ft. Cozyivy, Dyco"
40976,Patiwakal,JRLDM
40981,5 Little Monkeys Humpty Dumpty,DJ Sandy
40982,Medicine,Behani
40986,Fire,Kitchie Nadal
40989,Kailan,Maki
40992,Tanging Hiling Part 2,"Curse One, Smugglaz, Slick One"
41001,TONIGHT,Chocolate Factory ft. JRoa
41002,Di Naman,dwta
41004,Sandal,James Reid
41006,Ang Sarap Mabuhay,Jopper Ril
41007,KASAMA,FLOW G x CHITO MIRANDA
41008,LAMBALAK,MC Einstein X Kyla
41010,Lumayo,Over October
41012,La Luna,Skusta Clee ft. Ron Henley & Yuridope
41015,Laman ng Panaginip,Sponge Cola
41016,45849,Toneejay
41022,DARATING DIN,TJ Monterde
41043,Arrowmance,Rob Deniel
41047,Museo,Eliza Maturan
41057,Pagbilang Ng Tatlo,Bandang Lapis
41060,Pasko Ng Mga Pinoy,Ogie Alcasid
41063,Bildat,Reventor Lagmay
41065,Kapitan A Kupitan,Harry Bukros
41068,Walang Iwanan,J Brothers
41069,Letter X,ALLMOST
41070,404L,"gottaluvEJ, SwKeith, Jthekidd, Rendz, Micosuabe, SwMag & YP (404)"
41075,sweet nothings,Denise Julia ft. Jay R
41076,Marilag,Dionela
41078,SILENT CRIES,JOSH CULLEN
41082,Wag Lang Ganon,"Matthaios, Jiji"
41083,San Ka Na,Moira
41088,Sana Tayo Ulit,Still One Ft. Joshua Mari
41100,I Dior U,Shanti Dope
41101,Lagi Na Lang,SUGARCANE
41109,Tama Ka Na,The Juans
41111,TILALUHA,SB19
41115,I Don't Want To Talk About It,Chocolate Factory
41129,Sunog,Gloc-9
41132,balik,Dom Guyot ft. Adie
41133,Panatag,Hale
41138,Suntok Sa Buwan,Paolo Santos
41139,Happy Ending,Rob Deniel
41141,Panata,Tothapi
41142,Anong Daratnan,Belle Mariano ft. Te Vaka
41145,Bighani,Ace Banzuelo
41148,Enimine,Emcee Rhenn ft. Skusta Clee
41153,HINTAY,Nik Makino x TreyLow Baby x Shao Lin 1
41155,Ihilak Lang Na,Morissette
41157,Inggit,Skusta Clee
41158,Janice,Dilaw
41159,Ligaw Na Bullet,Skusta Clee Ft. Denise Laurel
41161,My Day,HELLMERRY
41167,Oksihina,Dionela
41171,SLOW IT DOWN,"The Kid LAROI, Quavo"
41174,TOTOO AKO SAYO,Nateman
41176,Who You,Smugglaz
41178,I Still Believe In Us Together,Hiyas
41184,Dasal Kasal,Zild
41192,Sa 'Yo Pa Rin Uuwi,ALAMAT
41194,Maharot,ALLMOST
41195,Andito Lang,BGYO
41196,Bughaw,Maki
41200,Di Bale,James Reid
41204,Perpektong Tao,Maris Racal
41205,manila to LA,Paolo Sandejas
41217,blue,yung kai
41228,Hopia,I Belong to the Zoo
41234,Shushhh,"Skusta Clee, Jnske & Yuridope"
41238,YG Gang,Shanti Dope ft. Trapp
41239,Kwentuhan,Guddhist Gunatita ft. Nateman
41241,Blooming,BINI
41247,Biyahe,Josh Santana
41252,New Dimensions,Ben&Ben
41254,Di Mapakali,Pattia
41255,Mahal,Dilaw
41265,Blink Twice,BINI
41268,Girl U Gotta Go,Bugoy na Koykoy feat. Jp Bacallan
41269,Hirap Kalimutan,Jan Roberts
41272,Ikot,Over October
41275,Pag Puso Ang Nagsabi,JM Dela Cerna x Marielle Montellano
41279,Sa Bawat Sandali,Amiel Sol
41287,Maling Panahon,Arthur Miguel
41305,PNYT,Nobita x Flow G
41306,Wag Kang Tanga,Hambog N Honcho
41307,Tomorrow With You,Ben & Ben
41309,Maria,Oliver Cronin Feat. Lola Amour
41310,Tanging Ikaw,Sugarcane
41311,Kalimutan ka,Skusta Clee
41315,Hanggang Kaibigan,Steven Nicole Pedro
41320,Magkabilaan,Zephanie ft. Apoc the Death Architect
41323,M.I.N.O.Y.,mrld
41333,Alas Dose,Calista
41334,Butata,Pablo
41337,Dam,SB19
41339,Future,Jarren
41340,Gigil,BGYO
41345,Moonlight,Kansy
41350,Venus,Ron Henley ft Yumi
41351,I'm Okay,Moira
41352,Gaslighter,Moira
41358,Pakiusap Lang,Josh Cullen
41365,SUMAYA,JOSH CULLEN
41366,Bandaid,Moira
41373,Miss Miss,Rob Deniel
41374,Multo,Cup Of Joe
41375,Tibok,Earl Agustin 
41376,Betcha by Golly wow,Chocolate Factory
41379,Hiwaga,Siakol
41385,Take you to the moon,Lipta ft. James Alyn
41386,Crazier,Arthur Miguel
41387,When The Night Ends,Johnny Huynh
41388,All About Love,"CK YG  Feat. Alaine, Ryouji"
41392,Foolish,Arthur Nery
41394,Handa Na Ako,Atasha Muhlach
41395,Hirang,Daryl Ong & Kyla
41397,Iced Coffee,Pixie
41406,Ano Ba Talaga Tayo,The Juans
41407,Saranggola,Ben&Ben
41408,Nagmamahal Lang Ako,KZ Tandingan
41411,Pinagtagpo,Alisson Shore
41416,Padaba Taka,dwta
41418,Ayos Lang,Janine Berdin
41419,Yoko Na,JOSH CULLEN & Al James
41424,Mahalaga,Rene Puno
41425,PDKL,Arthur Miguel
41426,Nahanap Kita,Amiel sol 
41427,Ang Iwasan,Moira Dela Torre
41429,Diyan Ka Lang,BINI
41433,What More Can I Say,Gary Valenciano
41434,Miss Pakipot,Adie
41438,Magparaya,BAN
41442,Dati'y Hindi Kulang,Rene Puno
41449,Tsada Mahigugma,Maymay Entrata
41458,43x,"Skusta Clee, Flow G, Emcee Rhenn, Brando & King Badger"
41463,DUNGKA,SB19
41465,"Halika Na, Lika Na",Maxie Andreison
41466,I Need You,Sam Mangubat
41468,Ikaw Lang Ang Mamahalin,Katrina Velarde
41470,Kalakip Ng Awitin,Moira Dela Torre
41471,Makasama Sandali,"Robledo Timido, Elhe"
41472,Makinang,Poly Gy ft. OD MZ
41473,Mala SV,Flow G
41475,Nasaan ang Hiling,Maymay Entrata
41478,Paradise,Maymay Entrata
41480,Till my heartaches End,KZ Tandingan
41481,Time,SB19
41485,Hold On,Neocolours
41487,Numbers,KZ Tandingan
41488,Dance with My Mistakes,Lola Amour
41490,All Night,Ex Battalion
41491,Paalam Muna Sandali,Darren Espanto
41492,Fun,Ex Battalion
41494,Kilig,Baywalk Bodies
41499,Just Live,John Roa
41501,Pag-ibig ng Ikaw at Ako,Earl Agustin
41533,For Me,Ex Battalion
41534,Hamig,Ex Battalion
41536,Legacy,Ex Battalion
41537,Make Her Dance,Ex Battalion
41542,Ikaw,Autotelic
41543,E,Frio
41545,Liham Sa Ulap,Kylix
41546,Safe,Moira Dela Torre
41547,1999,JOSH CULLEN
41548,Kailan,Ney Dimaculangan & Yeng Constantino
41549,Naiilang,Le John
41550,para pilitin ka,Jikamarie ft. Skusta Clee
41551,Basin Puhon,Earl Agustin
41552,Minamahal,Earl Agustin
41553,Regine Velasquez Medley,Andrea
41554,Manloloko,Zack Tabudlo
41555,Di Mawari,"Patrick Hizon, Yden"
41556,Reyna,Michelle Dee
41557,Bida,Jayda
41558,Aura,IV OF SPADES 
41559,Kandarapa,Ely Buendia
41563,Lie 2 Me,FERN
41572,Kahel na Langit,Maki
41575,Tayong Dalawa,Earl Agustin
41583,Umaaligid,Sarah Geronimo & SB19
41620,Naglahong Ligaya,Bert Dominic
41621,Kulang Pa Ba,Bing Rodrigo
41622,Shot Puno,Cianne
41623,Di Makaramdam,DARREN
41624,Ina,Dia Mate ft. Regine Velasquez-Alcasid
41626,AHON,December Avenue & Morissette
41627,Aya,Earl Agustin
41629,Hele,TONEEJAY
41630,MAY NANALO NA,Loonie ft. Frizzle Anne
41631,Pambihira,kiyo ft. Zild
41634,Giliw Ko,corn
41635,Goodbye Is Not Forever,Erik Santos
41636,Hanggang Sa Magsawa,mrld
41638,"ikaw, ikaw, ikaw",ICEBOX x Eliza Maturan
41642,100 Dahilan,Waltz
41646,Rain,Sarah Geronimo
41647,KALAKAL,SB19 & GLOC-9
41651,Mayakap Kang Muli,Marlo Mortel
41653,Nagmamahal Lang Ako,KZ TANDINGAN
41656,Lulay,Nowan
41659,Paano Kung Tayo Na Lang,DARREN
41660,Silaw,Setsuna
41661,Biktima,Chicosci
41662,Walang Takot,Valley Of Chrome
41663,Here I Am,Barbie
41664,SULITIN,Guddhist Gunatita
41666,Whatever This Is,Fern
41677,How You Feel,Aubrey Caraan
41689,Found A Love,Moira Dela Torre
41693,Giliw Ko,corn
41696,WALANG KABA,Marina Summers
41702,Magpahinga,Ben&Ben
41705,Gotchu,Flow G
41706,Filipina Queen,G22
41710,Minamahal,Ashtine Olviga & Andres Muhlach
41727,Hindi Tayo Pwede,Katrina Velarde
41731,Tatay,Otab Inalab
41732,You Are My Everything,Julie Ann San Jose
41733,Out Of My Head,BINI
41742,Pagtibok Ng Puso,Boyfriends
41743,Sa Aking Pag Iisa,Nonoy Pena
41763,how do you dance,yung kai
41777,1998,Michael Pangilinan
41778,Da Best Ang Pasko Ng Pilipino,ABS-CBN Christmas Station ID 2011
41779,Ako Na Lang,The Juans
41780,Ang Rosas,Rob Deniel
41781,ANTOXIC,Janine Berdin
41782,Ayoko Na,Zion Aguirre
41784,Di Nakakasawa,Arthur Nery
41785,Dilaw,Flying Kiss
41786,Dito Sa'kin,Earl Agustin
41787,Estranghero,Cup of Joe
41788,First Luv,BINI
41790,Alon,JL
41791,Pahuway,RAIN
41792,HAYUP KA,Janine Berdin
41793,Ikaw sana,Rob Deniel
41794,Pikit Mata,Janine
41795,Marupok,Jenzen Guino
41796,Bumalik Ka Sa'kin,jikamarie & Skusta Clee
41797,Overthink,Kai Montinola
41798,KINAKABAHAN,LILY
41799,Lipstick Na Itim,Kyle Echarri
41800,LOKAL,Flow G
41801,Lupaypay,Haring Manggi
41802,Mayo,Soleana
41803,Miskom,Janine Berdin
41804,Misteryoso,Cup of Joe
41805,Naiwan,The Juans
41806,ADIK NA SAYO,Nik Makino
41807,Hanggang Dito Na Lang Ba Tayo,Ogie Alcasid
41809,Pakita Mo Sa Akin,Jay R & Illest Morena
41810,Palayo Sa Mundo,"Jolianne, Arthur Nery"
41813,Puso,Rob Deniel
41814,Healing,Rico Blanco
41815,Sandali,Cup of Joe
41816,Shagidi,BINI
41817,Suliranin,IV OF SPADES
41820,Sandalan,Truefaith
41821,Walls,Yumi Lacsamana & Soc Villanueva
41822,What If Tayo?,"Mika Salamanca, Brent Manalo"
41823,Kunwari Lang,Zephanie
41876,"Segundo, Siguro",Arthur Nery
41876,"Segundo, Siguro",Arthur Nery
41877,Aloe Vera,BGYO
41877,Aloe Vera,BGYO
41878,Ako Lang,dia mate
41878,Ako Lang,dia mate
41879,Dominga,La Mave  Ft. Nateman
41879,Dominga,La Mave  Ft. Nateman
41880,Get Dat,Al James
41880,Get Dat,Al James
41881,Ginintuang Tanawin,Wilbert Ross
41881,Ginintuang Tanawin,Wilbert Ross
41882,Heaven Knows,Skate Avenue PH
41882,Heaven Knows,Skate Avenue PH
41883,Joseph K,Elijah
41883,Joseph K,Elijah
41884,Kabisado,IV OF SPADES
41884,Kabisado,IV OF SPADES
41885,Kailan Ka Uuwi,Juan Karlos ft. Flow G
41885,Kailan Ka Uuwi,Juan Karlos ft. Flow G
41886,Magkakaibigan,The OPM Hitmen
41886,Magkakaibigan,The OPM Hitmen
41887,Pahina,Cup of Joe
41887,Pahina,Cup of Joe
41888,Paru-Paro,IV OF SPADES
41888,Paru-Paro,IV OF SPADES
41889,Rewind,IV OF SPADES
41889,Rewind,IV OF SPADES
41890,Simpleng Timpla,The OPM Hitmen
41890,Simpleng Timpla,The OPM Hitmen
41891,Wasak Na Puso,Six Part Invention
41891,Wasak Na Puso,Six Part Invention
41892,Tangerine Boulevard,IV OF SPADES
41892,Tangerine Boulevard,IV OF SPADES
41893,Tayo,Kice
41893,Tayo,Kice
41894,Umpisa,Moira ft. Adie
41894,Umpisa,Moira ft. Adie
41895,Uwi Na 'Ko,The OPM Hitmen
41895,Uwi Na 'Ko,The OPM Hitmen
41896,What if I miss you for the rest of my life?,Janine Berdin
41896,What if I miss you for the rest of my life?,Janine Berdin
41902,Wala Na Bang Pag-ibig,Rob Deniel
41902,Wala Na Bang Pag-ibig,Rob Deniel
41929,Home,Isabel LaRosa
41957,Ang Huling Chacha,BINI
41959,BIG DREAM,Flow G
41960,Gunita,Sponge Cola
41961,Gusto Ko Nang Bumitaw,Sheryn Regis
41962,I Love You Babe,Ranier Castillo
41963,Konsensya,IV OF SPADES
41964,Kung Ako'y Mag-aasawa,Tropavibes
41965,Lucky,KAMIKAZEE
41966,Maharani,ALAMAT
41968,Nanaman,IV OF SPADES
41969,Nandito Ako,Rob Deniel
41970,Pagsisisi,Bandang Lapis
41971,Patutunguhan,Cup of Joe
41972,Ikaw Sana and Nandito Ako,Rob Deniel
41973,Sandali,mrld
41974,Sinderela,Cup of Joe
41975,Smilky,SUD
41976,Tamis Ng Pagkakamali,IV OF SPADES
41977,Tara,IV OF SPADES
41978,The Boy Who Cried Wolf,Pablo
41987,Sa Ugoy ng Duyan,Aiza Seguerra
41992,Luha,Shanika
41993,Tahan,Bryan Chong
41997,Dalangin,SUGARCANE
42000,Beautiful Love,Amber Natasha
42001,PALAGI,TJxKZ
42006,Pag-Ibig ay Kanibalismo II,fitterkarma
42014,Worst behaviour,kwn ft. Kehlani
42017,Here With You,BINI
42021,Ikaw,Andrew E
42022,ILAW,SB19
42027,Kung Maibabalik Ko Lang,Gagong Rapper
42032,Tayo,Le John
42034,Kasama Ka,Marko Rudio
42035,Minsan Isang Araw,The Company
42036,Nasanay Na Ang Puso Ko,Ang Demo
42040,Patient,Sofronio Vasquez
42043,Sagada,Cup of Joe
42045,Sama-Sama,14-K
42048,Gunita,SUGARCANE
42050,Tataya,Cup of Joe
42054,Unang Halik,TJ Monterde 
