3,BLACKBIRD,THE BEATLES
5,I Wanna Dance With Somebody,Whitney Houston
6,Mona Lisa,Nat King Cole
7,Tie A Yellow Ribbon..,Tony Orlando
8,Groovin',Young Rascals
9,Good Vibartions,Beach Boys
11,Lady Lay,Groscolas Pierre
12,Ballad Of John & Yoko,Beatles
15,Goodbye,Air Supply
16,If Love Is Blind,Tiffany
17,Baby You're A Rich Man,Beatles
19,Everybody Loves Somebody Sometimes,Dean Martin
25,Anticipation,Joy Gonzaga
27,Could It Be Magic,Barry Manilow
28,Till They Take My Heart Away,Claire Marlo
30,Breaking Up Is Hard To Do,N. Sedaka
31,COME SOFTLY TO ME,FLEETWOOD MAC
34,I'd Like To Teach The World To Sing,The New Seekers
35,I Love You For Sentimental Reasons,Linda Ronstadt
37,IT'S BEGINNING TO LOOK LIKE CHRISTMAS,BING CROSBY
39,Let Me Try Again,Frank Sinatra
44,She's Out Of My Life,Michael Jackson
45,Some Guys Have All The Luck,Rod Stewart
47,THE IMPOSSIBLE DREAM (THE QUEST),ANDY WILLIAMS
52,DO YOU WANT TO KNOW A SECRET?,Beatles
53,Island In the Stream,Rogers & Paron
54,Said I Love You. But I Lied,Michael Bolton
69,Surfin' U.S.A,Beach Boys
70,That's What Friends Are For,Dionne Warwick
72,GROOVY KIND OF LOVE,PHIL COLLINS
74,59th St. Bridge Song,S.R.Contreras
76,Tayong Dalawa,Rey Valera
77,I've Gotta Get A Message To You,Bee Gees
80,25 Minutes,Michael Learns To Rock
84,A Man Without Love,Engelbert Humperdinck
85,No More Rhyme,Debbie Gibson
86,Yakap-Yakap,Randy Santiago
93,Tanging Mahal,Regine Velasquez
94,Gaano Ko Ikaw Kamahal,Celeste Legaspi
96,Rain,Donna Cruz
97,Inaamin Ko Na,April Boy Regino
98,Special Memory,Odette Quesada
99,Nasaan Ka Kailangan Kita,April boY Regino
100,Nasaan Ka Kailangan Kita,April boY Regino
101,Why Can't It Be,Rannie Raymundo
103,Nosi Balasi,Sampaguita
106,You Are My Song,Regine Velasquez
107,BALAT-KAYO,ANTHONY CASTELLO
108,May Bukas Pa,Rico J. Puno
110,Pumapatak Ang Ulan,Apo Hiking Society
111,Ganyan Talaga Ang Pag-ibig,April Boy Regino
113,When I Met You,APO
114,Tunay Na Ligaya,Ariel Rivera
115,Boulevard Ng Pag-Ibig,Bert Dominic
119,"Isang Tanong, Isang Sagot",Donna Cruz
121,Kastilyong Buhangin,Basil Valdez
124,Nais Ko,Miguel Vera
126,Muling Mamahalin,Loui Heredia
129,Bakit Ba?,Siakol
130,Pag-Ibig Na Walang Dangal,Eva Eugenio
131,Hanggang Ngayo'y Ikaw Pa Rin,Jaya
132,Kung Puwede Lang Sana,White Lies
134,Tukso,Sunshine Cruz
136,Esperanza,April Boy Regino
139,Lagim,Siakol
140,Dahil Ba Sa Kanya,Jaya
144,Tayong Dalawa,Rey Valera
146,I Left My Heart in San Francisco,Tony Bennett
147,How Can You Mend,Bee Gees
148,I'VE GOTTA GET A MESSAGE TO YOU,BEE GEES
149,You Don't Have To Say You Love Me,Vic Damone
150,TENNESSEE WALTZ,PATTI PAGE
153,How Am I Supposed To Live Without You,Laura Branigan
154,The Most Beautiful Girl In The World,Prince
155,Regrets,Fra Lippo Lippi
156,NEW YORK NEW YORK,FRANK SINATRA
160,Tie A Yellow Ribbon Round The Old Oak Tree,Tony Orlando
163,Lucy In The Sky With Diamonds,The Beatles
165,Raindrops Keeps Fallin' On My Head,J. Thomas
166,Beautiful Sunday,Daniel Boone
168,Nothing's Gonna Change My Love For You,Glen Medeiros
170,I Just Can't Stop Loving You,Michael Jackson
173,MAY CRUSH AKO SA'YO,CINDERELLA
174,Reaching Out,Gary Valenciano
175,Tanging Mahal,Regine Velasquez
178,Mr. Kupido,Rachel Alejandro
180,Choto Matte Kudesai,Sex Bomb
184,I WILL FOLLOW HIM,PETULA CLARK
186,I'm Sorry,Brenda Lee
188,Johnny Angel,Shelly Fabaraes
202,Speak Softly Love,Andy Williams
203,Morning After,C. Davis
207,TO YOU,Leslie Chung
211,Young Love,Tab Hunter
214,Another Day In Paradise,Phil Collins
215,Glory Of Love,Peter Cetera
220,Sinayang Mo,Reigh Albert
225,FEEL LIKE MAKING LOVE,ROBERTA FLACK
227,Tie A Yellow Ribbon Round The Old Oak Tree,Tony Orlando
230,Surfin' U.S.A,Beach Boys
232,Only Remind Me Of You,St. Paul
234,Parting Time,Rockstar
237,Back In the USSR,Beatles
238,Farewell,Raymond Lauchengco
241,My Heart Will Go On,Celine Dion
245,Hanggang Sa Dulo Ng Walang Hanggan,Basil Valdez
250,Ang Aking Awitin,Side A
252,If You Asked Me To,Celine Dion
253,Lonely Is The Night,Air Supply
254,AKO AY IKAW RIN,NONOY ZUNIGA
255,My Happiness,Connie Francis
257,Someone That I Used To Love,Natalie Cole
258,You'll Never Walk Alone,Frank Sinatra
259,The Color Of The Night,Lauren Christy
260,The Minute Your Gone,Harry Ventura
261,Take A Chance,Abba
263,Thank You For The Music,Abba
264,I'LL BE SEEING YOU,BARRY MANILOW
266,All At Once,Whitney Houston
267,Because Of Love,Menudo
268,Lunatic,Gazebo
270,Please be Good to Me,Menudo
271,I WANNA DO IT WITH YOU,Barry Manilow
272,Some People,Fra Lippo Lippi
274,WHENEVER I CALL YOU FRIEND,KENNY LOGGINS & STEVIE NICKS
275,One Moment In Time,Whitney Houston
276,Straight From The Heart,Bryan Adams
281,The Sweetest Days,Vanessa Williams
282,Just Another Woman In Love,Anne Murray
283,I've Been Waitng For You,Guys Next Door
284,MAKING LOVE,ROBERTA FLACK
287,Can't We Try,Dan Hill and Vonda Shepard
288,Do I Have To Say The Words,Bryan Adams
290,Love Takes Time,Mariah Carey
293,Send Me Your Pillow,Jolina Magdangal
294,Don't think Twice,Celine Dion
296,Wakas,Kuh Ledesma
297,Walang Kaliwaan,Christy Mendoza
298,Anna,Apo Hiking Society
300,Kung Matapos Nang Lahat,Louie Heredia
303,Nang Minsan Lang,Willy Cruz
304,Gaya Ng Dati,Gary V.
305,BLUER THAN BLUE,MICHAEL JHONSON
306,Dahil Ba Sa Kanya,Jaya
307,Elesi,Rivermaya
308,FOREVER BLUE,CACAI VELASQUEZ
309,"Honey, My Love So Sweet",April Boys
311,Ibang-Iba Ka Na,Renz Verano
312,"Pag-Ibig Mo, Pag-Ibig Ko",April Boy Regino
313,Remember Me,Renz Verano
316,Ala-ala Mo,White Lies
318,Ika'y Mahal Pa Rin,Rockstar 2
319,Ikaw Lang Ang Mahal,Donna Cruz
320,Kung Alam Mo Lang,Joanne Lorenzana
321,Kung Puwede Lang Sana,White Lies
322,Maniniwala Ba Ako,Roselle Nava
323,Narito Ako,Ariel Rivera
324,Only Me And You,Donna Cruz
325,Pagkakataon,Ogie Alcasid
327,Pasulyap-Sulyap,Tootsie Guevarra
329,ONE MORE CHANCE,MADONNA
330,2 BECOME 1,SPICE GIRLS
331,For The First Time,Kenny Loggins
333,ALWAYS SOMEWHERE,SCORPIONS
335,Can We Talk,Code Red
337,I'm Gonna Be Around,Michael Learns To Rock
339,How Do I Live,Trisha Yearwood
340,I Could Fall In Love,Selena
341,I GO CRAZY,BARRY MANILOW
343,I Wouldn't Be Here If I Didn't Love You,Belinda Carlisle
345,How Many Hours,Michael Learns To Rock
347,I'll Never Break Your Heart,Backstreet Boys
348,From Russia With Love,Frank Sinatra
349,Skyline Pigeon,Elton John
351,Massachusetts,Bee Gees
352,MELODY FAIR,BEE GEES
354,MOONLIGHT FLOWER,MICHAEL CREATU
359,Take On Me,A-ha
360,The Rose,Bette Midler
362,TICKET TO THE TROPICS,GERARD JOLING
364,Tonight I Celebrate My Love,Peabo Bryson &
367,What A Wonderful World,Louis Armstrong
370,You Call It Love,Karoline Kruger
372,Kokomo,Beach Boys
376,Ben,Michael Jackson
378,Love Letters,Pat Boone
382,Green Green Grass Of Home,Tom Jones
387,Sunshine On My Shoulder,John Denver
392,I Get Around,Beach Boys
401,Love Is Blue,Al Martino
403,Take Me Home Country Roads,John Denver
406,I Wanna Hold Your Hand,The Beatles
408,LOVE ME DO,BEATLES
409,BOTH SIDES NOW,JUDY COLLINS
411,Can't Help Fallin' In Love With You,Elvis Presley
415,I Write The Songs,Barry Manilow
417,HAWAIIAN WEDDING SONG,ANDY WILLIAMS
419,DRIVE MY CAR,BEATLES
420,ELEANOR RIGBY,BEATLES
421,Get Back,The Beatles
422,Good Day Sunshine,Beatles
423,GOT TO GET YOU INTO MY LIFE,BEATLES
424,HERE COMES THE SUN,BEATLES
425,If I Fell,The Beatles
426,Lady Madonna,The Beatles
427,LUCY IN THE SKY WITH DIAMONDS,BEATLES
428,NORWEGIAN WOOD,BEATLES
429,Paper Back Writer,The Beatles
430,Please Please Me,The Beatles
434,SHE'S A LADY,RICHARD SANDERSON
436,COMING UP,WINGS
446,Memories,Elvis Presley
449,Unforgettable,Natalie Cole
452,Time OF The Season,The Zombies
453,TEDDY BEAR,ELVIS PRESLEY
458,It's Only Love,The Beatles
460,IN THE GHETTO,ELVIS PRESLEY
462,ALL FOR LOVE,"BRYAN ADAMS,ROD STEWART & STING"
463,Bed Of Roses,Bon Jovi
465,It Don't Mean A Thing,Sharon Cuneta
466,Faithful,Go West
467,Fallin',Teri Desario
469,Isang Babalikan,Cristy Mendoza
470,I'll Never Get Over You,Expose'
471,I WISH THE PHONE WOULD RING,EXPOSE
474,Lean On Me,Michael Bolton
475,Kahit Maputi Na Ang Buhok Ko,Sharon Cuneta
478,I'm Too Sexy,Right Said Fred
479,Put Your Head On My Shoulder,Paul Anka
480,Tayong Dalawa,Rey Valera
481,Malayo Pa Ang Umaga,Rey Valera
483,Naalala Ka,Rey Valera
484,Walang Kapalit,Rey Valera
486,Kung Tayo'y Magkakalayo,Rey Valera
488,THE REASON WHY,JOHN FARNHAM
492,Hindi Kita Iiwan,Rey Valera
493,Gabay Mo Ako,Rey Valera
494,Ako Si Superman,Rey Valera
495,Tuloy Pa Rin,Randy Santiago
496,Miracle,Whitney Houston
497,Bizaare Love Triangle,New Order
498,All The Man That I Need,Whitney Houston
499,Kung Kailangan Mo Ako,Rey Valera
500,Maging Sino Ka Man,Rey Valera
501,For All We Know,Carpenters
502,Sinasamba Kita,Rey Valera
504,DYING INSIDE TO HOLD YOU,TIMMY THOMAS
505,Stars,Simply Red
506,Only Remind Me Of You,St. Paul
507,Run To You,Whitney Houston
515,NOTHING COMPARES..,SINEAD O' CONNORS
519,Some Good Things Never Last,Barry Manilow
521,DAHIL NANDITO KA,MIGUEL VERA
522,MUSIC BOX,MARIAH CAREY
523,NARITO ANG PUSO KO,MIGUEL VERA
525,Part Of Your Wold,Little Mermaid
526,Simple Lang,Ariel Rivera
527,SANTA FE,BON JOVI
528,Can We Just Stop..,Jose Mari Chan
529,Pag Tumatagal Lalong,Bimbo Cerrudo
530,STRANGER IN PARADISE,TONY BENNET
534,The First Time I Loved Forever,Beauty and the Beast
535,Again,Janet Jackson
540,Tell Me,Side A
542,Urong-Sulong,Regine Velasquez
543,Kung Alam Ko Lang,Toni Daya
544,Kiss,Tom Jones
545,Material Girl,Madonna
548,Out Here On My Own,Leslie Gore
549,FIRST OF MAY,BEE GEES
550,I CAN'T SEE NOBODY,BEE GEES
551,RUN TO ME,BEE GEES
552,LIGHT AND SHADE,FRA LIPPO LIPPI
554,WORLD,BEE GEES
555,NEW YORK MINING DISASTER,BEE GEES
556,SPICKS AND SPECKS,THE BEE GEES
557,I'VE GOTTA GET A MESSAGE TO YOU,BEE GEES
558,The Gift Of Love,Bette Midler
559,If We Hold On Together,Diana Ross
560,If This Is Love,Melissa Manchester
563,In The Morning,The Bee Gees
566,Copacobana,Barry Manilow
575,STANDING RIGHT NEXT TO ME,CELINE DION
578,LUCKY ONE,Amy Grant
579,Set You Free,Side A
580,Tell Me Where It Hurts,Kathy Trocolli
581,MAKE IT RIGHT,LISA STANSFIELD
582,Someones Rockin',Natalie Cole
589,HURTING EACH OTHER,CARPENTERS
590,Dress You Up,Madonna
593,Arthur's Theme,Christopher Cross
596,I Swear,All 4 One
599,HETO NA NAMAN,Ryan Cayabyab
602,Narito Na Ang Pasko,Gino Padilla
607,CAN YOU FEEL THE LOVE TONIGHT,ELTON JOHN
608,Steep,Lauren Christy
616,I'll Never Let You Go,Joanne Lorenzana
617,Please Mr. Postman,Carpenters
618,THE POWER OF LOVE,CELINE DION
619,Promise Me,Beverly Craven
620,Somewhere Out There,Linda Ronstadt
623,Wind Beneath My Wings,Bette Midler
633,Awitin Mo At Isasayaw Ko,VST & Co.
634,Ayoko Na Sana,Ariel Rivera
636,It Must Have Been Love,Roxette
637,Boom Shak-A-Lak,Apache Indian
641,Don't Look In My Eyes,Sam Harris
642,FINDING OUT THE HARD..,CYNTHIA RHODES
643,Good Luck Charm,Elvis Presley
653,Shouldn't Have To Be Like That,Fra Lippo Lippi
655,The More You Live..,Flock Of Seagulls
656,Mr. Vain,Sound Tripper
657,Muntik Ng Maabot Ang Langit,True Faith
659,It's Not Unusual,Tom Jones
661,Regrets,Fra Lippo Lippi
665,Never Let Her Slip Away,Andew Gold
666,One Day Soon,Tom Jones
667,One Last Cry,Bryan McKnight
668,Get Here,Oleta Adams
670,Il Mondo,Engelbert Humperdinck
672,I'll Never Fall In Love,Mary Carpenter
673,HEAVEN KNOWS,RICK PRICE
680,I Have Nothing,Whitney Houston
681,EVERGREEN,Barbara Streisand
682,Love Me Tonight,Tom Jones
683,Rock With You,Michael Jackson
685,Especially For You,Kylie Minogue and Jason Donovan
686,Emotion,Bee Gees
687,CONSTANTLY,CLIFF RICHARD
689,I COULD EASILY FALL IN LOVE,CLIFF RICHARD
690,JUST THE WAY YOU ARE,BILLY JOEL
691,Outside,George Michael
692,Do You Know Where You're Going To,Lani Misalucha
694,The Next Time I Fall,Peter Cetera And Amy Grant
695,When The Girl,Cliff Richardson
697,I'll Stand By You,C. Taylor
698,I'll Remember,Madonna
699,Only One Road,Celine Dion
705,Go Away Little Girl,Tony Bennet
707,I AM WOMAN,HELEN REDDY
708,I Can See Clearly..,Hothouse Flowers
709,I Feel The Earth Move,Carole King
711,Honesty,Billy Joel
718,It's My Turn,Diana Ross
720,The Actor,Michael Learns To Rock
722,Cry For Help,Rick Ashley
725,Something About You,Level 42
729,Fame And Fortune,Elvis Presley
732,Live To Tell,Madonna
734,THE RIVER OF DREAMS,BILLY JOEL
738,Back For Good,Take That
742,Lost In Love,Air Supply
743,Lost In Emotion,Lisa Lisa
750,POOR BOY,ELVIS PRESLEY
755,SO NATURAL,Lisa Stansfield
756,Stayin' Alive,Bee Gees
757,Stay With Me,Martin Nieverra
758,Take A Bow,Madonna
760,Captain Of Her Heart,Double
762,TILL THEY TAKE MY HEART,CLAIR MARLO
766,We Are The World,USA For Africa
769,WHAT'S LOVE GOT TO DO WITH IT,TINA TURNER
771,Would I Lie To You,Annie Lennox
774,Someday,Mariah Carey
779,RAINBOW CONNECTION,DANA VALLERY
782,Basta't Kasama Kita,Dingdong Avanzado
784,AN OLD FASHIONED LOVE SONG,TREE DOG NIGHTS
786,On And On,Stephen Bishop
788,After The Lovin',Engelbert Humperdinck
790,All My Loving,The Beatles
793,Boy From New York City,Manhattan Transfer
794,Broken Wings,Mr. Mister
795,Candida,Toni Orlando
801,When I Fall In Love,Ant And Dec
802,All I've Got To Do,BEATLES
804,BLUE BAYOU,LINDA RONSTADT
807,CAN'T SMILE WITHOUT YOU,BARRY MANILOW
810,BALLAD OF JOHN AND YOKO,THE BEATLES
811,Birthday,The Beatles
813,Hello Goodbye,The Beatles
814,Help,The Beatles
815,WE CAN WORK IT OUT,THE BEATLES
816,Obladi Oblada,Beatles
818,Another Day,Paul McCartney
821,Bus Stop,Till Dawn
823,Fernando,Abba
826,Jet,Paul McCartney
827,Listen To What The Man Said,Paul McCartney
829,Fun Fun Fun,Beach Boys
833,Wanted Dead Or Alive,Bon Jovi
835,Uptown Girl,Billy Joel
849,Piano Man,Billy Joel
850,MOTHER OF MINE,JIMMY OSMOND
853,"Baby, Baby",Amy Grant
856,Crimson And Clover,Tommy James
857,DON'T CRY FOR ME ARGENTINA,OLIVIA NEWTON JOHN
858,Don't Worry Be Happy,Robert Mcferrin
860,Empty Room,Gary Moore
862,Faith,George Michael
864,For The Peace Of All Mankind,Albert Hammond
865,For Once In My Life,Tony Bennet
866,Goodbye Jimmy Goodbye,Jack Vaughn
867,Graduation Tears,Chelsea Chan
872,I Understand,Herman's Hermit
878,Knife,Rockwell
883,Last Waltz,Engelbert Humperdinck
889,Midnight Confession,The Grass Roots
892,Never Ending Story,Limahl
900,Perhaps Love,John Denver
903,Private Dancer,Tina Turner
911,She Bop,Cyndi Lauper
913,Sloop John B,Beach Boys
914,Smile Again,Newton Family
915,Still Loving You,Scorpions
916,Sugar Sugar,The Archies
921,Up Where We Belong,Joe Cocker
924,HAVE YOU EVER BEEN MELLOW,OLIVIA NEWTON JOHN
927,MY SHARONA,THE KNACKS
931,REBEL YELL,BILLY JOEL
933,Don't Lose My Number,Phil Collins
938,CRAZY FOR YOU,MADONNA
946,Mr. Sandman,The Chordettes
948,All I've Got To Do,BEATLES
950,My Boyfriend's Back,The Angels
951,That's What Friends Are For,Dionne & Friends
956,As Sure As I'm Standing Here,Barry Manilow
958,That's Why You Go,Michael Learns To Rock
959,In These Arms,Bon Jovi
960,Times Of Your life,Paul Anka
961,Trying To Get That Feeling,Barry Manilow
964,When I Die,Milli Vanilli
965,WILL OF THE WIND,Jim Photoglo
968,Black Or White,Michael Jackson
969,CINDERELLA EXPRESS,A.S.A.P.
971,HELP ME RHONDA,BEACH BOYS
977,It's Too Late,Carol King
978,LOVE WILL KEEP US TOGETHER,NEIL SEDAKA
979,I Made It Through The Rain,Barry Manilow
980,Man In The Mirror,Michael Jackson
981,MUSKRAT LOVE,AMERICA
983,Suddenly,Olivia Newton-John and Cliff Richard
984,TAMMY,EVAN & LIVINGSTON
987,Vision Of Love,Mariah Carey
988,WE'VE GOT TONIGHT,KENNY ROGERS
992,Astrud,Basia
994,Because You Love Me,Celine Dion
996,For Better Or Worst,Debbie Gibson
998,Down In Brazil,Michael Franks
999,COULD'VE BEEN,TIFFANY
1000,Somewhere In The Night,Barry Manilow
1001,Downtown,Petula Clark
1002,Dream About You,Stevie B.
1005,EXPLOSION,MENUDO
1010,Gold,Spandau Ballet
1011,GOOD TO BE BACK,NATALIE COLE
1013,HERE COMES THE RAIN AGAIN,EURYTHMICS
1015,I Can Love You Like That,All-4-One
1016,IF YOU REMEMBER ME,BARRY MANILOW
1019,It's The Lover,Tiffany
1021,LET'S TAKE ALL NIGHT,BARRY MANILOW
1022,Love Me For A Reason,Boyzone
1024,More Than You'll Ever Know,Michael Ruff
1025,More Than A Woman,Bee Gees
1026,My Life,Billy Joel
1028,You Are Not Alone,Michael Jackson
1029,Nothing Can Stop Us Now,Rick Price
1030,If I'm Not In Love,Kathy Troccoli
1032,PROMISES,BASIA
1034,SHARING THE NIGHT..,DR. HOOK
1036,Summer Nights,Olivia Newton John
1038,SOMEKIND OF FRIEND,BARRY MANILOW
1040,AKALA KO'Y PARA SA AKIN,ALLONA
1041,SA AKING DAIGDIG,SHARON CUNETA
1044,Ang Boyfriend Kong Baduy,Cinderella
1045,Bakit Nga Ba Mahal Kita,Roselle Nava
1047,Bulag Sa Katotohanan,Rachel Alejandro
1048,Panalangin,APO Hiking Society
1049,Di Na Natuto,Gary Valenciano
1051,Goodbye Is Not Forever,Ella Mae Saison
1052,Heto Na Naman Ako,Miguel Vera
1053,Hey It's Me,Jaime Rivera
1054,Maghintay Ka Lamang,Ted Ito
1055,PAG-IBIG KONG LITONG-LITO,APRIL BOYS
1056,Ikaw Lang At Ako,Donna Cruz
1058,IKAW SANA,OGIE ALCASID
1060,ISA'T ISA'Y MAHAL,APRIL BOYS
1062,Kaligayahan Na Pansamantala,Eva Eugenio
1063,Kahapon Lamang,Sharon Cuneta
1064,KASALANAN BA?,MEN OPPOSE
1065,Kahit Bata Pa,Lilet
1071,MAHAL MO BA SYA,EVA EUGENIO
1072,MAY GUSTO AKO SA IYO,WENDELL
1073,MAY MAHAL KA NANG IBA,PAL VILLALUZ
1074,Minsan,Bert Dominic
1075,Mula Sa Puso,Jude Michaels
1079,Never Ever Say Goodbye,Nonoy Zuniga
1081,Paminsan-minsan,Richard Reynoso
1082,PARA SA `YO,PRETTIER THAN PINK
1087,Sana Ay Mahalin Mo Rin Ako,April Boys
1088,Sayang Na Sayang,Manilyn Reynes
1089,Someone's Alaways Saying Goodbye,Alyona
1090,SIGAW NG PUSO,FATHER & SONS
1093,Tanging Mahal,Regine Velasquez
1094,UHAW,EVA EUGENIO
1096,UMIIBIG NGA BA ANG,BOYSBOYZ
1099,WHY DO I LOVE YOU,Geneva Cruz
1100,Pag-Ibig Na Walang Dangal,Eva Eugenio
1105,I'll Face Tomorrow,Marco Sison
1106,Minahal Kita,Michael Laygo
1107,Mula Noon Hanggang Ngayon,Leah Salonga
1108,ANONG NANGYAYI,MICHAEL LAYGO
1112,PHOTOGRAPH,ARIEL RIVERA
1113,Sa Aking Puso,Ariel Rivera
1116,THANK YOU LOVE,JOSE MARI CHAN
1120,Closer You And I,Gino Padilla
1122,Gusto Kita,Gino Padilla
1128,LET THE LOVE BEGIN,GINO PADILLA
1129,MAHAL NA MAHAL KO SIYA,GARY VALENCIANO
1130,Miss Na Miss Kita,Father & Son
1131,PLEASE DON'T THROW,MARTIN NIEVERA
1133,Sana Maulit Muli,Gary Valenciano
1134,With A Smile,Eraserheads
1138,Kapalaran,Rico J. Puno
1139,ANG TAO'Y MARUPOK,RICO J.PUNO
1140,Awit Para Sa 'Yo,Jamie Rivera
1142,Daigdig Ng Alaala,Rico J. Puno
1146,Tamis Ng Unang Halik,Tina Paner
1148,Isang Babalikan,Cristy Mendoza
1149,Ano Ang Gagawin Kapag Wala Ka Na,Eva Eugenio
1156,Batang-Bata Ka Pa,Apo Hiking Society
1157,Gaano Kadalas Ang Minsan,Basil Valdez
1160,Forgive And Forget,Sharon Cuneta
1163,P.S I Love You,Sharon Cuneta
1165,Unang Halik,Anthony Castelo
1168,Sana Ay Ikaw Na Nga,Zsa Zsa Padilla
1170,Here And Now,Jose Mari Chan
1172,If We Can Have More Time,Jose Mari Chan
1174,KULANG SA PANSIN,RACHEL ALEJANDRO
1176,Kung Ako'y Iiwan Mo,Basil Valdez
1177,Ngayon,Basil Valdez
1179,Kapatid,Rico J. Puno
1180,Dito Ba,Kuh Ledesma
1183,"Sorry Na, Pwede Ba",Rico J. Puno
1184,Pagibig,APO
1185,Sa Hirap At Ginhawa,Sharon Cuneta
1188,Tanong Ng Puso,Ben Torres
1189,Saan Ako Nagkamali,George Canseco
1191,Paano Kita Mapasasalamatan,Kuh Ledesma
1192,Yakap Sa Dilim,Apo Hiking Society
1194,Tuyo Na'ng Damdamin,APO
1195,Afraid For Love To Fade,Jose Mari Chan
1197,Hindi Ko Kaya,Richard Reynoso
1198,Kaibigan Lang Pala,Lilet
1199,Kay Tagal,Rachel Alejandro
1202,Kaligayahan Mo'y Kaligayahan Ko Rin,Ding Lamano
1203,AFTERTHOUGHT ON A TV ShowJ,OSE MARI CHAN
1206,Kahit May Mahal Ka Nang Iba,Wendell
1207,Isang Lahi,Antony Castelo
1208,Kahit Minsan Lang,Penn Santiago
1210,Pinakamamahal,Louie Heredia
1212,Bikining Itim,Bert Dominique
1213,Kung Sakali Man,Rachel Alejandro ft. Richard Reynoso
1214,KAHIT MAN LANG SA PANGARAP,VINA MORALES
1215,Tingin,Timmy Cruz
1216,Hindi Ako Laruan,Mimi Baylon
1217,Dito Sa Aking Mundo,Richard Reynoso
1218,Kay Palad Mo,Jamie Rivera
1219,Mardy,Eddie Peregrina
1223,Huli Mo,APO
1225,Kailangan Malaman Mo,APO
1226,Sana Pag-Ibig,Rico J. Puno
1227,Wala Nang Hahanapin Pa,APO
1229,I Need You Back,Raymond Launchengco
1230,Hold Me Once Again,Cristi Gatchalian
1231,You're My Home,Odette Quesada :
1233,Umiibig Ka Pala Sa Akin,Cristina Paner
1236,Must Be Heaven,C. Paner
1238,Kung Gusto Mo Gusto Ko Pa,APO
1239,Nasa'n Ka Na,Alecx
1241,Doon,Richard Reynoso
1242,Show Me A Smile,Apo
1243,MAY PAGTINGIN,WENDELL
1244,To Love Again,Sharon Cuneta
1246,AKO'Y NAGKAMALI,CRISTY MENDOZA
1254,Na Sabihin Mo,Eloisa
1258,Ang Boypren Ko,Boyfriend
1260,Don't Say Goodbye,Human Nature
1261,HINDI AKO LARUAN,MIMI BAYLON
1262,Bituing Walang Ningning,Sharon Cuneta
1263,Boy,Timmy Cruz
1267,Ngayon At Kailanman,Basil Valdez
1270,Pira-Pirasong Alaala,Rey Valera
1272,Princesa,APO
1274,Hindi Kita Malilimutan,Nonoy Zuniga
1275,Ipagpatawad Mo,VST & Co.
1279,Ayoko Na Sa'yo,Sharon Cuneta
1280,Walang Kapantay,Carmen Soriano
1281,Maala-Ala Mo Kaya,Carmen Soriano
1282,Isang Damdamin,L.Heredia
1287,Sana Naman,Tricia
1289,Saan Na Bang Barkada,Apo Hiking
1291,Kahit Sino,Richard Reynoso
1293,Tumibok Kasi,Rachel Alejandro
1294,THANK YOU FOR LOVING ME,JANET BASCO
1297,Mr. Songwriter,Jose Mari Chan
1298,Rock Baby Rock,VST & Company
1301,Bakit Kung Sino Pa,Lloyd Umali
1303,MINSAN LANG KITANG IIBIGIN,ARIEL RIVERA
1304,You,Basil Valdez
1306,Bakit Labis Kitang Mahal,Boyfiends
1307,Sana'y Wala Ng Wakas,Sharon Cuneta
1309,I Need To Be In Love,The Crapenters
1310,Muntik Ng Maabot Ang Langit,True Faith
1315,Alam Mo Ba,Vina Morales
1318,Angel On My Shoulder,The Cascades
1319,ANYTIME YOU NEED A FRIEND,MARIAH CAREY
1320,AS TIME GOES BY,FRANK SINATRA
1322,Babalikang Muli,Regine Velaquez
1323,Bakit Labis Kitang Mahal,Boyfiends
1324,We've Only Just Begun,Carpenters
1334,Deep In My Heart,Jose Mari Chan
1336,Hindi Magbabago,Randy Santiago
1338,Don't Know Much,Linda Ronstadt and Aaron Neville
1339,I DON'T MEAN A THING,SHARON CUNETA
1340,Dreamin',Cliff Richard
1341,Dream Lover,Mariah Carey
1342,Drive,The Cars
1344,Enveloped Ideas,Dawn
1347,My First Day Alone,Cascades
1350,I Want To Give It All,Air Supply
1351,I'VE GOT A CRUSH ON YOU,FRANK SINATRA
1352,A Groovy Kind Of Love,Phil Collins
1353,Hagkan,Sharon Cuneta
1355,HASTA MANANA,ABBA
1357,High School,Sharon Cuneta
1359,PAG-IBIG KO'Y IBA,CINDERELLA
1360,Isang Babalikan Isang Iiwanan,Cristy Mendoza
1361,Ikaw Pa Rin,Ted Ito
1362,Sa Isip Ko,Agot Isidro
1363,I WANNA BE YOUR..,CASCADES
1366,Kahit Wala Ka Na,Rey Valera
1367,Sana'y Laging Magkapiling,April Boy Regino
1369,Ikaw Ang Lahat Sa Akin,Martin Nievera
1371,THE LAST LEAF,The Cascades
1372,LET ME BE,CASCADES
1373,LIGAYA,ERASERHEADS
1375,Lucky Guy,The Cascades
1378,MAHAL MO PA BA AKO,SHARON CUNETA
1379,Kung Maibabalik Ko Lang,Regine Velasquez
1380,Kahit Maputi Na Ang Buhok Ko,Sharon Cuneta
1382,Mr. Dj,Sharon Cuneta
1383,MUNTIK NA KITANG MINAHAL,THE COMPANY
1385,NARITO ANG PUSO KO,MIGUEL VERA
1386,Ocean Deep,Cliff Richard
1387,Paano Ba Kita Malilimutan,Manilyn Reynes
1389,Parang Baliw,Sharon Cuneta
1394,PUNCH AND JUDY,CASCADES
1395,THERE'S A REASON,CASCADES
1396,Refrain,Jose Mari Chan
1397,Rhythm Of The Rain,Cascades
1400,Sana Kahit Minsan,Ariel Rivera
1401,SHY GIRL,CASCADES
1405,Pag Tumatagal Lalong Tumitibay,Bimbo Cerrudo
1407,BECAUSE OF YOU,TONY BENNET
1408,Boulevard Of Broken Dreams,Tony Bennett
1409,COLD COLD HEART,TONY BENNET
1410,SMILE,TONY BENNET
1411,WHO CAN I TURN TO,TONY BENNET
1413,T.L. Ako Sa'yo,Cinderella
1414,"Tulak Ng Bibig, Kabig Ng Dibdib",Jolina Magdangal
1415,TWILIGHT TIME,A. DUNU
1418,SOMEONE'S WAITING..,THE RESCUERS
1419,Was I Dreamin',The Cascades
1422,Will You Be There,Michael Jackson
1425,You Were There,Southern Sons
1428,Born to be alive,Patrick Hernandez
1430,GILIW KO,RENZ VERANO
1431,YOU MEAN THE WORLD TO ME,TONI BRAXTON
1432,Bulag Na Pag-ibig,Sheila Marie
1433,GOOD ENOUGH,CYNDI LAUPER
1437,Chiquitita,Abba
1440,This Guy's In Love With You Pare,Parokya Ni Edgar
1443,Miss Kita Kung Christmas,Sharon Cuneta
1447,ANG GAAN NG FEELING,GENEVA CRUZ
1448,DON'T EVER MAKE ME..,SHARON CUNETA
1451,Close To You,Carpenters
1453,Langit Na Naman,Donna
1454,A Love To Last A Lifetime,Jose Mari Chan
1455,SELFISH,THE OTHER TWO
1458,HIMIG PASKO,APO HIKING SOCIETY
1464,PASKO NA NAMAN,JANET BASCO
1465,HOW DID YOU KNOW,CHIQUI PINEDA
1466,CAN YOU FEEL THE LOVE TONIGHT,ELTON JOHN
1467,Muli Mong Mahalin,April Boys
1468,PAKISABI NA LANG,THE COMPANY
1469,I'll Always Love You,Michael Johnson
1470,Always,Atlantic Star
1472,BEAUTIFUL IN MY EYES,JOSHUA KADISON
1476,By The Light Of The Silvery,Mel & Lyr
1479,Dahil Mahal Kita,Boyfriends
1481,Don't Wanna Lose You,Gloria Estefan
1482,Doors,Michael Johnson
1483,EVERYDAY,AGOT ISIDRO
1486,Fallen,Lauren Wood
1487,Friend of Mine,Odette Quesada
1489,Heaven,Bryan Adams
1490,Hanggang Kailan,Martin Nievera
1492,PAG-IBIG NA SANA,ROSELLE & TONY
1494,IKAW LANG,SMOKEY MOUNTAIN
1495,Nag-iisang Ikaw,Louie Heredia
1497,Kailan,Eraserheads
1499,Ikaw Ang Aking Mahal,VST & Company
1503,Love Is All Around,Wet Wet Wet
1505,MINSAN PA,THE FLIPPERS
1510,I NEED TO BE IN LOVE,THE CARPENTERS
1512,Goodnight Girl,Wet Wet Wet
1517,Out Of The Blue,Michael Learns To Rock
1519,Ipagpatawad Mo,VST & CO.
1522,Sikat Na Si Pedro,Phil. Violators
1524,STRANGER,BILLY JOEL
1526,TELL ME YOUR NAME,JOSE MARI CHAN
1530,TOO MANY WALLS,CATHY DENNIS
1533,Wind Of Change,Scorpions
1534,Huwag Na Lang Kaya,True Faith
1540,FRIENDS,NONOY ZUNIGA
1542,Breakout,Swing Out Sister
1543,Forever,Rex Smith
1547,BARBARA ANN,BEACH BOYS
1548,Beauty And Madness,Fralippo Lippi
1550,I'll Be There For You,Martin Nievera
1553,DANGEROUS,ROXETTE
1556,THE DISTANCE..,FRA LIPPO LIPPI
1557,DON'T TAKE AWAY..,FRA LIPPO LIPPI
1558,Doon Lang,Nonoy Zuniga
1559,Somewhere Down The Road,Barry Manilow
1561,Everytime I See You,Fra Lippo Lippi
1564,A FOOL SUCH AS I,ELVIS PRESLEY
1565,Forever Young,Alphaville
1567,Hiram,Zsa Zsa Padilla
1576,Complicated Heart,MLTR
1579,IF I SING YOU LOVE SONG,BONNIE TYLER
1581,Kumusta Ka,Willy Cruz
1582,Lady In Red,Chris De Burgh
1583,Shouldn't Have To Be Like That,Fra Lippo Lippi
1584,A Long Long Time Ago,Odette Quesada
1586,LOVE ME,ELVIS PRESLEY
1588,Love Without Time,Nonoy Zuniga
1589,Mahal,Sharon Cuneta
1590,Mahal Kita Walang Iba,Ogie Alcasid
1591,Make Believe,Marco Sison
1592,Mandy,Barry Manilow
1594,The More You Live The More You Love,A Flock Of Seagulls
1595,The Most Beautiful Girl,Prince
1596,Muntik Nang Maabot Ang Langit,True Faith
1598,I'VE NEVER BEEN TO ME,OGIE ALCASID
1599,NEXT DOOR TO ANGEL,NEIL SEDAKA
1601,BAKIT KA LUMAYO,OGIE ALCASID
1602,Paalam Na,Rachel Alejandro
1603,READY TO TAKE..,BARRY MANILOW
1606,Sana'y Wala Ng Wakas,Sharon Cuneta
1607,SECRET,MADONNA
1608,My Love Will See You Through,Marco Sison
1611,Sleeping Child,Michael Learns To Rock
1614,You are Everything,S Club 7
1616,Help Yourself,Tom Jones
1621,Secret Love,George Michael
1624,WHAT NOW MY LOVE,SHIRLEY BASSEY
1627,All My Love,Nonoy Zuniga
1628,Constantly,Cliff Richard
1629,HIGH HOPES,FRANK SINATRA
1631,Portrait of My Love,Matt Monroe
1632,Theme For A Dream,Cliff Richard
1634,What I Did For Love,Jack Jones
1635,Memory,Barbra Streisand
1636,"Quando, Quando, Quando",Engelbert Humperdinck
1637,The Music Played,Matt Monroe
1639,You're My World,Helen Reddy
1641,EVEN NOW,BARRY MANILOW
1643,Blue Velvet,Bbby Vinton
1646,TENDER IS THE NIGHT,TONY BENNETT
1650,I'm Still Not Over You,Richard Carpenter
1652,Didn't We Almost Have It All,Whitney Houston
1653,Roses Are Red,Bobby Vinton
1656,GIRLS GIRLS GIRLS,ELVIS PRESLEY
1659,DON'T,ELVIS PRESLEY
1661,Each Day With You,Martin Nievera
1668,I Wanna Dance,MLTR
1670,SOMETHING RIGHT,MLTR
1671,The Diary,Neil Sedaka
1672,HEAVENLY ANGEL,MENUDO
1673,HOLD ME,MENUDO
1674,SWEET LITTLE YOU,NEIL SEDAKA
1675,COME SUMMER,FRA LIPPO LIPPI
1676,Happy Birthday Sweet Sixteen,Paul Anka
1677,SURE,DEBBIE GIBSON
1680,Just As I Am,Air Supply
1681,ODE TO MY FAMILY,THE CRANBERRIES
1682,To Be With You,Mr. Big
1686,The Way It Used To Be,Engelbert Humperdinck
1688,All This Time,Tiffany
1689,BAD,MICHAEL JACKSON
1690,I've Been Away Too Long,George Baker Selection
1691,WHO IS IT,MICHAEL JACKSON
1692,CALENDAR GIRL,NEIL SEDAKA
1693,I'm Gonna Come Back,MLTR
1694,CRAZY IN LOVE,KIM CARNES
1695,DISAPPOINTMENT,The Cranberries
1697,From A Distance,Bette Midler
1698,STRANGERS AGAIN,CINEMA
1699,LITTLE DEVIL,NEIL SEDAKA
1700,I Can't Be With You,The Cranberries
1701,THE ICICLE MELTS,THE CRANBERRIES
1705,LISTEN TO YOUR HEART,SONIA
1708,Makapiling Ka Sana,Dingdong Avanzado
1711,Could It Be Magic,Barry Manilow
1719,NOW AND FOREVER,RICHARD MARX
1720,ALFIE,DIONNE WARWICK
1721,You Are My Destiny,Paul Anka
1724,You Are To Me,Divo
1728,Langis At Tubig,Sharon Cuneta
1731,BUILD ME UP BUTTERCUP,The Foundations
1732,Chick To Chick,Matt Monroe
1734,Kiss Kiss,VST & CO.
1736,LINGER,THE CRANBERRIES
1739,Kahit Na,Ogie Alcasid
1740,Just A Smile Away,Luke Mijares
1742,Iba Ka Sa Lahat,Roel Cortez
1743,I Want You,Thalia ft Fat Joe
1745,Ikaw Lamang,Ogie Alcasid
1747,Ikaw Pa Rin Pala,Ogie Alcasid
1748,I'M STILL REMEMBERING,THE CRANBERRIES
1749,Iwanan Mo Na S'ya,Parokya Ni Edgar
1750,Gold,Spandau Ballet
1751,ETCETERA,VST and CO.
1753,First Kiss,Nina
1755,DI MO BA ALAM,PAROKYA NI EDGAR
1756,Chocolatte,Soul Control
1757,Chuwariwap,Gee Girls
1760,Bakit Sayo Pa,Roel Cortez
1763,Bring Me Down,Rico Blanco
1767,Better Man,Ogie Alcasid
1769,Alumni Homecoming,Parokya ni Edgar
1770,As We Dance,Paolo Santos
1772,Madelyn,April Boy
1773,Magkasuyo Buong Gabi,Rico J. Puno
1775,Maniwala Ka Sana,Parokya Ni Edgar
1777,Macho Gwapito,Rico J.Puno
1778,My Strongest Suit,Spice Girls
1779,Labs Kita,April Boys
1780,Selos,Rico J. Puno
1782,Sayang,Parokya Ni Edgar
1786,Someone That I Used To Love,Natalie Cole
1787,Sorry Na Lang,Aubrey Miles
1788,STAR,BRYAN ADAMS
1789,"Step No, Step Yes",VST & Co
1790,SWING IT BABY,VST & CO.
1791,Tatlong Araw,Parokya Ni Edgar
1793,Tsaka Na Lang,Parokya Ni Edgar
1794,Tugon Sa king Dasal,Lyod umali
1796,Umaasa Pa Rin,Lloyd Umali
1797,Venus,Sexbomb Girls
1798,Aangkin Sa Puso Ko,Vina Morales
1799,What Took You So Long,Emma Bunton
1801,Pakita Mo,VST & Co.
1802,Pagkat Wala Ka Na,Lloyd Umali
1804,Pangako Ko,Ogie Alcasid
1805,Parang Ayoko Na Yata,Parokya Ni Edgar
1807,Pinakamamahal,Aiza Seguerra
1808,Play With Me Tonight,Paolo Santos
1809,Pwede Ba,VST And Co.
1811,Narito,Sarah Geronimo
1812,Nadevelop,Tin Arnaldo
1813,Narito Ka Lang Pala,Lloyd Umali
1816,Because Of You,Paolo Santos
1817,Dati Pa,Aiza Seguerra
1818,Di ko na kaya,CARMELA CUNETA
1819,Hiram,Zsa Zsa Padilla
1821,Kung Kailan Wala Ka Na,Jolina Magdangal
1822,The Memory Of Him,Denise Laurel
1824,Pito-Pito,Willie Revillame
1825,Umiibig Na,Ann Jomeo
1830,OUT OF REACH,GABRIELLE
1831,You Are My God,Carol Banawa
1834,When You Look At Me,Christina Millian
1846,Anytime,Kelly Clarkson
1848,Hunter,Dido
1851,Thank God I Found You,Mariah Carey
1852,HE WASN'T MAN ENOUGH,TONI BRAXTON
2046,A MI MANERA,RAPHAEL
2106,FUEGO CONTRA FUEGO,RICKY MARTIN
2110,NO SON PALABRITAS,RIGO TOVAR
2116,LA ABUSADORA,LAURA LEON
2194,No hay adi`os,Laureano Brizuela
2244,CORAZ`ON HERIDO,ARIA 8
2302,ATLANTICO,JUAN SANTANA
2308,ESPEJISMO,JUANELLO
2315,MU`EVELO,"VALLARTA S,"
2360,ME CUESTA TANTO OLVIDARTE,MECANO
2401,Mirala Miralo,Alejandra Guzm`an
2413,ANTIGUA,ERICK
2453,HOY CANTO POR CANTAR,NYDIA CARO
2458,"Nieva,nieva",Paulina Rubio
2516,PRIMERA COSA BELLA,YAHARI
2529,A time for us,Donny Osmond
2534,AND I LOVE HER,BEATLES
2536,ANTONIO'S SONG,Michael Franks
2537,Are You Lonesome Tonight?,Elvis Presley
2539,Autumn Leaves,Tony Bannett
2541,Beautiful Sunday,Daniel Boone
2542,Bridge Over Troubled Water,Simon & Garfunkel
2543,Beauty and the Beast,Peabo Bryson & Celine Dion
2548,Casablanca,Bertie Higgins
2549,Changing Partners,Skeeter Davis
2550,Can't Help Fallin' I Love With You,Elvis Presley
2553,Don't Forget to Remember Me,Bee Gees
2554,Diana,P.Anka
2561,Endless Love,Lionel Richie & D. Ross
2562,Evergreen,Susan Jackson
2563,Feelings,Morris Albert
2565,Fly Me To The Moon,Brenda Lee
2569,Speak softly love,Andy Williams
2572,The Green Green Grass Of Home,Tom Jones
2573,Honesty,Billy Joel
2577,HELLO DOLLY,LOUIS^ ARMSTRONG
2579,Hey Jude,The Beatles
2584,I Really Don't Want To Know,Elvis Presley
2585,I've Been Away Too Long,George Baker Selection
2586,Ace Of Sorrow,Brown & Donna
2595,Let It Be,The Beatles
2596,Let it Be ME,Everly Brothers
2597,Let Me Be There,Olivia Newton John
2599,Love,John Lennon
2600,Love is a Many Splendored thing,Andy Williams
2601,Love Me Tender,Elvis Presley
2602,Love Story (Where Do I Begin),Andy Williams
2603,MICHELLE,THE BEATLES
2604,Moon River,Andy Williams
2605,More Than I Can Say,Leo Sayer
2606,My Way,Frank Sinatra
2608,Oh Carol,Neil Sedaka
2612,One Way Ticket,Neil Sedaka
2615,Reality,Richard Sanderson
2616,Raindrops Keeps Fallin' On My Head,J. Thomas
2617,Rain and Tears,Aphrodite's Child
2620,San Francisco,Gleen Camble
2622,Sealed With A Kiss,Letterman
2624,The End,Earl Grant
2626,Something,The Beatles
2631,Strangers In The Night,Frank Sinatra
2633,Sunshine On My Shoulder,John Denver
2634,Surfin' U.S.A,Beach Boys
2635,You Mean Everything To Me,Neil Sedaka
2636,Take Me Home Country Roads,John Denver
2641,Today,Jimmy Rogers
2642,Too Young,Dony Osmond
2643,Unchained Melody,Ringhteous Brothers
2648,Yesterday,The Beatles
2649,Yesterday Once More,Carpenters
2652,BECAUSE I LOVE YOU,SHAKIN' STEVENS
2653,STUMBLIN' IN,Suzi Cuatro
2657,SAY YOU WILL,David Liang
2658,GIRL YOU ARE MY LOVE,Pink Boys
2659,Black Is Black,Joy
2660,WITHOUT YOU,Harry Nilsson
2661,Papa,Paul Anka
2662,Hey Hello,Joy
2666,Happy New Year,Abba
2668,Hello,Lionel Richie
2670,ONLY YESTERDAY,CARPENTERS
2671,Tell Laura I Love Her,Ray Peterson
2673,Superstar,Carpenters
2674,Delilah,Tom Jones
2675,S.O.S.,Abba
2676,Sad Movies,Lennon Sister
2677,Right Here Waiting,Richard Marx
2678,LOVE ME WITH ALL OF YOU HEART,E.  Humperdink
2679,Knock Three Times,DAWN
2683,VOULEZ VOUS,ABBA
2684,We Are The World,USA For Africa
2690,I Don't Like To Sleep Alone,Paul Anla
2692,Paloma Blanca,George Baker
2694,Rhythm Of The Rain,Cascades
2695,Nothing's Gonna Change My Love For You,Glenn Medeiros
2696,Dancing Queen,Abba
2697,SELF CONTROL,LAURA BRANIGAN
2698,OH! DARLING,THE BEATLES
2699,I Started A Joke,Bee Gees
2700,ANNIE'S SONG,JOHN DENVER
2704,HAWAIIAN WEDDING SONG,ANDY WILLIAMS
2706,The Locomotion,Little Eva
2707,MORE,Andy Williams
2708,Mister Lonely,Bobby Vinton
2709,TRY TO REMEMBER,ANDY WILLIAMS
2710,Walk Away,Matt Monroe
2711,The Last Waltz,Engelbert Humperdinck
2712,GIMME GIMME GIMME,ABBA
2713,THE LADY IN RED,CHRIS DE BURGH
2715,Say You Say Me,Lionel Richie
2718,Boys Boys Boys,Sabrina
2722,REACHIN' OUT,BEE GEES
2723,Ebb Tide,Pat boone
2724,FASCINATION,Jane Morgan
2727,You Don't Have To Say You Love Me,Vic Damone
2728,ONE MORE TRY,GEORGE MICHAEL
2733,The Green Leaves Of Summer,Brothers Four
2737,When I Need You,Albert Hammond
2738,We're All Alone,Boz Scaggs
2739,ONE MORE NIGHT,PHIL COLLINS
2741,Saving All My Love For You,Whitney Houston
2742,FOOLISH BEAT,DEBBIE GIBSON
2743,Too Much Heaven,Bee Gees
2745,Do That To Me One More Time,Captain & Tennille
2747,Billie Jean,Michael Jackson
2748,Heal The World,Michael Jackson
2749,ETERNAL FLAME,BANGLES
2750,IT'S SO EASY,LINDA RONSTADT
2751,ALL OUT OF LOVE,AIR SUPPLY
2753,Come Together,Beatles
2754,Another Day In Paradise,Phil Collins
2756,EVERY TIME YOU GO AWAY,PAUL YOUNG
2757,Livin' On A Prayer,Bon Jovi
2758,Born Free,Andy Williams
2759,Charade,Matt Monroe
2767,Aline,Adamo
2769,Everything I Do I Do It For You,Bryan Adams
2771,I SAW HER STANDING THERE,THE BEATLES
2772,All I Have To Do Is Dream,Juice Newton
2779,Save The Best For Last,Vanessa Williams
2782,THE YOUNG ONES,CLIFF RICHARD
2785,THE WINNER TAKES IT ALL,ABBA
2786,OCTOPUS'S GARDEN,THE BEATLES
2787,I LEFT MY HEART IN..,Frank Sinatra
2788,It Might Be You,Stephen Bishop
2790,Beat It,Michael Jackson
2791,ISLAND GIRL,ELTON JOHN & BERNIE TAUPIN
2794,Karma Chameleon,Culture Club
2795,AGAINST ALL ODDS,PHIL COLLINS
2798,YOU WON'T SEE ME,THE BEATLES
2800,ANGEL EYES,ABBA
2802,Blue Eyes,Elton John
2803,New York New York,Frank Sinatra
2805,Words,F.R.David
2806,IT'S NOW OR NEVER,ELVIS PRESLEY
2808,I Don't Know How To...,Helen Reddy
2809,Puppy Love,Paul Anka
2810,CAN'T BUY ME LOVE,THE BEATLES
2811,YOU'RE SIXTEEN,BOBBY SHERMAN
2812,You've Got A Friend,Carole King/James Taylor
2816,KISS ME GOODBYE,PETULA CLARK
2818,Why,Carole King
2823,Tie A Yellow Ribbon Round The Old Oak Tree,Tony Orlando
2825,Torn Between Two Lovers,Mary MacGregor
2828,Stuck On You,Lionel Richie
2829,To Love Somebody,Bee Gees
2832,SACRIFICE,ELTON JOHN
2835,Smooth Criminal,Michael Jackson
2838,The Girl Is Mine,Michael Jackson
2840,How Deep Is Your Love,Bee Gees
2842,No More Lonely Nights,Paul McCartney
2844,GOODBYE YELLOW BRICK ROAD,Elton John
2845,The Power Of Love,Celine Dion
2846,I Only Wanna Be With You,Dusty Springfield
2847,Take Good Care Of My Baby,Bobby Vee
2848,How Am I Supposed To Live Without You,Michael Bolton
2849,Wind Of Change,Scorpions
2850,I JUST CAN'T STOP LOVING YOU,MICHAEL JACKSON
2854,YOUNG GIRL,GARY PUCKETT
2856,BLUEBIRD,PAUL McCARTNEY
2857,Never My Love,The Association
2859,NIghts On Broadway,Bee Gees
2860,Band On The Run,Paul McCartney
2862,That's Why They Call It Blues,Elton John
2864,SAVE THE LAST DANCE..,De Franco Family
2866,My Love,Paul McCartney
2869,HOW CAN YOU MEND..,BEE GEES
2872,Sooner Or Later,The Grass Roots
2874,You Give Love A Bad Name,Bon Jovi
2876,All I Ever Need Is You,Sonny And Cher
2879,Bang Bang (My Baby Shot Me Down),Cher
2880,Aquarius,5th Dimension
2881,Goin' out of my head,Frank Sinatra
2887,RELEASE ME,WILSON PHILIPS
2891,If There Was Any Other Way,Celine Dion
2892,What's New Pussycat,Burt Bacharat
2893,Runaway,Del Shannon
2894,Dizzy,Tommy Roe
2895,Will You Still Love Me Tomorrow,Carole King
2896,SOMETHING 'BOUT YOU..,RICHARD SUPA
2897,CANDLE IN THE WIND,ELTON JOHN
2898,Sexy Eyes,Dr. Hook
2899,PHYSICAL,Olivia N. John
2901,The Way You,Michael Jackson
2905,I Who Have Nothing,Tom Jones
2906,OBLADI OBLADA,BEATLES
2909,APRIL LOVE,Pat Boone
2911,Easy Lover,Phil Collins
2914,Dedicated To The One I Love,Carpenters
2917,Playground In My Mind,Ray Conniff
2921,I've Got The Music In Me,KKI DEE BAND
2922,Montego Bay,Bobby Bloom
2923,A Certain Smile,Johnny Mathis
2924,Hold me thrill me,Johnny Mathis
2940,Laughter In The Rain,Neil Sedaka
2941,Blue Moon,Frank Sinatra
2942,I Love How You Love Me,Paris Sisters
2943,I do I do I Do,Abba
2944,I Feel Fine,The Beatles
2945,A Hard Days Night,Beatles
2946,Help,The Beatles
2947,I Will,The Beatles
2948,I'll Follow The Sun,The Beatles
2949,I'm Looking Through You,The Beatles
2950,In My Life,Beatles
2951,The Long And Winding Road,The Beatles
2952,Nowhere Man,The Beatles
2953,Penny Lane,The Beatles
2954,Tell Me Why,The Beatles
2957,For Your Eyes Only,Sheena Easton
2958,Step By Step,New Kids On The Block
2960,Knowing Me Knowing You,ABBA
2963,The shadow of your smile,Brenda Lee
2964,Help,Beatles
2965,Look Of Love,Jackie Deshannon
2967,Have Yourself A Merry Little..,Carpenters
2976,Hawaiin War Chart,Ames Bors.
2977,CHERISH,THE ASSOCIATION
2979,Delta Dawn,Helen Reddy
2994,Solitaire,Carpenters
2996,Waterloo,ABBA
2997,All You Need Is Love,The Beatles
2998,Day Tripper,The Beatles
2999,Eight Days A Week,The Beatles
3000,THE FOOL ON THE HILL,THE BEATLES
3001,Hello Goodbye,Beatles
3002,Here There And Everywhere,The Beatles
3004,If I Fell,The Beatles
3005,I'll Be Back,The Beatles
3006,Strawberry Fields Forever,The Beatles
3008,We Don't Talk Anymore,Cliff Richard
3009,Fame,Irene Cara
3011,Hooked On A Feeling,BJ Thomas
3014,To Sir With Love,Lulu
3018,Money Money Money,ABBA
3020,Once In A While,Dinah Shore
3023,Spanish Eyes,Al Martino
3024,Never On Sunday,Connie Francis
3025,Be My Love,Mario Lanza
3026,The Greatest Love Of All,Whitney Houston
3031,Having My Baby,Paul Anka
3032,2 BECOME 1,SPICE GIRLS
3033,A Big Hunk O' Love,Elvis Presley
3035,A WORD IN SPANISH,ELTON JOHN & BERNIE TAUPIN
3037,Adam And Eve,Paul Anka
3043,All At Once,Whitney Houston
3048,Always,Bon Jovi
3049,Always Somewhere,Scorpions
3050,Ang Aking Awitin,Side A
3053,Anything For You,Miami Sound Machine
3056,Are You Lonesome Tonight?,Elvis Presley
3059,Baka Sakaling Mahalin Mo rin Ako,Rey Valera
3060,Bakit Ba?,Siakol
3070,Bikining Itim,Bert Dominique
3072,Blue Eyes,Elton John
3073,Blue Moon,Frank Sinatra
3077,BORN TO BE MY BABY,BON JOVI
3079,Boy,Donna Cruz
3080,CALIFORNIA GIRLS,BEACH BOYS
3081,I Can't Smile Without You,Barry Manilow
3084,Colors Of The Wind,Vanessa Williams
3087,Come What May,Air Supply
3088,CONSTANT CHANGE,JOSE MARI CHAN
3089,Copacabana,Barry Manilow
3090,Could It Be Magic,Barry Manilow
3091,Cycles,Frank Sinatra
3092,DANCE ON LITTLE GIRL,PAUL ANKA
3095,Di Pa Huli,Side A
3096,Diana,Paul Anka
3098,Does Your Mother Know,ABBA
3099,DON'T,ELVIS PRESLEY
3101,DON'T BE CRUEL,Elvis Presley
3102,Don't Say Goodbye,Pops Fernandez
3104,Empty Garden,Elton John
3105,ENGLISHMAN IN NEW YORK,Sting
3109,EVERLASTING LOVE,THE COMPANY
3111,Every Woman In the World,Air Supply
3112,Every Woman In the World,Air Supply
3114,Eveytime You Go Away,Paul Young
3117,Fernando,Abba
3118,FIELDS OF GOLD,STING
3121,For Mama,Matt Monro
3122,Fortess ArounD Your Heart,Sting
3123,Free As A Bird,The Beatles
3124,From Russia With Love,Frank Sinatra
3125,From This Moment On,Shania Twain
3126,Fun Fun Fun,Beach Boys
3129,Getting To Know Each Other,Ariel Rivera
3131,GOD ONLY KNOWS,BEACH BOYS
3136,Hahanapin Ko,Anthony Castello
3139,Harana,Parokya Ni Edgar
3142,Have You Ever Really Loved A Woman,Bryan Adams
3143,HELP ME RHONDA,BEACH BOYS
3146,Hopelessly Devoted To You,Olivia Newton-John
3150,HURTING EACH OTHER,CARPENTERS
3151,WAG KANG MALUNGKOT KAIBIGAN,APRIL BOY REGINO
3152,I Don't Wanna Go On With You..,Elton John
3154,How Sweet It Is (To Be Loved By You),Frank Sinatra
3155,I Get Around,Beach Boys
3156,I GUESS THAT'S WHY THEY CALL IT THE BLUES,ELTON JOHN
3160,I Need You,America
3162,I Swear,All 4 One
3164,I Need You,America
3166,I Wanna Dance With Somebody,Whitney Houston
3168,I Will Always Love You,Whitney Houston
3170,I Write The Songs,Barry Manilow
3171,Ikaw Ay Nasaan,Bert Dominic
3175,Isang Lahi,Regine Velasquez
3176,"Isang Tanong, Isang Sagot",Donna Cruz
3179,It's A Miracle,Barry Manilow
3180,It's Going To Take Sometime,Carpenters
3185,JEEPNEY DRIVER,APRIL BOYS
3188,Kaya Ko Ba,Rachel Alejandro\
3189,Tubig At Langis,Sharon Cuneta
3193,LET'S GROOVE,"EARTH, WIND, FIRE"
3194,Iisang Damdamin,Louie Heredia
3197,Looks Like We Made It,Barry Manilow
3198,Love Is A Wonderful Thing,Michael Bolton
3200,Love Will Lead You Back,Taylor Dayne
3203,Magandang Gabi,Nonoy Zuniga
3206,Mandy,Barry Manilow
3208,MAYROON PANG PAG-ASA,APRIL BOY REGINO
3210,Minsan lang Kitang Iibigin,Ariel Rivera
3212,Mahal Na Mahal Na Mahal Kita,April Boy Regino
3218,My Elusive Dreams,Tom Jones
3219,"My Girl, My Woman, My Friend",Jose Mari Chan and Regine Velasquez
3221,Nothing Broken But My Heart,Celine Dion
3224,One of Us,Joan Orborne
3228,Paint My Love,Michael Learns To Rock
3229,Paminsan-Minsan,Raymond Lauchengco
3231,Para Sa Masa,Eraserheads
3232,Perfect,True Faith
3233,PINAKAMAMAHAL KITA,APRIL BOY REGINO
3234,PLEASE BE CAREFUL WITH MY HEART,JOSE MARI CHAN
3238,Quit Playing Games,Backstreet Boys
3244,Sana Ay Ikaw Na Nga,Basil Baldez
3246,She's Like The Wind,Patrick Swayze
3247,Ships,Barry Manilow
3248,SILVERTOES,PAROKYA NI EDGAR
3251,Sino Ang Baliw,Kuh Ledesma
3256,Speak Softly Love,Andy Williams
3264,Syotang Pa-Class,Apo Hiking Society
3266,Take Good Care Of My Baby,Bobby Vee
3272,The Way You Look Tonight,Frank Sinatra
3273,THEME FROM NEW YORK NEW YORKF,FRANK SINATRA
3279,To Know You Is To Love You,Bobby Vinton
3281,Torn,Natalie Imbruglia
3284,Turn Back Time,Aqua
3285,Umasa Ka,April Boy Regino
3292,Wishful Thinking,China Crisis
3294,Would'nt It Be Nice,Beacj Boys
3295,You Are The Sunshine of My Life,Stevie Wonder
3296,You're Closer To Me,Matt Monroe
3297,You're Still The One,Shania Twain
3301,Two Princes,Spin Doctors
3303,Three Coins In The Fountain,Frank Sinatra
3312,A Day In The Life,The Beatles
3314,Always Be My Baby,Mariah Carey
3317,She's Always A Woman,Billy Joel
3323,Don't Cry For Me Argentina,Madonna
3326,A Whole New World,Peabo Bryson and Celine Dion
3328,Baby Baby,Amy Grant
3334,For The Benefit Of Mr. Kite,The Beatles
3336,Beautiful Goodbye,Amanda Marshall
3344,Big In Japan,Alfajet
3346,Blessed,Elton John
3351,BREAK OUT,SWING OUT SISTER
3361,California Dreamin',Mamas & Papas
3362,CALIFORNIA GIRLS,BEACH BOYS
3363,It Never Rains In Southern California,Albert Hammond
3364,Candle in The Wind,Elton John
3367,The Captain of Her Heart,Double
3368,Carry On,Sailor Moon Theme
3374,Champagne Supernova,Oasis
3375,Chapel Of Love,Dizie Cups
3376,The Chauffuer,Duran Duran
3379,CHERISH,THE ASSOCIATION
3384,LAVERNE AND SHIRLEY,THEME SONG
3393,DIRTY LAUNDRY,DON HENNLEY
3402,Do You Remeber,Phil Collins
3404,I Have A Dream,Abba
3405,DREAM A LITTLE DREAM,MAMAS & PAPAS
3406,DREAMING OF YOU,SELENA
3407,Dream A Little Dream,Beautiful South
3413,ELEANOR RIGBY,BEATLES
3415,Everybody's Talkin',Harry Nilson
3416,Everything I Do I Do It For You,Bryan Adams
3417,Exhale(Shoop Shoop Song),Whitney Houston
3421,Can't Help Falling In Love,Elvis Presley
3423,Feelings,Morris Albert
3424,Ferry Cross The Mecry,Gerry And The Pacemaker
3425,Fixing A hole,The Beatles
3427,Fading Like A Flower,Roxette
3431,Fragile,Sting
3436,Its Getting Better,The Beatles
3437,Ghost Busters,Ray Parker
3439,The Girl Is Mine,Michael Jackson
3445,Good Morning,The Beatles
3446,She's Got The Power,Sailormoon US
3449,Greatest Love Of All,Whitney Houston
3458,A Hard Days Night,The Beatles
3467,Honey Pie,Beatles
3474,I FEEL THE EARTH MOVE,CAROLE KING
3477,The Impossoble Dream (The Quest),Andy Williams
3479,In The Summer Time,Duongo Jerry
3480,In My Life,Ariel Rivera
3481,In Too Deep,Phil Collins
3484,Isn't She Lovely,Stevie Wonder
3485,Its I His Kiss,Cher
3498,Leaving On A Jetplane,John Denver
3499,Love Is In The Air,John Paul Young
3506,KIND OF A HUSH,HERMAN'S HERMITS
3513,Lemon Tree,Fools Garden
3516,The Lion Sleeps Tonight,The Tokens
3524,Losing My Religion,R.E.M.
3530,Where Do I Begin (Love Story Theme),Shirley Bassey
3531,MACARTHUR PARK,JIM WEBB
3534,Maggie May,Beatles
3542,Missing,Everything But Girl
3544,Monday Monday,Mamas And Papas
3549,Mornin',Al Jarreu
3550,Please Mr. Postman,Carpenters
3554,It's My Party,Leslie Gore
3557,The Night Before,The Beatles
3564,One Tin Soldier,The Original Caste
3569,Papa Don't Preach,Madonna
3577,Pretty Paper,Roy Orbison
3584,Reach,Gloria Estefan
3585,Real Love,Jodi Wayne
3588,Red Rubber Ball,The Seekers
3590,Revolution,The Beatles
3594,Right Time,The Corrs
3600,The Rose,Bette Midler
3607,Satisfaction,Tom Jones
3609,Sgt. Pepper's Lonely Hearts Club Band,The Beatles
3611,SHATTERED DREAMS,JOHNNY HATES JAZZ
3612,She Loves You,The Beatles
3614,She's Leaving Home,The Beatles
3627,some Are Diamonds,John Denver
3631,Spending My Time,Roxette
3635,Oh Starry Night,SAILOR MOON US
3636,Straight Up,Paula Abdul
3642,SUPERSTAR,THE CARPENTERS
3644,Surfer Girl,Beach Boys
3646,SWEET DREAMS,EURYTHMICS
3652,The Beat Goes On,Sonny & Cher
3656,That'll Be The Day,LINDA RONSTADT
3658,Under The Boardwalk,Bette Midler
3659,Ticket To Ride,The Beatles
3660,Simply The Best,Tina Turner
3663,The One,Elton John
3664,There Must Be An Angels,Eurythmics
3666,These Boots Are Made For Walkin',Nancy Sinatra
3670,That Thing You Do,The Wonders
3679,Unchained Melody,Ringhteous Brothers
3680,Under The Sea,Sebastian
3694,WE CAN WORK IT OUT,BEATLES
3701,When I'm 64,The Beatles
3702,While My Guitar Gently Weeps,The Beatles
3706,Who's That Girl,Madonna
3711,THE WINNER TAKES IT ALL,ABBA
3714,A Little Help From My Friends,The Beatles
3716,What The World Needs Now,Burt Bacharach
3717,Wonderful Tonight,Eric Clapton
3718,The Wonder Of You,Elvis Presley
3719,Woodstock,Joni Mitchell
3726,YOU'LL SEE,MADONNA
3727,You Make Me Feel Like Dancing,Leo Slayer
3728,YOU'RE THE ONE THAT..,TRAVOLTA & N-JOHN
3731,You've Lost That Lovin' Feeling,Righteous Brothers
3749,ANYTHING THAT'S PART OF YOU,ELVIS PRESLEY
3750,"10,000 Promises",Backstreet Boys
3751,Ulan,Rivermaya
3760,BABY THE RAIN MUST FALL,GLENN YARBOROUGH
3770,Be My Lady,Martin Nievera
3772,Because,The Beatles
3776,Blue Hawaii,Elvis Prestley
3806,Dont Let Me Down,The Beatles
3813,Il Mondo,Engelbert Humperdinck
3826,EVERGREEN TREE,CLIFF RICHARD
3854,Hey little girl,Dee Clair
3863,I Who Have Nothing,Tom Jones
3869,I Love You,Celine Dion
3877,I'm Happy Just to Dance With You,The Beatles
3878,IF YOU LOVE ME,Branda Lee
3939,Make It Real,The Jets
3940,MAKE YOUR OWN KIND OF MUSIC,Mama Cass
3941,Making Love Out Of Nothing At All,Air Supply
3998,ONLY SIXTEEN,Dr. Hook
4013,Please Forgive Me,Bryan Adams
4054,RUSSIAN,STING
4083,Girl,The Beatles
4100,SUNDAY SUNRISE,BRENDA LEE
4122,The Lady In Red,Chris Deburgh
4132,THE STRANGER,BILLY JOEL
4133,THE TEMPLE OF THE KING,RAINBOW
4145,Twist And Shout,The Beatles
4147,Unforgettable,Natalie Cole
4153,Vincent,Don Mclean
4154,Voulez Vouz,Abba
4156,WAITING FOR YOU,ROSELLE NAVA
4164,WANTED,Dolleys
4173,WHO CAN I TURN TO,TONY BENNET
4181,Yellow Submarine,The Beatles
4186,Because You Loved Me,Celine Dion
4187,Can't Help Falling In Love,UB40
4191,Dancing Queen,Abba
4197,Even Now,Barry Manilow
4199,Father Figure,Wham
4201,FOREVERMAN,ERIC CLAPTON
4203,GOOD VIBRATIONS,THE BEACH BOYS
4205,Hello,Lionel Richie
4207,How Will I Know,Whitney Houston
4211,I WANT YOU...,ELVIS PRESLEY
4213,If You Asked Me To,Celine Dion
4224,IT'S NOW OR NEVER,ELVIS PRESLEY
4226,LET ME BE THE ONE,CARPENTERS
4227,Let The Good Times Roll#1#2Leonard Lee,Ray Charles
4228,Lonely Boy,Paul Anka
4230,MONKEY,GEORGE MICHAEL
4234,PRAYING FOR TIME,GEORGE MICHAEL
4240,Shape Of My Heart,Backstreet Boys
4241,SHE'S WAITING,ERIC CLAPTON
4246,THE NAME OF THE GAME,ABBA
4248,This One's For You,Barry Manilow
4267,WE GOT MARRIED,PAUL MCCARTNEY
4270,On My Own,Michael Mcdonald
4274,Sussudio,Phil COllins
4276,Livin' La Vida Loca,Ricky Martin
4277,BABY ONE MORE TIME,BRITNEY SPEARS
4278,Stop,Spice Girls
4279,Stay The Same,Joey McIntyre
4281,Kiss Me,Six Pence None The Richer
4282,Picture Of You,Boyzone
4283,Baby Can I Hold You,Boyzone
4284,NO SCRUBS,TLC
4285,2 BECOME 1,SPICE GIRLS
4286,As Long As You Love Me,Backstreet Boys
4287,Sometimes,Britney Spears
4289,From This Moment On,Shania Twain
4290,Mama,Spice Girls
4292,You're Still The One,Shania Twain
4294,How Do I Live,Trisha Yearwood
4297,ETERNAL FLAME,BANGLES
4299,My All,Mariah Carey
4301,All I Have To Give,Backstreet Boys
4303,Crush,Jennifer Paige
4304,BIG BIG WORLD,EMILIA
4305,Miss You Like Crazy,Moffats
4306,If You Had My Love,Jennifer Lopez
4308,Goodbye,Spice Girls
4309,EVERYBODY,BACKSTREETBOYS
4311,The Animal Song,Savage Garden
4312,Father And Son,Boyzone
4313,ALL THAT I NEED,BOYZONE
4314,So Young,The Corrs
4315,What Can I Do,The Corrs
4316,Don't Say You Love Me,The Corrs
4317,I Knew I Love You,Savage Garden
4318,You Needed Me,Boyzone
4320,There She Goes,Sixpence None The Richer
4321,LARGER THAN LIFE,BACKSTREET BOYS
4322,Buses And Train,Bachelor Girl
4323,I Drive Myself Crazy,N'Sync
4324,25 Minutes,Michael Learns To Rock
4325,How Am I Supposed To Live Without You,Michael Bolton
4326,I Love The Way You Love Me,Boyzone
4328,CAN YOU FEEL THE LOVE TONIGHT,ELTON JOHN
4329,Please Forgive Me,Bryan Adams
4330,DREAMING OF YOU,SELENA
4332,You Are Not Alone,Michael Jackson
4333,TOO MANY WALLS,CATHY DENNIS
4334,Nandito Ako,Ogie Alcasid
4335,Someone's Always Saying Goodbye,Alyona
4336,Lift Up Your Hand,Basil Valdez
4337,Please Be Careful With My Heart,Jose Mari Chan
4338,Mula Sa Puso,Jude Michaels
4339,Genie In A Bottle,Cristina Aguilera
4342,Shakespear In Love,Layla Kalif
4344,Heaven Knows,Rick Price
4347,If You Leave Me Now,Chicago
4348,MY HEART WILL GO ON,CELINE DION
4352,QUIT PLAYING GAMES,BACKSTREET BOYS
4354,ONE OF US,JOAN OSBOURNE
4355,Truly Madly Deeply,Savage Garden
4356,Too Much,Spice Girls
4358,Cry For Help,Rick Ashley
4359,Never Gonna Give You Up,Rick Astley
4361,Viva Forever,Spice Girls
4363,We Built This City,Starship
4365,Beat It,Michael Jackson
4367,All By Myself,Celine Dion
4368,(YOU DRIVE ME) CRAZY,BRITNEY SPEARS
4369,Vulnerable,Roxette
4370,RUNAWAY,THE CORRS
4371,One Moment In Time,Whitney Houston
4372,You'll See,Madonna
4373,Everything I do..,Bryan Adams
4374,BECAUSE OF YOU,98 DEGREES
4375,Crazy For You,Madonna
4376,I JUST CAN'T STOP LOVING YOU,MICHAEL JACKSON
4406,All Woman,Lisa Stansfield
4408,Amazed,Lonestar
4410,ANGEL OF THE MORNING,JUICE NEWTON
4411,Angels,Robbie Williams
4414,Anyway You Want Me,Elvis Presley
4416,Autumn Leaves,Tony Bannett
4417,Autumn Leaves,Tony Bannett
4418,BABY ONE MORE TIME,BRITNEY SPEARS
4421,Bailamos,Enrique Iglesias
4422,Ballroom Dancing,Paul McCartney
4423,BEAUTIFUL STRANGER,MADONNA
4427,BIG BIG WORLD,EMILIA
4428,Bip Bop,Paul McCartney
4432,Blue Moon,Frank Sinatra
4433,BLUEBIRD,PAUL McCARTNEY
4443,CAN YOU FEEL IT,JANET JACKSON
4446,Dancing Queen,Abba
4450,EVERYBODY,BACKSTREETBOYS
4456,Figure Of Eight,Paul McCartney
4457,I FINALLY FOUND SOMEONE,ADAMS & STREISAND
4458,Fly Away,john Denver
4461,FOR EVERY MAN A WOMAN,FRANK SINATRA
4463,For Your Babies,Mick
4467,From The Heart,Dianne
4473,GETTING CLOSER,PAUL McCARTNEY
4474,Girls Just Wanna Have Fun,Cindi Lauper
4480,GOOD LUCK CHARM,ELVIS PRESLEY
4482,GOODNIGHT TONIGHT,WINGS
4483,GOTTA SING GOTTA DANCE,PAUL McCARTNEY
4486,GUYS AND DOLLS,FRANK SINATRA
4496,Heart Of The Country,Paul McCartney
4498,Here I Am,Air Supply
4502,HOLD ME,MENUDO
4510,How Do I Live Without You,Arnee Hidalgo
4514,HOW MANY PEOPLE,PAUL McCARTNEY
4524,I FOUND SOMEONE,Michael Bolton
4528,I KNOW HIM SO WELL,WHITNEY HOUSTON
4536,I WILL BE WAITING,Lisa Stansfield
4551,If I Let You Go,Westlife
4559,Immortality,Celine Dion
4562,It's All Coming Back To Me Now,Celine Dion
4563,It's Alright,Annie Lennox
4565,IT'S YOUR LOVE,S.  Sm
4578,JUNIOR'S FARM,WINGS
4593,LET 'EM IN,PAUL McCARTNEY
4597,LET ME ROLL IT,PAUL McCARTNEY
4599,LETTING GO,PAUL McCARTNEY
4600,LIFE IS A FLOWER,Bergg
4605,Livin' La Vida Loca,Ricky Martin
4609,LONDON TOWN,PAUL McCARTNEY
4615,LOVE IS A STRANGER,Annie Lennox
4619,LUCK BE A LADY,FRANK SINATRA
4620,LUCK BE A LADY,FRANK SINATRA
4621,MAGNETO AND TITANIUM MAN,PAUL McCARTNEY
4635,MILLENNIUM,Robbie Williams
4646,MY BRAVE FACE,PAUL McCARTNEY
4648,MY HEART WILL GO ON,CELINE DION
4658,NINENTEEN HUNDRED AND EIGHTY FIVE,PAUL McCARTNEY
4659,No Matter What,Boyzone
4684,OU EST LE SOLEIL,PAUL McCARTNEY
4697,PICASSO'S LAST WORDS,PAUL McCARTNEY
4698,PIPES OF PEACE,PAUL McCARTNEY
4707,PUT IT THERE,PAUL McCARTNEY
4717,ROCK SHOW,Paul McCartney
4725,RUSH,PAULA ABDUL
4726,SALLY G.,PAUL McCARTNEY
4735,SENTIMENTAL JOURNEY,DORIS DAY
4742,Silly Love Songs,Paul McCartney
4744,Sisters Are Doin It,Annie Lennox
4747,SOMETHING ABOUT THE..,ELTON JOHN
4757,STONEY END,BARBARA STREISAND
4772,TAKE A CHANCE ON ME,ABBA
4773,TAKE IT AWAY,PAUL McCARTNEY
4779,TEARS OF A CLOWN,SMOKEY ROBINSON
4785,THAT DAY IS DONE,PAUL McCARTNEY
4798,THE NAME OF THE GAME,ABBA
4801,The One that You Love,Air Supply
4802,THE PROMISE OF A NEW DAY,Peter Lord
4805,The Shadow Of Your Smile,Brenda Lee
4813,JUST THE WAY YOU ARE,BILLY JOEL
4815,THE WINNER TAKES IT ALL,ABBA
4816,The Word,The Beatles
4822,There Will Never Be Another,Andy Williams
4827,Think Twice,Celine Dion
4829,THIS IS THE RIGHT TIME,Lisa Stansfield
4835,Together Forever,Rick Astley
4836,Traces,Johnny Mathis
4837,Tragedy,Bee Gees
4840,True Colors,Phil Collins
4841,TRUST IN ME,Francesca Beghe
4843,TUG OF WAR,PAUL McCARTNEY
4845,TWIST OF FATE,Stephen A. Kipner
4847,Unchained Melody,Ringhteous Brothers
4848,UNCLE ALBERT,THE BEATLES
4858,VOLARE,Domenico Modugno
4860,WANDERLUST,PAUL McCARTNEY
4873,Whats New Pussycat,David Hall
4875,WHEN,Shania Twain
4890,WITH A LITTLE LUCK,PAUL MCCARTNEY
4892,Wonderwall,Oasis
4895,WRITTEN IN THE STARS,Elton John
4897,You And I,Renz Verano
4899,YOU CAN'T DENY IT,Lisa Stansfield
4901,You Gotta Be,Des'ree
4903,You Make Me Feel Like A..,Carole King
4904,YOU MIGHT NEED SOMEBODY,T.Snow
4914,ANG LAHAT NG ITO'Y PARA SAYO,LANI MISALUCHA
4916,AY AY AY PAG-IBIG,ARA MINA
4919,Bakit Sinta,Paul Sapiera
4921,BANYO QUEEN,ANDREW E.
4924,BLUER THAN BLUE,MICHAEL JHONSON
4925,Bonga Ka Day,Ogie Alcasid
4926,Its My Life,Bon Jovi
4927,Baby One More Time,Britney Spears
4928,Email My Heart,Britney Spears
4929,What You See Is What You Get,Britney Spears
4931,BUKAS NA LANG KITA..,LANI MISALUCHA
4933,I Turn To You,Christina Aguilera
4934,GENIE IN A BOTTLE,CHRISTINA AGUILERA
4935,Christmas In Our Hearts,Jose Mari Chan
4941,For Baby,John Denver
4943,Get Down,Backstreet Boys
4945,Hain Ang Utlanan,Willie Garte
4946,Wait For Me,J. Brothers
4947,Hanggang Kailan,Martin Nievera
4952,HULOG NG LANGIT,DONNA CRUZ
4954,I'll Do Anything For Love,Meatloaf
4959,Kahit Kaibigan Lang,April Boy Regino
4962,Kung Okey Lang Sa Yo,True Faith
4963,KUNIN MO NANG LAHAT,FOURMULA
4964,Laging Tapat,Jolina Magdangal
4965,Mahal Ka Sa Akin,Tootsie Guevarra
4968,Bye Bye Bye,NSync
4969,It's Gonna Be Me,NSYNC
4970,Paano Ang Puso Ko,April Boy
4971,Pagmamahal,Miles
4972,PASUMPA-SUMPA KA PA,ALYNNA
4976,ROSALINDA,THALIA
4977,Flying Without Wings,Westlife
4978,Salamat Sa Iyo,April Boy Regino
4980,Sex Bomb,Tom Jones
4981,The Shadow Of Your Smile,Brenda Lee
4982,Fool Again,Westlife
4986,Come and Get It,Good Guys
4988,Oops... I Did It Again,Britney Spears
4989,Bigong Pag-ibig,Renz Verano
4993,DI KO KAYANG TANGGAPIN,APRIL BOY REGINO
4994,Alam Mo Ba,ARA MINA
4997,BANYO QUEEN,ANDREW E.
5000,Esperanza,April Boy Regino
5003,I Can,DoReMi
5004,If,Nelson Del Castillo
5005,Kahit Na,Ogie Alcasid
5009,Labanan Natin Ang Tukso,J. Brothers
5013,On The Wings Of Love,Martin Nievera
5014,Pakita Mo,VST & Co.
5016,SIMPLE LANG,MYSTICA
5017,Sino Pa,Renz Verano
5020,TUNAY NA MAHAL,LANI MISALUCHA
5021,VERONICA,ELVIS COSTELLO
5022,Wag Mong Pigilan,Willie Revillame
5023,Il Mondo,Engelbert Humperdinck
5024,CONSTANTLY,CLIFF RICHARD
5025,Portrait Of My Love,Matt Monro
5027,HASTA MANANA,ABBA
5031,LIPSTICK ON YOUR COLLAR,CONNIE FRANCIS
5032,Casablanca,Bertie Higgins
5033,SOS,ABBA
5035,The Lady In Red,Chris De Burgh
5051,I've Got A Crush On You,FRANK SINATRA
5052,THER'S A REASON,CASCADES
5053,Can We Just Stop And Talk Awhile,Jose Mari Chan
5054,I'VE GOTTA GET A MESSAGE TO YOU,BEE GEES
5071,I've Never Been To Me,Charlene
5073,Candida,Toni Orlando
5075,Someone's Always Saying Goodbye,Allona
5076,Esperanza,April Boy Regino
5077,Ibang-Iba Ka Na,Renza Verano
5078,Words,Bee Gees
5079,LA Isla Bonita,Madonna
5085,Release Me,Engelbert Humperdink
5086,HELP ME RHONDA,BEACH BOYS
5089,Voulez Vouz,AbbA
5090,I've Been Waiting For You,Guys Next Door
5094,I've Been Away Too Long,George Baker Selection
5096,Ibig Kong Magtapat,Victor Wood
5098,Kahit Gaano Kalaki,ALYNNA
5100,No More,Elvis Presley
5101,Do They Know Its Christmas Time,Band Aid
5102,DOIN' THE BEST I CAN,Elvis Presley
5105,HIGH,LIGHTHOUSE FAMILY
5106,Immortality,Celine Dion
5109,TELL HIM,C.DION & B.STREISAND
5118,Hulog Ka Ng Langit,Lianne Loren
5119,I Still Believe,Mariah Carey
5121,Sana'y Kapiling Ka,Jolina Magdangal
5124,Don't Be Afraid To Love,Nonoy Zuniga
5125,A Perfect Christmas,Jose Mari Chan
5132,Basta't Mahal Kita,Renz Verano
5135,Born For You,David Pomeranz
5138,Dear Heart,Sandara Park
5139,Destiny,Jim Brickman
5141,Don't Say You Love Me,M2M
5142,EVERLASTING LOVE,THE COMPANY
5143,Get On Your Feet,Gloria Estefan
5144,Halaga,Parokya Ni Edgar
5145,"Happy,Happy Birthday",Beerhouse Gang
5147,I Do,98 Degrees
5148,I Think I'm In Love With you,Jessica Simpson
5149,I Wanna Be With You,Mandy Moore
5150,IBIGAY MO NA,JESSA ZARAGOSA
5152,I'm Your Angel,Celine Dione
5153,In Love With You,Regine & Jacky Cheung
5155,Kaba,Tootsie Guevarra
5158,KAILANGAN KO'Y IKAW,REGINE VELASQUEZ
5161,King And Queen Of Hearts,David Pomeranz
5162,Kisapmata,Rivermaya
5163,Kung Mahal Mo Ako,Renz Verano
5164,Kung Mawawala Ka,Ogie Alcasid
5170,Love Of My Life,South Border
5174,Magkayakap Na Puso,Vina Morales
5175,MAHAL PA RIN KITA,LANI MISALUCHA
5176,Mambo No 5,Lou Bega
5183,Mirror Mirror,M2M
5184,My Love,Westlife
5190,Nosi Balasi,Sampaguita
5191,One More Chance,Victor Wood
5193,PAANO KITA MALILIMUTAN,YOLLY SAMAON
5194,Paano Na Ang Aking Puso,Renz Verano
5195,PAGKAKATAON,OGIE ALCASID
5196,Pangako,Rey Valera
5198,Picha Pie,Parokya Ni Edgar
5199,Portrait Of My Love,Matt Monro
5200,PRETTY BOY,M2M
5201,Sa 'Yo Lamang,Ogie Alcasid
5205,SABI MO AKO LAMANG,MEN OPPOSE
5206,Sabi Ng Puso Ko,April Boy Regino
5207,Sana,Ibang Bersyon
5209,Sana'y Sabihin Mo,Vina Morales
5211,Sino Ba,Donna Cruz
5213,SUMPA KO SA 'YO,RENZ VERANO
5216,Tingnan Mo Ang Ginawa Mo,Fourmula
5217,Torn,Natalie Imbruglia
5218,TUNAY NA MAHAL,LANI MISALUCHA
5220,Wag Mo Na Sana,Parokya Ni Edgar
5223,When You Beleive,Mariah Carey
5224,WILL I EVER,SIDE A
5226,You've Got A Way,Shania Twain
5228,Ang Cute Ng Pokemon,Willie Revillame
5229,Balat-kayo,Anthony Castello
5230,Before I Fall Inlove,COCO Lee
5233,Crying Time,Victor Wood
5241,Got To Believe In Magic,David Pomeranz
5243,Hahanapin Ko,Anthony Castello
5245,How Can You Mend A Broken Heart,Bee Gees
5246,HUWAG NA HUWAG,TAGERINE
5247,I'LL NEVER FALL IN LOVE AGAIN,TOM JONES
5256,Kapag Ako Ay Nagmahal,Jolina Magdangal
5257,Kiss Me GoodBye,Ray Conniff Singers
5258,Kung Kailangan Mo Ako,ARA MINA
5262,Life,Des'ree
5265,Mahal Mo Ba Ako,J.Magdangal
5266,MALING AKALA,CHINO ROMERO
5268,Maybe This Time,Michael Murphy
5272,NILUNOK KONG LAHAT,SELINA SEVILLA
5274,Please Don't Ask Me,John Farnham
5276,Tameme,Jolina Magdangal
5277,Teenage Senyorita,Victor Wood
5279,The Love She Found In Me,Michael Johnson
5280,Together Again,Eddie Peregrina
5281,Tuwing Umuulan,Regine Velasquez
5282,WALA NANG MAHIHILING PA,JUDY ANN SANTOS
5283,What Am I Living For,Eddie Peregrina
5286,Love Don't Cost A Thing,Jennifer Lopez
5288,Crazy Little Party Girl,Aaron Carter
5289,Crush On You,Aaron Carter
5290,Dear Heart,Matt Monro
5291,Di Magdadalawang Isip,Jolina Magdangal
5294,HANG On,GARY VALENCIANO
5296,HERE IN MY LIFE,ZSA ZSA PADILLA
5297,HEY BOY,JUDY ANN SANTOS
5299,If Ever You're In My Arms Again,Peabo Bryson
5300,I Love You,Celine Dion
5301,I Want To Spend My Lifetime Loving You,Marc Anthony & Tina Arena
5304,Inuman Na,Parokya Ni Edgar
5305,Is It Okay If I Call You Mine,Paul McCrane
5306,My Girl,Phil Collins
5314,POSTCARDS FROM HEAVEN,LIGHTHOUSE FAMILY
5316,REFLECTION,CHRISTINA AGUILERA
5321,Shalala Lala,Vengaboys
5322,SING ME YOUR SONG AGAIN DADDY,JOSE MARI CHAN
5324,SO YOUNG,THE CORRS
5325,The Old Songs,David Pomeranz
5328,UNANG PAG-IBIG,YOLLY SAMSON
5331,Was It Something I Didn't Say,98 Degrees
5332,WHY,3T BROTHERHOOD
5335,MY EVERYTHING,98 DEGREES
5337,Love Me For What I Am,The Carpenters
5340,Another Somebody,B.J.Thomas
5342,You Can't Do That,The Beatles
5343,BACK TO YOU,BRYAN ADAMS
5344,Bailamos,Enrique Iglesias
5348,Best That You Can Do,Michael Ruff
5351,Butterfly,Mariah Carey
5352,Do They Know Its Christmas Time,Band Aid
5353,Does Anybody Knows What Time Is It,Chicago
5354,Don't Cry Out Loud,Nuntida Kaewbuasai
5360,For Baby,Donna Cruz
5364,HAZARD,RICHARD MARX
5370,No More,Elvis Presley
5372,Sana'y Kapiling Ka,Jolina Magdangal
5373,THE BEST OF LOVE,MICHAEL BOLTON
5376,The Lady Is A Vamp,Spice Girls
5378,THE POWER OF GOODBYE,MADONNA
5383,Wild World,Mr. Big
5386,When You Tell Me That You Love Me,Diana Ross
5387,You Can't Hurry Love,The Supremes
5390,It's Raining In My Heart,Lee Towers
5393,Don't Look Back In Anger,Oasis
5398,A MATTER OF TRUST,BILLY JOEL
5399,CUTS LIKE A KNIFE,BRYAN ADAMS
5403,IT'S ONLY A PAPER MOON,NAT KING COLE
5409,WHY DID IT HAVE TO BE ME,ABBA
5414,At The Beginning,Richard Marx & Donna Lewis
5419,To The Moon And Back,Savage Garden
5425,IF I CAN'T HAVE YOU,BEE GEES
5427,No Reply,The Beatles
5428,Pictured Life,Scorpions
5429,Send Me An Angel,Scorpions
5430,SO EMOTIONAL,WHITNEY HOUSTON
5432,YOU CAN'T DO THAT,BEATLES
5433,You're Going To Lose That Girl,The Beatles
5434,Absolutely Everybody,Vanesa Amorosi
5440,DON'T TELL ME,MADONNA
5441,Everyday I Love You,Boyzone
5443,I DON'T WANNA WAIT,PAULA COLE
5446,I Was Looking For Someone,Leif Garret
5447,Ibaon Mo,Selina Sevilla
5448,If I Never Sing Another Song,Matt Monro
5451,Impossible Dream,Matt Monroe
5455,KISS OF LIFE,BEE GEES
5456,LET'S MAKE A NIGHT TO REMEMBER,BRYAN ADAMS
5460,Magic,Michael Learns To Rock
5462,Moment By Moment,Yvonne
5463,NANG DAHIL SA PAG-IBIG,TOOTSIE GUEVARA
5464,"Oops, Teka Lang",Ara Mina
5465,Palayain Mo Ako,Yamani
5466,Sisirin Mo,Diwata
5467,Someday,Sugar Ray
5469,That's Me,Abba
5470,THE LONGEST TIME,BILLY JOEL
5471,The Only One,Chicago
5473,TOO LATE TOO SOON,JOHN SECADA
5474,When The Smoke Is Going Down,Scorpions
5477,You And Me Against The World,Helen Reddy
5479,You'll Be In My Heart,Phil Collins
5483,WHAT MAKES A MAN,WESTLIFE
5484,Ako Na Lang Ang Lalayo,Fredrick Herrera
5485,BULOY,PAROKYA NI EDGAR
5486,Come As You Are,Wild Orchids
5488,Everytime,A1
5490,Humanap Ka Ng Panget,Andrew E.
5491,I Lay My Love On You,WestLife
5492,I'M SORRY,JAMIE RIVERA
5494,Intimacy,The Corrs
5495,LAKAS TAMA,SIAKOL
5496,Leaving Yesterday Behind,Keno
5497,Liquid Dreams,O-Town
5498,LORENA,RENZ VERANO
5499,"Love Gives, Love Takes",The Corrs
5500,LUCKY,BRITNEY SPEARS
5502,Lupaypay,Ruffa Mae Quinto
5504,Lutong Bahay (Cooking Ng Ina Mo),Parokya Ni Edgar
5508,Mickey,Toni Basil
5509,Minsan Minsan,Manilyn Reynes
5511,Never Had A Dream Come True,S CLub 7
5513,Pagdating ng Panahon,Aiza Seguerra
5514,At Your Side,The Corrs
5515,Queen Of Hollywood,The Corrs
5516,Radio,The Corrs
5517,Sa Langit,Moonstar 88
5518,Sabi Mo,Wise Guys
5519,She Bangs,Ricky Martin
5521,SUMASARAP ANG GISING,TRUE FAITH
5522,THANK YOU,DIDO
5524,The Call,Backstreet Boys
5526,Torete,Moonstar 88
5527,Uptown Girl,Westlife
5531,Breathless,The Corrs
5533,I'm Like A Bird,Nelly Furtado
5536,Trip,Parokya Ni Edgar
5538,All The Love In The World,The Corrs
5539,Angel,Shaggy
5541,Girl On Tv,LFO
5542,Hungry Like A Wolf,Duran Duran
5544,Nobody Wants To Be Lonely,C.  AguilerraR.  Martin
5545,One Night,The Corrs
5546,Rio,Duran Duran
5547,Save A Pray,Duran Duran
5548,Someday,Sugar Ray
5552,A SONG FOR MAMA,BOYZIIMEN
5553,Adik Sa 'Yo,Mystica
5567,Bakit Mo Iniiba,Nikki Valdez
5571,Booba,Ruffa Mae Quinto
5574,BY HEART,LAURA CREAMER
5578,Don't Ever Go,Eddie Peregrina
5581,Your's Until Tomorow,Engelbert Humperdinck
5584,Girl,The Beatles
5585,GIRL IN THE MIRROR,BRITNEY SPEARS
5586,HEAVEN BY YOUR SIDE,A1
5587,Heto Ako,Michael Laygo
5588,HINDI AKO LARUAN,YAMANI
5591,I Believe,Tom Jones
5592,I Can't Say Goodbye To You,Helen Reddy
5593,I DON'T WANT YOU TO GO,LANI HALL
5596,If We Try,Aiza Seguera
5600,In My Life Medley,Aiza Seguerra
5601,INAMORATA,VICTOR WOOD
5602,Independent Woman,Destiny's Child
5605,Kahit Isang Saglit,Martin Nievera
5609,Kiss Me GoodBye,Ray Conniff Singers
5610,KULANG PA BA?,MANILYN REYNES
5616,Labi Mo,Marissa Sanchez
5617,LABI SA LABI,MYSTICA
5618,Lalaki Ka Lang,Mystica
5619,LITTLE INDIAN FIVE SIX,ROY GEORGE
5624,Meron Ba?,Nikki Valdez
5625,Minsan Minsan,Manilyn Reynes
5629,Ako'y Napapa-Uhh,Gladys and the Boxer with K
5631,NO GOOD FOR ME,THE CORRS
5635,Pangako,Regine Velasquez
5636,Pangarap,Cinderella
5644,Shape Of My Heart,Backstreet Boys
5647,SOMEBODY FOR SOMEONE,THE CORRS
5648,SORRY,AIZA SEGUERRA
5649,"Sumayaw, Sumunod",Boyfriends
5656,Tanging Mahal,Regine Velasquez
5659,That Wonderful Sound,Tom Jones
5660,The Right One,Aiza Seguerra
5661,THIS IS MY SONG,ENGELBERT HUMPERDINCK
5662,TO LOVE YOU MORE,CELINE DION
5670,Without You,Samantha Cole
5673,Pinakamamahal,Louie Heredia
5674,KAHIT MAN LANG SA PANGARAP,VINA MORALES
5679,Andrew ford Medina,Andrew E.
5681,At Kung Malayo Ka,Melody
5685,Di Malimot Ang Iyong Halik,Renz Verano
5686,HIMALA,RIVERMAYA
5688,Ikaw At Ako,Diwata
5689,Jumbo,Ruffa MaeQuinto
5691,Kung Maibabalik Ko Lang,DingDong
5692,Nang Dahil Sa Pag-ibig,Anthony Castelo
5695,Pagdating Ng Panahon,Aiza Seguerra
5696,Panahon Na Naman,Rivermaya
5697,Saan Na Bang Barkada,Apo Hiking
5701,NEVER SAY GOODBYE,BON JOVI
5708,Bitin Na Bitin,Ruffa Mae Quinto
5710,Crush Kita,Sexbomb Girls
5718,Hindi Kita Pwedeng Mahalin,GIRL TALK
5723,Joke Lang,Sharon Cuneta
5725,Kahit Kailan,South Border
5736,BUGHAW NA BUHANGIN,VICTOR WOOD
5737,SABI MO AKO LAMANG,MEN OPPOSE
5743,SIYA ANG BABAE,RENZ VERANO
5744,Sulat,Renz Verano
5746,TIBOK NG PUSO,WILLIE GARTE
5747,Tignan Mo Naman Ako,Jolina Magdangal
5751,I Finally Found Someone,Bryan Adams & Barbra Streisand
5755,Our House,Madness
5760,DON'T YOU FORGET ABOUT ME,SIMPLE MINDS
5766,LADY MARMALADE,ALL SAINTS
5768,NO MORE I LOVE YOU'S,ANNIE LENNOX
5769,WHOLE AGAIN,ATOMIC KITTEN
5771,A Song For Mama,Boyz II Men
5775,No Good For Me,The Corrs
5777,Independent Women,Destiny's Child
5778,Say My Name,Destiny's Child
5779,Survivor,Destiny's Child
5780,Sharing The Night Together,Dr. Hook
5786,Candy,Mandy Moore
5787,All About The Money,Meja
5788,Wishing I Was There,Natalie Imbruglia
5789,AS I LAY ME DOWN,SOPHIE B. HAWKINS
5795,Larger Than Life,Backstreet Boys
5796,THE ONE,ELTON JOHN
5797,Stronger,Britney Spears
5798,Come On Over,Cristina Aguilera
5799,I Turn To You,Christina Aguilera
5800,DON'T CRY FOR ME ARGENTINA,MADONNA
5803,This Used to Be My Playground,Madonna
5804,Children Need A Helping Hand,N'Sync
5805,TEARIN' UP MY HEART,N SYNC
5806,This I Promise You,NSYNC
5807,Yo Te Voy Amar,N'Sync
5808,Music Of My Heart,N'sync And Gloria Estefan
5810,All Of A Sudden,Matt Monroe
5811,Angelina,Lou Bega
5812,Baby I Love You,J Brothers
5815,BAKIT MO INIWAN,MELISSA GIBBS
5818,CARWASH,Andrew E.
5819,Ewan,Apo Hiking
5820,HEAD TO TOE,LISA LISA & ...
5821,Heart Attack,Oliva Newton John
5822,I'll Never Go,Nexxus
5825,Ikaw Sana,Ogie Alcasid
5826,ILANG TAON AKONG UMASA,RENZ VERANO
5828,KAILANPAMAN,REGINE VELASQUEZ
5830,Kung Sakaling Ika'y Lalayo,J. Brothers
5833,MISS NA MISS NA KITA,LITO CAMO
5837,Ngayong Wala Ka Na,ARA MINA
5838,One Sweet Day,Mariah Carey ft Boyz II Men
5839,On This Day,David Pomeranz
5842,PAULIT-ULIT,APRIL BOY
5843,Pusong Salawahan,Mystica
5844,QUEEN OF MY HEART,WESTLIFE
5854,SIMPLY AMAZING,MARTIN NIEVERA
5857,Soledad,Westlife
5860,"TAG-ARAW, TAG-ULAN",IRENE COLOSO
5862,FOREVER BLUE,CACAI VELASQUEZ
5864,The Color Of The Night,Lauren Christy
5870,Yakap,L.A. Lopez
5872,214,Rivermaya
5880,I Just Didn't Know What To Do With Myself,Nicky Holland
5881,IKAW LANG,SMOKEY MOUNTAIN
5886,Like A Rose,A1
5887,Mahal Kita,Renz Verano
5888,Mahal Mo Ba'y Di Na Ako,Roselle Nava
5890,Minsan Pa,Diwata
5891,I've Never Been To Me,Charlene
5895,One More Try,A1
5905,"Sinusuyo, Niyayakap",Manilyn Reynes
5912,You're In Love,Wilson Philips
5914,AKALA MO,AIZA SEGUERRA
5915,Dadalhin,Regine Velasquez
5916,HANGGANG NGAYON IKAW,OGIE ALCASID
5918,Lookin' Through The Eyes Of Love,Melissa Manchester
5919,Sana Ikaw,Piolo Pascual
5925,All Or Nothing,O-Town
5928,ANG IYONG PAG-IBIG,JUDE MICHAEL
5929,ANGEL OF THE MORNING,JUICE NEWTON
5931,ANOTHER PLACE ANOTHER TIME,E. HUMPERDINCK
5932,Anywhere For You,Backstreet Boys
5938,BAKIT MO INIWAN,MELISSA GIBBS
5941,Baliw,Claire De la Fuente
5944,BOP BOP BABY,WESTLIFE
5945,Brown Eyes,Destiny's Child
5948,BULONG NG DAMDAMIN,Marissa Sanchez
5950,CAN'T GET YOU OUT..,KYLIE MINOGUE
5951,Cross My Heart,Everything But Girl
5952,Crush,Mandy Moore
5955,Di Malimot Ang Iyong Halik,Renz Verano
5956,DI P'WEDE KITANG MAHALIN,GIRL TALK
5957,Did'nt We,Jimmy Webb
5958,EXODUS,PAT BOONE
5960,"Funny, Familiar, Forgotten, Feelings",Tom Jones
5961,Habang Atin Ang Gabi,South Border
5962,HERO,ENRIQUE IGLESIAS
5964,Hey,Fatima Rainey
5965,Himala,Rivermaya
5966,Huwag Ka Nang Babalik,Roselle Nava
5968,I GOT A GIRL,LOU BEGA
5970,I'm A Slave For You,Britney Spears
5971,I'm Not A Girl Not Yet A Woman,Britney Spears
5974,IRRESISTIBLE,THE CORRS
5975,It Seems Only Yesterday,Sharon Cuneta
5976,I've Just Seen A Face,The Beatles
5977,Just Another Day Without You,John Secada
5978,KABILUGAN NG BUWAN,APO HIKING SOCIETY
5979,Kahapong Nagdaan,April Boy Regino
5980,Kanto,Siakol
5982,Lift Up Your Hands,Basil Valdez
5984,Love's Been Good To Me,Frank Sinatra
5985,MABUTI PA NO'NG BATA,VST & Co.
5989,Mahal Mo Ba'y Di Na Ako,Roselle Nava
5993,MILES AWAY,BASIA
5995,MY KIND OF GIRL,Matt Monro
5996,MY PLEDGE OF LOVE,JUDY ANN SANTOS
5997,NAKAW NA PAG-IBIG,CLAIRE
5999,PAIKOT-IKOT,RANDY SANTIAGO
6000,Peksman,Siakol
6004,SA MATA MAKIKITA,ROEL CORTEZ
6005,SA PANGARAP,VINA MORALES
6006,SA PUSO KO,OGIE ALCASID
6007,Sana,Kuh Ledesma
6012,Simply Jessie,Rex Smith
6013,Sinabmarin,Andrew E.
6015,So Many Questions,Side A
6016,SPINNING AROUND,KYLIE MINOGUE
6018,TAKE GOOD CARE OF HER,VICTOR WOOD
6019,TANGING IKAW,MARC VELASCO
6020,Ten Guitars,E.Humperdinck
6024,The Promise,Martin Nievera
6025,THE WAY YOU MAKE ME FEEL,RONAN KEATING
6027,THIS IS OUR SONG,CODE RED
6029,TO REACH YOU,REGINE VELASQUEZ
6030,Tunay Na Pag-ibig,April Boys
6032,2 In A Million,S Club 7
6033,"Umaaraw, Umuulan",Rivermaya
6034,Wag Mo Na Sanang Isipin,Gary Valenciano
6035,WAG NA INIT ULO BABY,RIVERMAYA
6036,WHATS NEW PUSSYCAT,TOM JONES
6037,WHERE'S THE GOOD IN GOODBYE,SHARON CUNETA
6039,Wish,Donna Cruz
6040,WISH I COULD,DINGDONG AVANSADO
6041,WITH THESE HANDS,TOM JONES
6042,World Of Our Own,Westlife
6043,You Are The One,Martin Nievera
6044,YOU SHOULD BE DANCING,BEE GEES
6045,YOU WILL BE MY MUSIC,FRANK SINATRA
6046,YOU'RE CLOSER TO ME,MATT MONRO
6054,CORAZ`ON HERIDO,ARIA 8
6068,Honey Pie,The Beatles
6070,I GUESS THAT'S WHY THEY CALL IT THE BLUES,ELTON JOHN
6076,LET ME BE,CASCADES
6090,All About The Money,Meja
6091,ALL I ASK OF YOU,BARBRA STREISAND
6093,Amnesia,Lukas
6096,Bakit Papa,Sexbomb Girls
6100,BREAKING MY HEART,MICHAEL LEARNS TO ROCK
6101,BULONG NG DAMDAMIN,Marissa Sanchez
6103,Chuva Choo Choo,Jolina Magdangal
6105,COUNT ON ME,WHITNEY HOUSTON
6106,CROSS MY HEART,SHARON CUNETA
6107,Crush Kita,Sexbomb Girls
6108,CRY,MANDY MOORE
6109,Dahan-Dahan Naman,Diwata
6110,Di Ko Na Mappigilan,Sexbomb Girls
6112,Forever As One,Vengaboys
6114,I Do Love You,Eddie Peregrina
6115,I Honestly Love You,Olivia Newton John
6117,If Tomorrow Never Comes,Ronan Keating
6118,I'm All About You,Aaron Carter
6119,IN YOUR EYES,KYLIE MINOGUE
6122,Kaya Pala,Pops Fernandez
6125,LITTLE HONDA,BEACH BOYS
6126,LOVING YOU,MINNIE RIPERTON
6128,Marimar,Thalia
6131,Nanabik Sa'yo,Sharon Cuneta
6133,Never Never Never,Linda Ronstadt
6134,NEW YEAR,SUGARBABES
6135,One Last Song,A1
6136,ONLY HOPE,MANDY MOORE
6139,PAKISABI NA LANG,THE COMPANY
6140,PALAGAY KO MAHAL KITA,AIZA SEGUERRA
6142,Pretty Little Baby,Sexbomb Girls
6144,Promise Me,J. Brothers
6145,Sa Aking Pag-iisa,Regine Velasquez
6147,So It's You,Raymond Lauchengco
6149,THAT'S THE WAY IT IS,CELINE DION
6150,The Air That I Breathe,Simply Red
6155,HURTING EACH OTHER,CARPENTERS
6157,A DREAM GOES ON FOREVER,TODD RUNDGREN
6160,A WORD IN SPANISH,ELTON JOHN & BERNIE TAUPIN
6162,Abraham Martin And John,Celine Dion
6169,Bad Habbits,Billy Fields
6178,The Christmas Song,Nat King Cole
6180,CRYSTAL BLUE PERSUASION,TOMMY JAMES&SHONDELLS
6183,Dawn (Go Away),Four Seasons
6184,Day After Day,Badfingers
6188,DIRTY LAUNDRY,DON HENNLEY
6190,The Distance Between Us,Fra Lippo Lippi
6191,DOES MY HEART BEAT NOW,CELINE DION
6196,DUM DUM DIDDLE,ABBA
6200,Enola Gay,OMD
6206,HELLO IT'S ME,TODD RUNDGREN
6210,I LOVE YOUR SMILE,SHANICE
6211,ICICLE,THE CRANBERRIES
6212,Iisang Damdamin,Louie Heredia
6214,It's Still Rock And Roll To Me,Billy Joel
6224,Kahapong Nagdaan,April Boy Regino
6225,Kanto,Siakol
6227,Kind Of A Drag,The Buckinghams
6228,KIND OF A HUSH,HERMAN'S HERMITS
6229,Kamusta Ka,Rey Valera
6234,LADY OF THE NIGHT,E. Humperdick
6238,Somewhere My Love,Ray Conniff
6240,Last Thing On My Mind,Steps
6241,LAY ALL YOUR LOVE ON ME,ABBA
6243,LESSONS OF LOVE,LEVEL 42
6253,Lovin' You,Minnie Ripperton
6255,Lucky Lips,Ruth Brown
6258,Make It Real,The Jets
6262,Maxwell's Silver Hammer,The Beatles
6267,MOONLIGHT SWIM,ELVIS PRESLEY
6270,MOST BEAUTIFUL GIRL,PRINCE
6271,The Most Beautiful Girl,Prince
6272,MOST BEAUTIFUL GIRL IN THE WORLD,FRANK SINATRA
6276,Muling Nagmahal Ang Puso,Jude Michaels
6278,MY CHERIE AMOUR,STEVIE WONDER
6279,MY FATHERS EYES,ERIC CLAPTON
6285,The Night Has A Thousand Eyes,Gary Lewis
6290,NO TELL LOVER,CHICAGO
6294,Now And Forever,Richard Marx
6296,ON MY OWN,MICHAEL MCDONALD
6298,One Day At A Time,Lena Martell
6301,OPIUM,DANIEL BELANGER
6302,OUR DAY WILL COME,FOUR SEASONS
6304,PAG-IBIG KO SA IYO'Y DI MAGBABAGO,MEN OPPOSE
6309,PIPER,ABBA
6312,Poor Little Fool,Ricky Nelson
6313,THE POWER OF LOVE,CELINE DION
6316,RAINING IN MY HEART,LEO SLAYER
6320,ROCK ME,ABBA
6322,RONNIE,FOUR SEASONS
6323,Room With A View,Tony Carey
6327,Runaway,Bon Jovi
6328,Run For Your Life,The Beatles
6330,SALVATION,THE CRANBERRIES
6332,She Works Hard For The Money,Donna Summer
6333,Sikat Na Si Pedro,Phil. Violators
6334,SIMPLY THE BEST,TINA TURNER
6340,Southern Cross,Bing Crosby
6344,Stay Another Day,East 176
6369,Vulnerable,Roxette
6372,HUWAG NA HUWAG,TAGERINE
6373,Kailan Man (Here I Am),Renz Verano
6375,Nerbyoso,Rivermaya
6378,Don't Tell Me,Madonna
6380,I Was Looking For Someone,Leif Garret
6384,SLIPPING THROUGH MY FINGERS,ABBA
6385,Hungry Like A Wolf,Duran Duran
6388,Don't You Forget About Me,Simple Minds
6390,Stronger,Britney Spears
6391,Music Of My Heart,N'sync And Gloria Estefan
6392,Affirmation,Savage Garden
6394,Almost Over You,Sheena Easton
6396,Anyone Can See,Irene Cara
6407,Dear Prudence,The Beatles
6409,Don't Worry Baby,Beach Boys
6411,Friends,Sharon Cuneta
6412,Hanggang Kailan,Michel Ramirez
6413,HERE WE ARE YOU & I,JOSE MARI CHAN
6414,Di Mo Ba Alam,Siakol
6416,HOW COULD YOU LEAVE,REGINE VELASQUEZ
6417,I'll Be There,Mariah Carey
6418,I'm Every Woman,Witney Houston
6420,I'M GONNA MISS YOU,AARON CARTER
6422,I've Just Seen A Face,The Beatles
6427,ILANG TAON AKONG UMASA,RENZ VERANO
6428,It's Probably Me,Sting
6430,Just Another Day Without You,John Secada
6431,KAY TAGAL,APRIL BOY REGINO
6433,LET'S GROOVE,"EARTH, WIND, FIRE"
6435,Long Tall Sally,The Beatles
6436,Love's Been Good To Me,Frank Sinatra
6438,Mahal Mo Ba'y Di Na Ako,Roselle Nava
6439,Marimar,Thalia
6443,Never Be The Same Again,Mel C.
6444,NIGHT FEVER,BEE GEES
6446,OH GILIW KO,ZALDY
6451,SHE'S THE ONE,ROBBIE WILLAMS
6457,You Are The One,Martin Nievera
6458,YOU WERE THERE,Regine  Velasquez
6467,ERRIE MY LOVE,RAY CHARLES
6469,KUMUSTA MGA KAIBIGAN,WENCY CORNEJO
6471,Make It Easy On Me,Steps
6478,You Really Got A Hold On Me,The Beatles
6482,BAKIT KITA MAHAL,APRIL BOY
6483,IT'S GONNA BE LOVE,MANDY MOORE
6484,Kahapon,Rachel Alejandro
6485,KAHIT DI MO PANSIN,JOLINA MAGDANGAL
6486,KAHIT KAIBIGAN LANG,ANTOINETTE TAUS
6487,KUNDI IKAW,GENEVA CRUZ
6488,KUNG AKO BA SIYA,PIOLO PASCUAL
6491,Laging Ikaw Pa Rin,Roselle Nava
6493,Pakiusap,Donna Cruz
6494,PALIGAW-LIGAW TINGIN,ASHLEY IMLER
6495,PARANG ULAP,WADAB
6497,SA ATIN LANG,ANGELIKA
6498,SA PUSO KO,RACHELLE ALEJANDRO
6499,SUKO NA ANG PUSO KO,POPS FERNANDEZ
6501,SMILE LIKE MONALISA,ALL-4-ONE
6502,Special Girl,J. Brothers
6503,STUPID KA RIN,SEX BOMB GIRLS
6504,Sana Bukas Mahal Mo Na Ako,OGIE ALCASID
6506,Utos Ng Puso,Justine Draper
6507,When You're Looking Like That,Westlife
6508,YOUNG AT HEART,FRANK SINATRA
6509,ALIVE,JENNIFER LOPEZ
6510,Asereje,Las Ketchup
6511,EVERGREEN,WESTLIFE
6512,IF YOUR HEART'S NOT IN IT,WESTLIFE
6514,One Love,Blue
6516,Sana,Ogie Alcasid
6517,Someday We'll Know,Mandy Moore
6518,TULOG NA BABY,SEX BOMB GIRLS
6519,UNBREAKABLE,WESTLIFE
6521,Pop,NSYNC
6522,Kailangan Kita,Piolo Pascual
6523,Gentleman,Lou Vega
6525,Emotion,Destiny's Child
6529,All The Things She Said,Tatu
6530,Almost Over You,Sheena Easton
6531,Ang Iibigin Ay Ikaw,Lani Misalucha
6532,"ANO KA, HILO?",GEE GIRLS
6533,Ask For More,F4
6534,AT SEVENTEEN,JANIS IAN
6535,BABALIK-BALIKAN,HAJJI & RACHEL ALEJANDRO
6536,BEAUTIFUL,CHRISTINA AGUILERA
6538,Boracay Baby,Carlos Agassi
6539,Boys Do Fall In Love,Robin Gibb
6541,BROKEN VOW,LARA FABIAN
6542,Can't Lose You,F4
6543,Unbreakable,Westlife
6544,Qing Fei Di Yi,F4
6545,CAN'T HELP FALLIN' IN LOVE,F4
6546,Chi Hua Hua,DJ Bobo
6550,Complicated,Avril Lavigne
6551,COUNT ON ME,WHITNEY HOUSTON
6554,DANCE WITH ME TONIGHT,THE WONDERS
6555,Dedma,True Faith
6559,Escape,Enrique Iglesias
6562,Gentleman,Lou Vega
6563,HANGGANG NGAYON IKAW,OGIE ALCASID
6564,HARANA,Regine Velasquez
6565,Hinahanap-Hanap Kita,Regine Velasquez
6566,Hindi Magbabago,Randy Santiago
6567,How Can I Fall,Breath
6570,I Love You Goodbye,Celine Dion
6571,IF I CAN DREAM,ELVIS PRESLEY
6572,If You're Not The One,Daniel Beddingfield
6573,I'll Never Fall In Love Again,Tom Jones
6574,I'm Gonna Come Back,Michael Learns To Rock
6575,I'm Gonna Getcha Good,Shania Twain
6576,I'M MISSING YOU,MEJA
6577,I'm With You,Avril Lavigne
6578,I'm Over You,Martin McCutcheon
6580,I've Got You,Martin Mccutcheon
6582,Kahit Na,ZsaZsa Padilla
6584,Kaligayahan Natin,Regine Velasquez
6585,Kiss From A Rose,Seal
6586,LIO SING YI,F4
6587,Loaded,Ricky Martin
6588,Love To See You Cry,Enrique Iglesias
6589,Love Me,Martin McCutcheon
6590,Love's Terrain,F4
6592,Lui Sing Yi,F4
6593,MISSING YOU,DIANA ROSS
6594,Missing You,Backstreet Boys
6595,MORE TODAY THAN YESTERDAY,SPIRAL STAIRCASE
6596,MY CONFESSION,RICHARD MARX
6597,My Girl,Phil Collins
6598,Never Surrender,Corey Hart
6599,Ni Yao Di Ai,F4
6600,Ni Yao Di Ai,F4
6601,Nothing Can Compare,Neil Solter
6604,Pangarap Ko Ang Ibigin Ka,Regine Velasquez
6605,Pangarap Na Bituin,Faith Cuneta
6607,Passenger Seat,Stephen Speaks
6608,Perfect Moment,Martin McCutchheon
6609,Pinakamamahal,Louie Heredia
6610,Pretty Baby,Vanessa Carlton
6611,Sa Aking Pag-iisa,Regine Velasquez
6612,SA ATIN LANG,ANGELIKA
6613,Sabi Na Nga Ba,Tootsie Guevarra
6614,Sana,Ogie Alcasid
6615,Season Of FireWorks,F4
6616,Settling,Tara Mclean
6617,Sk8ter Boi,Avril Lavigne
6620,Spageti Song,Sexbomb Girls
6621,Special Girl,J. Brothers
6622,Tayong Dalawa,Regine Velasquez
6623,Te Amo,F4
6624,TELL HIM,C.DION & B.STREISAND
6626,THAT'S THE WAY (I LIKE IT),BACKSTREET BOYS
6627,The Tide Is High,Atomic Kitten
6628,The Cheeky Song,Cheeky girls
6630,This Guy's In Love With You Pare,Parokya Ni Edgar
6631,Ti Li Shi Chyen,F4
6634,TO LOVE YOU MORE,CELINE DION
6636,TOO LATE TOO SOON,JON SECADA
6637,Underneath Your Clothes,Shakira
6639,UTOS NG PUSO,JUSTINE DRAPER
6642,WALANG HANGGAN,ELLA MAY SAISON
6644,Welcome To The Fun Club,Meja
6645,WHAT'S ON THE OTHER,MARTIN NIEVERA
6646,When You Believe,Mariah Carey
6647,When You're In Love With A..,Dr. Hook
6648,WHENEVER I CALL YOU..,JOHNSON & KRAUSS
6649,"Whenever, Wherever",Shakira
6652,Wild Women,Michael Learns To Rock
6653,I Truly Love You,F4
6654,I Truly Love You,F4
6655,I Truly Love You,F4
6656,Would You Be Happier,The Corrs
6659,Dahil Tunay Ang Pangako,Nitoy M.
6661,Dreams,The Cranberries
6664,I'm Glad,J.Lopez
6666,KAHIT SINO(LABAN O BAWI),SEXBOMB GIRLS
6667,Kiss Sabay Hug,Sexbomb Girls
6670,Linger,The Cranberries
6673,Magsaya Ng Magsaya,Rainbows
6674,Mahal Kita Kahit Kailan,Junior
6675,NEVER EVER,ALL SAINTS
6677,Pakinggan Mo,Sarah Geronimo
6681,Sa'Yo Pa Rin,Alex M.
6683,Sana Ay Nandito Ka,Regine Velasquez
6684,SHE'S THE ONE,ROBBIE WILLAMS
6685,Someday I'll Be Saturday Night,Bon Jovi
6686,Spageti,Sexbomb Girls
6692,You Make Me Sick,Pink
6693,Can't Lose You,F4
6697,Cloud Number 9,Bryan Adams
6698,Objection,Shakira
6701,Pakisabi Na Lang,Aiza Seguerra
6704,LAKAS TAMA,SIAKOL
6706,Sana'y Sabihin Mo,Vina Morales
6707,Queen Of My Heart,Westlife
6710,PALAGAY KO MAHAL KITA,AIZA SEGUERRA
6711,Buloy,Parokya ni Edgar
6712,World Of Our Own,Westlife
6714,Brown Eyes,Destiny' Child
6716,EVERGREEN,WESTLIFE
6720,ANG SARAP-SARAP NG..,MARICEL
6721,Ano Ang Babaguhin Ko...,Siakol
6723,Araw Ng Pasko,Fruit Cake
6724,ARAW-ARAW,BOYFRIENDS
6725,Aso,Siakol
6727,"Ayan Na, Sige Pa",Marissa Sanchez
6728,AYOKO NA SA YO,SIAKOL
6729,Ayoko Ng Isipin Pa,J. Brothers
6730,Bagong Taon Na Naman,Siakol
6732,Bakit Di Mo Sinabi,Teresa
6733,Bring Me Down,Rico Blanco
6735,Careless Whisper,Sharon Cuneta
6737,CHERISH,THE ASSOCIATION
6738,Crazy Tagalog,Renz Verano
6739,Di Mo Ba Alam,SIAKOL
6740,Di Na Muling Iiwan,Maricel
6741,Diyan Sa Buhay Mo,Siakol
6743,Don't Say Goodbye,Eddie Peregrina
6745,FOLLOW ME,JOHN DENVER
6746,Forgiven Not Forgotten,The Corrs
6747,Gising Na,Parokya Ni Edgar
6748,Give Me A Sign,Eddie Peregrina
6751,I Lay My Love On You,WestLife
6753,Magbati Na Tayo,Marissa Sanchez
6754,Mahal Na Mahal Kita,Ransa C.
6756,One Love,Blue
6758,Pangako Ko,Ogie Alcasid
6759,The Past,Ray Parker
6760,The Promise,Plus One
6761,The Right Time,The Corrs
6762,Ito And Trip,Parokya Ni Edgar
6763,Tunay Na Tunay,Tootsie Guevarra
6765,Up Up And Away,5th Dimension
6767,Uptown Girl,Westlife
6768,Wagas,Maricel
6769,YOU MUST LOVE ME,MADONNA
6770,You Sang To Me,Marc Anthony
6775,Alam Mo Ba,Marissa Sanchez
6776,Anak Ng Kuwan,Joey De Leon
6777,Ayoko Ng Maligo,Joey De Leon
6780,Baby I Love You,J Brothers
6782,Basta't-Basta,True Faith
6785,Beh Buti Nga,Parokya Ni Edgar
6786,Bongga Ka 'Day,Ogie Alcasid
6787,Dahan-Dahanin Mo,Marissa Sanchez
6792,EVERYTHING,JODY WATLEY
6793,Fairshare,Ogie Alcasid
6794,Habang Buhay Kitang Mamahalin,Manilyn Reynes
6796,In My Life Medley,Aiza Seguerra
6798,PALAGAY KO MAHAL KITA,AIZA SEGUERRA
6800,The Things We Never Did,A1
6802,To Love Again,Sharon Cuneta
6803,TORN BETWEEN TWO LOVERS,MARY MACGREGOR
6804,You and I(Together Forever),Rico J. Puno
6805,Aangkin Sa Puso Ko,Vina Morales
6806,Sabik Na Sabik,Gee Girls
6808,Forever As One,Vengaboys
6809,Amnesia,Lukas
6810,CROSS MY HEART,SHARON CUNETA
6811,Sa Isip Ko,Agot Isidro
6812,Nanabik Sa'yo,Sharon Cuneta
6814,SORRY NA,PAROKYA NI EDGAR
6815,COOL KA LANG,PRETTIER THAN PINK
6819,IKAW,SHARON CUNETA
6820,KUNG SINO PANG..,MANILYN REYNES
6823,Sa Kanya,Ogie Alcasid
6824,WHEN YOU'RE LOOKING,WESTLIFE
6825,If You're Heart's Not,Westlife
6826,Kahit Isang Saglit,Martin Nievera
6827,Kung Mawawala Ka,Ogie Alcasid
6835,Lagim,Siakol
6837,SANA BUKAS MAHAL MO,OGIE ALCASID
6838,What Am I Living For,Eddie Peregrina
6839,Bee Gees Medley,Bee Gees
6840,BEST IN ME,BLUE
6842,Close,Westlife
6847,Sabi Na Nga Ba,Tootsie Guevarra
6848,Same Old Brand New You,A1
6849,Sana'y Dumating Ka Na,Vina Morales
6850,Mr. Suave,Parokya Ni Edgar
6854,Huwag Ka Lang Mawawala,Ogie Alcasid
6856,Till I Loved you,Barbara Streisand
6861,Everyday,Bon Jovi
6863,Eyes On Me,FF8 Theme Song
6866,How Can I Fall,Breath
6867,IKAW LANG PALA (QING FEI TE YI),MICHAEL JOHN
6868,Ain't It Funny,Jennifer Lopez
6870,It's Ok,Atomic Kitten
6874,Later,Fra Lippo Lippi
6875,Memory,Barry Manilow
6877,NEVER EVER,ALL SAINTS
6878,A New Day Has Come,Celine Dion
6880,Next 100 Years,Bon Jovi
6884,Peksman,Siakol
6886,Rock DJ,Robbie Williams
6887,Rosemary Blue,Neil Sedaka
6888,Run Samson Run,Neil Sedaka
6891,So Many Questions,Side A
6892,Summer Of '69,Bryan Adams
6895,THAT OLD BLACK MAGIC,FRANK SINATRA
6897,The Way I Feel,Air Supply
6898,Think I'm In Love,Paul Anka
6899,This Ain't A Love Song,Bon Jovi
6900,Through The Rain,Mariah Carey
6903,Up,Shania Twain
6909,You Belong To Him,The Duprees
6910,You Make Me Feel So Young,Frank Sinatra
6911,You Rock My World,Michael Jackson
6912,By The Way,Red Hot Chili Peppers
6913,You Will Be My Music,Frank Sinatra
6914,Your's Until Tomorow,Engelbert Humperdinck
6915,AKO AY IKAW RIN,NONOY ZUNIGA
6916,Ako'y Maghihintay,M.Bautista and S.Geronimo
6917,ALAY SA'YO,VIC J
6920,Love Is For Singing,Apo Hiking Society
6922,Dahil Minamahal Kita,Scyld
6923,Californication,Red Hot Chili Peppers
6925,DEJAVU,DIONNE WARWICK
6928,BAKIT DI KITA MALIMOT,CENON LAGMAN
6929,Even The Night Are Better,Air Supply
6930,HERE WE ARE,F4(KEN ZU)
6931,From The Bottom Of My Broken Heart,Britney Spears
6932,Our Last Song Together,Neil Sedaka
6935,GOT TO HAVE YOU,F4(JERRY YAN)
6936,Have You Ever,S Club 7
6940,I'm Over You,Martin McCutcheon
6941,Jealous,Nina
6942,Kanlungan,Noel Cabangon
6947,Lonely Is The Night,Air Supply
6949,MALCHIK GAY,TATU
6952,Try It On My Own,Whitney Houston
6954,Take Me Home,Sophie Bextor
6955,Tila,Lani Misalucha
6956,Sooper Baby Luv,Sooper Babes
6958,I Wanna Play Bey Blade,Sooper Babes
6959,Johnny Angel,Sooper Babes
6961,"ANO KA, HILO?",GEE GIRLS
6964,Crush,Mandy Moore
6965,CRY,MANDY MOORE
6966,DADALHIN,REGINE VELASQUEZ
6968,DI KO KAYANG TANGGAPIN,APRIL BOY REGINO
6971,Drowning,Backstreet Boys
6972,April Boy Medley,April Boy
6974,E.Humperdinck Medley,E.Humperdinck
6975,Farewell,Raymond Lauchengco
6976,Forever Blue,Cacai Velasquez
6978,GENIE IN A BOTTLE,CHRISTINA AGUILERA
6979,Giliw,Regine Velasquez
6982,Lucky,Britney Spears
6983,Bakit Ngayon Ka Lang,Freestyle feat. Pops Fernandez
6984,Make Me A Love Song,L.A.Lopez
6991,Rey Valera Medley,Rey Valera
6992,Tragedy,Steps
6994,Booba,Ruffa Mae Quinto
6995,Breathless,The Corrs
6997,Can't Get You Out Of My Head,Kylie Minogue
7001,A Matter Of Trust,Billy Joel
7007,Runaway,Bon Jovi
7011,Softly,Apo Hiking Society
7013,All The Way,Johnny Mathis
7015,Take Good Care Of My Baby,Bobby Vee
7018,THERE MUST BE AN ANGEL,EURYTHMICS
7022,When I Met You,Apo Hiking Society
7023,When Will You Say I Love You,Billy Flurry
7025,When You Say Nothing At All,Ronan Keating
7027,WILD WORLD,MR. BIG
7028,Without You,Badfinger
7035,Alone Again Naturally,Alex M.
7036,YOU MAY BE RIGHT,BILLY JOEL
7039,You'll Never Walk Alone,Frank Sinatra
7045,You've Got A Way,Shania Twain
7047,Unbreak My Heart,Toni Braxton
7048,Thriller,Michael Jackson
7052,Pasko Ang Araw Ng Pag-ibig,Siakol
7055,Till There Was You (Live),The Beatles
7057,Always,Atlantic Star
7058,Nobody Wants To Be Lonely,Ricky Martin ft Christina Aguilera
7059,Michico Latino,Gerri Halliwell
7060,Dub I Dub,Me And My
7062,Araw Ng Pasko,Fruit Cake
7065,Maligayang Pasko,Siakol
7067,Ang Hanap Ko Ay Yong Pag-ibig,Michelle Ayala
7070,Can't Help Fallin(Tagalog),Josh Santana
7071,COFFE CUP,PAOLO SANTOS
7073,Forever Is Not Enough,Sarah Geronimo
7074,HANGGANG NGAYON,MARTIN NIEVERA
7075,I LOVE ROCK 'N ROLL,BRITNEY SPEARS
7076,Kun'di Rin Lang Ikaw,True Faith
7077,LUMANG TUGTUGIN,APO HIKING SOCIETY
7078,Make It Real,The Jets
7079,Ang Bawat Gawin Ko,Dyna
7080,White Flag,Dido
7081,MAPANSIN,PAOLO SANTOS
7083,Misss Kita Kung Christmas,Sahron Cuneta
7084,Moonlight Over Paris,Paolo Santos
7088,Perfect,Simple Plan
7089,Saan Ka Na Kaya Ngayon,Anna Feigi
7092,Swing Swing,All American Rejects
7093,Syotang Pa-Class,Apo Hiking Society
7096,DIRRTY,Cristina Aguilerra
7097,Yesterday,The Beatles
7098,Where The Boys Are,Connie Francis
7099,ALWAYS AND FOREVER,MARIAH CAREY
7100,SEXY MUSIC,NOLANS
7101,Meteor Rain,F4
7103,Choose To Forgive,Nonoy Zuniga
7104,Close,Paolo Santos
7106,Gaya Ng Dati,Gary Valenciano
7110,Ang Tangi Kong Pag-ibig,Fernando Poe Jr.
7112,Ako Na Lang Ang Lalayo,Chino Roces
7114,Kung Gusto Mo Gusto Ko Pa,APO
7120,Ang Tao'y Marupok,Rico J. Puno
7121,In Your Hands,M. SISON
7123,IKAW LANG,SMOKEY MOUNTAIN
7127,Sa Tamang Panahon,Rommel G.
7128,Sana Bukas Mahal Mo,Ogie Alcasid
7129,Sana Do,Andrew E.
7130,Sana Ikaw,Piolo Pascual
7133,SOMEDAY,SUGAR RAY
7134,Beatles Medley(Stars on 45),The Beatles
7135,Anna,Apo Hiking Society
7136,Strong,Robbie Williams
7137,Tayo'y Magsayawan,VST & Co.
7138,Tunay,Miles
7140,Venus,Sexbomb Girls
7141,Walang Sigla,Ella
7145,Anyone Can See,Ogie Alcasid
7146,Anytime,Janet Jackson
7148,Around The World,Marlyn Monroe
7150,Astrud,Basia
7152,Autumn Leaves,Tony Bannett
7153,AWIT NG BARKADA,APO HIKING SOCIETY
7156,Awitin Mo At Isasayaw Ko,VST & Company
7157,Ayoko Na Sana,Ariel Rivera
7160,Baby Come Back To Me,Michael Bolton
7163,Back In the USSR,The Beatles
7165,Bad To Me,Billy J. Kramer
7166,BAD,MICHAEL JACKSON
7167,Bakit Babae,Apo Hiking Society
7171,BARBARA ANN,BEACH BOYS
7181,Birds And The Bees,Winnie Santos
7183,Blue Jeans,Apo Hiking Society
7187,Born To Be Alive,Patrick Hernandez
7189,Breaking Up Is Hard To Do,N. Sedaka
7194,Burn,Tina Arena
7195,Buses And Train,Bachelor Girl
7199,By Your Side,Lovely M.
7200,CALIFORNIA GIRLS,BEACH BOYS
7203,Don't Worry Be Happy,Robert Mcferrin
7204,Ewan,Apo Hiking
7205,Forever Is Not Enough,Sarah Geronimo
7206,Girls Just Wanna Have Fun,Cindi Lauper
7210,Honesty,Billy Joel
7212,Ibigin Mo Mahal,Sessionist
7213,Kahit Anong Oras,Ricky Garcia
7215,Kumot At Unan,APO Hiking Society
7217,Mandy,Barry Manilow
7220,All My Love,VICTOR WOOD
7221,Ako'y Isang Pinoy,Chico Chikas
7225,All In Love Is Fair,Stevie B.
7227,Never Be The Same Again,Mel C.
7229,Shooting Star,F4 (Yellow)
7230,Ask For More,F4
7231,DAN NI BU HUAI,F4
7235,Maybe,King
7238,Kahit Kaibigan Lang,April Boy
7241,Kung Ok Lang Sayo,True Faith
7242,KUNIN MO NANG LAHAT,FOURMULA
7243,LAGING TAPAT,JOLINA MAGDANGAL
7244,MAHAL KA SA AKIN,TOOTSIE GUEVARRA
7247,Bye Bye Bye,NSYNC
7248,It's Gonna Be Me,NSYNC
7249,Paano Ang Puso Ko,April Boy
7250,Pagmamahal,Miles
7251,PASUMPA-SUMPA KA PA,ALYNNA
7254,Life Is A Rollercoaster,Ronan Keating
7255,ROSALINDA,THALIA
7256,Flying Without Wings,Westlife
7257,Salamat Sa Iyo,April Boy Regino
7259,Sex Bomb,Tom Jones
7260,The Shadow Of Your Smile,Brenda Lee
7261,Fool Again,Westlife
7265,Come and Get It,Good Guys
7267,OOPS (I DID IT AGAIN),BRITNEY SPEARS
7268,Bigong Pag-ibig,Renz Verano
7272,Di Ko Kayang Tanggapin,April Boy Regino
7273,Alam Mo Ba,ARA MINA
7276,BANYO QUEEN,ANDREW E.
7279,Esperanza,April Boy Regino
7282,I CAN,DONNA MIKEE REGINE
7283,If,Nelson Del Castillo
7284,Kahit Na,Ogie Alcasid
7293,We Don't Talk Anymore,Cliff Richard
7294,Fame,Irene Cara
7296,Remember Me This Way,JORDAN HILL
7298,SHATTERED DREAMS,JOHNNY HATES JAZZ
7299,She Loves You,The Beatles
7300,I Don't Want To Spoil The Party,The Beatles
7304,Father Figure,Wham
7306,Everybody (Backstreet's Back),Backstreet Boys
7308,I Want It That Way,Backstreet Boys
7315,Love Me For What I Am,The Carpenters
7319,Another Somebody,B.J.Thomas
7321,Nerbyoso,Rivermaya
7324,Angel,Shaggy
7326,CARWASH,Andrew E.
7327,Ewan,Apo Hiking
7328,HEAD TO TOE,LISA LISA & ...
7331,BAKIT MO INIWAN,MELISSA GIBBS
7334,MOST BEAUTIFUL GIRL,PRINCE
7336,It's Raining In My Heart,Lee Towers
7341,One,Heart Evangelista
7343,Oops Aay,Viva Hotbabes
7344,OUT OF REACH,GABRIELLE
7346,Rock Baby rock,VST & Co.
7351,2nd Floor,Nina
7352,When You Look At Me,Christina Millian
7353,What Took You So Long,Emma Bunton
7354,Tatlong Araw,Parokya Ni Edgar
7355,Aangkin Sa Puso Ko,Vina Morales
7356,Absorbing Man,Parokya Ni Edgar
7360,BABY BOY,BEYONCE
7362,Better Man,Robbie Williams
7366,Chikinini,Parokya Ni Edgar
7371,Hot Babes,Viva HotBabes
7375,Like I Love You,Justin Timberlake
7376,Anytime,Kelly Clarkson
7379,Crazy Inlove,Beyonce
7383,Hollywood,Madonna
7384,Hunter,Dido
7391,Keep On Loving You WO NAN GO,Renz Verano
7392,Just A Smile Away,Luke Mijares
7393,I Want You,Thalia ft Fat Joe
7394,I'M STILL REMEMBERING,THE CRANBERRIES
7395,Gold,Spandau Ballet
7397,Di Mo Ba Alam,Siakol
7398,Cold Summer Nights,Arnee Hidalgo
7402,Alabang Girls,Andrew E.
7403,Andrew ford Medina,Andrew E.
7404,As We Dance,Paolo Santos
7405,Mahirap Ang Maging Pogi,Andrew E.
7406,Maniwala Ka Sana,Parokya Ni Edgar
7407,My Strongest Suit,Spice Girls
7408,Sa Iyo,Sarah Geronimo
7410,Sorry Na Lang,Aubrey Miles
7411,The Yes Yes Show,Parokya Ni Edgar
7412,Pinakamamahal,Aiza Seguerra
7413,Power Of Two,Aiza Seguerra
7416,Because Of You,Paolo Santos
7417,Dati Pa,Aiza Seguerra
7418,Di Ko Na Kaya,CARMELA CUNETA
7419,Hiram,Zsa Zsa Padilla
7420,Ikaw,Carmela Cuneta
7422,Kung Kailan Wala Ka Na,Jolina Magdangal
7423,Maghihintay Sa Iyo,Carmela Cuneta
7425,Pito-Pito,Willie Revillame
7426,Umiibig Na,Ann Jomeo
7430,Back To You,John Mayer
7431,Bukas Sana,Regine Velasquez
7432,Dati Pa,Aiza Seguerra
7433,Di ko na kaya,Carmela Cuneta
7434,Ikaw,Carmela Cuneta
7437,The Memory Of Him,Denise Laurel
7438,Narito Ang Puso Ko,Sarah Geronimo
7439,Sa Iyo,Sarah Geronimo
7441,Wag Ka Nang Lalayo,Aiza Seguerra
7443,ANG GUSTO NAMIN,SEXBOMB GIRLS
7444,Baby Ang Sarap,Sexbomb Girls
7445,Bakit Di Mo Na Kaya,Divo
7446,Bakit Ka Lumayo,OGIE ALCASID
7447,Billy S,Skye Sweetnam
7448,Di Pwede Yan,Sexbomb Girls
7450,Here In My Heart,Plus One
7451,I GOT YOU BABE,SONNY & CHER
7456,Kung Ako'y Magkakajowa,Sexbomb Girls
7457,Loveless,Sexbomb
7458,MISSING YOU,TINA TURNER
7459,Nasaan Ka Na,Nyoy Volante
7460,QUESTION OF FAITH,LIGHTHOUSE FAMILY
7461,Show Me Your Love,F4(Ken)
7462,THAT'S WHEN I LOVE YOU,ASLYN
7463,The Ghost Of You,Michael Learns To Rock
7465,Walking In The Rain,A1
7467,WHO LET YOU CRY,VANESS WU
7468,Why Can't I,Tom Jones
7469,Ain't No Way To Treat A Lady,Helen Reddy
7472,Pamela Wan,Vhong Navarro
7473,Bachelor Boy,Cliff Richard
7476,Blue Night,Michael Learns To Rock
7477,Brand New Key,Melanie Safka
7480,Bulag Na Pag-ibig,Sheila Marie
7481,CALL ME RESPONSIBLE,JACK JONES
7482,CAN YOU READ MY MIND,MAUREEN MCGOVERN
7483,Can't Fight The Moonlight,Lean Rhymes
7485,Chances Are,Johnny Mathis
7487,Chivachocho,Jolina Magdangal
7489,ELECTRIC BLUE,THE CRANBERRIES
7490,Feel,Robbie Williams
7491,FOOLS RUSH IN,RICK NELSON
7492,FOR THE REST OF MY LIFE,LOUIE HEREDIA
7493,Free Again,Jack Jones
7496,HAWAK MO ANG PANAHON,BASIL VALDEZ
7499,I NEVER DREAMED SOMEONE LIKE YOU,CATHY IRVING
7500,I Think I Love You,Parridge Family
7503,IT'S NOT FOR ME TO SAY,JOHNNY MATHIS
7504,It's Raining Men,Gerri Halliwell
7505,Just Say I LOve Him,Timi Yuro
7506,Just Tell Her Jim Said Hello,Elvis Presley
7507,KUNG AKO'Y IIBIG MULI,ANNA DIZON
7508,LALABAS SANA AKO,SELINA SEVILLA
7509,Last Flight Out,Plus One
7510,MAHAL GINAGABI KA NA NAMAN,GERALDINE
7513,MINSAN-MINSAN,CLAIRE
7514,MY WORLD KEEPS GETING SMALLER,NEIL SEDAKA
7517,ONLY I,DIANNE DELA FUENTE
7518,Pamela Wan,Vhong Navarro
7524,THE ONLY THING THAT,BRYAN ADAMS
7525,THE SHOOP SHOOP SONG,WHITNEY HOUSTON
7527,THIS GIRL HAS TURNED INTO A WOMAN,MARY MacGREGOR
7529,"UMAARAW, UMUULAN",RIVERMAYA
7530,We Could Have It All,Maureen McGovern
7531,Kayo Na Pala,Ogie Alcasid
7532,Malaya Ka Na,Lani Misalucha
7535,A DREAM GOES ON FOREVER,TOD RUNDGREN
7537,(You Drive Me) Crazy,Britney Spears
7542,Aanhin Pa Ang Pag-ibig,Kathleen
7544,A Man and A Woman,Engelbert Humperdick
7545,A Place For The Winter,Lettermen
7547,A Taste of Honey,The Beatles
7548,A VERY SPECIAL LOVE,MAUREEN MCGOVERN
7550,98.6,KEITH
7551,Better Man,Ogie Alcasid
7552,Across The Universe,The Beatles
7555,Ain't No Way To Treat A Lady,Helen Reddy
7556,Ain't No Stopping Us Now,Mc Fadden
7558,Ako Ay Sa'yo Lang,Weird
7560,Alab ng Puso,Rivermaya
7561,Alabang Girls,Andrew E.
7564,Pamela Wan,Vhong Navarro
7565,44 k softly,Apo Hiking Society
7573,Because I Want You,Thalia
7574,Loveless,Sexbomb
7575,Macho Gwapito,Rico J.Puno
7576,Madelyn,April Boy
7577,Magnifica,VST & CO.
7580,Nadevelop,Tin Arnaldo
7581,Pakita Mo,VST & Co.
7583,Pwede Ba Malaman Mo,Lito Camo
7584,Pwede Ba,VST And Co.
7585,Salawikain,Apo Hiking Society
7587,Shakespear In Love,Layla Kalif
7588,Sorry Na Lang,Aubrey Miles
7589,SWING IT BABY,VST & CO.
7590,What Do I Do,Nyoy Volante
7591,When You Smile,Arnee Hidalgo
7592,Why,Avril Lavigne
7593,You're My You,Nyoy Volante
7595,Kung Ibibigay Sa Yo,Nina
7596,Bring Me Down,Rivermaya
7598,Chocolatte,Parokya Ni Edgar
7600,Hindi Ko Akalain,VST & CO.
7601,Di Pwede Yan,Sexbomb Girls
7602,I'm Going To Heaven,Nina
7604,Huwag Masanay Sa Pagmamahal,Apo Hiking Society
7605,Ikaw Lamang Ang Buhay Ko,Ogie Alcasid
7606,Just Smile Away,Luke Mijares
7607,Kahit Sino,Sexbomb Girls
7608,KAIBIGAN KASAMA MO AKO,APO HIKING SOCIETY
7609,Ikaw Lamang Mahal,April Boy Regino
7610,Ikaw Parin Pala,Ogie Alcasid
7611,Kayo Na Pala,Ogie Alcasid
7612,Kiss Sabay Hug,Sexbomb Girls
7613,Kiss Kiss,VST & CO.
7614,Kumot At Unan,APO Hiking Society
7615,Bakit Sayo Pa,Roel Cortez
7616,Iba Ka Sa Lahat,Roel Cortez
7617,Iniibig Kita,Roel Cortez
7620,Alay Ko Sa'yo,Carmela Cuneta
7621,Bahala Na,Jolina Magdangal
7624,Canton,Joey De Leon
7625,Chances,Air Supply
7627,ENDLESS LOVE 1 THEME,LARA MORENA
7631,Maghihintay Ako,Carmela Cuneta
7632,Muling Mahiram,Anton Diva
7634,Kahit Mahirap Lang,April Boys
7637,Kung Kailan Wala Ka Na,Jolina Magdangal
7638,Last Love Song,Heart Evangelista
7639,Madalas Kung Minsan,Aiza Seguerra
7640,Narito Lang Ako,Vina Morales
7641,SA YONG PAGLISAN,ELAINE LEE
7642,Pamela Wan,Vhong Navarro
7643,Papromise Promise,April Boys
7645,Umiibig Na,Ann Jomeo
7646,Huwag Ka Nang Umiyak,True Faith
7648,I Wanna Play Bey Blade,Sooper Babes
7649,Di Madadala Sa Langit,April Boy Regino
7650,THE DISTANCE..,FRA LIPPO LIPPI
7651,DJ Ng Aking Radyo,April Boy Regino
7652,Fastfood Song,F.Food Rockers
7655,Kailan Kita Mamahalin,Anna Feigi
7656,Maibabalik Ko Ba,Josh Santana
7657,Maybe,Neocolors
7658,KAILANGAN I-MEMORIZE,SOOPER BABES
7659,Picha Pie,Parokya Ni Edgar
7660,Pito-Pito,Willie Revillame
7661,Solitaire,Carpenters
7663,Sabi Ng Kanta,Aiza
7664,Show Me Your Love,F4
7665,"Stop, Think",Aliya Parcs
7666,To Where You Are,Josh Groban
7667,Toxic,Britney Spears
7669,Your Body Is A Wonderland,John Mayer
7670,Bye Bye Na,Rico Blanco
7672,Kiss Sabay Hug,Sexbomb Girls
7673,Beinte Beinte,Gee Girls
7675,Malaya Ka Na,Lani Misalucha
7677,Balisong,Rivermaya
7678,Cruisin',Gwyneth Paltrow & Huey Lewis
7679,Stacy's Mom,Fountain Of Waine
7681,Everytime,Britney Spears
7682,Ba't Di Mo Pagbigyan,King
7684,Back To You,John Mayer
7685,If You Come Back,BLUE
7690,KAILAN KITA MAMAHALIN,ANNA FEGI
7691,I Need To Be Next To You,Leigh Nash
7692,No Such Thing,John Mayer
7694,You've Made Me Stronger,Regine Velasquez
7698,Take My Breath Away,Emma Bunton
7699,Breathe Easy,Blue
7701,Obvious,Westlife
7702,Guilty,Blue
7705,Come On In Out Of The Rain,Sheryn Regis
7706,Sasakyan Kita,K & The Boxers
7707,Rainbow,South Border
7709,Ako Ay Para Sa Iyo,Edwin Roces
7710,My Labs,Lovely
7713,Alipinin Mo Ako,Crisel Perez
7717,Ang Saya Ng Puso,Maylo Mulach
7718,Ayoko Na Kitang Makita,Penoy
7721,Alam Kong Alam Mo,A. Flores
7724,Alfie,Matt Monro
7725,Batuta,Roger Dames
7728,Hanggang Sa Huli,MAnnie Mesina
7730,Here Today Gone Tomorrow,Ray Conniff
7732,Sa Buhay Ko'y Ikaw Lang,Eric Cui
7735,Langit Sa Lupa,Egay Monsalvo
7736,Lihim Kang Mahal,Nikki Valdez
7737,Nagiisa,Rannie Raymundo
7738,Nakakabaliw Ka Babe,L. Lopes
7739,Nandito Lang Sa Tabi,Roman F.
7741,Noo'y Pasko Rin,Roselle Nava
7742,Paalam Sinta,Nikki Vargas
7743,Paano Makakasiguro,Lovely Mesina
7744,Paano na Ba,Roxy
7745,Padjakero,Jojit Pelaez
7746,Pag Nag-iisa,Philip Kolin
7748,Para Lang Sa 'Yo,Edmon Tumana
7749,Parang Boomerang,Blazing Star
7750,Patawad Baby,Ariel Rivera
7751,Sa Paskong Ito,Ariel Rivera
7752,Sa Tuwina,Sheila Mae
7754,Sabihin Man Nilang Baliw Ako,Laarni Mendoza
7755,Sagutin Mo Na Ko,Willie Revillame
7757,Todo Na Ito,Edmon Lina
7759,6 Feet,Anton Diva
7761,Akala Mo Cute Ka,Joey De Leon
7762,Ang Aking Lola,Dodie
7765,Baliw Ako Sa Iyo,Sheila Mae
7767,Brickin',Paolo Santos
7768,Could Be Wrong,M.Y.M.P.
7769,Crush Mo Ko Noh,M.Y.M.P.
7770,GOTHAM CITY,R.Kelly
7771,Halika Baby,Lovely Mesina
7773,Hey Pansinin Mo,Segundo Matias
7774,Hole In The Head,Sugababes
7775,Huwag Kang Lalayo,Aiza Seguerra
7777,I'm Sorry,Bituin Escalante
7779,Intuition,Jewel
7780,Sakaling Mahalin Mo,Rannie Raymundo
7781,Kung Ako Ay Mag-Aasawa,Miles
7782,Sana Magbalik,Mannie Mesina
7784,Liar,Sandara P.
7786,Madalas Kung Minsan,Aiza Seguerra
7787,May Iba Pa,Aiza Seguerra
7790,Pag-Ibig Mo Pala,Aiza Seguerra
7791,Palaging Luhaan,Mariel
7792,Pink Palaka,Andrew E.
7794,Aking Susundin,Leny Prieto
7795,Sorry Seems To Be The Hardest Word,Blue Feat. Elton John
7797,Ingat Ka,Claudine Barreto
7801,Sway,Bic Runga
7803,Come Clean,Hillary Duff
7804,So Yesterday,Hillary Duff
7807,Naughty Girl,Beyonce
7808,Baw Waw,Joey De Leon
7809,Hey Ya,Outkast
7810,Tanggap Ko,Nyoy Volante
7812,DI KO KAYA,ERIC SANTOS
7813,"Hanggang Saan, Hanggang Kailan",Ogie Alcasid
7816,Alaala,True Faith
7817,Alipin Ako,Mari V. Saturno
7820,Anong Dali Sabihin,Ladine Roxas
7821,Anticipating,Britney Spears
7823,As We Dance,Paolo Santos
7825,Bakal Na Rehas,No Bail Band
7826,Bakit Iniwan Na,Freestyle
7827,Baliw,Mark Bautista
7828,Beep Beep Beep,Willie Revillame
7829,Beside You,Akafellas
7830,Boys Don't Cry,Plumb
7832,Choto Matte Kudesai,Sex Bomb
7833,Chuwariwap,Gee Girls
7834,Come Away With Me,Norah Jones
7837,THIS IS THE MOMENT,ERIK SANTOS
7838,Eto Na,Paolo Santos
7839,Faith In Me,Mandy Moore
7841,Fall On Me,Moonstar 88
7843,Fool,Paolo Santos
7844,The Greatest Love Affair,Martin Nievera
7845,How Did I Fall In Love,Backstreet Boys
7846,I Do,Lisa Loeb
7847,I'm Sorry,Moonstar 88
7850,Me Againts The Music,Britney Spears
7851,Nais Ko,Side A
7852,Natural,S Club 7
7853,One In A Million,Bosson
7855,Overprotected,Britney Spears
7859,Tinitiis Ko,Noel Cabangon
7860,The Voice Within,Christina Aguilera
7861,The Way You Look At Me,Christian Bautista
7862,A THOUSAND MILES,VANESSA CARLTON
7863,Ako'y Maghihintay,Sarah And Mark
7864,BABAE PO AKO,TUESDAY
7865,Biglaan,6cycle Mind
7868,Daisy Siete,Sexbomb Girls
7869,Don't Tell Me,Avril Lavigne
7872,A Girl Can Dream,Nina
7873,Halukay Ube,Sexbomb Girls
7875,Ibulong Sa Hangin,Sarah Geronimo
7876,I Did It For You,Westlife
7877,Kailan Kaya,Sheryn Regis
7878,Kailan Pa Ma'y Ikaw,Christian Bautista
7881,A Little Bit,M.Y.M.P.
7882,Make You Mine,Nina
7883,Selosa,Andrea
7884,Miracle,Christian Bautista
7886,Nasaan Ka Na,Nyoy Volante
7887,ONE OF THESE DAYS,BARRY MANILOW
7889,Pagbigyan Muli,Erik Santos
7893,Sa Piling Mo,Regine Velasquez
7894,Sa Puso Ko,Vina Morales
7896,Summer Sunshine,The Corrs
7898,Take Me To Your Heart,Michael Learns To Rock
7899,TELL HIM,DION & STREISAND
7900,What If,Nina
7901,Hands To Heaven,Christian Bautista
7904,You've Got To Hide Your Love Away,The Beatles
7907,The Best Of Me,Bryan Adams
7908,Calling Your Name,Geri Halliwell
7911,Di Ko Na Makaya,FRED LIMOS
7915,BE WITH YOU,ENRIQUE IGLESIAS
7916,"ERASE,REWIND",THE CARDIGANS
7919,THREE COINS IN A FOUNTAIN,FRANK SINATRA
7925,Hanep Sexy,Joey De Leon
7927,Hopeless Romantic,The Company
7930,I'm Sorry,Bituin Escalante
7931,YOU ARE SO BEAUTIFUL,JOE COCKER
7932,Kaibigang Tunay,R.  Reynoso
7934,KUNG PAPIPILIIN,SARAH GERONIMO
7935,Lana,Roy Orbison
7937,Love Ain't,Take That
7939,Milk And Toast Honey,Roxette
7941,Nag-iisa,Laarni Cuevas
7944,Save Tonight,Eagle Eye Cherry
7949,The Big Love,Roxette
7953,WHAT IT FEELS LIKE FOR A GIRL,Madonna
7955,Your My You,Nyor Volante
7958,DON'T GIVE UP ON US,ZSA ZSA PADILLA
7959,DON'T LET ME BE THE LAST TO KNOW,BRITNEY SPEARS
7962,Crying,Roy Orbison
7966,Tearin' Up My Heart,NSYNC
7967,Smoke,Natalie Imbruglia
7970,SMOOTH CRIMINAL,MICHAEL JACKSON
7971,Physical,Olivia Newton-John
7972,YOU'RE THE ONE THAT..,TRAVOLTA & N-JOHN
7973,DOWNTOWN,PETULA CLARK
7977,SEND ME AN ANGEL,SCORPIONS
7981,Closer,The Corrs
7982,DREAMS,THE CORRS
7988,Shalala Lala,Vengaboys
7990,Kaibigan,Chiqui Pineda
7991,XANADU,OLIVIA NEWTON JOHN
7993,Wildflower,Skylark
7995,A Woman's Worth,Alicia Keys
7996,All About Lovin' You,Bon Jovi
7997,Around You,Tribe Of Levi
8000,Renz Verano Medley,Renz Verano
8001,Angel,The Corrs
8002,Pieces of Me,Ashly Simpson
8005,DONT CRY OUT LOUD,RACHEL ANN GO
8006,Angels Brought Me Here,Guy Sebastian
8008,MAYBE,SHERYN REGIS
8011,Tong Song,Sexbomb Girls
8014,In Or Out,Sandara Park
8015,Ikaw Nga,South Border
8017,Nakapagtataka,Vingo & Jimmy
8021,Iswing Mo Ako,VST & Co
8024,O PAG-IBIG,VHONG NAVARRO
8027,I Love Paris Every Moment,Frank Sinatra
8030,Nakaraang Pasko,Ariel Rivera
8031,I Want You,Savage Garden
8032,I Was Born To Make You,Britney Spears
8033,If Ever You're In My Arms Again,Peabo Bryson
8034,Kailan,Smokey Mountain
8037,Love And Marriage,Frank Sinatra
8040,Overjoyed,Sharon Cuneta
8041,Trip Mo Ba,J. Santana
8042,Carwash,Cristina Aguilerra
8045,My Prerogative,Britney Spears
8048,How Did You Know,Gary V.
8049,"Crispy Na, Creamy Pa",Andrew E.
8051,Don't Know Much,Don McLean
8054,Don't Give Your Love Away,Jack Jones
8057,The Love Boat,Jack Jones
8058,Awit Ng Kabataan,Rivermaya
8063,Can This Be Love,Smokey Mountain
8065,Dear Heart,Sandara Park
8067,Nobody's Home,Avril Lavigne
8068,Growing Up,Gary V.
8069,Gusto Ko Ang Nota,Aleck Bovick
8070,Paligaw-ligaw Tingin,Ashly Imler
8072,Kuya Wag Po,Tuesday
8074,Love Of My LIfe,South Border
8076,Magandang Gabi,Nonoy Zuniga
8077,Mag-Exercise,Vhong Navarro
8078,Mamahalin,Ariel Rivera
8081,It Won't Be Long,Beatles
8083,Sulat,Moonstar 88
8084,The Show,South Border
8090,Tsaka Na Lang,Parokya Ni Edgar
8093,Say That You Love Me,Regine Velasquez
8094,Pasaway,J. Brothers
8096,Walang Sabit,Sandara Park
8097,Once In A Lifetime,Freestyle
8099,Chocolatte,Soul Control
8101,Tattooed On My Mind,D'Sound
8106,SUMASARAP ANG GISING,TRUE FAITH
8109,Speechless,Thomas Mason
8111,We May Never Love Like..,Maureen McGovern
8112,Can We Still Be Friends,Mandy Moore
8113,I Need You,3T And Michael Jackson
8114,Kaibigan,Chiqui Pineda
8115,TRUE,Ryan Cabrera
8116,One Night,The Corrs
8121,Pasumpa Sumpa,Milyo Naryo
8124,Dear Lie,TLC
8126,Welcome To My Life,Simple Plan
8128,I Believe In You,Kylie Minogue
8129,Liwanag Sa Dilim,Rivermaya
8130,Turn,Mojo Fly
8132,Shine,Regine Velasquez
8133,KLSP,Sponge Cola
8135,Lunes,Sponge Cola
8136,Kailan Pa Ma'y Ikaw,Christian Bautista
8139,You'll Be Safe Here,Rivermaya
8140,Ye Ye Vonel,April Boy Regino
8142,Iniwan,Erik Santos
8143,Sige,6 Cycle Minds
8145,How Could You Say You Love Me,Sarah Geronimo
8148,Pag-Ibig Ko Sana'y Mapansin,Faith Cuneta
8149,Fallin',Janno Gibbs
8151,If I Ain't Got You,Alicia Keys
8152,I'm Gonna Catch You Baby,Lonnie Gordon
8155,I Always Get Caught...,Dionne Warwick
8156,Never Gonna Let You Go,Sergio Mendez
8157,Shiver,NAtalie Imbruglia
8162,Ikaw Lamang Mahal,April Boy Regino
8163,Matt Monroe Medley,Matt Monroe
8164,I Am But A Small Voice,Leah Salongga
8166,Mama's Girl,Sexbomb
8167,It's The Same Old Song,The Supremes
8168,ETERNAL FLAME,ATOMIC KITTEN
8174,Trackin',Billy Crawford
8175,Untitled,Simple Plan
8176,Anak Ng Pasig,Geneva Cruz
8177,I-SHOOT MO,SEXBALLS
8179,Pag-Ibig Ko'y Pansinin,Sexballs
8180,SI ANTONTON,SEXBALLS
8181,Paraiso,Smokey Mountain
8182,Si Manloloko,Ai Ai delas Alas
8184,Giling Giling,Tuesday
8186,Pangarap,Sexbomb
8188,Mamimiss Kita,Father & Son
8189,Mahiwagang Puso,Karylle and Jerome John Hudges
8190,Di Nag-iisa,Regine Velasquez
8191,La La,Ashly Simpson
8192,Hello,Ogie Alcasid
8193,Colour Everywhere,Christian Bautista
8194,Lumingon Ka Lang,Sarah Geronimo
8195,From The Start,Rachelle Ann Go
8196,Get Me,MYMP
8197,Wherever You Are,South Border
8200,Too Crazy,South Border
8201,Part Time Lover,Stevie Wonder
8204,I'm Already There,Lonestar
8205,Beautiful Soul,Jesse Mccartney
8207,Do Something,Britney Spears
8208,Incomplete,Backstreet Boys
8214,Scooter Boy,Mojo Fly
8215,Living to Love You,Sarah Connor
8216,Save The Last Dance,Michael Buble
8219,Fighter,Christina Aguilera
8221,Behind these Hazel Eyes,Kelly Clarkson
8223,The Next Best Superstar,Mel C.
8224,Say That You Love Me,Martin Nievera
8227,WISHING I WAS THERE,NATALIE IMBRUGLIA
8228,Don't Let Me Get Me,Pink
8232,Minamalas,Mojofly
8236,Somewehe in My Past,Divo
8237,Pinoy Ako,Orange And Lemons
8238,Jopay,Mayonaise
8239,Mata,Mojo Fly
8240,Sweet,South Border
8243,Sexy Naughty Bitchy,Tata Young
8245,Lose My Breath,Destiny's Child
8248,Gemini,Spongecola
8249,Hanggang Langit,Martin Nievera
8251,I Know,Yasmien Kurdi
8254,Sorry,Cueshe'
8255,Asa,South Border
8256,Pangarap Ka,Karel Marquez
8258,Don Romantiko,Vhong Navarro
8260,Hanggang Kailan,Orange And Lemons
8261,All Rise,Blue
8263,Always,Marco Sison
8268,Go The Distance,Michael Bolton
8272,Break Away,Kelly Clarkson
8274,Beautiful Disaster,Kelly Clarkson
8278,Dance With Me,The Orleans
8279,Breathe On Me,Britney Spears
8281,Just Want You To Know,Backstreet Boys
8282,My World,Avril Lavign
8283,One Two Step,Ciara
8286,Low,Kelly Clarkson
8287,Quando Quando Quando,Michael Buble' and Nelly
8288,Sacrifice,Tatu
8292,Together,Avril Lavign
8295,If,Rivermaya
8301,Lonely No More,Rob Thomas
8302,Waterfall,TLC
8303,Ugly,Sugababes
8304,There You'll Be,Faith hill
8306,Overload,Sugababes
8307,Separate Lives,Phil Collins And Cindy Lauper
8308,Since You've Been Gone,Kelly Clarkson
8312,Zoom,Regne Velasquez
8313,A Moment Like This,Kelly Clarkson
8314,Amoy Ng Papa,Sexbomb Girls
8315,Abot Kamay,Orange And Lemons
8316,Bahala Ka,J. Brothers
8317,I Dont Care,Ricky Martin
8318,Hanggang Ngiti Na Lang,Ranier Castillo
8321,Hataw Na,Gary V.
8322,Because Of You,Kelly Clarkson
8324,Araw Gabi,Regine Velasquez
8325,Eddie's Song,Mayonnaise
8326,Biyahe Na,Regine Velasquez
8333,Tuloy Pa Rin Ang Awit,Jolina Magdangal
8338,Twin Hearts,Sarah Geronimo
8339,Who's Loving You Now,Erik Santos
8341,You And Me..,Rachel & Christian
8342,Magmula Ngayon,Ogie Alcasid
8343,Kung Maaalala Mo,Eric Santos
8345,Mang Jose,Parokya Ni Edgar
8348,Now That You're Gone,Ella Mae Saison
8349,O.K. Na,Milk And Honey
8350,Ulan,Cueshe
8352,Jeepney,Spongecola
8355,Sandalan,6 Cycle Minds
8356,In The Name Of Love,Yasmien Kurdi
8357,Close To Where You Are,Jonalyn Viray
8358,Mananatili,Freestyle
8362,Forever and A Day,Michael Learns to Rock
8363,Wake Up,Hillary Duff
8364,I Still,Backstreet Boys
8365,I'll Be Yours Forever,Ogie Alcasid
8367,Forbidden Love,Madonna
8370,Lihim,Orange And Lemons
8371,Someday,Michael Learns To Rock
8375,I Can Wait Forever,Air Supply
8376,Stick Wit U,Pussy Cat Dolls
8377,Don't Cha,Pussy Cat Dolls
8378,Say You'll Never Go,Neo Colours
8379,Kasalanan Ko Ba,Neo Colours
8380,Tuloy Pa Rin,Neo Colours
8387,I (Ay),6 Cyclemind
8392,Para Sa'yo,Manny Pacquiao
8394,Everything You Do,Christian Bautista
8395,Bebot,Black Eyed Peas
8396,Goodbye's Not Forever,Erik Santos
8398,Umaambisyon,Yasmien Kurdi
8400,Sometimes A Fantasy,Billy Joel
8401,Crazy,Simple Plan
8402,HERE I AM AGAIN,RACHELLE ANN GO
8403,If You Walk Away,Rahcelle Ann Go
8404,You Win the Game,Mark Bautista
8405,Sayaw Ng Puso,Yvette & Michael Cruz
8408,Posible,Rivermaya
8409,Hindi Ko Kayang Iwan Ka,Sheryn Regis
8410,Bilog Ang Mundo,Manny Pacquiao
8412,Para Sa Akin,Sitti
8414,Bad Day,Daniel Powter
8415,Binibini,Janno Gibbs
8416,Don't Forget About Us,Mariah Carey
8417,Mama,Il Divo
8423,Stupid Girls,Pink
8427,Terminal,Rupert Holmes
8428,Walk Away,Kelly Clarkson
8430,Because You Live,Jesse McCartney
8433,Beep,Pussycat Dolls
8434,Maybe It's You,Jolina Magdangal
8435,My Girl,Sam Milby
8438,Makulay Na Buhay,Kitchie Nadal
8439,Sabihin Mo Na,Top Suzara
8440,Invincible,Christian Bautista
8441,Sugod,Sandwich
8442,Pwede Ba,Soapdish
8443,Papa Cologne,Parokya Ni Edgar
8445,241 (My Favorite Song),Rivermaya
8446,24 Hour Ago,Cueshe'
8447,Dahil Ikaw,True Faith
8448,I Care,Rachel Ann Go
8451,Wait Forever,Gary Valenciano
8454,We Belong,Toni Gonzaga
8455,Trip,6 Cycle Mind
8456,Can't Let You Go,Cueshe
8461,Beat Of My Heart,Hilary Duff
8467,HIPS DON'T LIE,SHAKIRA FEAT WYCLEF JEAN
8469,UNFAITHFUL,RHIANNA
8470,BUTTONS,PUSSYCAT DOLLS
8473,SAYANG ANG LAHAT,TRUE FAITH
8475,I STILL BELIEVE IN LOVING YOU,SARAH GERONIMO
8486,Oo,Up Dharma Down
8489,SHE COULD BE,CHRISTIAN BAUTISTA
8490,Kaleidoscope World,Francis M.
8493,STARS,CALLALILY
8494,FALL TO PIECES,AVRIL LAVIGN
8495,You Are The One,TONI GONZAGA AND SAM MILBY
8499,We Did'nt Start The Fire,Billy Joel
8500,STARS ARE BLIND,PARIS HILTON
8503,YOUNG LOVE,AIR SUPPLY
8504,BAKIT,RACHEL ANN GO
8505,GITARA,PAROKYA NI EDGAR
8506,PANALANGIN,MOONSTAR 88
8508,TWO LESS LONELY PEOPLE IN THE WORLD,AIR SUPPLY
8509,You've Got It All,The Jetts
8512,I Can't Let Go,Air Supply
8513,BITIW,SPONGE COLA
8514,Get The Party Started,Pink
8515,Ikaw Ang Iibigin Ko,Josh Garcia
8520,MISS KITA PAG TUESDAY,rj jimenez
8521,ISANG BANDILA,RIVERMAYA
8523,Boom Tarat Tarat Pasko Na,Willie Revillame
8527,Why,Tiggy
8529,I Have You,Carpenters
8533,Keep Holding On,Avril Lavigne
8536,HURT,CRISTINA AGUILERA
8539,AIN'T NO OTHER MAN,CRISTINA AGUILERA
8541,Nakapagtataka,Sponge Cola
8547,MAGHIHINTAY AKO,REGINE VELASQUEZ
8548,IKAW,BRENAN ESPARTINEZ
8549,CARRY MY LOVE,SARAH GERONIMO
8552,UMAASA,6 CYCLE MIND
8553,TAKE MY HAND,CALLALILY
8558,KARMA,ALICIA KEYS
8559,PWET MO'Y ANG LAKI,JOEY DE LEON
8561,IRREPLACEABLE,BEYONCE
8564,ITAKTAK MO,JOEY DE LEON
8565,MANEATER,NELLY FURTADO
8566,SWAY,MICHAEL BUBLE
8567,L.O.V.E.,Ashely Simpson
8569,ROCK STEADY,ALL SAINTS
8570,GRACE KELLY,MIKA
8573,PANGARAP,YENG CONSTANTINO
8575,Walang Yamang Mas Hihigit Sa Iyo,Cueshe
8581,Girl Friend,Avril Lavigne
8584,CANDY MAN,CHRISTINA AGUILERA
8586,Ikaw Lamang,Silent Sanctuary
8587,UPSIDE DOWN,2 MINDS CRACK
8591,COULD HAVE BEEN,FRIO
8594,Tuliro,Spongecola
8595,Magbalik,Callalily
8596,CLOSER TO ME,THE OUTFIELD
8597,LONG LONG TIME,LINDA RONSTADT
8601,Listen,Beyonce
8602,EVERYTHING,MICHAEL BUBLE
8606,THE SWEET ESCAPE,SWEN STEFANI
8610,MAKES ME WONDER,MAROON 5
8612,BEAUTIFUL LIAR,BEYONCE & SHAKIRA
8614,I'LL BE THERE,ESCAPE CLUB
8616,"DODODO, DADADA",Willie Revillame
8617,Kakabog Kabog,Willie Revillame
8622,TULAK NG BIBIG,JULIANNE
8624,If I Keep My Heart Out Of Sight,Nikki Gil
8625,PASAN,CALLALILY
8626,Salamat,Yeng Constantino
8628,Cool Off,Yeng Constantino
8678,Haring Solomon,Sulivan
8679,Hibok Hibok,Sullivan
8693,Karyo,Sullivans
8700,Kulot Ang Buhok,Sullivans
8701,Kung Ako Ay Lasing,Sullivans
8704,Langgonisa,Sullivans
8708,LoneRanger,Sullivan
8716,Mariang Palad,Sullivans
8721,May Pulis Sa Ilalim Ng Tulay,Sullivans
8779,UMBRELLA,RIHANNA FT. JAYZEE
8780,When You're Gone,Avril Lavign
8781,Pag-ibig,Apo Hiking Society
8783,Bakit Ang Babae,Apo Hiking Society
8784,MINE,KIM CHIU
8786,FRIENDSTER,MOONSTAR 88
8787,WALANG IBA,RONNIE LIANG
8790,IF WE FALL IN LOVE,YENG CONSTANTINO and RJ JIMENEZ
8791,CATCH ME I'M FALLIN',TONI GONZAGA
8793,KEMBOT,UD4
8794,KERING-KERI,KIM CHIU
8798,TIME IN,YENG CONSTANTINO
8799,ALE,THE BLOOMFIELDS
8800,NGITI,RONNIE LIANG
8810,Alinlangan (SUPERTWINS OST),Jolina M.
8812,Himala,Yeng Constantino & Siaboc
8823,ALAM NG ATING MGA PUSO,RACHELLE ANN GO
8824,ANG LAHAT PARA SA'YO,SHERYN REGIS
8828,Big Girls Don't Cry,Fergie
8829,Bright Lights,Billy Crawford
8830,BLUE JEANS,ROCKSTEDDY
8831,Buksan Mo,Willie Revillame
8833,Crazy Love,Kim Chiu
8834,DINAMAYAN,6 CYCLE MIND
8837,HANDANG MAGHINTAY,NIKKI GIL
8838,HEY LOOK AT THE SUN,SITTI
8839,HINTAY,SOAPDISH
8841,I'll be Alright,Sarah Geronimo
8842,WAITING ON THE WORLD TO CHANGE,JOHN MAYER
8843,KUNWARI LANG BA,YASMIEN KURDIE
8844,LOVE IS ALL I NEED,YASMIEN KURDI
8846,MAPAGKUNWARI,FAITH CUNETA
8847,MARIA FLORDELUNA,SHERYN REGIS
8848,MOVIE,SPONGECOLA
8850,PINTIG NG PUSO,YASMIEN KURDI
8852,I WILL ALWAYS LOVE YOU ANYWAY,RACHELLE ANN GO
8853,Don't Say Goodbye,Rachel Ann Go
8854,SABIHIN,ZELLE
8856,TADHANA,MOONSTAR 88
8857,TAKIPSILIM,CALLALILY
8858,THNKS FR TH MMRS,FALL OUT BOY
8861,WHERE IS LOVE,NINA
8862,AKO,RJ JIMENEZ
8863,THANK YOU FOR LOVING ME,BON JOVI
8866,VACATION,CONNIE FRANCIS
8867,A LITTLE RESPECT,WHEATUS
8869,Nothing To Lose,Michael Learns To Rock
8870,Mamma Mia,Abba
8871,Just Like A Pill,Pink
8872,I'll Be There For You,Bon Jovi
8873,GOODBYE GIRL,MARTIN NIEVERA
8875,TALAGA NAMAN,M.Y.M.P.
8877,Oka Tokat,Parokya Ni Edgar ft. Jay
8879,Mas Gusto Mo S'ya,Andrew E.
8880,WAKE UP CALL,MAROON 5
8881,FOUR IN THE MORNING,GWEN STEFANI
8882,MINSAN,ERASERHEADS
8884,Hombre,Sexbomb Girls
8887,WALA NG IBA,THE BLOOMFIELDS
8888,WAG MONG IWAN ANG AKING PUSO,YENG CONSTANTINO
8890,ARAW'T GABI,TRUE FAITH
8891,MOSHI MOSHI CHIKIYAKI,SEXBOMB GIRLS
8894,Way Back Into Love,Hugh Grant and Drew Barrymore
8898,AWIT NG PANGARAP,YENG CONSTANTINO
8902,INIHAW (LUPET NA HUMAHAGUPET),SIAKOL
8907,Tuyo Ng Damdamin,Silent Sanctuary
8908,Sanctuary,Callalily
8909,Even If,Sam Concepcion
8926,Inihaw(Hagupit),Siakol
8934,TINDAHAN NI ALING NENA,ERASERHEADS
8935,OVERDRIVE,ERASERHEADS
8938,PARA SA 'KIN AY IKAW,WILLIE REVILLAME
8939,UMAASA LANG SA'YO,SIX PART INVENTION
8946,Kagat Labi,Joey De Leon
8948,Para lang sa'yo,Aiza Seguerra
8952,HOT,AVRIL LAVIGNE
8954,CIRCLE,6 CYCLEMINDS
8955,DI KASI,MOONSTAR 88
8958,GOTTA GO MY OWN WAY,NIKKI GIL
8959,Hulog Ng Langit,Sofia
8960,IKAW,SARAH GERONIMO
8962,KUNG KAYA KO,TONI GONZAGA
8964,Magsasaya,6 Cycleminds
8965,PAKIUSAP,ACEL
8967,DON'T STOP THE MUSIC,RIHANNA
8969,SAYANG,MOONSTAR 88
8973,TAYONG DALAWA,AICELLE SANTOS
8975,Ang Katulad Mong Walang Katulad,Orange and Lemons
8980,Labasan Na,Joey DeLeon
8982,Pakikay,Joey De Leon
8989,Hawak Mo Aking Kamay,Mocha
8990,Iyugyog Mo,Willie Revillame
8991,Kung Para Sa'yo,Willie Revillame
8994,Patcha,Mocha
8996,Sayaw Darling,Willie Revillame
8997,Tabachingching,SexBomb Girls
8999,PANGAKO YAN,LUKE MEJARES
9000,FADE,ORANGE AND LEMONS
9006,Isang Pangarap Lamang,True Faith
9007,Iskul Bukol,The Bloomfields
9014,Perfect World,Toni Gonzaga
9018,Tuloy Pa Rin,Spongecola
9020,Ulingling,SexBomb Girls
9023,AKALA MO LANG,ZELLE
9025,BANDA NG BAYAN,RIVERMAYA
9026,Ikaw Pa Rin,Aicelle Santos
9027,WITH YOU,M.Y.M.P.
9032,PASUBALI,SPONGECOLA
9033,REBOUND,SILENT SANCTUARY
9034,SO PERFECT,M.Y.M.P.
9038,Do You Believe In Me,Eric Gadd
9039,DON'T GIVE UP ON US BABY,DAVID SOUL
9040,DRAGONFLY,SPONGECOLA
9041,First Day Funk,Parokya ni Edgar
9042,FOLLOW THE LEADER,The Soca Boys
9043,FOREVERMORE,REGINE VELASQUEZ
9044,Glowing Inside,Nikki Gil
9047,Hanggang Kailan,Sarah Geronimo
9051,HINDI KO NA KAYANG MASAKTAN PA,OGIE ALCASID & REGINE VELASQUEZ
9052,HOLD ME IN YOUR ARMS,REGINE VELASQUEZ
9053,HUWAG MO NANG ITANONG,M.Y.M.P.
9054,I WANNA KNOW WHAT LOVE IS,SARAH GERONIMO
9056,IKAW LAMANG,GARY VALENCIANO
9057,Ikaw Lang Pala,Divo
9058,"IKOT, GILING, KEMBOT",THE BODIES
9059,I'LL NEVER GO,ERIK SANTOS
9060,Iniwan Mo,Vina Morales
9061,JOKE JOKE JOKE,WILLIE REVILLAME
9063,BOWOWOW,WILLIE REVILLAME
9067,Kailan Kaya,Christian Bautista
9068,Kaligayahan Natin,Tribe Of Levi
9072,LOVE CAN'T LIE,SARAH GERONIMO
9073,Love of My Life,Rachelle Ann Go
9074,LUMILIPAD,OGIE ALCASID
9075,MAGANANG UMAGA,VHONG NAVARRO
9077,MINAMAHAL KITA,OGIE ALCASID
9081,Never Gonna Give You Up,Sergio Mendez
9084,One Day I'll Fly Away,Randy Crawford
9085,Pagbigyan Ang Puso,Karylle & Jerome
9087,Pangarap Na Bituin,Faith Cuneta
9088,PARA SA'YO,PAROKYA NI EDGAR
9092,Say That You Love Me,Christian Bautista
9096,Sumayaw Sumunod,Sexbomb
9097,SUNDAY DRIVING,RIVERMAYA
9099,SUPER KRYSTALA,SHERYN MAE REGIS
9100,TANGING IKAW,RENZ VERANO
9102,Tell Her About It,Billy Joel
9103,TENSYONADO,SOAPDISH
9105,TY 4 UR LUV,DIMSUM
9107,WHEN LOVE IS GONE,MARTIN NIEVERA
9108,You And Me,Rachelle and Christian
9109,1963,New Order
9110,7 Twenty 7,Roxette
9111,Ako'y nagkamali,Cristy Mendoza
9112,Ang Pag-ibig Pala,Chiqui Pineda
9113,Another Chance,Keno
9114,Araw-Araw,Boyfriends
9118,Bakit Pa Kita Minahal,Cristy Mendoza
9119,Baliw,Claire De la Fuente
9122,Buksan Ang Puso,Claire Dela Fuente
9123,Can't We Start Over Again,Jose Mari Chan
9124,Come Into My Life,Marco Sison
9125,Come Just As You Are,Claire Dela Fuente
9126,Crush Ng Bayan,Cris Villongco
9127,Dangal,Vina Morales
9129,Dear Angie,Renz Verano
9132,DI KA NAGKULANG,LEAH NAVARRO
9133,Di Magbabago,Claire Dela Fuente
9135,Di Mo Pansin,J Brothers
9136,Di Na AKo,Renz Verano
9138,Dinggin Mo,A Regino
9139,Don't Tell Me You Love Me,The Corrs
9140,Early In The Morning,Jose Mari Chan
9141,Everybody Loves Somebody Sometimes,Dean Martin
9142,Everyday,Renz Verano
9143,Fallin' In Love,Danica Sotto
9144,First Love Never Dies,Boyfriends
9148,Ganyan Ka Lang OK Na Sa Akin,J Brothers
9149,Girl In The Wood,Victor Wood
9152,Habang Buhay,Renz Verano
9154,Halata,Marco Sison
9157,Have A Good Time,Jolina Magdangal
9161,Heavenly,Anthony Castelo
9163,"Hey, It's Me",Ciara Sotto
9165,Hindi Pa Pala Ikaw,Pops Fernandez
9166,How Soon,Matt Monroe
9172,I Know,Tom Jones
9173,I Promise You,Ogie Alcasid
9174,I Will Give My Love,Cristy Mendoza
9175,Ibulong Mo Sa Hangin,Claire Dela Fuente
9176,I'd Still Say Yes,Climax
9177,If I Should Love Again,Barry Manilow
9180,Ikakasal Na Ang Aking Mahal,Isabel Granada
9181,Ikaw Ang Buhay Ko,L.A Lopez
9182,Ikaw Ang Idol Ko,Cinderella
9183,Ikaw Ang Lahat Sa Aking Buhay,E.Peregrina
9185,Ikaw Ang Pag-Asa,Renz Verano
9186,Ikaw Ang Simula,P.Fernandez
9188,Ikaw Ay Nagbago,E.Peregrina
9190,Ikaw Lang,Chad Borja
9191,Ikaw Pala 'Yon,Donna Cruz
9194,In A Wink Of An Eye,Dingdong Avanzado
9195,In Despair,Victor Wood
9196,In Love,Rico J Puno
9197,In My Little Room,Eddie Peregrina
9198,In The Battles,Basil Valdez
9199,In This Heart,Ella Mae Saison
9203,Kahit Iniwan Mo,Boyfriends
9204,Kahit Kunwari Lang,Renz Verano
9206,Kahit Na Mahirap Lang,April Boys
9207,Kahit Nasaan,Boyfriends
9209,Kailan Kaya,April Boy
9211,Kakaba Kaba,Pops Fernandez
9214,Never Ever Say Goodbye,Nonoy Zuniga
9215,SAKAYAN NG JEEP,NIKKI GIL
9221,BAKIT BA INIBIG KA,ERIK S. & REGINE V.
9225,BLUE MOON,ORANGE & LEMONS
9226,Bop Bop(Bop It),APRIL
9228,Chick Boy,Vhong Navarro
9229,Dahan Dahan Lang,Alek Bovic
9232,RUNAWAY,AVRIL LAVIGNE
9236,ONE OF THOSE GIRLS,AVRIL LAVIGNE
9237,LOST,MICHAEL BUBLE
9239,Clumsy,Fergie
9240,EARLY WINTER,GEWN STEFANI
9242,No One,Alicia Keys
9244,A Little Too Perfect,Sam Milby
9246,Aking Hiling,Third Avenue
9251,Huwag Ka Ng Umiyak,True Faith
9253,I've Fallen In Love,Sam Milby
9255,Lastikman,Parokya ni Edgar
9259,Peng Yu,Kim Chiu feat.MYMP
9261,Sayang,Rivermaya
9262,Sumigaw,Rivermaya
9263,Yue Liang Dai Biao Wo De Xin,Kim Chui
9264,Aaminin Ko,6 Cycle Mind
9267,Nang Dahil Sa'yo,Maricris Garcia
9272,Ojo Kaluguran Daka,Ara Muna & Jumari(Kapampangan)
9275,Swept Away,Dianne Elise
9276,Dulce Tirah Tirah,Ud4
9277,Kamandag,First Circle
9279,Sugal Ng Kapalaran,Rivermaya
9281,Ang Pag-ibig Kong Ito,Sheryn Regis
9282,Walang Daya,Joey De Leon
9284,Kung Liligaya Ka,Boyfriends
9286,Hold You Down,Jennifer Lopez Ft. Fat Joe
9287,Waiting For Your Love,Stevie B.
9288,New Soul,Yael Naim
9289,FOUR MINUTES,MADONNA FT. JUSTIN TIMBERLAKE
9290,Bubbly,Colbie Caillat
9292,Bleeding Love,Leona Lewis
9293,One Love,Ace Bisa
9294,Kasalanan Ba?,Guji Lorenzaa
9295,PROCASTINATOR,SANDWICH
9296,Sagot Kita,6 Cycle Mind
9297,Sana,La Famille Dembele
9300,Take It Or Leave It,Yasmien Kurdi
9301,Habambuhay,Yeng Constantino
9302,LAUGH AND CRY,ACEL BISA
9306,BREAKING FREE,HIGH SCHOOL MUSICAL
9317,MIGRAINE,MOONSTAR 88
9318,LOVE SONG,NANCY JANE
9321,MASKARA,RIVERMAYA
9322,MAHAL PA RIN,SAM MILBY
9323,START OF SOMETHING NEW,HIGH SCHOOL MUSICAL
9324,SUMMER WIND,MICHAEL BUBLE
9326,Superstar,RJ Jimenez
9330,Ikaw Lang Talaga,Yeng Constantino
9340,MAKE ME BELIEVE,AICELLE SANTOS
9342,Eto Na Ang Summer,Callalily
9345,BOP TO THE TOP,HIGH SCHOOL MUSICAL
9347,Tattoo,Jordin Sparks
9348,ONE STEP AT A TIME,JORDIN SPARKS
9349,NO AIR,JORDIN SPARKS
9352,TOUCH MY BODY,MARIAH CAREY
9353,ANG SARAP MONG MAGMAHAL,NIGHT SHIFT
9354,TAKE A BOW,RIHANNA
9356,SUMMER SONG,SILENT SANCTUARY
9358,Susundan,Callalily
9361,Unsaid,Lala ft. Christian Bautista
9364,PAYONG (UMBRELLA),TAGALOG
9365,Sa Aking Mundo (Dyesebel OST),Julie Ann San Jose
9366,It Can Only Get Better,Charice Pempengco
9371,The Last Time,Richard Poon
9372,As You Believe,Zelle
9375,Better In Time,Leona Lewis
9376,Disposable (Irreplaceable),Tagalog Version
9377,Disturbia,Rihanna
9383,I Kissed A Girl,Katy Perry
9384,Rule No. 1 (Wag Kang Aamin),Overtone
9385,Betamax,Sandwich
9387,Barista (Bartender),Tagalog Version
9389,Hep Hep Hooray,Willie Revillame
9390,Di Na Ganun,Yeng Constantino
9393,Binibining Ganda,Miss Ganda
9394,Always Be My Baby,David Cook
9397,I'm Missing You,Bea Alonzo
9400,Sabihin Mo Na,Yeng Constantino
9402,Sleep,Rivermaya
9403,Sya Na Nga Kaya,Julie Ann San Jose
9404,The One Who One My Heart,Christian Bautista
9406,Himig Ng Pag-ibig,Yeng Constantino
9410,Muli,Janno Gibbs
9412,Saludo,6 Cycle Minds
9413,Ako'y Babalik,Callalily
9414,Ingat Ka,Silent Sanctuary
9415,Bakit Ikaw Pa Rin,Maricris Garcia
9416,Handa,Miguel Escueta
9417,Hear My Heart,Nikki Gil
9418,Million Miles Away,Nikki Gil
9421,The Search Is Over,Rachelle Ann Go
9423,Puso,Spongecola
9424,Asero,Janno Gibbs
9425,Akala,Parokya Ni Edgar
9426,Patunayan Mo,Sheryn Regis
9427,Keeps Getting Better,Christina Aguilera
9429,Hot N Cold,Katy Perry
9431,Paano Na Kaya,Bugoy
9433,Imposible,KC Concepcion
9434,Kung Sakali,Ogie Alcasid
9435,Stop And Stare,One Republic
9436,Ikaw,Ronnie Liang
9437,A Very Special Love,Sarah Geronimo
9438,Kundiman,Silent Sanctuary
9440,So What,Pink
9441,"Take Me, Ill Follow",Toni Gonzaga
9443,Home,Aiza Seguerra
9444,Superwoman,Alicia Keys
9446,Crush,David Archuleta
9448,I'll Be Loving You Long Time,Mariah Carey ft. T.I.
9450,Yugto,Rico Blanco
9451,Selos,Sandwich
9453,Womanizer,Britney Spears
9454,Time Of My Life,David Cook
9457,Captured,Christian Bautista feat. Sitti
9458,Itulog Na,Chubibo
9459,Light On,David Cook
9460,Papa Boogie,Willie Revillame
9464,This Is Me,Julianne and Miguel Escueta
9465,Ngiti Lang,KC Concepcion
9467,Eternally,Mark Bautista
9468,Sinungaling,Mayonaise
9469,Now,M.Y.M.P.
9470,Kahit Maputi Na Ang Buhok Ko,Richard Poon
9471,Your Universe,Rico Blanco
9472,Rocaholic,Rochelle Pangilinan
9474,I'll Be There,Sarah Geronimo Feat. Howie Dorough
9475,Igiling Giling,Willie Revillame
9476,Billie Jean,David Cook
9478,Tagumpay,Chivas Malunda
9479,Please Naman,Cueshe
9482,My First Broken Heart,Iya Villana
9485,Banana Split,Cool Chix
9486,Heart To Heart,Kyla
9487,Control,Nancy Jane
9488,Played,Sarah Geronim
9489,You Are My Obsession,Rachelle Ann Go
9491,Ligawan Stage,Rivermaya
9492,Kahit Mahal Mo Ay Iba,Sarah Geronimo
9493,Die Just A Little,Side A
9495,MAHAGKAN KANG MULI,Aiza Seguerra
9496,ONE DAY,Yasmien Kurdi
9497,Closer,Ne-yo
9498,SUPER PINOY,Jolina Magdangal
9499,BUONG BUHAY KO,Sam Milby
9500,DITO SA PUSO,Lovi Poe
9502,IMPULSIVE,M.Y.M.P.
9503,MAMA,Charice Pempengco
9504,ONE MORE CHANCE,Piolo Pascual
9505,RAINBOW COLORED SKIES,Freestyle
9506,ROCK N' ROLLIN,Willie Revillame
9507,BACK 2 U,Cueshe
9510,WALANG SAYANG,Aiza Seguerra
9511,IBIGAY MO BABY,Willie Revillame
9512,NAIS KO,Lovi Poe
9514,PARA HINDI KA MAWALA,Rico Blanco
9515,PERMANENT MONDAY,Jordin Sparks
9517,BABY DON'T YOU BREAK MY HEART SLOW,M.Y.M.P.
9518,CRAZY ABOUT YOU,Bea Alonzo
9519,Doo Bee Doo,KC Concepcion
9520,Just Dance,Lady Gaga
9522,Bitin,Mayonnaise
9523,"RIGHT HERE, RIGHT NOW",High School Musical 3
9524,SANA DI LANG PURO SANA,Aiza Seguerra
9525,SAY YOU DO,The Bloomfields
9526,SISIKAT DIN AKO,Sarah Geronimo
9528,Tanging Ikaw,Ogie Alcasid
9529,WISH LIST,M.Y.M.P.
9531,HUMAN,M.Y.M.P.
9534,"Ngayon, Bukas At Kailanman",Sarah Geronimo
9536,Circus,Britney Spears
9537,Single Ladies,Beyonce
9538,Deliciosa,Mocha Girls
9539,TAKAW TINGIN,Iya Villania
9540,Gusto Na Kita,6 Cycle Mind
9544,Tell Me That You Love Me,Regine Velasquez
9545,When I Hear You Call,Gary V.
9546,Ely Buendia,Soapdish
9547,A Little Too Not Over You,David Archuleta
9549,Di Na Mababawi,Spongecola
9550,An Updated Version Of Me,KC Concepcion
9551,Softly Saying Sorry,Ariel Rivera
9552,Basted,Siakol
9553,Muli,Bugoy
9554,Bye Bye,Marah Carey
9556,VAKLUSHII,Sexbomb Girls
9562,MACHO,Parokya Ni Edgar
9563,REACH FOR THE SKY,Sarah Geronimo
9568,DIVA KA,Sexbomb Girls
9570,IKAW ANG MUSIKA,Tres
9572,KUNG AKIN ANG MUNDO,Erik Santos
9575,I Stay In Love,Mariah Carey
9576,LUMILIWANAG,Moonstar 88
9577,Could Have Been The One,Christian Bautista
9578,HINDI NA SANA,Zelle
9580,FALLING AWAY,Miguel Escueta
9581,COFFEE BREAK,Zelle
9582,NAWAWALA,6 Cyclemind
9585,SABAY-SABAY TAYO,Marian Rivera
9586,Heartbreak,Six Part Invention
9590,DRIFT,Cueshe
9592,If You're Not The One,Dianne Elise
9594,Hindi Ako Susuko,Rivermaya
9595,Checkmate,Rivermaya
9596,Senti,Moonstar 88
9597,Ikaw Lang Ang Iibigin,Lambert
9598,Love Bug,Jonas Brothers
9599,All This Time,Six Part Invention
9602,Aminin,Rachel Alejandro
9606,Asya,Bayang Barrios
9607,Babae Na Ako,Zsa Zsa Zaturnah Musicale
9608,Bakit Ba Ikaw,Lani Misalucha
9611,Cradle Me This Christmas,Regine Velasquez
9612,Crush Kitang Talaga,Fruitcake
9615,Higpit Ng Yakap,Patricia Javier
9617,I Will Be Here,Gary V.
9620,Kahit Habang Buhay,Smokey Mountain
9621,Kung Maaalala Mo,Eric Santos
9622,Loving,Gabby Eigenman
9624,Mamahalin,Yasmien Kurdi
9625,Manhid,Regine Velasquez
9627,Pag Tumatagal Lalong Tumitibay,Decadas
9630,What You Are To Me,Regine Velasquez
9631,You,Erik Santos
9632,You Do,Agot Isidro
9633,Buhay at Pag-ibig Ko,Lani Misalucha
9635,Follow Your Dreams,Sheryn Regis
9636,Heartbreak Song,Kim Chiu
9637,I THINK I'M IN LOVE,Kuh Ledesma
9638,Isang Ulit Man Lang,Lani Misalucha
9639,Just A Minute,Rachel Alejandro
9640,Just Can't Say,Yeng Constantino
9641,Paalam,Faith Cuneta
9643,Sana Man Lang,Roselle Nava
9644,Something In Your Eyes,Claire Dela Fuente & Richard Carpenter
9645,Special Memory,Iwi Laurel
9648,Right Now Na Na,Akon
9652,When I Grow Up,Pussycat Dolls
9653,Poker Face,Lady Gaga
9654,This Is Me,Demi Lovato
9655,You Changed My Life In A Moment,Sarah Geronimo
9657,Antukin,Rico Blanco
9661,Amats,Parokya Ni Edgar
9664,Ang Tangi Kong Pag-ibig,Noel Cabangon
9665,Baka Lasing Ka Lang,Patricia Javier
9668,Both Still Here,Father & Sons
9669,Catch You,Agot Isidro
9670,Daddy Sana'y Kapiling Ka Sa Pasko,Father and Sons
9671,Darling Wag Naman Sa Christmas,Father & Sons
9672,Dear Heart,Sharon Cuneta
9673,Di Na Lalayo Sa Pasko,Father & Sons
9674,Don't Give Me Your Promise,Ariel Rivera
9676,Eversince,Zsa Zsa Padilla
9679,For All Of My Life,MYMP
9681,Tuyo Ng Damdamin,Silent Sanctuary
9682,Gusto Ko Ng Lumigaya,Pops Fernandez
9683,Hands Of Time,Gino Padilla
9684,Happy Christmas,Noel Cabangon
9685,Hindi Lang Sana Sa Pangarap,Rachel Alejandro
9686,Hold On,Side A
9687,Huwag Mong Itatanong,Toni Daya
9688,I Dream Of Christmas,Ariel Rivera
9690,Ihip Ng Hangin,The Company
9691,Ikaw Ang Aking Pangarap,Sarah Geronimo
9692,Ikaw Ang Kailangan Ko,Anna Fegi
9695,Just Say You Love Me,Pops Fernandez
9696,Kailan Kaya,Sheryn Regis
9697,Kung Ako Na Lang Sana,Chad Borja
9698,Lab Na Lab Kita,Fathr & Sons
9699,Laging Mayroong Bukas,Pat Castillo
9700,Lampas Langit,Father & Sons
9701,Let Me Love You Baby,Tribe of Levi
9702,LOVE LETTER,Kitchie Nadal
9703,LOVE'S SO BEAUTIFUL,Noel Cabangon
9705,MAY MINAMAHAL,Rachel Alejandro
9707,Minsan Lang,Martin Nievera
9709,Napamahal Ka Na,Jolina Magdanagal
9710,Nasaan Ka Paano Ako,Kuh Ledesma
9715,Pag-ibig Sa Tag-Araw,Beth Del Rosario
9716,Pain,Martin Nievera
9717,Pangako Sa'yo,Sharon Cuneta
9719,"Pasko Na, Pasko Na",Noel Cabangon
9721,Sana Lagi,Jasmine Trias
9723,Sasakay Sa Pangarap,Yeng Constantino
9725,Tayo Pa Ring Dalawa,Ariel Rivera
9726,Tayong Dalawa,Regine Velasquez
9728,Wala Kang Katulad,Ariel Rivera
9729,Walang Pangarap Kundi Siya,Zsa Zsa Zaturnah Musicale
9730,When You Smile,Arnee Hidalgo
9731,Wherever I Go,Pops Fernandez
9735,Away Bati,Yeng Constantino
9737,Dahil Minahal Mo Ako,Sarah Geronimo
9739,Grateful,Julianne
9740,I Believe,Arnee Hidalgo
9744,Kung Iniibig Ka Niya,Laarni Lozada
9745,Manunumbalik Lamang,Yasmien Kurdi
9746,Nananaginip Ng Gising,Sarah Geronimo
9748,Patuloy Pa Rin,Yasmien Kurdi
9749,Real Girl,Mutya Buena
9750,Sa Akin Lang Sana,Yasmien Kurdi
9751,Tanging Kasama,Christian Bautista
9753,Tumatakbo,Mojofly
9755,If You Seek Amy,Britney Spears
9756,My Life Would Suck Without You,Kelly Clarkson
9757,Halo,Beyonce
9758,"Please, Don't Leave Me",Pink
9760,Kumot At Unan,Richard Poon
9761,Walang Iwanan,6 Cycle Mind
9764,Simple Lang,Ariel Rivera
9766,Hintay,Callalily
9767,Limutin Na Lang,Christian Bautista
9770,Ikaw Pa Rin,Letter Day Story
9771,Old Friend,Kyla
9772,Love Games,Lady Gaga
9773,Moondance,Michael Buble
9774,Miskol,Kerubin
9775,Tabi,Paraluman with Kean of Callalily
9776,Photograph,Paolo Santos
9777,And I Love You So,Regine Velasquez
9778,Everything I Own,Gian Magdangal
9779,Tayong Dalawa,Gary Valenciano
9780,Always You,Charice
9781,I'll Never Get Over You Getting Over Me,Karylle
9783,Almost Over You,Karylle
9784,Maybe This Time,Martin Nievera
9786,Kung Di Rin Lang Ikaw,Sitii
9787,Manila,Sandwich
9788,Ayt,Spongecola
9790,MUNTING HILING,Willie Revillame
9792,SILONG NA,Willie Revillame
9793,TOUCH MY HAND,David Archuleta
9795,AKALA KO AY IKAW NA,Willie Revillame
9796,Ikaw Na Nga,Willie Revillame
9801,A Long And Lasting Love,Kuhe Ledesma feat. Gary V.
9802,Minsan,Cueshe
9803,Ako'y Sa'yo,Regine Velasquez
9808,Angel Of Mine,M.Y.M.P.
9810,Say That You Love Me,Kyla Feat. Jay-R
9811,Kung Pwede Lang Sana,Bugoy Drilon
9816,Magkasuyo Buong Gabi,Regine Velasquez and Janno Gibbs
9817,Love Me,Michael Cretu
9818,Time And Tide,Basia
9819,Hanggang Sa Dulo Ng Walang Hanggan,Basil Valdez
9820,Love Me With All Of Your Heart,Engelbert Humperdinck
9823,One Little Kiss,Sarah Geronimo
9825,What I Do Best,Sheryn Regis
9826,Ayus,Rico Blanco
9827,Baby It's Time,Rachelle Ann Go
9828,Bakit Ba?,Bugoy Drilon
9829,Can't We Try,Toni Gonzaga
9831,Di Nagpaalam,Brenan
9832,Hay Naku,Silent Sanctuary
9833,I Don't Have The Heart,Kyla
9836,Kakayanin Ko Ba,Ariel Rivera
9838,Kung Kaya Ko Lang,Callalily
9840,Kapag Tumibok Ang Puso,Donna Cruz
9842,Maalala Mo Sana,Silent Sanctuary
9843,Miles Away,Kuh Ledesma
9844,Note To God,Charice Pempengco
9847,Crazy For You,M.Y.M.P.
9848,Minsan Pa,Faith Cuneta
9849,My Eyes Adored You,Sam Milby feat Toni Gonzaga
9850,One Of These Days,Pops Fernandez
9852,Sana'y Malaman Mo,OJ Mariano
9854,Manalig Ka,Laarni Lozada
9855,Old Friend,Kyla
9856,Lahat Ng 'Yan,Bugoy Drilon
9858,You Are My Obsession,Rachelle Ann Go
9859,My Heart Has A Mind Of Its Own,Christian Bautista
9860,Ikaw Ang Pag-ibig Ko,La Diva
9862,Lihim,Zelle
9865,Alipin Ako,Laarni Lozada
9866,Balisa,Angel Mocatuno
9868,Di Magdadalawang Isip,Jolina Magdangal
9869,"Please, Don't Touch My Birdie",Parokya Ni Edgar
9870,Hindi Mo Ba Alam,Siakol
9871,Ikaw Lamang,Zsa Zsa Padilla
9873,Kahit Minsan Lang,Lilet
9874,Kaya Ko Ba,Rachel Alejandro
9876,Maalala Mo Pa Rin,Richard Reynoso
9877,"Mahal Kita, Mahal Mo Siya Mahal Niya Ay Iba",Sharon Cuneta
9879,Never Give Up,Erik Santos and Christian Bautista
9881,Power Of The Dream,Toni Gonzaga
9884,Sana'y Dinggin Mo,Mark Bautista
9885,Sa 'Yo Lang(Paint My Love),Renz Verano
9886,Simulan Mo Sa Isang Pangarap,Bugoy Drilon
9887,Sino Ang Baliw,Basil Valdez
9888,So Heartbroken,Sarah Geronimo
9889,Tao Lang Ako,Yeng Constantino
9891,I'm Never Gonna Give You Up,Frank Stallone and Cynthia Rhodes
9892,Journey,Leah Salonga
9893,Gone Too Soon,Michael Jackson
9894,Init Sa Magdamag,Sharon Cuneta And Nonoy Zuniga
9897,London,Lily Allen
9898,Best Of Both Worlds,Miley Cyrus
9899,Sound Of The Underground,Girls Aloud
9905,Kasalanan,6 Cyclemind ft. Gloc 9
9907,Higante,Ely Buendia & Fransis M.
9919,It's In His Kiss (The Shoop Shoop Song),Cher
9932,I Should Be So Lucky,Kylie Minogue
9933,A Moment Like This,Leona Lewis
9934,Three Lions (Football's Coming Home),Lightning Seeds
9936,Smile,Lily Allen
9937,Like A Prayer,Madonna
9938,All About You,Mcfly
9942,D. I. S. C. O,Ottawan
9947,Shiny Happy People,R.E.M.
9948,DON'T STOP MOVING,S CLUB 7
9950,Killer,Seal
9952,Chasing Cars,Snow Patrol
9955,About You Now,Sugababes
9958,Shine,Take That
9959,Patience,Take That
9965,Big Sur,The Thrills
9969,Is This The Way To Amarillo,Tony Christie
9972,Keep Believing,Aaron Carter
9975,Let The Pain Remain,Side A
9977,Count On You,Tommy Shaw
9978,Leave Right Now,Will Young
9979,If I Were A Boy,Beyonce Knowles
9982,Call The Shots,Girls Aloud
9983,Sound Of The Underground,Girls Aloud
9984,The Promise,Girls Aloud
9986,Best Of Both Worlds,Miley Cyrus
9990,Hate That I Love You,Rihanna feat. Nelly
9992,Lapit,Yeng Constantino
9993,Human Nature,Billy Crawgord
9994,Tell Me Your Name,Christian Bautista
9999,One Day In Your Life,Michael Jackson
10062,Buta,Ruth Vergara
10066,Carmen Damgo Ko,Joel Baclayon
10191,Mapul-Anon,Wetslippers
10215,Nawong Bato (Pusong Bato Bisaya Version),Taligsik Band-
10226,Olivia,Cencio Arias
10248,Puno Sa Gugma,Zenith Rivera
10253,Ayaw Pagsaad (LDR),Gerlyn And Paul
10513,AGWATWAT (EXERCISE),Gemma Rojas & Jennalyn Patron
10524,Apay Ikalangnak,Gemma Rojas
10527,Apoy Ditoy Pusok,Gemma Rojas
10609,Veronica,Dhel Horest
10641,Dika Malipatan,Jhonnie Belisario
10678,Kabalyero,Gemma Rojas & Jennalyn Patron
10775,"Papa, Oh, Papa!",Gemma Rojas & Jennalyn Patron
10780,Probinsiyana,Vilmer Tindoc
10897,Bicolana,Nonoy
10899,Maybe This Time (Bicol Adaptation),Nonoy
10900,Nagtanom Ako,Bert Dominic
10925,Pusong Bato (Kapampangan Version),White Lies
10952,Bisaya Ko Irespeto Ko,Gerlyn Abano Johnel & Bucog
11001,Hiling,Silent Sanctuary
11002,Bangon,Rico Blanco
11005,Wala Kang Katulad,Spongecola
11006,Nananaginip,Callalily
11011,Paper Gangsta,Lady Gaga
11012,This Is It,Michael Jackson
11014,You,Rhian Ramos
11017,Russian Roulette,Rihanna
11018,We Weren't Born To Follow,Bon Jovi
11019,White Horse,Taylor Swift
11020,Bad Romance,Lady Gaga
11021,Bilog Na Hugis Itlog,Sexbomb Girls
11022,Makapiling Ka,Spongecola
11023,Pyramid,Charice ft Sean Kingston
11024,Crazy Crazy,Pop Girls
11025,Half Crazy,Freestyle
11027,Wag Kang Magtatanong,Yeng Constantino
11029,Pananagutan,Bugoy Drilon
11031,One Time,Justin Bieber
11033,Baby,Justin Bieber ft Ludacris
11035,Taas Noo,Amber Davis Feat. Gloc 9
11036,Torres,Mayonnaise
11038,Fearless,Taylor Swift
11039,When I Look At You,Miley Cyrus
11041,Not Like The Movies,KC Concepcion
11042,Parang Si Ely Buendia,Soapdish
11045,Gypsy,Shakira
11046,I Don't Want To Fall,Juris
11047,Di Lang Ikaw,Juris
11049,Hush Hush Hush Hush,Pussycat Dolls
11050,Magbabalik Ka Pa Ba,Nikki Gil
11052,Gabay,Callalily
11055,Please Be Careful With My Heart,Jose Mari Chan
11056,Please Be Careful With My Heart,Jose Mari Chan
11060,Who I Am,Nick Jonas
11061,I Never Cry,Iya Villana
11062,If I Give You My Heart,Toni Gonzaga
11063,Thinking Of You,Katy Perry
11066,Wait A Minute,Pussycat Dolls feat Timbaland
11067,Itaga Mo Sa Bato,Juris
11068,Who Knew,Pink
11069,Galing Ng Pinoy,Yeng Constantino
11075,Who Says You Can't Go Home,Bon Jovi
11076,What Goes Around,Justin Timberlake
11079,Summer Love,Justin Timberlake
11081,U & Ur Hand,Pink
11087,Yun Lang,True Faith
11091,Haven't Met You Yet,Michael Buble
11094,Leavin',Jesse McCartney
11098,Nobody's Perfect,Hannah Montana
11099,Over It,Katherine McPhee
11101,Say It Right,Nelly Furtado
11103,S.O.S. (Rescue Me),Rihanna
11104,Suddenly I See,KT Tunstall
11109,Gives You Hell,All American Rejects
11110,Her Diamonds,Rob Thomas
11111,How Do You Sleep,Jesse McCartney feat. Ludacris
11114,I Do Not Hook Up,Kelly Clarkson
11116,In God's Hands,Nelly Furtado
11118,Just Go,Lionel Richie feat. Akon
11122,Never Again,Kelly Clarkson
11125,Can't Be Tamed,Miley Cyrus
11126,California Gurls,Katy Perry ft Snoop Dogg
11127,Kung Wala Na Nga,"6Cyclemind Feat. Yeng Constantino, Kean Cipriano"
11128,Homeless,Leona Lewis
11129,Hush Hush,Pussycat Dolls
11131,Jungle Drum,Emiliana Torrini
11132,Not MySelf Tonight,Christina Aguilera
11135,Never Forget You,Noisettes
11136,Coming Up Easy,Paulo Nutini
11137,Last Request,Paolo Nutini
11138,New Shoes,Paulo Nutini
11141,Dahil Mahal Na Mahal Kita,Roselle Nava
11142,Secrets,One Republic
11145,Man Who Can't Be Moved,The Script
11146,If We Ever Meet Again,Timbaland ft Katy Perry
11148,3 Words,Cheryl Cole ft Will I. Am
11149,Te Amo,Rihanna
11150,Hold On,Michael Buble
11155,Bodies,Robbie Williams
11156,You're Not Sorry,Taylor Swift
11159,Candy,Paulo Nutini
11161,The Show,Lenka
11165,Alejandro,Lady Gaga
11167,Half Of My Heart,John Mayer ft Taylor Swift
11173,You Still Have My Heart,Princess
11174,Waka Waka,Shakira
11175,Tik-Tok,Keisha
11176,Love Will Keep Us Together,Sarah Geronimo
11182,I'll Be There,XLR8
11183,You're So Hot,XLR8
11186,Neon Lights (Nebula),Rico Blanco
11187,Sayang Sayang,Aljur Abrenica
11189,Somebody To Love (Remix),Justin Bieber ft Usher
11190,Never Let You Go,Justin Bieber
11191,Never Say Never,Justin Bieber ft. Jaden Smith
11192,Old Photographs,Jim Capaldi
11194,All The Lovers,Kylie Minogue
11195,Nothin' On You,B.O.B ft Bruno Mars
11197,One Less Lonely Girl,Justin Bieber
11198,You Lost Me,Christina Aguilera
11200,Ikaw Lang (Endless Love OST,Rachelle Ann Go
11203,Tadhana (Ilumina OST),Up Dharma Down
11204,Pag-ibig Na Tunay (Pilyang Kerubin OST),Julie Anne San Jose
11206,Afraid For Love To Fade,Christian Bautista
11209,Sama-Sama,Letterday Story
11212,Bata,"BBS, Kean And Madeline"
11213,Dreaming With A Broken Heart,John Mayer
11215,Face Down,The Red Jumpsuit Apparatus
11222,I'm In Love With A Girl,Gavin DeGraw
11223,Invisible,Ashlee Simpson
11228,Need You Now,Lady Antellebum
11231,Say,John Mayer
11234,Where Is Your Heart Tonight,Jordan Knight
11236,All Me,Toni Gonzaga
11237,In Your Eyes,Rachelle Ann Go
11240,Damdamin Ko Sa'yo,Regine Velasquez
11244,Pangarap Na Bituin,Sharon Cuneta
11269,S.O.S.,Jonas Brothers
11272,Ring The Alarm,Beyonce'
11284,People Are Crazy,Billy Currington
11288,"This Aint A Scene, Its An Arms Race",Fall Out Boy
11291,What Time Is It,High School Musical 2
11293,February Song,Josh Groban
11298,Picture To Burn,Taylor Swift
11306,Push It To The Limit,High School Musical 2
11318,Stand,Rascal Flatts
11322,Falling In Love At A Coffee Shop,Landon Pigg
11330,I Love You Girl,XLR8
11331,Liwanag,Julianne
11332,Mine,Taylor Swift
11334,Takipsilim,KC Concepcion
11335,Whataya Want From Me,Adam Lambert
11345,Eh Eh (Nothing Else I Can Say),Lady Gaga
11348,Trouble Is A Friend,Lenka
11349,Hollywood,Marina And The Diamonds
11350,Misery,Maroon 5
11351,Hollywood,Michael Buble
11354,Ten Out Of Ten,Paulo Nutini
11356,Fire With Fire,Scissor Sisters
11359,Dynamite,Taio Cruz
11360,Fifteen,Taylor Swift
11362,Heartbreak Warfare,John Mayer
11363,Shame,Robbie Williams and Gary Barlow
11364,A Year Without Rain,Selena Gomez
11365,Stand Up For Love,Destiny's Child
11367,The Flood,Take That
11369,What Am I To You,Norah Jones
11375,Shampain,Marina and the Diamonds
11376,Who Owns My Heart,Miley Cyrus
11380,Dear Mr. President,Pink
11383,Firework,Katy Perry
11386,Only Girl,Rihanna
11387,Whats My Name,Rihanna ft Drake
11388,We R Who We R,Kesha
11389,Angels Cry,Mariah Carey ft Ne-Yo
11392,Did It Ever,Gary V.
11393,I Remember The Girl,Christian Bautista
11394,Hanggang Sa Dulo Ng Aking Buhay,April Boy Regino feat. JC Regino
11395,Di Na Ako Iibig Pang Muli,April Boy Regino and Jc Regino
11397,Can't Get Enough,Young Jv ft August Rigo
11402,Pangako,Cueshe
11403,You Don't Know,Regine Velasquez
11406,Time Machine,Nyoy Volante
11409,Yakap,Ogie Alcasid
11411,Don't Say You Love Me,Krissy & Ericka
11413,Jeepney Love Story,Yeng Constantino
11414,Pakiusap Lang Lasingin Nyo Ako,Parokya Ni Edgar
11416,Club Can't Handle Me,Flo Rida
11417,Reset,Charice
11418,Just The Way You Are,Bruno Mars
11419,Like A G6,Far East Movement
11420,Kung Wala Ka,Nikki Gil
11421,Love Me,Justin Bieber
11422,You Smile,Justin Bieber
11423,Sweet Dreams,Air Supply
11425,Water Runs Dry,Boyz  II Men
11428,Photograph,Ariel Rivera
11431,Poison,Nicole Scherzinger
11432,Liwanag,Callalily
11433,Everytime,Frencheska Farr
11434,Today I'll See The Sun,Frencheska Farr
11435,War Of My Life,John Mayer
11437,Do You Know Me,John Mayer
11438,I Love You,Willie Revillame
11439,Kanlungan,Willie Revillame
11440,What Do You Got,Bon Jovi
11441,Try Sleeping With A Broken Heart,Alicia Keys
11442,Better Than Revenge,Taylor Swift
11444,Your Song,Ellie Goulding
11445,We Are The People,Empire Of The Sun
11448,Thingking Of Me,Olly Murs
11449,Nothing,The Script
11450,For The First Time,The Script
11452,Teenage Dream,Katy Perry
11453,Best Behavior,N-Dubz
11458,Sparks Fly,Taylor Swift
11460,Please Don't Let Me Go,Olly Murs
11461,Wer Na U?,Ara Muna
11462,Shine A Light,McFly ft Taio Cruz
11466,Isama Mo Ako (Captain Barbell Theme 2011),Frencheska Farr
11467,Hanggang Dito Na Lang,Frio
11468,Fly With Me,Duncan Ramos
11471,Peacock,Katy Perry
11472,Haunted,Taylor Swift
11473,Ituloy Mo Lang,Siakol
11475,Hanging Habagat,Champ
11476,Grenade,Bruno Mars
11477,Pray,Justine Bieber
11478,Mahal Kita Kasi,Nicole Hyala
11479,Speak Now,Taylor Swift
11480,Mahal Kita (Di Mo Pansin),Kyla
11484,Make You Feel My Love,Adele
11485,Do You Know Me,John Mayer
11487,Grow Old With You,Adam Sandler
11488,Run To You,Regine Velasquez
11489,Fallin',Sarah Geronimo
11490,Just Take My Heart,Mr. Big
11492,Sino Nga Ba Sya,Sarah Geronimo
11494,Hold My Hand,Michael Jackson ft Akon
11495,Down To Earth,Justin Bieber
11497,Ito Ang Pangako Ko,Nyoy Volante
11499,Hindi Na Bale,Bugoy Drilon
11500,True Romance,Regine Velasquez
11501,Tambay,Spongecola
11502,Lonely Night,Princess Velasco
11503,Patuloy Ang Pangarap,Angeline Quinto
11505,Kung Siya Ang Mahal,Sarah Geronimo
11506,God Gave Me You,Bryan White
11509,Rolling In The Deep,Adele
11510,Obsessed,Mariah Carey
11511,Tanong Lang,Ajka
11512,One Day,Charice
11513,Rocketeer,Far East Movement
11514,Who Says,Selena Gomez
11516,The Lazy Song,Bruno Mars
11520,Pangarap Lang Kita,Parokya Ni Edgar ft Happee Sy
11521,S & M,Rihanna
11524,Blah Blah Blah,Kesha ft 3OH3
11525,Wag Na,Yeng Constantino
11526,Heart And I,Robbie Williams
11527,Love You More (Children In Need),JLS
11528,Can't Make This Over,Pixie Lott
11529,Patunayan,Silent Sanctuary
11530,Kahit May Mahal Ka Nang Iba,Mark Bautista
11531,Your Love Is My Drug,Kesha
11532,Eyes Wide Shut,JLS ft Tinie Tempah
11535,Kahit Walang Sabihin,Rico Blanco
11536,Hold It Against Me,Britney Spears
11540,Don't Tie Me Down,Kyla
11541,Price Tag,Jessie J ft B.O.B
11542,Wala Na Tayo,BBS Feat. Kean
11543,Before It Explodes,Charice
11544,Just Can't Get Enough,Black Eyed Peas
11546,Tropa,Siakol
11548,Rude Boy,Rihanna
11551,Remenis,Rivermaya
11553,Problemang Puso,Jude Michael
11554,Marry You,Bruno Mars
11555,Walang Hanggan,Yeng Constantino & Nel Dimacunahan
11556,Tonight I'm Loving You,Enrique Iglesias ft Ludacris
11558,Blow,Kesha
11559,Drive,Chris Cayzer
11561,If You Can Afford Me,Katy Perry
11562,Till The World Ends,Britney Spears
11563,Forget You,Cee Lo Green
11564,That Should Be Me,Justin Bieber ft Rascal Flats
11567,What The Hell,Avril Lavigne
11569,Back To December,Taylor Swift
11570,E.T.(Remix),Katy Perry ft Kany West
11571,6Cyclemind Medley,6Cyclemind
11572,Air Supply Medley,Air Supply
11574,Barry Manilow Medley,Barry Manilow
11576,Lady Gaga Medley,Lady Gaga
11579,Rivermaya Medley,Rivermaya
11583,David Archuleta Medley,David Archuleta
11585,Bruno Mars Medley,Bruno Mars
11592,Can't Help Myself,Toni Gonzaga
11594,BASS DOWN LOW,THE CATARACS ft DEV
11595,Regal,Spongecola
11597,I Wanna Go,Britney Spears
11599,Edge of Glory,Lady Gaga
11601,Last Friday Night (T.G.I.F.),Katy Perry
11603,WISH YOU WERE HERE,AVRIL LAVIGNE
11604,Next To You,Chris Brown ft. Justin Bieber
11605,Panaginip,Noel Cabangon
11606,Dirty Dancer,"Enrique Iglesias, Usher ft. Lil Wayne"
11611,Cheers (Drink To That),Rihanna
11615,Super Bass,Nicki Minaj
11617,Gigil,Sheng Belmonte
11618,MEAN,TAYLOR SWIFT
11620,See No More,JOE JONAS
11623,Run the World (Girls),Beyonce
11624,Naiisip Mo Ba,David DiMuzio
11627,Siguro,Yeng Constantino
11630,Terrified,Katharine McPhee
11631,Best Thing I Never Had,Beyonce Knowles
11632,Pawiin,B.B.S. feat Kian Cipriano And jay Durias
11634,O.M.G.,Karylle
11635,Your Love,Marie Digby
11636,Goin Where The Wind Blows,Mr. Big
11637,Fire,Solenn Heussaff
11640,The Last Goodbye,David Cook
11641,PUSONG BATO,AIMEE TORRES
11642,Science And Faith,The Script
11644,1 + 1,Beyonce
11647,Love You Like A Love Song,Selena Gomez
11648,Kulang Ako Kung Wala Ka,Erik Santos
11649,Huwag Mo Na Munang Sabihin,SITTI
11650,Kahit Di Mo Sabihin,Juris
11651,Ala-alang Nagbabalik,Edgar Mortiz
11656,Electric Youth,Debbie Gibson
11657,Les Bicyclettes De Belsize,Engelbert Humperdinck
11658,First Love Never Dies,White Lies
11662,Di Na Mag-iisa (Darna Theme),Jonalyn Viray
11663,Beautiful Girl,Jose Mari Chan
11666,Lost In Space,Lighthouse Family
11667,Love You Down,INOJ
11669,Swimming Beach,Parokya Ni Edgar
11670,Yan Naman,Rizal Underground
11671,Napakasakit Kuya Eddie,Roel Cortez
11672,Angel,Sarah Mclachlan
11674,May Pag-Ibig Pa Ba,South Border
11679,Kay Tagal Kitang Hinintay,Sponge Cola
11680,Learn To Fly,A1
11681,Hometown Glory,Adele
11682,SOMEONE LIKE YOU,ADELE
11683,Having You Near Me,Air Supply
11684,Keeping The Love Alive,Air Supply
11685,The One That You Love,Air Supply
11686,Without You,Aj Rafael
11687,Ako Na Lang,Zia Quizon
11688,IN MY LIFE,ARIEL RIVERA
11689,Smile,Avril Lavigne
11691,DANCE FOR YOU,BEYONCE KNOWLS
11694,Today My Life Begins,Bruno Mars
11697,Calling Your Name Again,Richard Carpenter
11699,Louder,Charice
11700,What Are Words,Chris Medina
11702,JARS OF HEART,CHRISTINA PERRI
11703,A THOUSAND YEARS,CHRISTINA PERRI
11704,Princess Of China,Coldplay ft. Rihanna
11706,Paradise,Coldplay
11708,Wait,David Archuleta
11709,DAYDREAMER,ADELE
11710,Skyscraper,Demi Lovato
11711,DON'T HAVE TO LOSE,Michael Learns To Rock
11713,Crazy For This Girl,Evan And Jaron
11714,The Distance,Evan And Jaron
11722,Habang Buhay,BBS ft Kean Cipriano
11724,Hey Daydreamer,Somedaydream
11725,Huwag Mong Iwan Ang Puso,Aiza Seguerra
11729,It Will Rain,Bruno Mars
11730,IT'S GONNA MAKE SENSE,Michael Learns To Rock
11734,FLY WITH ME,JONAS BROTHERS
11738,The One That Got Away,Katy Perry
11739,Stonger (What Doesn't Kill You),Kelly Clarkson
11741,KUNIN MO NA ANG LAHAT SA AKIN,ANGELINE QUINTO
11745,Love Is The Answer,England Dan & John Ford Coley
11747,Masterpiece,Atlantic Star
11748,Minsan Lang Kitang Iibigin,Regine Velasquez
11749,LOVE WILL NEVER LIE,MICHAEL LEARNS TO ROCK
11750,YOU TOOK MY HEART AWAY,MICHAEL LEARNS TO ROCK
11753,DO I HAVE TO CRY FOR YOU,NICK CARTER
11754,One Thing,One Direction
11756,Original Song,Parokya Ni Edgar
11758,One Hit Combo,Parokya  Ni Edgar feat. Gloc 9
11759,International Love,Pitbull ft. Chris Brown
11761,Hold On To The Night,Richard Marx
11762,California King Bed,Rihanna
11763,Man Down,Rihanna
11764,We Found Love,Rihanna
11765,Set Fire To The Rain,Adele
11766,SANA'Y AKO NA LANG,SIX PART INVENTION
11768,STARGAZER,SPONGE COLA
11769,Because I Love You,Stevie B
11770,Superstar,Brenan ft. Thai
11771,5 O'Clock,T Pain ft. Wiz Khalifa & Lily Allen
11772,OURS,TAYLOR SWIFT
11774,The Man Who Can't Be Moved,The Script
11777,Pag-ibig,Yeng Constantino
11780,Now And Forever,Air Supply
11783,Time After Time,Cindy Lauper
11785,Everybody Knows (We're Through),Engelbert Humperdinck
11787,I Don't Wanna Lose Your Love,John O'Banion
11788,Afterglow,Jose Mari Chan
11791,If You're Not Here,Menudo
11792,Happy,Michael Jackson
11794,Bagsakan,Parokya Ni Edgar Ft Francis M. & Gloc 9
11795,Forevermore (New Version),Side A
11799,Give Me Everything,Pitbull ft Ne-Yo
11801,Pretty Girls,Iyaz ft. Travie McCoy
11803,Where Do We Go From Here,Chris Brown ft. Pitbull
11804,Tired,Adele
11805,MELT MY HEART TO STONE,ADELE
11806,Hollywood,Jojo
11809,WAG NA WAG MO AKONG IWANAN MAG ISA,ANGELINE QUINTO
11810,Last Forever,Iyaz
11814,Asahan Mo,Siakol
11816,This Is What Rock N Roll Looks Like,Porcelain Black
11817,Chasing Pavements,Adele
11818,How To Love,Lil Wayne
11821,Isang Katulad Mo,AJ Tabaldo ft Bernie Ann
11822,Right There,Nicole Sherzinger ft 50 Cent
11823,Orange,Parokya Ni Edgar
11825,Loving You Tonight,Andrew Allen
11830,Sinong Mag-aakala,Sitti
11831,You Da One,Rihanna
11832,Gisingin Ang Puso,Liezel Garcia
11833,Who's That Girl,Guy Sebastian
11836,Best For Last,Adele
11837,Di Ko Kayang Limutin,Liezel Garcia
11840,Bakit Pa Ba,Sarah Geronimo
11841,Paano Na Ang Puso Ko,Bugoy Drilon
11842,Give Me All Your Luvin',Madonna ft. Nicki Minaj
11843,Safe And Sound,Taylor Swift
11844,Tinamaan Ako,Anne Curtis
11848,Beautiful To Me,Christian Bautista
11849,Sing This Song,Somedaydream
11851,Dear Lonely,Zia Quiazon
11852,Glad You Came,The Wanted
11854,Part Of Me,Katy Perry
11858,Lego House,Ed Sheeran
11859,Nasaktan Man Kita,Louie Heredia
11860,You're All I Need,Lani Misalucha
11861,Hanggang Ngayon,Bryan Termulo
11862,Tuloy,"Sarah Geronimo,  Somedaydream and Gary Valenciano"
11863,To Reach You,Anja Aguilar
11864,Take Care,Drake ft. Rihanna
11867,Turn Me On,David Guetta ft Nicki Minaj
11871,Love On Top,Beyonce
11877,"Sugar, We're Fallin'",Fall Out Boy
11878,Habang Buhay,MJ Magno
11881,All The Right Moves,One Republic
11882,Moving Closer,Never The Strangers
11885,Tired Of Being Sorry,Enrique Iglesias
11891,I Don't Care,Fall Out Boy
11892,Whispered Fear,Rachelle Ann Go
11893,When We Collide,Matt Cradle
11895,Stitches And Burns,Fra Lippo Lippi
11900,Honey,Bobby Goldsboro
11906,Yakap Sa Dilim,Orange And Lemons
11907,You're The Inspiration,Dianne Elise
11908,Break It To Me Gently,Mark Bautista
11910,Never Let Her Slip Away,The Bloomfields
11914,Only Reminds Me Of You,M.Y.M.P.
11916,Gotta Be You,One Direction
11917,Give Your Heart A Break,Demi Lovato
11920,What Kind Of Fool,Barbra Streisand and Barry Gibb
11921,Iiyak Na Lang,Calzada
11923,Domino,Jessie J
11925,Mr. Know It All,Kelly Clarkson
11926,Ikaw Pa Rin,Aisaku
11927,Alaala Mo,Aisaku
11928,Love Radio Theme Song,Love Radio Theme
11929,Hayahay,Yes FM Jingle
11935,Wide Awake,Katy Perry
11936,Titanium,David Guetta ft Sia
11937,Eyes Open,Taylor Swift
11938,Birthday Cake (Remix),Rihanna ft Chris Brown
11942,Lights,Ellie Goulding
11945,Good Feeling,Flo Rida
11952,Dancin' Away With My Heart,Lady Antebellum
11955,Basta Ako,6 Cycle Mind
11956,Upside Down,6 Cycleminds
11957,Never Close Our Eyes,Adam Lambert
11958,Rumour Has It,Adele
11960,Ba't Di Ko Ba Nasabi,Krizza Neri
11961,Back Home Again,John Denver
11963,Bakit Mahal Pa Rin Kita,Erik Santos
11970,Minsan,Callalily
11972,Liquid Ice,Charlie Green
11973,Sasabihin,Christian Bautista with Neocolours
11978,My Everything,Down To Mars
11983,Sandali Lang,Emmanuelle
11992,Hinahanap Hanap Kita,Rivermaya
11995,I'm Sorry My Love,Victor Wood
11997,Sorry Mahal,J Brothers
11998,Young Love,Jedward
12021,Aking Awit,Larraine Ancheta
12022,Ako Ang Iyong Kapwa,Gerry M. De Leon
12029,Ako'y Sa'yo Lamang,Ruth & Bea
12034,Alay Sa'yo,Era Ann Oblefias
12048,ALL IN HIS OWN SWEET TIME,Cathy Spurr
12116,AWIT KO'Y PARA SA'YO,BETH FLORES
12129,Babalik Na Muli,Len Catalan
12202,"CELEBRATE, JESUS, CELEBRATE",Gary Oliver
12255,DAHIL SA'YO,KATCHIE OBLEFIAS
12268,Days Of My Life,Gigi De Jesus
12270,Di Ako Iiwan,Ruth & Bea
12299,Face To Face,Gigi De Jesus
12515,I Know My Reason,Gigi De Jesus
12535,I Wanna Thank You,Kits Falcis
12604,INSTEAD OF ME,Teri Desario
12613,ISANG HARANA,Sammy Uy & Caro Magdaluyo
12661,Kailanman,Era & Katchie Oblefias
12685,Kulay~Buhay,Butch Sison
12771,MAGPATULOY KA,Larraine Ancheta
12800,Meet With Me,Lamont Hiebert
12838,NAGMAMAHAL,LORI OBMERGA
12930,PAGSAMO KO,Butch Charvet
12950,Para Sa'yo,Harold Clomera
13003,Sa Bawat Oras,Roy Miranda
13019,Shalom,Ding Yson
13121,WALANG MAKAKAPIGIL,WILLIAM INOY
13528,Roses Are Red,Bobby Vinton
13537,Colors Of The Wind,Vanessa Williams
13574,Go The Distance,Michael Bolton
14008,Bed Of Roses,Bon Jovi
14011,ALL THE MAN THAT I NEED,WHITNEY HOUSTON
14018,BORDERLINE,MADONNA
14019,It's Not Unusual,Tom Jones
14022,Lost In Love,Air Supply
14027,Faith,George Michael
14029,Man In The Mirror,Michael Jackson
14034,BEAUTIFUL IN MY EYES,JOSHUA KADISON
14035,Heaven,Bryan Adams
14039,Complicated Heart,MLTR
14041,BAD,MICHAEL JACKSON
14042,Billie Jean,Michael Jackson
14043,ALL OUT OF LOVE,AIR SUPPLY
14044,Come Together,Beatles
14045,Another Day In Paradise,Phil Collins
14046,Born Free,Andy Williams
14047,AGAINST ALL ODDS,PHIL COLLINS
15001,I'll Be There,Julie Ann San Jose
15003,Brokenhearted,Karmin
15004,Kay Lupit Ng Tadhana,Willie Garte
15005,Dark Side,Kelly Clarkson
15007,Ngayong Wala Ka Na,Kyla
15009,Come What May,Lani Hall & Herb Alpert
15010,Light In The Dark,David DiMuzio
15016,I Love You,Lovi Poe
15018,Lumilipad,Dennis Trillo
15019,Magpakailanman,Top Suzara
15020,Magpakailan Pa Man,Ogie & Regine
15021,Payphone,Maroon 5 ft Wiz Khalifa
15025,More Than This,One Direction
15026,What Makes You Beautiful,One Direction
15030,Back In Time,Pitbull
15033,Amats,Rico Blanco
15034,Where Have You Been,Rihanna
15036,Sa Bawat Paghinga,Sabrina
15038,You And I,Scorpions
15039,Hey Hey Alodia,Segatron
15040,Biyaheng Impiyerno,Siakol
15041,Summer Paradise,Simple Plan ft. Sean Paul
15042,Skin,Grin Department
15044,Song For A Rainy Day,Marc Velasco
15047,Tell Me You Love Me,Nikki Bacolod
15052,Break Even,The Script
15054,Theme For A Dream,Cliff Richard
15055,Kasama Kang Tumanda,Toni Gonzaga
15062,Mandy,Westlife
15063,Tonight,Westlife
15064,Syempre,Willie Revillame
15066,Gangnam Style,Psy
15071,Memories Of Our Dream,Eddie Peregrina
15074,We Are Never Ever Getting Back Together,Taylor Swift
15075,Traysikel,April Boys
15076,You're My Everything,Victor Wood & Marika
15077,One More Night,Maroon 5
15080,XGF,Sponge Cola Feat. Chito Miranda and Los Magno
15081,Let Me Love You,Ne-yo
15083,Want You Back,Cher Lloyd
15085,Pound The Alarm,Nicki Minaj
15089,365 Days,Lutricia Mcneal
15090,Skyfall,Adele
15091,Radio,Amber Davis
15092,Angel,Fra Lippo Lippi
15095,Perfect Two (Acoustic),Auburn
15097,Beginning Today,Agot Isidro
15101,Pasasalamat,Callalily
15102,Happy Man,Chicago
15105,We All Fall In Love Sometimes,Elton John
15106,Manong Guard,Emmanuelle and Yeng Constantino
15108,Whistle,Flo Rida
15109,Hold Me In Your Arms,Southern Sons
15111,Enough,Julie Ann San Jose
15116,Love Letters,Nat King Cole
15118,Little Things,One Direction
15119,Live While We're Young,One Direction
15120,Pa'no Nangyari Yun,Mayonnaise
15123,P.S. I'm Still Not Over You,Rihanna
15126,Sana Ngayong Pasko,Ariel Rivera
15127,Out Of My League,Stephen Speaks
15128,The Prayer,Celine Dion and Andrea Bocelli
15131,Your Name,Young JV ft. Myrtle
15132,Your Song,Parokya Ni Edgar
15134,Blow Me (One Last Kiss),Pink
15135,Diamonds,Rihanna
15136,Locked Out Of Heaven,Bruno Mars
15142,I Knew You Were Trouble,Taylor Swift
15143,Die Young,Kesha
15146,A World Without Love,Peter and Gordon
15147,I'm Alive,Celine Dion
15148,Something New In My Life,Stephen Bishop
15149,Do I Make You Proud,Taylor Hicks
15151,Someone Like You,Eric Clapton
15152,Forever,Martin Nievera and Regine Velasqez
15154,Missing You (If I Cry A Thousand Tears),RJ Helton
15158,Better With You,Kris Allen
15159,Loves Grown Deep,Kenny Nolan
15160,Nag-iisang Bituin,Angeline Quinto
15161,Fascination,Nat King Cole
15162,When I Fall In Love,Nat King Cole
15164,Perfect,Pink
15165,Wishing You'll Be Mine,Sam Concepcion
15166,Sa Isang Sulyap Mo,0.071527778
15168,Save Me a Dream,Paul Williams
15170,Save You,Simple Plan
15172,The Very Thought Of You,Nat King Cole
15177,We Don't Have To Say The Words,Gerard Joling
15179,Girl on Fire,Alicia Keys
15182,I Surrender,CELINE DION
15183,Cha Cha Dabarkads,Ryzza ft. Jose and Wally
15184,Every Beat Of My Heart,Chris Rea
15185,Wish U Were Here,Cody Simpson ft. Becky G
15188,Everybody Hurts,David Archuleta
15189,It Takes Too Long To Learn To Live Alone,Eydie Gorme
15190,Not Over You,Gavin DeGraw
15195,Kiss You,One Direction
15196,Who's Laughing Now,Jessie J
15197,Faithfully,Boyce Avenue
15198,Body Shot,Kaci Battaglia Feat. Ludacris
15200,Catch My Breath,Kelly Clarkson
15203,Si Aida O Si Lorna O Si Fe,Marco Sison
15206,Feel Again,One Republic
15208,Try,Pink
15209,Paalam,Silent Sanctuary
15211,Babaero,Randy Santiago
15212,Right Next To Me,Whistle
15213,Secret Smile,William Katt
15215,Lifeline,Spandau Ballet
15216,Mahaba Ang Gabi,Spongecola
15218,Begin Again,Taylor Swift
15220,The Best Of Me,Olivia Newton David Foster
15221,Hall Of Fame,The Script Feat. Will I. Am
15223,I Found You,The Wanted
15224,Turn It Well,Up Dharma Down
15225,Scream & Shout,Will I Am ft. Britney Spears
15227,Mambobola,Zsa Zsa Padilla
15230,Before You Go,Matt Monro
15231,Nagmamakaawa,Bugoy Drilon
15232,Want You To Cry Too,Keno
15235,Burado,Rico Blanco
15239,Help,John Farnham
15240,Oras,Mic Llave
15241,Halika Na,0.071527778
15242,Bakit Ngayon,Julie Anne San Jose
15243,Runaway Baby,Bruno Mars
15244,When I Was Your Man,Bruno Mars
15250,Wag Ka Nang Umiyak,KZ Tandingan
15253,Make Up My Heart,Josie Aiello
15256,We Could Be In Love,Lea Salonga & Brad Kane
15261,Fiesta,6 Cyclemind
15262,Mag-usap,6 Cyclemind
15264,Cuckoo,Adam Lambert
15265,For Your Entertainment,Adam Lambert
15267,Ako'y Maghihintay,Cenon Lagman
15268,Alaala,Yeng Constantino
15269,Among My Souvenirs,Connie Francis
15270,Anong Nangyari Sa Ating Dalawa,Aiza Seguerra
15271,B.A.B.A.Y.,Yeng Constantino
15274,HKM,Callalily
15287,I Apologize,Timi Yuro
15289,In My Time,Teddy Pendergrass
15292,Kahit Na,Toni Gonzaga
15293,C'mon,Kesha
15295,Miss U (Miss Miss Sa Loob ng Jeepney),Grin Department
15296,Morning Girl,The Lettermen
15299,Nasa Iyo Na Ang Lahat,Daniel Padilla
15300,Va Va Voom,Nicki Minaj
15301,Ok Lang Ako,Parokya Ni Edgar
15302,One Day,Angeline Quinto
15303,Just Give Me A Reason,Pink ft. Nate Ruess
15304,Paano,Gary Valenciano
15305,Now,Paramore
15306,Pinakamamahal,Willie Revillame
15307,Rest Your Love On Me,Bee Gees
15308,Stay,Rihanna ft. Mikky Ekko
15309,I'd Rather Leave While I'm In Love,Rita Coolidge
15311,Scared To Death,KZ Tandingan
15312,She's The One,Taylor Jones
15313,Addicted,Simple Plan
15317,Kendeng Kendeng,Willie Revillame
15319,One Way Or Another,One Direction
15325,Ang Ganda Mo,Phisiks ft. Adrian T
15326,Say You're Just A Friend,Austin Mahone  ft Flo Rida
15330,Be OK,Ingrid Michaelson
15331,I Like That,Before You Exit
15332,Bridge Over Troubled Water,Josh Groban & Brian  McKnight
15334,Darating,BBS feat. Ney Dello Kleggy
15336,Tatlong Beinte Singko,Dingdong Avanzado
15337,Ewan Ko,Soapdish
15338,The Tender Trap,Frank Sinatra
15341,Heaven Knows,Orange And Lemons
15347,It Takes A Man And A Woman,Sarah Geronimo
15350,Falling For You,JayR & Marie Digby
15352,Tonight,Jessica Sanchez ft. Neyo
15353,If You're Never,Jessie Ware
15354,Magkabilang Mundo,Jireh Lim
15355,Downtown,Lady Antebellum
15356,Hello World,Lady Antebellum
15359,Almost Home,Mariah Carey
15360,More Than Words Can Say,Alias
15365,Greatest Story Ever Told,Oliver James
15366,Troublemaker,Olly Murs ft. Flo Rida
15373,Take A Chance,Luigi 'D Avola
15374,22,Taylor Swift
15375,Someone,The Rembrandts
15379,Tanong,Young JV
15381,Lovesong,Adele
15382,All Of My Life,Barbara Streisand
15383,Cups ''When I'm Gone'',Anna Kendrick
15384,The Way,Ariana Grande ft. Mac Miller
15385,Here's To Never Growing Up,Avril Lavigne
15389,Pilot Of The Airwaves,Charlie Dore
15390,Jenny,Click Five
15391,Don't Let Me Be The Last To Know,The Nolan
15393,Happy Birthday,Click Five
15394,Hello I Love You,Chicser
15397,1 Week To Move On,Isabelle De Leon
15403,All Around The World,Justin Bieber ft Ludacris
15404,Mirrors,Justine Timberlake
15405,Suit And Tie,Justin Timberlake
15408,Kung Pwede Lang Ibalik,Markki Stroem
15413,Mama's Broken Heart,Miranda Lambert
15417,I Wish,One Direction
15418,Up All Night,One Direction
15419,Still Into You,Paramore
15420,Pick Your Poison,Sponge Cola
15422,Pilipinas Kailan Ka Magigising,Rivermaya
15423,Sabihin Mo Lagi,Men Oppose
15424,Sama-sama,Rocksteddy
15425,Two Steps Behind,Six Part Invention
15426,Everywhere You Go,Taxi Ride
15429,Remember When,The Platters
15430,Six Degrees Of Separation,The Script
15431,This Is My Now,Jordin Sparks
15432,Touch And Go,Rupert Holmes
15438,Where Do I Go From Here,England Dan & John Ford Coley
15439,That Power,Will.I.Am  ft. Justin Bieber
15441,By Your Side,Aspen Way
15443,All The Time,Barry Manilow
15444,Lord Patawad,Basilyo
15445,Let Your Love Flow,Bellamy Brothers
15446,Breaking Us In Two,Joe Jackson
15447,Treasure,Bruno Mars
15449,This Kiss,Carly Rae Jepsen
15450,Chinito,Yeng Constantino
15453,Charade,Drop Decay
15456,Falling In Love,Six Part Invention
15460,I Wish You Love,Victor Wood
15465,Papansin,K.A. Antonio
15468,How Ya Doin',Little Mix ft Missy Eliot
15469,Lonely Together,Barry Manilow
15471,Beautiful,Mariah Carey ft. Miguel
15473,Meron Ba,Barbie Forteza
15474,Popular Song,Mika ft. Ariana Grande
15477,Moments,One Direction
15479,Pangarap,Dingdong Avanzado
15480,Pangarap Na Mahal,Six Part Invention
15481,Please Don't Be Scared,Barry Manilow
15482,Everyday Fun (Power Rangers Samurai),Steven Skyler and Erika Fong
15484,Remember You're Mine,Pat Boone
15485,Lipat Bahay,Rico Blanco
15486,Save Your Kisses For Me,Brotherhood Of Man
15488,Come and Get It,Selena Gomez
15491,Everything Has Changed,Taylor Swift ft Ed Sheeran
15493,Walks Like Rihanna,The Wanted
15494,This Night Won't Last Forever,Michael Johnson
15496,Ikaw at Ako,TJ Monterde
15497,Tsismosa,Kley
15499,Weekend In New England,Barry Manilow
15504,A Little More You,Before You Exit
15506,Pagkat Mahal Kita,Bugoy Drilon
15508,Bumalik Ka Na Sa Akin,Silent Sanctuary
15510,You'll Never Stand Alone,Charice
15513,Count On Me,Bruno Mars
15519,Help Me Get Over You,Jonalyn Viray
15521,Island Called Boracay,Ferns Tosco
15525,For Everything,Julie Anne San Jose
15526,People Like Us,Kelly Clarkson
15528,Laserlight,Jessie J.
15529,"Nanliligaw, Naliligaw",Lloyd Umali and Ima Castro
15531,Mama,Heintje
15532,Maniac,Michael Sembello
15534,We Can't Stop,Miley Cyrus
15535,My Kind Of Perfect,David Archuleta
15540,True Love,Pink
15541,Nakita Kang Muli,Jonalyn Viray
15543,Pangako,6 Cyclemind
15546,Brave,Sara Bareilles
15550,Sa Bingit Ng Isang Paalam,Spongecola
15552,Ronan,Taylor Swift
15553,That's The Way Of Friends,Paul Parrish
15554,We Cry,The Script
15556,Jenny (867-5309),Tommy Tutone
15558,When I Close My Eyes,Julie Anne San Jose
15560,Ikaw Ang Magic ng Buhay ko,Yeng Constantino
15561,Promise,Yeng Constantino
15562,A Million Miles Away,Rihanna
15563,Don't You Remember,Adele
15564,Turning Tables,Adele
15565,Kung Bakit Ngayon,Aicelle Santos
15566,Nasaan,Aicelle Santos
15568,Arimunding- Munding,Alexis
15569,Bakit Lumuluha,KZ Tandingan
15570,Broken Heart,Kaligta
15571,Sana'y Ibigin Mo,Bugoy Drilon
15572,Dahilan,Callalily
15573,Fake Lullabies,Callalily
15574,In This Song,Charice
15576,Dati,Sam Conception & Tippy Dos
15579,If You Ever Change Your Mind,Marion Aunor
15581,Ikot-Ikot,Sarah Geronimo
15583,Ridin Solo,Jason Derulo
15586,Josephine,Yeng Constantino
15589,If Only,Lea Salonga
15590,Statue,Lil Eddie
15591,Kung Sana Bukas,Maricris Garcia
15592,Gilid,Moonstar 88
15593,Ligaw,Moonstar 88 Feat Chito Miranda
15594,Lumayo Ka Man Sa Laklak,Moymoy Palaboy
15595,Kung Di Man,Ney Dimaculangan
15596,I'll Always Stay In Love This Way,Oj Mariano
15597,I'll Change My Mind,One Direction
15598,Everything About You,One Direction
15599,Heart Attack,One Direction
15601,Puro Laro,KZ Tandingan
15603,I'll Take Care Of You,Richard Poon
15604,Kahit Di Mo Napapansin,Richard Poon
15605,Sayaw,Rico Blanco
15606,Sa Yakap Mo,Willie Revillame
15607,Sa'Yo Na Lang Ako,Karylle
15608,Saludo,Quest
15610,Sandata,Yeng Constantino
15616,Underneath It All,No Doubt
15618,World In Our Hands,Taio Cruz
15619,Tamang Panahon,Wynn Andrada
15620,That Girl,Young Jv
15621,Alay,Young Jv ft Akiko
15623,Ako'y Iyong-Iyo,Regine Velasquez
15624,Almost Is Never Enough,Ariana Grande ft. Nathan Sykes
15626,Rock N Roll,Avril Lavigne
15627,Bakit Hindi Ka Crush Ng Crush Mo,Zia Quizon
15628,Bespren,Yeng Constantino ft Coach Jungee
15629,It's A Beautiful Day,Boyce Avenue
15630,God Must Have Spent A Little More Time With You,Boyce Avenue
15631,The A Team,Boyce Avenue
15639,Gabay,Siakol
15642,I'll Always Love You,Craig Ruhnke
15644,It's Only Love,Junior
15645,It's Your Love,Gil
15646,Plastic Roses,Jessica Sanchez
15648,Roar,Katy Perry
15650,Look Up,Ryzza Mae Dizon
15651,Luna,Up Dharma Down
15652,Malayang Magmahal,Rivermaya
15653,Never Say Goodbye,Martin Nievera
15655,Earth Song,Michael Jackson
15657,Midnight Girl,Christian Vega
15658,Wrecking Ball,Miley Cyrus
15659,Minahal Kita,Michael Laygo
15661,Best Song Ever,One Direction
15663,Only For You,Six Part Invention
15664,Pansamantagal,Sitti
15665,Pansamantala,Callalily
15666,Pasakalye,Zia Quizon
15667,Promise Of Love,Martin Nievera
15670,No Limitations,Sam Concepcion
15671,Sana Nga,Regine Velasquez
15672,Other Side Of Love,Sean Paul
15674,Stick Around,Azure
15677,Can We Dance,The Vamps
15681,Yun Ka,Willie Revillame
15682,20 Million,Rivermaya
15684,He Won't Go,Adelle
15685,One And Only,Adelle
15687,All The Time,Johnny Mathis
15688,A Love Like War,All Time Low
15690,Ako'y Para Sa'yo,Anja Aguilar
15691,Back To You,Luigi D' Avola
15693,Binibirocha,Andrew E.
15694,Name,Boyce Avenue
15695,Moonshine,Bruno Mars
15697,Picture,Carly Rae Jepsen
15698,Lighthouse,Charice Pempengco
15699,Ngayong Narito Ka,Chiqui Pineda
15707,Why Is It Me,England Dan & John Ford Coley
15708,Falling Stars,England Dan & John Ford Coley
15709,Gone Too Far,England Dan & John Ford Coley
15710,Soldier In The Rain,England Dan John Ford Coley
15712,Feeling Good,Michael Buble
15715,Eto Na Naman,Gary Valenciano
15716,Hate,Rivermaya
15719,Talk Dirty,Jason Derulo
15726,Hintayin,Kley
15727,Lipad Ng Pangarap,Angeline Quinto & Regine Velasquez
15730,Royals,Lorde
15734,Fallen,Marion Aunor
15735,Pag-Uwi,Martin Nievera
15737,Oha Kaya Mo Ba To,Enrique Gil
15738,I Want,One Direction
15739,I Would,One Direction
15749,Slide,Boyce Avenue
15750,Stolen,Boyce Avenue
15752,Tayong Dalawa Pa Rin,April Boys
15754,Find That Girl,The Boy Band Project
15755,The Last Song I'll Write For You,David Cook
15757,Un-Love You,Kz Tandingan
15761,Who's Lonely Now,England Dan & John Ford Coley
15762,Ikaw Ang Sagot,Tom Rodriguez
15765,A Man Alone,Frank Sinatra
15766,Almost There,Andy Williams
15774,Baleleng,Roel Cortez
15778,Work B**ch,Britney Spears
15779,Gorilla,Bruno Mars
15780,More Than A Memory,Carly Rae Jepsen
15783,Ayaw Kong Isipin,Chedi
15786,Di Mo Man Sabihin,Ronnie Liang
15787,Excuse Me,Junior
15793,Ding Dong Song (You Touch my Tralala),Gunther
15795,Selfie Song,Davey Langit
15797,Just A Kiss,Lady Antebellum
15798,Just The Girl,Click Five
15799,Take Back The Night,Justin Timberlake
15800,Kids In America,The Muffs
15803,I Was Made For Dancing,Leif Garrett
15804,New York City Nights,Leif Garret
15807,Melody,Andy Gibb
15809,Naghihintay,Jacob
15810,Nandiyan Palagi,Regine Velasquez
15815,No Boundaries,Kris Allen
15816,Over Again,One Direction
15817,Same Mistakes,One Direction
15818,Stole My Heart,One Direction
15819,They Don't Know About Us,One Direction
15820,Princess Of Disguise,Rivermaya
15821,Prinsesa,VFort
15824,Mahal Na Mahal Kita,Sam Concepcion
15827,So Close,Jon Mclaughlin
15829,Someone Who Believes In You,Air Supply
15832,The Art Of Letting Go,Mikaila
15836,Trip Lang,Shehyee ft. Sam Pinto
15838,Unat Huling Pag-ibig,Willie Garte
15839,Inibig Ko'y Nakatali Na,Victor Wood
15841,Yakap,Charice
15844,Let Me Go,Avril Lavigne
15847,Acapella,Karmin
15848,Unconditionally,Katy Perry
15851,Counting Stars,One Republic
15854,Red,Taylor Swift
15855,What Now,Rihanna
15856,Ain't It Fun,Paramore
15857,Story Of My Life,One Direction
15859,Ang Parokya,Parokya Ni Edgar ft. Gloc9 & Frank Magalona
15862,Baby Come Home,Scissor Sisters
15863,Before You Go,Matt Monroe
15864,Believe It Or Not,Joey Scarbury
15867,Burn,Ellie Goulding
15868,Can This Be Love,Matt Monroe
15871,Cool With You,Jennifer Love Hewitt
15875,3000 Miles,Emblem3
15880,From The Candy Store To The Chapel,Tony Bennet
15882,I Believe In You,Gino Padilla
15884,I Love You,Morris Albert
15888,I'll Be Seeing You,Frank Sinatra
15889,Ibong Ligaw,Juana Cosme
15892,If You Ever Leave Me,Jack Jones
15897,All That Matters,Justin Bieber
15898,Meet Me Halfway,Kenny Loggins
15899,Meron Ng Iba,Silent Sanctuary Feat. Ashley Gosiengfiao
15900,Adore You,Miley Cyrus
15901,My Side Of Town,Lutricia Mcneal
15905,Say It,Voices Of Theory
15907,Kailangan Kita,Sponge Cola
15908,The Last Time,Taylor Swift ft Gary Lightbody
15913,Walang Kwentang Kanta,Basilyo
15914,What A Difference A Day Made,Tony Bennett
15915,You're A Part Of Me,Kim Carnes & Gene Cotton
15916,Stay The Night,Zedd ft Hayley Williams
15920,Begin The Beguine,Frank Sinatra
15921,Moonlight Bay,Bing & Gary Crosby
15924,Love Me For Me,Cher Llyod
15926,Human,Christina Perri
15929,Let It Go,Demi Lovato
15930,How Long Will I Love You,Ellie Goulding
15932,Defying Gravity,Glee Cast
15933,Gloria,Laura Branigan
15935,I Can't Believe My Eyes,Air Supply
15936,Always,Frank Sinatra
15939,Be My Number Two,Joe Jackson
15942,Gloria,Laura Branigan
15943,London By Night,Frank Sinatra
15944,Look To Your Heart,Frank Sinatra
15945,May Each Day,Andy Williams
15947,My Love For You,Johnny Mathis
15948,One Day,Matt Monroe
15950,Tayo,Sarah Geronimo
15954,Abot Langit,Silent Sanctuary
15955,Smile,Nat King Cole
15958,Somewhere My Love,Andy Williams
15959,Stay As Sweet As You Are,Nat King Cole
15960,Animal Instinct,Cranberries
15962,I'm In The Mood For Dancing,The Nolans
15963,The Party's Over,Johnny Mathis
15964,The Things We Did Last Summer,Frank Sinatra
15965,There Goes My Heart,Johnny Mathis
15966,This Love Of Mine,Frank Sinatra
15967,Till Then My Love,Matt Monroe
15968,Time After Time,Frank Sinatra
15971,Villa Quintana,Rockstar 2
15973,Whenever You Call,Mariah Carey
15976,You My Love,Frank Sinatra
15977,You'll Never Find Another Love Like Mine,Michael Buble
15979,Evidence,2AM Club
15980,Sana2x,Angeline Quinto
15984,Love Me Like The First Time,Brenda Starr
15985,Perfume,Britney Spears
15986,Liquor Store Blues,Bruno Mars ft. Damian Marley
15987,Can't You See,Tiffany
15988,No One,Champ
15989,Over The Moon,Cher Lloyd
15990,Classic,MKTO
15992,Colour Blind,Darius
15996,Good By Sunday,6 Cyclemind
15999,Hayop Sa Ganda,0.071527778
16001,I Never Knew Love,Lovi Poe
16003,Nobody's Perfect,Jessie J
16005,Confident,Justin Bieber
16006,Beep,K.A. Antonio
16007,Ikaw Pa Rin,Kaligta
16008,Dark Horse,Katy Perry ft Juicy J
16010,Team,Lorde
16011,Wag Kang Mangako,Lovie Poe
16012,Paraan,Mayonaise
16013,Electrified,M.Y.M.P.
16014,Nandito Lang Ako,TJ. Monterde
16015,Ngayong Nandito Ka,Divo Bayer
16016,Midnight Memories,One Direction
16017,Only In My Dreams,Debbie Gibson
16018,Lucky In Love,Paolo Onesa
16019,Happy,Pharell Williams
16020,Timber,Pitbull ft Kesha
16021,Pompeii,Bastille
16022,Sway,Pussycat Dolls
16023,Corrina Corrina,Ray Petersen
16024,Ito Ang Sandali,Rico Blanco
16025,Say It Isn't So,Gareth Gates
16027,Bunga,Siakol
16031,Anting-Anting,Sponge Cola feat. Gloc9 & Denise Barbacena
16037,You're The One,Frank Sinatra
16041,Trespassing,Adam Lambert
16047,Can't Remember To Forget You,Shakira ft Rihanna
16050,Cinderella,Stage Crew
16051,Sayang,Claire Dela Fuente
16055,Didn't We,Matt Monroe
16056,Dio Como Ti Amo,Jack Jones
16057,Do The Moves,"Sarah Geronimo, Apl.de Ap, Enrique Gil & Elmo Magalona"
16059,If I Just Believe,Erik Santos
16060,My Love Is Here,Erik Santos
16061,Feels Like Heaven,Fiction Factory
16062,First Time,Robin Beck
16063,Ikaw Na Na Na (Acoustic),G2B Boys
16066,Wag Mong Iwan Ang Puso,Aiza Seguerra
16069,Pagsuko,Jireh Lim
16071,Kailanman,Dennis Trillo
16073,Kiss You,Karylle
16075,Love Story (Where Do I Begin),Andy Williams
16076,Love Me Again,John Newman
16078,If You Leave,OMD
16084,Sa Piling Ko,Mark Alain
16085,Sandra,Barry Manilow
16087,Smile,Uncle Kracker
16091,The Twelfth Of Never,Johnny Mathis
16092,Wild Heart,The Vamps
16093,Indak,Updarma Down
16094,Wait For You,Elliot Yamin
16096,XO,Beyonce
16097,You Don't Bring Me Flowers,Neil Diamonds and Barbra Streisand
16099,Mmm Yeah,Austin Mahone ft Pitbull
16104,Sweater Weather,The Neighbourhood
16113,I'm Sorry,CNBLUE
16116,Basted,Myrus
16119,Dream Away,Frank Sinatra
16120,Harana,Eraserheads
16123,Frozen Medley,Frozen OST
16128,I Still Believe In You,David Pomeranz
16129,Ikaw,Regine Velasquez
16131,Walking On Sunshine,Katrina & The Waves
16132,Birthday,Katy Perry
16133,Hiding Inside Myself,Kenny Rankin
16136,Love,Jim Photoglo
16137,Dahan-Dahan Lang,Maja Salvador
16138,Parang,Mayonnaise
16139,Natataranta,James Reid
16140,No Erase,James Reid & Nadine Lustre
16141,You and I,One Direction
16142,Our Song,Jack Jones
16143,Paligoy-Ligoy,Nadine Lustre
16147,Sa Isang Bote Ng Alak,Siakol
16148,Singapore Sling (Dahil Kilala Na Kita),Spongecola
16151,Anna(Go To Him),The Beatles
16152,The Walls Of The World,Katie Melua
16153,This Is Love (Radio Edit),Will I Am ft Eva Simons
16154,Ikaw Lamang,Top Suzara
16156,Pag May Time,Xian Lim
16157,You And Me,Callalily
16158,They Don't Know,Rico Love
16159,Drunk In Love,Beyonce ft. Jay Z
16160,The Man,Aloe Blacc
16167,Me And My Broken Heart,Rixton
16174,Empire,Shakira
16176,Hanggang Kailan Kita Mamahalin,Angeline Quinto
16177,New Days,Asher Lane
16178,Hello Kitty,Avril Lavign
16180,Bewitched,Frank Sinatra
16181,By The Time I Get To Phoenix,Frank Sinatra
16182,Don't Take Your Love From Me,Frank Sinatra
16183,Dream Of Me,Kirsten Dunst
16186,Fools Rush In,Frank Sinatra
16188,Hindi Ko Kaya,Geneva Cruz
16189,I'm A Fool To Want You,Frank Sinatra
16193,It Was A Very Good Year,Frank Sinatra
16194,Right Where You Belong,Julie Anne San Jose
16196,Not A Bad Thing,Justine Timberlake
16204,Stand By Me,Oasis
16207,Narito Ako,Regine Velasquez
16208,Smile At Me,Rocksteddy
16209,Salamat Po,Parokya Ni Edgar
16210,Stay With Me,Sam Smith
16211,Sama-Sama,Silent Sanctuary
16214,Monsters,Timeflies ft. Katie Sky
16215,To Love Somebody,Michael Bolton
16217,You And Me,Frank Sinatra
16227,Air Balloon,Lily Allen
16229,Problem,Ariana Grande ft Iggy Azalea
16231,Bartender,Lady Antebellum
16235,Eroplanong Papel,December Avenue
16236,Dyosa,Yumi Lacsamana
16238,Thinking Out Loud,Ed Sheeran
16239,Pag Napagod Na Ang Puso Mo,Erik Santos
16240,Half A Heart,One Direction
16241,Fancy,Iggy Azalea ft. Charli XCX
16242,Ikaw Lamang,Siakol
16244,Into Your Arms,Luigi D' Avola
16246,Jolene,Miley Cyrus
16247,How Could I Not Love You,Joy Enriquez
16252,Love Runs Out,One Republic
16253,Love Never Felt So Good,Michael Jackson and Justin Timberlake
16254,Money On My Mind,Sam Smith
16256,Nakasanayan Ko Na Ba,Carmela Cuneta
16257,Pretend,Nat King Cole
16258,Only Love Can Hurt Like This,Paloma Faith
16261,Puwang Sa Puso,Juris
16262,Hindi Ka Nag-iisa,Yeng Constantino ft. Q-York
16263,Ready Ka Na Ba?,Kito Romualdez
16264,Vida,Ricky Martin
16265,I Will Never Let You Down,Rita Ora
16266,Puyat,RJay Ty ft. Ron Henley
16268,SeenZoned,Yeng Constantino
16269,Dare (La La La),Shakira
16270,The Greatest Performance Of My Life,Shirley Bassey
16271,Synesthesia,Mayonnaise
16275,Young Girls,Bruno Mars
16278,63,Spongecola Feat. Yeng Constantino
16279,The Way You Make Me Feel,Michael Jackson
16280,On A Night Like This,Kylie Minogue
16281,Good Life,One Republic
16283,Arms,Christina Perri
16285,Tennis Court,Lorde
16286,Somebody To You,The Vamps ft Demi Lovato
16288,Ang Saya Saya,0.071527778
16290,Bakit Part 2,Mayonnaise
16291,Girl,Beyonce
16292,Carmelita,Victor Wood
16293,Catch Me,Demi Lovato
16294,End Up Here,Cher Llyod
16296,Try,Colbie Caillat
16298,Dading,Gaby Eigenmann
16299,I Heart You,Daniel Padilla
16303,Hello Beautiful,Jonas Brothers
16304,Ikaw Pa Rin,Manilyn Reynes
16305,Hold On,Jonas Brothers
16306,Baby You Are,Julie Anne San Jose
16307,Kakaibabe,Donnalyn Bartolome
16310,Kung Hindi Ikaw,James Wright
16311,Rude,Magic
16312,Maps,Maroon 5
16313,Beautiful Goodbye,Maroon 5
16314,My BFF Theme Song,"Jillian, Mona and Janno"
16315,Lalala,Naughty Boy ft Sam Smith
16316,No Rewind No Replay,Jose Mari Chan
16319,Daydreaming,Paramore
16320,My Hero,Paramore
16324,Happy Birthday,Roel Cortez
16325,Sampip,Parokya Ni Edgar
16327,Sa'yo,Silent Sanctuary
16328,Umaasa,Ken Alfonso
16329,No Promises,Shayne Ward
16330,When Will My Life Begin,Mandy Moore
16332,Awit Ni Ginny,Toni Gonzaga
16337,We Might Be Dead Tomorrow,SOKO
16339,Bang Bang,Jessie J Ariana Grande & Nicki Minja
16340,Shower,Becky G
16344,Va Va Voom,Nicki Minaj
16346,Come Get It Bae,Pharrell Williams
16349,Main Chick,66 Kid Ink
16351,Riptide,Vans Joy
16359,Awit Mo'Y Nandito Pa,Aldrich Talonding
16360,Put Your Hearts Up,Ariana Grande
16362,Somewhere,Barbra Streisand
16363,Girl,Beyonce
16365,So Far So Great,Demi Lovato
16366,Warrior,Demi Lovato
16368,Hang Out Lang,Duncan Ramos & Young JV
16370,Into The Blue,Kylie Minogue
16371,"It's Alright, It's Ok",Ashley Tisdale
16372,Faith,Jordin Sparks
16373,Pulses,Karmin
16374,This Is How We Do,Katy Perry
16377,Secrets,Mary Lambert
16378,All About That Bass,Meghan Trainor
16379,Butterfly Fly Away,Miley Cyrus
16381,Naturally,Selena & The Scene
16383,I'm Not The Only One,Sam Smith
16384,Breathe Again,Sara Bareilles
16385,Stuttering,Jessica Sanchez
16388,Chandelier,Sia
16390,Boom Clap,Charli XCX
16391,Black Widow,Iggy Azalea ft Rita Ora
16395,Really Don't Care,Demi Lovato ft Cher Lloyd
16401,We Are Tonight,Billy Currington
16413,Hanggang Kailan,Angeline Quinto
16414,Shadow,Austin Mahone
16415,Bagong Siglo,Christian Bautista ft Glock9 & Basti
16416,Bahala Na,James Reid & Nadine Lustre
16417,Break Free,Ariana Grande Feat. Zedd
16419,You Got Me,Colbie Caillat
16421,Simpleng Tulad Mo,Daniel Padilla
16423,Don't,Ed Sheeran
16425,Halika Na,Maja Salvador ft. Abra
16426,Ikaw,Yeng Constantino
16427,Mahal Kita Pero,Janella Salvador
16430,Walang Basagan Ng Trip,Jugs & Teddy
16431,Kapiling Kita,Karylle
16433,Dito Na Lang,Kyla
16434,Mahal Ko O Mahal Ako,Kz Tandingan
16435,No Girlfriend Since Break,Luigi D' Avola
16436,Pare Mahal Mo Raw Ako,Michael Pangilinan
16437,Am I Wrong,Nico & Vinz
16438,Song On A Broken String,Nicole Asensio
16440,Para-Paraan,Nadine Lustre
16441,World Without Strangers,Rico Blanco
16442,Crash n Burn,Savage Garden
16443,Superheroes,The Script
16444,Shake It Off,Taylor Swift
16445,Today Was A Fairytale,Taylor Swift
16451,Leave The Night On,Sam Hunt
16454,Trumpets,Jason Derulo
16457,Our Love (Don't Throw It All Away),Andy Gibb
16460,Ready To Take A Chance Again,Barry Manilow
16461,This One's For You,Barry Manilow
16464,When You Love Someone,Bryan Adams
16465,Umiiiyak Ang Puso,Bugoy Drilon
16472,Distance,Christina Perri ft Jason Mraz
16473,Broken Hearted Me,England Dan & John Ford Coley
16475,You Are The Love Of My Life,George Benson ft Roberta Flack
16477,Everything Takes Time,Hazel Faith Dela Cruz
16478,Qrush On You,Jay-R Elmo Magalona And Q-York
16480,Barenaked,Jennifer Love Hewitt
16481,Turn Back The Clock,Johnny Hates Jazz
16483,Losing The Love,Joy Enriquez
16486,Salbabida,Kyla
16487,Pumapag-ibig,Marion Aunor
16488,Porta,Mayonnaise
16489,Music & Me,Michael Jackson
16491,Akin Ka Na Lang,Morissette
16495,San Man Patungo,Parokya Ni Edgar
16496,Mali,Shadow
16497,So Much In Love With You,Sheena Easton
16499,I'll Always Love You,Taylor Dayne
16500,Sweeter Than Fiction,Taylor Swift
16505,Here In My Heart,Tiffany
16507,Langit Umaawit,Tom Rodriguez
16510,Lost Stars,Adam Levine
16511,Love Me Harder,Ariana Grande & The Weeknd
16512,Baby It's Cold Outside,Michael Buble & Idina Menzel
16513,Autumn Of My Life,Bobby Goldsboro
16515,Can't Stop Thinking About You,Stacy Lattisaw
16517,Good Girls Go Bad,Cobra Starship
16519,Rhythm Of The Night,DeBarge
16527,Para Sa'yo,Freestyle
16529,Lonely Won't Leave Me Alone,Glenn Medeiross
16530,I Can't Make Up My Mind,The Zombies
16531,I Like Dreamin',Kenny Nolan
16536,Lie A Little Better,Lucy Hale
16539,Close Your Eyes,Meghan Trainor
16540,The Lady Wants To Know,Michael Franks
16542,Narito,Gary Valenciano
16544,Night Changes,One Direction
16545,Steal My Girl,One Direction
16548,I Go Crazy,Paul Davis
16549,When It Was Me,Paula DeAnda
16550,Please Don't Fall In Love,Cliff Richard
16551,Tayo Lang Dalawa,Rivermaya
16552,Leave Your Lover,Sam Smith
16553,Reminds Me Of You,Sam Smith
16554,Kilometro,Sarah Geronimo
16555,The Heart Wants What it Wants,Selena Gomez
16556,She Knows Me,Bryan Adams
16559,Somewhere Somehow,Michael Smith And Amy Grant
16563,Blank Space,Taylor Swift
16566,Oh Cecilia,The Vamps
16567,Wrapped Up,Olly Murs ft Travie McCoy
16568,I Wish That I Was Making Love To You Tonight,Allesi Brothers
16569,Crazy,Andrew Garcia
16571,Ave Maria,Beyonce
16575,Deep,Binocular
16577,Centuries,Fall Out Boy
16579,Gusto,Jolina Magdangal
16580,Huwag Siya,Donnalyn Bartolome ft. Shehyee
16581,If Only,Side A
16582,Ink,Coldplay
16585,Ikaw Na Nga Yata,Kathryn Bernardo
16586,Will You Wait for Me,Karavana
16589,Between The Raindrops,Lifehouse ft Natasha Bedingfield
16590,Pure,Lightning Seeds
16592,Open Your Heart,Madonna
16593,Lips Are Movin',Meghan Trainor
16594,Tiger In The Rain,Michael Franks
16595,Bakit Ba Ikaw,Michael Pangilinan
16596,Midnight Blue,Melissa Manchester
16599,Hate To See Your Heartbreak,Paramore ft Joy Williams
16600,Part Of Me Part Of You,England Dan And John Ford Coley
16601,Postcards,James Blunt
16605,Sa Puso Ko,True Faith
16606,Sabay Natin,Daniel Padilla
16607,Sana Pag-ibig Mo Ay Tunay Na,J. Brothers
16608,Akala Ko'y Langit,Siakol
16612,These Days,Take That
16613,Love Can Make You Cry,Urgent
16615,Wait For Me Baby,John Smith  & The New Sound
16617,Where Do Broken Hearts Go,One Direction
16622,Lihim Na Pagtingin,Antoinette Taus
16623,Time To Let Go,Ashley ft Dexter
16626,"Don't Say Goodbye, Say Goodnight",Binocular
16627,Jean,Bobby Goldsboro
16628,Lapit,Callalily
16629,Hulog Ng Langit,Donna Cruz
16632,Could We,Gary and Za Zsa
16639,Bagong Umaga (Strawberry Lane OST),Julie Ann San Jose
16642,Pusong Lito,Kim Chiu
16643,Like I Can,Sam Smith
16644,Open Your Heart,Madonna
16645,Sugar,Maroon 5
16646,Dear Future Husband,Meghan Trainor
16647,Midnight Blue,Melissa Manchester
16648,Runaway Angel,Mojofly
16649,Mr. Antipatiko,Nadine Lustre
16650,I Keep On Saying,Nexxus
16651,Can't Say That I Love You,Nina
16653,Regrets,Kenny Rankin
16654,Ang Tangi Kong Pangarap,Rico Blanco
16655,Say Forever,Rico Blanco
16656,Hindi Ko Naisip,Rockstar 3
16658,Minamahal,Sarah Geronimo
16660,I Didn't Know I Was Looking For Love,Sitti
16664,A Gentle Persuasion,The Camera Walls
16667,Ipagdarasal Ko,The Vibe
16669,Stay With Me,Toni Gonzaga
16670,Awit Para Sa Kanya,True Faith
16674,What's Up Ahead,Yeng Constantino ft. Yan Asuncion
16676,You Don't Know Me,Kathryn Bernardo
16679,Dalagang Probinsyana,Roel Cortez
16683,Disclosure,Latch ft Sam Smith
16692,Sledgehammer,Fifth Harmony
16694,Mahiwagang Pag-ibig,Aldred Gatchalian
16700,Nais Kong Malaman Mo,Boyfriends
16701,Bigkas,Brisom ft. Lovi Poe
16702,My Memory Of Him,Denise Laurel
16703,Pangako Ng Kahapon,Donna Cruz
16704,Love Me Like You Do,Ellie Goulding
16706,You Can Make It Happen,Heart Evangelista
16713,Burnin Up,Jessie J ft 2 Chainz
16714,Masterpiece,Jessie J
16715,Tulad Mo,Julie Ann San Jose
16717,Leave You,Jose Mari Chan
16718,Let Your Hair Down,Magic
16719,Damang-Dama,Moonstar 88
16720,Somebody,Natalie La Rose ft. Jeremih
16722,P.I.,Siakol
16723,Pressure,Paramore
16729,Geronimo,Sheppard
16730,Elastic Heart,Sia
16731,Superstalker,Sopiz
16733,Tanging Ikaw,Zander Khan
16734,My Life's Arithmetic Means,The Camerawalls
16735,Talking Body,Tove Lo
16736,Let Me Love You One More Time,Victor Wood
16737,Wala Na Ba Ang Dati,Vina Morales
16741,Centerfold,Pink
16743,Something's Gotta Give,All Time Low
16745,Hopeful,Bars and Melody
16749,Bootylicious,Destiny's Child
16754,Hanap-Hanap,James Reid and Nadine Lustre
16755,Number One,Harana
16756,Here Comes The Weekend,Pink ft Eminem
16759,In Love Ako Sa'yo,Darren Espanto
16760,It Had To Be You,Toni Gonzaga
16762,Kung Maibabalik Ko Lang,Julie Anne San Jose
16763,Can't Find The Words,Karina Pasian
16765,Fingerprints,Katy Perry
16768,Kismet,Silent Sanctuary
16769,Let Me Down,Kelly Clarkson
16771,Una't Huling Mamahalin,Louie Heredia
16772,Love Always Finds A Reason,Glen Medeiros and Elsa Lunghini
16776,Take A Chance,Marion Aunor
16777,Impossible,Marlisa Punzalan
16780,Up,Olly Murs ft Demi Lovato
16782,Red Red Wine,UB40
16783,Four Five Seconds,Rihanna And Kanye West
16789,Kasalukuyan,Siakol
16790,Stay Stay Stay,Taylor Swift
16792,Tahanan,Evette Pabalan
16794,Risk It All,The Vamps
16796,Finally,Toni Gonzaga
16798,Warrior,Kesha
16800,Panaginip,Alex Gonzaga
16808,The Words,Christina Perri
16811,Nightingale,Demi Lovato
16814,Bloodstream,Ed Sheeran
16815,Worth It,Fifth Harmony ft Kid Ink
16816,Indifference,Fra Lippo Lippi
16817,Pag Kasama Ka,Gimme 5
16821,Halika Na,Siakol
16826,I Love You,Nine Days
16830,Irresistible,Fall Out Boy
16833,Mad World,Gary Jules
16835,Love Me Instead,Moira Dela Torre
16837,Avalanche,Nick Jonas
16839,Photograph,Ed Sheeran
16844,Lay Me Down,Sam Smith
16845,Seasons,Olly Murs
16851,Take Your Time,Sam Hunt
16853,Style,Taylor Swift
16855,He's So Shy,The Pointer Sisters
16859,Feels Like,Yeng Constantino
16860,Invisible Man,98 Degrees
16861,Ghost Town,Adam Lambert
16862,Akin Ka Na,Yeng Constantino
16863,One Last Time,Ariana Grande
16865,Diva,Beyonce
16869,Marvin Gaye,Charlie Puth ft Meghan Trainor
16871,Ala-Ala,Cueshe
16876,Everybody Loves a Clown,Gary Lewis And The Playboys
16879,I Like You,Geneva Cruz
16882,Heartbeat Song,Kelly Clarkson
16883,Ikaw Na Lang Ang Kulang,Akafellas
16888,Lalaki Lang Ako,Janno Gibbs
16889,Want To Want Me,Jason Derulo
16892,Mr. Right,Kim Chiu
16894,Loneliness,Laura Pausini
16895,Say You Love Me,M.Y.M.P.
16896,Miss You,M.Y.M.P.
16897,Magical Feeling,M.Y.M.P.
16898,Can't Take That Away,Mariah Carey
16899,Tanong Mo Sa Bituin,Maris Racal
16901,Pinaikot-Ikot,Mitoy Yonting
16904,One And Only You,Parokya Ni Edgar
16905,Time Of Our Lives,Pitbull ft. Ne-Yo
16908,Umay,Rye Sarmiento
16909,Sana,Sarah Geronimo
16910,Big Girls Cry,Sia
16911,Sa Piling Mo,Silent Sanctuary
16912,I Blame Myself,Sky Ferreira
16913,A Perfectly Good Heart,Taylor Swift
16914,Bad Blood,Taylor Swift ft Kendrick Lamar
16915,Man On A Wire,The Script
16916,Think About You,Jolina Magdangal
16920,Walk Out To Winter,Aztec Camera
16921,Deja Vu,Beyonce ft. Jay-Z
16923,Twerk It Like Miley,Brandon Beal
16924,Pretty Girls,"Britney Spears, Iggy Azalea"
16926,Muling Magmamahal,Angeline Quinto
16928,Dusk 'Til Dawn,Glaiza De Castro
16929,Di Man Lang Nagpaalam,Edward Benosa
16930,Flashlight,Ellie Goulding
16932,First Love Never Dies,Jerry Fuller
16936,Sparks,Hilary Duff
16939,Flashlight,Jessie J.
16940,Darating Din,Kim Chiu
16942,Let's Make A Memory,Rex Smith
16943,Black Magic,Little Mix
16945,Ghosttown,Madonna
16946,Bakit Ganito Ang Pag-ibig,Maja Salvador
16947,Infinity,Mariah Carey
16948,Tayo Na Lang Dalawa,Mayonnaise
16949,Me And You,Nadine Lustre
16951,Di Mapaliwanag,Morissette
16954,The Night Is Still Young,Nicki Minaj
16955,I Won't Let You Down,OK GO
16960,I'm Flying High,Rita Daniela
16965,Shut Up And Dance,Walk The Moon
16970,The Lucky One,Taylor Swift
16974,You're My World,Tom Jones
16976,Weekend,Sugar High
16979,You Never Give Me Your Money,The Beatles
16982,Alter Bridge,Metalingus
16983,"Golden Slumbers, CarryThat Weight, The End",The Beatles
16988,Ten To Eight,David Castle
16994,Words,F.R. David
16995,For The Rest Of My Life,Side A
17002,Kapangyarihan Ng Pag-ibig,Aicelle Santos
17004,Spanish Eddie,Laura Branigan
17005,Like I'm Gonna Lose You,Meghan Trainor ft John Legend
17007,Pwede Nang Mangarap,Lyca Gairanod
17009,Born Free,Matt  Monroe
17010,Morena,Roxee B.
17014,Musikaw,James Reid ft Pio
17015,Nasaan,Lara Maigue
17016,Sa Ibang Mundo,Nadine Lustre and Kean Cipriano
17020,Good Thing,Sage The Gemini ft Nick Jonas
17021,Good For You,Selena Gomez
17022,Stitches,Shawn Mendes
17024,Iyong Iyong Iyo,Spongecola
17025,Still In Love With You,Manilyn Reynes
17026,Our Song,Taylor Swift
17027,A Place In This World,Taylor Swift
17029,Your Mother Should Know,The Beatles
17032,Nobody Love,Tori Kelly
17037,You're Still My Man,Whitney Houston
17039,Ale,Young JV
17044,A Friend,Keno
17045,After All,Al Jarreau
17047,Babalik Ka Rin,Gary Valenciano
17050,Cool For The Summer,Demi Lovato
17053,A Smile In Your Heart,Ariel Rivera
17054,Love Grows Where Rosemary Goes,Edison Lighthouse
17055,I Will,Ben Taylor
17059,Happy Breakup Song,Donnalyn Bartolome
17060,Hearts Never Lie,Tiffany
17061,Here Comes The Rain,A1
17066,Make Me An Island,Joe Dolan
17067,Tidal Wave,Julie Anne San Jose
17072,Find Me,Laura Branigan
17073,Let The Pain Remain,Basil Valdez
17075,If I'm Wrong,Lunar Lights
17076,Mercy,One Republic
17077,I Learned From You,Miley Cyrus
17078,Miss You Like Crazy,Natalie Cole
17080,Kiss Me Quick,Nathan Sykes
17081,Secret,OMD
17082,Out Of The Blue,Debbie Gibson
17083,You Are So Beautiful,Paolo Onesa
17084,Nag-Iisa Lang,Angeline Quinto
17086,Hahanap-Hanapin Ka,Rita Daniela
17087,Nasa Sa'yo,Rivermaya ft. Gloc9
17089,She'll Be Breaking Hearts,Zac Poor
17094,A Place In This World,Taylor Swift
17095,Hurt,Timi Yuro
17096,Paano Ba Ang Magmahal,Sarah Geronimo feat. Piolo Pascual
17097,Triangulo,"Thyro Alfaro, Yumi Lacsamana and Jeric Medina"
17098,When I Dream,Vic Damone
17100,Dance Without The Music,Yeng Constantino
17101,Dessert,Dawin
17105,You Know You Like It,DJ Snake
17110,Wish I May,Alden Richards
17111,Animals,Maroon 5
17119,Edge Of The World,Josh Padilla and Yassi Pressman
17120,How You Gonna See Me Now,Alice Cooper
17121,Roads,Lawson
17123,Uma Thurman,Fall Out Boy
17124,Feelings,Up Dharma Down
17126,Love Myself,Hailee Steinfeld
17129,Don't Say Goodnight,Jim Photoglo
17130,Not Impressed,Julie Anne San Jose
17131,What Do You Mean,Justin Bieber
17132,Invincible,Kelly Clarkson
17134,The Power Of Love,Laura Brannigan
17135,Reason To Believe,Lobo
17138,This Summer's Gonna Hurt,Maroon 5
17139,Be With You,Aicelle Santos
17140,Pwede Ba,3logy
17141,Levels,Nick Jonas
17142,Drag Me Down,One Direction
17143,Stockholm Syndrome,One Direction
17146,Let My Fire Out,Frencheska Farr
17147,Life Goes On,LeAnn Rimes
17148,New Thang,Redfoo
17149,Rumors,Jake Miller
17151,Wildest Dreams,Taylor Swift
17152,That's The Way I Love You,Taylor Swift
17155,Kumusta Ka,Nonoy Zuniga
17156,Carry You Home,Zara Larsson
17157,To Love Again,Dingdong Avanzado
17158,Sing For You,Tracy Chapman
17163,Locked Away,R. City ft Adam Levine
17165,Ako Na Lang,Angeline Quinto
17166,Bakit Ba Mahal Kita,Angeline Quinto
17167,Baby I,Arianna Grande
17171,Heaven Is A Place On Earth,Belinda Carlisle
17172,Best Love Song,T-Pain ft Chris Brown
17174,Maari Ba,Beverly Caimen
17175,Could It Be I'm Falling In Love,Boyz II Men
17177,Again,Bruno Mars
17178,Now I'm Dancing,Callalily
17179,Chains,Nick Jonas
17181,I Got You (I Feel Good),Daniel Padilla
17184,Hotline Bling,Drake
17187,I Don't Like It I Love It,Flo Rida ft. Robin Thicke and Verdine White
17188,It Hurts To Be Love,Gino Vannelli
17189,Di Na Kita Mahal,Hazel Faith ft. Michael Pangilinan
17192,Alam Niya Ba,James Reid
17193,Pag-ibig,Spongecola
17195,Para Sa 'Yo,Juan Karlos Labajo
17200,Kilig,Maja Salvador
17202,Coconut Tree,Mohombi ft Nicole Scherzinger
17204,Tupad Na Ang Pangarap,Camille Santos
17205,Back For You,One Direction
17206,Perfectly Imperfect,Sarah Geronimo
17207,Do It Again,Pia Mia ft Chris Brown
17208,God Is A DJ,PINK
17212,Saan Darating Ang Umaga,Raymond Lauchengco
17213,That's The Way I Love You,Taylor Swift
17214,Parang Wala Lang,Tippy Dos Santos
17217,Unlimited And Free,Daniel Padilla
17218,Damaged,TLC
17219,Should've Been Us,Tori Kelly
17223,14,Silent Sanctuary
17226,A Wish On Christmas Night,Jose Mari Chan
17228,Hello,Adele
17230,All I Want Is You,Justin Bieber
17232,"Honey, I'm Good",Andy Grammer
17234,Be Alright,Justin Bieber
17235,Beautiful,Carly Rae Jepsen ft Justin Bieber
17237,All She Knows,Bruno Mars
17238,Buong Gabi,Maja Salvador ft Project Pinas
17239,Christmas Past,Jose Mari Chan
17240,Cruising For Bruising,Basia
17242,Hide Away,Daya
17244,Diskarte,Daniel Padilla
17247,Chinito Problems,Enchong Dee
17249,Ikaw,Erik Santos
17250,Tandaan Mo To,Erik Santos ft Gloc9
17251,Fall Down,Will.i.am ft Miley Cyrus
17255,Fruitcake,Eraserheads
17256,Funky Love,Kavana
17257,Giliw,Martin Nievera
17261,Blind,Jason Derulo
17262,"Baby, I Do",Juris
17264,Express Yourself,Madonna
17265,Habang Ikaw Ay Narito,Martin Nievera
17267,Bulag,Mitoy
17268,Another World,One Direction
17272,Again,Sarah Geronimo
17273,Same Old Love,Selena Gomez
17276,Ganyan Talaga,Janella Salvador
17277,No Control,One Direction
17278,Atin Ang Mundo,The Juans
17280,Wake Up,The Vamps
17281,Remedy,Adele
17282,Water Under The Bridge,Adele
17283,Focus,Ariana Grande
17285,I Don't Wanna Go To Bed,Simple Plan ft Nelly
17286,I'll Show You,Justin Bieber
17290,A Million Years Ago,Adele
17292,Alfie,Barbra Streisand
17295,Better,Boyzone
17298,Caught In The Middle,A1
17302,Bound To You,Christina Aguilera
17304,Conspiracy,Paramore
17305,Could I Have This Dance,Anne Murray
17308,Confident,Demi Lovato
17312,Mr. Sun,Ryan Christopher
17313,Ever The Same,Rob Thomas
17315,Heart By Heart,Demi Lovato
17316,Ginza,J Balvin
17318,Purpose,Justin Bieber
17319,Love Me Like You,Little Mix
17321,Better When I'm Dancing,MeghanTrainor
17322,Girl Im Gonna Miss You,Milli Vanilli
17323,Coco Jamboo,Mr. President
17325,Home,One Direction
17328,Fight Song,Rachel Platten
17329,Perfect,One Direction
17330,40 Kinds Of Sadness,Ryan Cabrera
17332,Diamonds Are Forever,Shirley Bassey
17333,Pasensya Ka Na,Silent Sanctuary
17335,Sing,Parokya Ni Edgar & Rico Blanco
17336,A Song For You,Carpenters
17337,Cheater,The Vamps
17342,When We Were Young,Adele
17345,Around The World,Frank Sinatra
17346,Baby Be Mine,Michael Jackson
17351,Boyfriend,Ashlee Simpson
17352,Brielle,Sky Sailing
17355,Could've Been,Sarah Geronimo
17357,Dear You,Juris
17358,Bug A Boo,Destinys Child
17363,Erase And Rewind,The Cardigans
17365,Every Other Time,LFO
17366,Falls Apart,Sugar Ray
17369,Heartbreak Lullaby(Slow Version),A Teens
17370,Sorry,Justin Bieber
17372,Rumors,Lindsay Lohan
17373,Title,Meghan Trainor
17374,Boom,Simple Plan
17375,Jet Lag,Simple Plan
17376,Summer Girls,LFO
17379,Love Yourself,Justin Bieber
17380,Hollow,Tori Kelly
17385,4 In The Morning,Gwen Stefani
17387,0.221527777777778,Matt Wertz
17389,All I Ask,Adele
17393,Always On Time,Ja Rule
17399,Bakit May Paalam,Six Part Invention
17402,Bigger,Justine Bieber
17406,Brand New Me,Alicia Keys
17410,Build A Girl,Darren Espanto
17412,Buta,Ruth Vergara
17413,Candy Bling,Mariah Carey
17414,Can't Let Go,Adele
17419,Come Baby Come,K7
17420,Country Grammar,Nelly
17422,Makin' Moves,Darren Espanto
17424,Dito,Pops Fernandez
17427,Down,Jason Walker ft Molly Reed
17428,Your Love,Eddie Peregrina
17429,Electric Avenue,Eddy Grant
17431,Everybody Get Up,Five
17433,Extraordinary,Mandy Moore
17435,Falling In Love Again,Eagle Eye Cherry
17438,Fire on the Water,Chris De Burgh
17440,First Dance,Justin Bieber ft Usher
17441,Freeze,T-Pain ft Chris Brown
17442,Gawing Langit Ang Mundo,Siakol
17443,Getting To Know Each Other,Ariel Rivera
17444,Glitter In The Air,Pink
17446,Goodbye's (The Saddest Word),Celine Dion
17449,Gupit,Toto Sorioso
17450,Haharanahin Kita,Mikey Bustos & David DiMuzio
17451,Liwanag,Zion Aquino ft Yeng Constantino
17452,Get Ugly,Jason Derulo
17454,History,One Direction
17456,There You Go Again,Joey Albert
17457,Send In The Clowns,Judy Collins
17458,On The Wings Of Love,Kyla
17459,Love Me Kill Me,Maja Salvador
17460,My Heart,Paramore
17461,Outsiders,Against The Current
17462,Please Love Me Now,Eddie Peregrina
17464,Sa Isang Awit,Lyca Gairanod
17465,House Party,Sam Hunt
17466,I Know What You Did Last Summer,Shawn Mendes & Camila Cabello
17467,Out Of The Woods,Taylor Swift
17468,On The Outside,Taylor Swift
17469,This Is My Life,Shirley Bassey
17470,Adventure Of A Lifetime,Coldplay
17471,Burning House,Cam
17475,Selfish Girls,Jake Miller
17476,Scar Tissue,Red Hot Chili Pepper
17478,Boys Like You,"Who Is Fancy ft Meghan Trainor, Ariana Grande"
17479,Writings On The Wall,Sam Smith
17480,Sana'y Maghintay Ang Walang Hanggan,Zsa Zsa Padilla
17485,All Of You,Julio Iglesias & Diana Ross
17488,Good To Be Alive (Hallelujah),Andy Grammer
17492,Answer Me,Matt Monroe
17493,If I Have To,Avery Wilson
17497,One Call Away,Charlie Puth
17499,Who Is She To Me,Christian Bautista
17501,Dance Dance,Fall Out Boy
17506,Different Seasons,Johnny Hates Jazz
17510,All Of The Stars,Ed Sheeran
17511,All My Life,Aaron Neville & Linda Ronstadt
17513,Mabuti Pa,Daryl Ong
17516,I'm In love With A Monster,5Th Harmony
17517,Sax,Fleur East
17519,(Forever) Live And Die,OMD
17520,Friends And Lovers,Gloria Loring And Carl Anderson
17521,Good To Be Alive,Meghan Trainor
17523,Hangin' Tough,NKOTB
17525,I Dreamed A Dream,Anne Hathaway
17527,If You Only Knew,Gil ft Moffats
17530,Lay Me Down,Adele
17532,Ferris Wheel,Yeng Constantino
17536,Over And Over Again,Nathan Skies ft Arianna Grande
17537,Reaper,Sia
17539,Marry Me,Jason Derulo
17540,Naked,Jason Derulo
17543,Under The Sun,Lawson
17544,Secret Love Song,Little Mix ft. Jason Derulo
17546,On My Mind,Ellie Goulding
17548,One For Sorrow,Steps
17549,One More Try,Timmy T
17550,Pinasmile,Daniel Padilla & Kathryn Bernardo
17551,Here,Alessia Cara
17555,When Love Hurts,JoJo
17556,Roses,The Chainsmokers ft. Rozes
17558,Sana Bukas Pa Ang Kahapon,Angeline Quinto
17559,Dulo,Sarah Geronimo
17564,Tied Together With A Smile,Taylor Swift
17565,Thought Of You,Justin Bieber
17568,Babalik,James Reid
17569,HaHaHaHasula,Kurt Fick
17570,You Can't Be Right,Mayonnaise
17571,Videoke Queen,Rico Blanco
17575,Slow Down Time,Us The Duo
17576,Work This Body,Walk The Moon
17577,When I Think Of You,Leiff Garrett
17579,Lush Life,Zara Larsson
17580,Pillowtalk,Zayn
17585,American Oxygen,Rihanna
17589,Be Near Me,ABC
17593,Boss,Fifth Harmony
17594,Boys,Britney Spear ft Pharell Williams
17596,Building A Mystery,Sarah Mclachlan
17604,Countdown,Beyonce
17606,Dear No One,Tori Kelly
17609,Di Kayang Pilitin,Klarisse De Guzman
17610,Doesn't Really Matter,Janet Jackson
17611,Ego,Beyonce
17612,Break Up With Him,Old Dominion
17613,Crazier,Taylor Swift
17618,Everytime,Janet Jackson
17622,First Love Never Dies (Piano Version),Boyfriends
17624,Fly,Sugar Ray  ft Supercat
17625,Fool In Love,Jim Photoglo
17626,For Everything I Am,Christian Bautista
17627,For Once In My Life,Vonda Shepard
17632,Had Enough,Lifehouse ft Daughtry
17634,Halfway Around The World,A-teens
17637,Home,Michael Buble
17638,I Believe,Darren Espanto
17639,I Can't Lie,Maroon 5
17640,I Touch Myself,Divinyls
17641,The Way We Used To Be,Eric Carmen
17644,Over,Lindsay Lohan
17648,Passenger,One Republic
17650,River Lea,Adele
17653,Piece By Piece,Kelly Clarkson
17654,Bet Mo Ba,Kelly Welt
17656,Naririto Ako,Willie Revillame
17657,On My Own,Miley Cyrus
17659,Piliin Mo Ang Pilipinas,Angeline Quinto
17660,Work,Rihanna ft Drake
17661,If Ever I See You Again,Roberta Flack
17662,Mr. Lonely,Victor Wood
17663,See You Again(Piano),Charlie Putt
17664,Cold As You,Taylor Swift
17665,Stay Beautiful,Taylor Swift
17667,Kung Fu Fighting,The Vamps
17669,T-Shirt,Thomas Rhett
17673,Where's The Love,Hanson
17674,Nyebe,Kaye Cal
17675,Opinion Overload,Simple Plan
17676,Gusto Kita,Bailey May
17678,Lagi Mong Tatandaan,Parokya Ni Edgar
17679,Youth,Troye Sivan
17680,Up Dharma Down Medley,Up Dharma Down
17681,Stranger In Moscow,Michael Jackson
17682,Give In To Me,Michael Jackson
17683,That's The Way It Is,Celine Dion
17684,A Place With No Name,Michael Jackson
17685,A Teenagers Romance,Ricky Nelson
17688,All That's Left,Christian Bautista
17689,All This Time,Side A ft Sharon Cuneta
17690,Along Comes Mary,The Association
17691,Araw Oras Tagpuan,Spongecola
17693,Babalik Ka Pa Kaya,Wiseguys
17695,Blame It On The Rain,Milli Vanilli
17698,Di Ko Alam,Yassi & Andre
17699,Disaster,Jojo
17701,Dito Sa Puso Ko,Josh Santana & Nikki Gil
17703,Don't Know Why,Norah Jones
17706,Endless Summer Nights,Richard Marx
17709,A Million Love Songs,Take That
17710,Bad Love,Tom Jones
17711,Morning Noon And Night Time,Jane Olivor
17712,Until The Time Is Through,Five
17717,Give Me A Reason,The Corrs
17718,Going Out Of My Head,Luther Vandross
17721,Hatid Sundo,Gimme 5
17722,Have You Ever Been In Love,Celine Dion
17724,I Found A Girl,The Vamps ft OMI
17726,Dangerous Woman,Ariana Grande
17727,Dear Biyenan,Breezy Boyz And Abaddon
17729,Patay Na Si Uto,Nyoy Volante
17731,It's Hard To Say Goodbye,Regine & Paul Anka
17733,Hold My Hand,Jess Glynne
17734,Daydreamin',Jessie J
17735,Company,Justin Bieber
17736,Kahit Kunwari Lang,Claire Dela Fuente
17737,It's You,Zayn Malik
17739,Money,Lawson
17742,No,Meghan Trainor
17743,I Took A Pill In Ibiza,Mike Posner
17744,Zero,Chris Brown
17745,BeFoUr,Zayn Malik
17747,Explode,Patrick Stump
17748,Bibitawan Ka,Juris
17752,You Got It All,MYMP
17753,Kiss It Better,Rihanna
17754,When The Last Teardrops Falls,Blaque
17756,I'm Through With Love,Eric Carmen
17757,I Miss Her,Jessie J.
17758,Tama Lang,Jolina Magdangal
17759,Sana'y Tumibok Muli,Klarisse De Guzman
17760,Mananatili,Marlo Mortel & Janella Salvador
17761,Diamante,Morissette
17762,Tulad Mo,TJ Monterde
17765,Hands To Myself,Selena Gomez
17769,Rest Your Love,The Vamps
17770,Puedepende,Edray Teodoro
17771,Empty Space,The Story So Far
17772,Girlz,L2M
17777,Running With The Wild Things,Against The Current
17778,"Kung Ayaw Mo, Huwag Mo",Rivermaya
17785,After We Make Love,Whitney Houston
17787,All Cried Out,Lisa Lisa And The Cult Jam
17789,Alone Together,Fall Out Boy
17790,Ang Ating Pag-ibig,Aaron Paul
17791,As Long As I Live,Neil Sedaka
17792,Astronaut,Simple Plan
17795,Bakit Ba Ganyan,Nyoy Volante
17796,Baliw Na Pag-ibig,Sam Milby
17798,Barkada,Parokya Ni Edgar
17799,Baso Ni Maria,Aleck Bovick
17800,Be The First To Believe,A1
17803,Best Days,Juice
17804,Best Of Me,Daniel Powter
17805,Bihag,Bryan Termulo
17806,Binibining Pilipina,Ogie Alcasid
17807,Brandy (You're A Fine Girl),Looking Glass
17808,Bullet,Katy Perry
17810,Catching Feelings,Justin Bieber
17811,Little More,Chris Brown
17812,Close Your Eyes,Westlife
17813,Come On Little Angel,Belmonts
17816,Counting Down The Days,Natalie Imbruglia
17818,Dancing In The Moonlight,Toploader
17823,Ring Ring,ABBA
17824,7 Years,Lukas Graham
17825,Love So Right,Bee Gees
17826,Words And Music,Andy Gibbs
17829,Farewell,Rihanna
17830,Fine By Me,Andy Grammer
17832,Flaws,Bastille
17836,Forget Domani,Frank Sinatra
17840,Girl Who Got Away(Acoustic),Dido
17847,Life Is Worth Living,Justin Bieber
17849,My Summertime Love,Juan Carlos Labajo
17850,New Romantics,Taylor Swift
17851,Show You,Shawn Mendes
17852,Only When I Sleep,The Corrs
17854,Stay,Daryl Ong
17856,Crazy Eyes For You,Jimmy Wilde
17857,Hair,Little Mix ft Sean Paul
17858,Electric Blue,Nicole Scherzinger ft. T.I
17860,If I Didn't Love You,Tina Arena
17863,Di Na Kita Mahal,Silent Sanctuary
17864,Nakakainis,Parokya Ni Edgar
17865,Solb,Siakol
17866,Dito Ka Lang Sa Puso Ko,Wynn Andrada
17867,Iduyan Mo,Basil Valdez
17869,I Won't Tell A Soul,Charlie Puth
17870,Jealous,Labrinth
17871,Maghihintay,Mark Allain
17874,Uncover,Zara Larsson
17876,Maghihintay,Mark Allain
17877,That's How You Know,Nico & Vinz ft. Kid Ink & Bebe Rexha
17878,Imahinasyon,TJ Monterde
17884,Better World,Smokey Mountain
17885,At Last,Beyonce
17888,Don't Wanna Let You Go,Five
17891,A Place To Hideaway,The Carpenters
17892,Anyone,Roxette
17893,Tuwing Umuulan At Kapiling Ka,Basil Valdez
17894,Heaven,Beyonce
17896,20 Minutes Before Take-Off,Dan Henry
17898,Gravity,Sara Bareilles
17901,Ikaw Pa Rin Ang Mamahalin,April Boys
17902,We Don't Talk Anymore,Charlie Puth feat. Selena Gomez
17903,Weird,Hanson
17904,Your Love,Juris
17906,Free Fall Into Love,Marion Aunor
17907,Sana Mali,Moonstar 88
17908,Me Too,Meghan Trainor
17909,Bump Bump Bump,P. Diddy ft B2K
17910,Lost Boys,Ruth B
17911,Nagsimula Sa Puso,Sarah Geronimo
17912,Kaibigan Mo,Sarah Geronimo ft Yeng Constantino
17913,Sa Pag-ikot Ng Mundo,Siakol
17914,Till The End,Six Part Invention
17916,Dahil Sa 'Yo,Andrew E.
17917,Tattooed Heart,Ariana Grande
17918,Cake By The Ocean,DNCE
17919,Dancing On My Own,Calum Scott
17920,Middle,DJ Snake ft Bipolar Sunshine
17921,I Love You Always Forever,Donna Lewis
17922,My House,Flo Rida
17924,Imagine You And Me,Maine Mendoza
17925,Into You,Ariana Grande
17926,When I'm Gone,Before You Exit
17927,Can't Stop The Feeling,Justin Timberlake
17930,Rock Bottom,Hailee Steinfeld ft DNCE
17931,Close,Nick Jonas ft. Tove Lo
17932,Just Like Fire,Pink
17933,Don't Let Me Down,The Chainsmokers
17934,I Hate You I Love You,Gnash ft. Olivia O'brien
17935,Alive,Sia
17937,Kung Pwede Lang,Lovi Poe
17938,Let's Give A Little More This Time,Sergio Mendes
17940,Miss You Finally,Trademark
17941,On The Wings Of Love,Regine Velasquez
17948,I'd Rather Go Blind,Beyonce
17950,Suffer,Charlie Puth
17951,Parachute,Darren Espanto
17952,Parang Nalimot Ko Na,Jolina Magdangal
17955,The First Time I Ever Saw Your Face,Leona Lewis
17956,Throwback,Morissette ft. KZ
17957,Hopeless Romantic,Daryl Ong
17958,Let Me Love You,Ariana Grande ft Lil Wayne
17959,Heart Of Glass,Jonalyn Viray
17960,Sangandaan,Noel Cabangon
17962,Clean,Taylor Swift
17963,Hold Me,Whitney Houston & Teddy Pendergrass
17973,Five Ever,Mayonnaise
17974,Singing in the rain,Simple Plan
17975,Coda,Sponge Cola
17976,Infinity,One Direction
17977,Send My Love (To Your New Lover),Adele
17979,Umiiyak Ang Puso,Angeline Quinto
17981,1 Nite,Cobra Starship ft My Name is Kay
17990,Childhood,Michael Jackson
17994,Day And Night,Billie Piper
17995,Deeper,Julie Ann San Jose
17996,Do It Like I Dude,Jessie J.
18001,It's Wrong For Me To Love You,Pia Zadora
18003,Woman in Love,The Three Degrees
18004,Trying To Say Goodbye,Neil Sedaka
18005,Feels Like Home,Chantal Kreviazuk
18006,Felt So Right,Sarah Geronimo
18010,Handa Na Ako,Eurika
18012,I Can't Afford That Feeling Anymore,Rita Coolidge
18013,Rule The World,Take That
18014,Walking On A Dream,Empire Of The Sun
18016,Good Friend,Mary MacGregor
18019,Latch (Acoustic),Sam Smith
18020,Try Everything,Shakira
18022,Talk You Down,The Script
18023,Where My Love Goes,Lawson
18024,Talk Me Down,Troye Sivan
18025,Controlla,Drake
18026,And So It Goes,Billy Joel
18028,Army,Ellie Goulding
18029,In Love With A Boy,Kaya Stewart
18032,Starlight,Darren Espanto
18033,Road Trip,Hashtags
18034,Can't Sleep Love,Pentatonix
18036,Pag May Alak May Balak,Skusta Clee
18037,Make Me,Britney Spears
18042,Imagine You And Me,Maine Mendoza and Alden Richards
18043,National Anthem,Lana del Rey
18045,The Rock Show,Blink 182
18048,One Dance,Drake Ft Kyla and Wizkid
18052,Kill 'Em With Kindness,Selena Gomez
18053,Ikaw Ang Buhay Ko,Ogie Alcasid
18055,"I Do, I Do",Regina Grace
18057,Sa Una Ka Lang Magaling,Skusta Clee Ft Flow G
18058,Dami Mong Alam,Skusta Clee ft Flip D
18059,Sexy Back,Justin Timberlake
18060,Slow Down,Selena Gomez
18061,Super Trooper,ABBA
18062,Superman,Joe Brooks
18068,Hiding My Heart Away,Adele
18069,Dammit,Blink 182
18070,Just A Word Away,Chris de Burgh
18073,Bwelo Lang,Edray Teodoro ft Juan Carlos Labajo
18075,Prom,The Juans
18077,Your Love,The Outfield
18079,Where Do Broken Hearts Go,Whitney Houston
18083,Aldub Medley,Maine Mendoza and Alden Richards
18086,Bahala Na,Neo Colours
18088,Body Rock,Maria Vidal
18091,Dakilang Lahi,Ciara Sotto
18093,Undying Admiration,David Pomeranz
18095,Don't Stop Looking For Love,Boyzone
18098,The Last Time I Felt Like This,Johnny Mathis & Jane Oliver
18099,She Never Heard Me Call,Air Supply
18100,Paalam Na Sa'Yo,April Boys
18103,Honey,Tito Mina
18104,I Didn't Know I Was Looking For Love,EBTG
18105,If Only,Sarah Geronimo
18107,Ikaw Lamang,Martin Nievera
18108,Ikaw Pa Rin,Tito Mina
18109,O Pag-ibig,Bailey May and Ylona Garcia
18112,Innocent Man,Billy Joel
18113,That's Amore,Dean Martin
18117,Got To Let You Know,Tito Mina
18118,Both In Love,Tito Mina
18119,It Takes A Man And A Woman,Teri Da Sario
18120,But If You Leave Me,Junior
18124,Long And Lasting Love(Once In A Lifetime),Glenn Medeiros
18126,Everything At Once,Lenka
18127,Salute,Little Mix
18131,Starving,Hailee Steinfeld ft ZEDD
18133,Cheap Thrills,Sia
18134,Sledgehammer,Rihanna
18135,Di Ko Magawang Limutin Ka,Paul Sapiera
18137,Closer,The Chainsmokers ft Halsey
18139,Just For A Moment,David Foster & Amy Holland
18140,"Mahalan, Lambingan, Bulungan",Joey Albert
18141,I'll Never Stop,N' Sync
18142,Nang Dahil Sa Pag-big,Bugoy Drilon
18143,Nasaan Ang Pangako,Anja Aguilar
18146,Personal,Jessie J.
18147,Come Home,One Republic
18148,Kahit Ako'y Pangit,Roel Cortez
18149,In My Life,Bette Midler
18150,Hello,Beyonce
18153,The Best Of Me,Cliff Richards
18155,The Pieces Don't Fit Anymore,James Morrison
18156,Nasaan Ang Pangako,Roger Mendoza
18157,Treat You Better,Shawn Mendes
18158,Rise,Katy Perry
18159,Sana Maulit Muli,Regine Velasquez
18162,Special Kind Of Something,Kavana
18164,Tayo Lang Dalawa,Donna Cruz
18167,"Yes, I'm Ready",Teri De Sario & K.C
18168,Thank You For Your Love,Dimsum
18171,The Only One,Lionel Richie
18172,The Story Of Us,Taylor Swift
18173,We Don't Need Another Hero,Tina Turner
18176,Let It Go,James Bay
18180,Umagang Kay Ganda,Tillie Moreno and Ray-an Fuentes
18181,You Take My Breath Away,Rex Smith
18184,About You Boy,Pop Girls
18189,Give A Little Love,Bay City Rollers
18190,This Century,Bleach Blonde
18195,Di Ka Man Lang Nagpaalam,Juan Karlos Labajo
18196,Sa Iyo,Nikki Bacolod and Min Yasmin
18199,The Last Farewell,Roger Whittaker
18202,Sino Ba Ako Sa'yo,Erik Santos
18203,Falling Stars,David Archuleta
18208,High Energy,Evelyn Thomas
18209,I'm Already King,Christian Bautista
18212,You're Not In Love,A1
18215,Ikaw At Ako,Krausswind
18216,Lead The Way,Mariah Carey
18217,A Love To Last,Donna Cruz
18218,Reyna,Derrick Monasterio
18220,Into My Arms,Nick Cave & Bad Seeds
18221,Smile A Little For Me,The Flying Machine
18222,It Girl,Jason Derulo
18223,Zillionaire,Flo Rida
18225,Too Close,Blue
18229,Kids,OneRepublic
18230,Write On Me,Fifth Harmony
18231,Toothbrush,DNCE
18232,Better,Meghan Trainor ft Yo Gotti
18235,Inside Out,The Chainsmokers
18239,Right Here Waiting,Clay Aiken
18241,Glass,Gavin Degraw
18242,Finally Found,Honeyz
18245,The Climb,Miley Cyrus
18246,Kailan,Basil Valdez
18247,Looking Through Your Eyes,Leann Rimes
18252,Hiram Na Buhay,No Bail Band
18255,No Broken Hearts,Bebe Rexha ft. Nicki Minaj
18256,Talking To The Moon,Bruno Mars
18257,Some Type Of Love,Charlie Puth
18259,For You,John Denver
18260,Mama Said,Lukas Graham
18262,Pasa Diyos,Young JV feat Vice Ganda
18263,Mr. Pakipot,Myrtle Sarrosa
18264,Let Me Love You,DJ Snake ft. Jutin Bieber
18265,Kung Pwede Lang,Sabrina
18267,The Greatest,Sia
18269,Shut Up And Drive,Rihanna
18270,Softly As I Leave You,Matt Monroe
18276,Wag Mong Aminin,Rico Blanco
18277,Eman,Parokya Ni Edgar
18278,Kung Di Magkatagpo,Enrique and Liza
18279,Love at Website,Ronnie Alonte
18281,Tuwing Umuulan At Kapiling Ka,Eraserheads
18282,Happy Merry Christmas,Sexbomb
18283,It's Christmas All Over The World,Sheena Easton
18289,Santa Tell Me,Ariana Grande
18291,Wish Ko Sa Pasko,Sexbomb
18292,Ass Back Home,Gym Class Heroes
18293,Ba't Di Mo Na Kaya,Sherwin Baguion
18295,Better Than I Know Myself,Adam Lambert
18297,Criminal,Britney Spears
18299,Disappeared,3T
18300,DNA,Little Mix
18301,Saan Darating Ang Umaga,Angeline Quinto
18302,Ikaw Lang Ang Mamahalin,Martin Nievera
18303,Bring It All Back,S Club 7
18305,Wild,Troye Sivan
18306,An Affair To Remember,Vic Damone
18307,Just Friends,Gavin Degraw
18308,Better Love,Hozier
18309,Give It Up,Nathan Sykes  ft. G-Eazy
18311,I Can Make You Feel Good,Kavana
18312,If I Lose Myself,OneRepublic
18314,Is There Someone Out There,Code Red
18318,I'm Not Supposed To Love You Anymore,Brian White
18321,Miss Mo Rin Ba Ako,J Brothers
18327,Misty,Johnny Mathis
18328,Hold Up,Beyonce
18330,24K Magic,Bruno Mars
18333,Harana Na Na Na Na,Janella Salvador
18334,Mercy,Shawn Mendes
18335,7 Minutes,Darren Espanto
18336,That's My Girl,Fifth Harmony
18337,Tala,Sarah Geronimo
18338,Birthday,Namie Amuro
18341,Bonfire Love Song,James Reid
18343,Binibini Sa MRT,The Juans
18344,Misteryoso,Issa Rodriguez
18345,I'd Do Anything,Tim Pavino
18346,I Don't Wanna Miss A Thing,Regine Velasquez
18347,Ruin,Shawn Mendes
18348,Beautiful In White,Westlife
18349,Like Mariah,Fifth Harmony
18350,Do You Miss Me,Morris Albert
18351,Not Like The Movies,Katy Perry
18353,Pusong Bato,Jovit Baldovino
18355,Fresh Eyes,Andy Grammer
18356,Tayo Ay Maglaro,Lyca Gairanod ft. Reynan Dal-Anay
18358,Reunion,Parokya Ni Edgar
18361,Remember December,Demi Lovato
18362,Lupa,Rico J. Puno
18363,How Can I Not Love You,Joy Enriquez
18365,Take It Off,Kesha
18366,Teardrops On My Guitar,Taylor Swift
18372,Sick Of Myself,Matthew sweet
18373,No Ordinary Love,M.Y.M.P.
18376,Say You Won't Let Go,James Arthur
18377,Dahan Dahan Dahan Lang,Ylona Garcia
18380,Step By Step,Whitney Houston
18382,Magmahalan Tayo Ngayong Pasko,Alden Richards
18383,"Thank You, Ang Babait Ninyo","Lyca, Darren, JK and Darlene"
18386,I Can't Help It,Andy Gibbs & Olivia Newton-John
18387,Baby Love,Nicole Scherzinger ft will.i.am
18390,Crazy Kids,Kesha ft will.i.am
18391,Sana'y Tanggapin Ang Pag-ibig Ko,April Boy Regino
18394,Promise Me,Lord Soriano
18395,What Kind Of Fool Am I,Regine Velasquez
18396,Without Love,Tom Jones
18397,Fantasy,Gerard Kenny
18398,A Mother's Love,Jim Brickman
18399,Mobile,Avril Lavigne
18400,Infatuation,Christina Aguilera
18401,A Promise I Make,Dakota Moon
18402,Famous,Nathan Sykes
18403,Mahal Naman Kita,Josh Santana
18404,Conviction Of The Heart,Kenny Loggins
18407,Rescue Me,Alden Richards
18410,Taking Off,One Ok Rock
18411,Only You,Lord Soriano
18414,Ghost,Ella Henderson
18415,Give You What You Like,Avril Lavigne
18417,Harinawa,Bayang Barrios
18419,I Think God Can Explain,Splender
18421,If This Was A Movie,Taylor Swift
18422,If We Just Hold On,Jonalyn Viray
18423,I'm Coming Out,Diana Ross
18425,Bumalik Ka Na,Freshmen
18426,Hanggang Dito Na Lang,Enchong Dee
18427,Dating Tayo,TJ Monterde
18428,Only Love,Paul McCartney
18429,Babe Come Home To Me,Paul Toledo
18430,I Wanna Grow Old With You,Westlife
18432,Versace On The Floor,Bruno Mars
18437,I Am A Soldier,Lew Soratorio
18438,Shout Out To My Ex,Little Mix
18439,Side To Side,Ariana Grande ft Nicki Minaj
18441,Setting Fires,The Chainsmokers
18442,All Night,The Vamps
18444,Paasa (T. A. N. G. A.),Yeng Constantino
18445,I Miss You,Adele
18447,Chariot,Gavin DeGraw
18451,Soul Mates,Marc Velasco
18452,Ikaw,Martin Nievera
18453,Fall For Me,Kyle Echarri
18455,Santa Monica,Savage Garden
18456,When You're Gone,The Cranberries
18460,Long Distance,Bruno Mars
18462,Ngayong Wala Ka Na,Aiza Seguerra
18464,Verge,Owl City ft Aloe Blacc
18465,First Date,Blink 182
18467,Aking Prinsesa,Gimme 5
18469,Friendzone Mo Mukha Mo,Parokya Ni Edgar
18471,Misery,Moffats
18472,Dahil Puso Tinali Na,KJ Reyes
18474,The King Of Wishful Thinking,Go West
18475,My Love Will Never Die,Bert Dominic
18479,Wala Lang Yun,Parokya Ni Edgar
18481,Too Little Too Late,Jojo
18482,I'll Never Get Enough Of You,Air Supply
18484,Idalangin Sa Maykapal,April Boys
18485,Jive Talkin',Bee Gees
18487,Chanson D'Amour,Manhattan Transfer
18488,Don't Dream It's Over,Sixpence None The Richer
18489,And We Were Lovers,Andy Williams
18490,Make Believe It's Your First Time,The Carpenters
18491,Minsan Ang Minahal Ay Ako,Celeste Legaspi
18492,Mambo Italiano,Dean Martin
18493,Maybe This Time,Sarah Geronimo
18494,Pakaingatan,Eurika
18498,Loser Like Me,Glee Cast
18503,Label,Myrtle Sarrosa ft Abra
18504,Pakipot Suplado,Alexa Ilacad
18505,Happy To Be Me,Andrea Brillantes
18506,Sana Kung Pwede Lang,Juan Karlos Labajo
18507,Killing Myself To Sleep,Charice
18508,Kung Alam Mo Lang Kaya,Roxie Barcelo
18512,Wag Ka Nang Umiyak,Gary Valenciano
18515,Hindi Kita Iiwan,Sam Milby
18517,I See You Lord,Aiza Seguerra
18518,I'll Cry Instead,The Beatles
18519,Won't Let You Fall,Fergie
18520,Cars,Gary Numan
18521,You'll Never Walk Alone,Gerry & The Pacemakers
18522,You Don't Know Me,Jann Arden
18523,Something Beautiful,Robbie Williams
18524,Hold My Heart,Sara Bareilles
18525,Shoot Shoot Anime,Andrew E.
18526,Banyo Queen ah-ah uhm-hum,Andrew E. ft Rica Paralejo
18527,Dangerous,Before You Exit
18531,Slumber Party,Britney Spears ft Tinashe
18533,Never Give Up,Sia
18534,Like I Would,Zayn
18535,Body Moves,DNCE
18537,Click My Fingers,The Tide
18538,Alam,Darren Espanto
18543,Give Me A Reason,Anja Aguilar
18546,Hallelujah,Pentatonix
18548,Get On Your Knees,Nicki Minaj ft Ariana Grande
18549,Sila,SUD
18553,Moment Of Glory,Scorpions
18554,My Boy Lollipop,Millie Small
18556,My Miracle,Jonalyn Viray
18559,Cry,Romie Medalla
18562,What's The Frequency Kenneth,R.E.M
18563,Kabilang Mundo,Siakol
18565,Sana Ngayon Lang Ang Kahapon,Angeline Quinto
18566,Stuttering,Fefe Dobson
18567,The Day You Went Away,M2M
18575,Lea,Noel Cabangon
18576,Butterflies,Spongecola
18578,Masdan Mo Ang Kapaligiran,Xanctuary
18579,True Blue,Madonna
18580,I Don't Wanna Fight No More,Westlife
18582,Taking The Chance,Air Supply
18586,Kahit Ika'y Panaginip Lang,Basil Valdez
18592,Sandali Na Lang,Eurika
18595,Tee Shirt,Birdy
18599,Empty,The Click Five
18600,The Take Over The Breaks Over,Fall Out Boy
18604,Mangga,Jireh Lim
18609,My Morena Girl,Hey Joe Show
18612,Baby You're The Reason,Sarah Geronimo
18615,In The Eyes Of A Child,Air Supply
18618,Itutuloy,Regine Velasquez
18619,Too Good To Say Goodbye,Bruno Mars
18620,Paris,The Chainsmokers
18621,"5, 6, 7, 8",Steps
18622,Jumpshot,Dawin
18624,Kissin' U,Miranda Cosgrove
18625,All Night,Beyonce
18626,Move Your Body,Sia
18627,Not Afraid Anymore,Halsey
18629,Perm,Bruno Mars
18630,Secret Love Song Pt. II,Little Mix
18631,Life Of The Party,Shawn Mendes
18632,Dangerously,Charlie Puth
18633,Malaya,Moira Dela Torre
18635,The Hardest Thing,98 Degrees
18636,Smile Again,The Manhattan Transfer
18637,Just Like Me,Fra Lippo Lippi
18638,Key To My Life,Boyzone
18640,Love Me Again,Regine Velasquez
18642,Love Story,Taylor Swift
18644,Muli,Vina Morales
18646,One More Try,Kyla
18647,Panaginip,Zelle
18652,Good Vibes,Quest feat Mayonnaise
18654,Mr. Dieingly Sad,The Critters
18657,Sana Ikaw,Erik Santos
18658,Sasagipin Kita,Siakol
18670,Kapag Lasing Ka Lang Malambing,Mayonnaise
18671,Bad Girls,MKTO
18672,Sa'n Ako Magsisimula,Callalily
18673,Perfectly Perfect,Simple Plan
18674,Sorry Naman,Rico Blanco
18675,I Was Made For Loving You,Tori Kelly Ft. Ed Sheeran
18677,Tunay Na Ligaya,Basil Valdez
18678,Nando'n Ako,Willie Revillame
18679,Wishing On The Same Star,Girlfriend
18684,Battle,Colbie Caillat
18688,Oblivion,Bastille
18689,Ganito Ba Talaga?,Liezel Garcia
18690,Dahan Dahan,The Boss Band
18692,I Forgive You,Kelly Clarkson
18694,Suitcase,Before You Exit
18695,Here We Go Again,Demi Lovato
18698,One Of The Boys,Katy Perry
18699,Your Guardian Angel,Alden Richards
18702,Kahit Sa Pangarap Lang,Roel Cortez
18704,Love Me So,Stereo Kicks
18707,Go For Gold,Kyle Patrick
18710,I'm Yours,The Script
18712,It's Hard To Say Goodbye,Celine Dion & Paul Anka
18714,Chunky,Bruno Mars
18715,That's What I Like,Bruno Mars
18717,Sail Over Seven Seas,Gina T
18718,Chained To The Rhythm,"Katy Perry, Skip Marley"
18721,Shape of You,Ed Sheeran
18722,I Feel It Coming,"The Weeknd, Daft Punk"
18724,Dreamin',The Cascades
18725,Cheryl Moana Marie,Victor Wood
18726,I Don't Wanna Live Forever,"ZAYN, Taylor Swift"
18727,Jealous,Nick Jonas
18728,Fast Car,Jonas Blue ft Dakota
18734,Mahalin Ka Ng Totoo,Toni Gonzaga
18737,One Love,Justine Bieber
18739,Panahon Na Naman ng Harana,Rico Blanco and Chito Miranda
18740,Human,Rag'n'Boneman
18741,I Love How You Love Me,Bobby Vinton
18742,One Life,Boyce Avenue
18743,Love Love Love,Hope ft. Jason Mraz
18744,Need The Sun To Break,James Bay
18750,Not In That Way,Sam Smith
18754,Ebb Tide,Righteous Brothers
18755,Love On The Brain,Rihanna
18758,Sandcastles,Beyonce
18764,Tadhana,Denise Barcena
18765,Taking Over Me,Lawson
18768,Take Me Back Blue,Darby Walker
18777,The Best Day,Taylor Swift
18780,You're Not There,Lukas Graham
18781,Runaway,Zendee
18782,Always,Air Supply
18787,Be The One,Dua Lipa
18789,When I'm In Love,Richard Sanderson
18791,I'll Take The Tears,A1
18792,I Only Live To Love You,Cliff Richard
18793,Touch and Go,Ed Sheeran
18794,Wala Lang,Edray Teodoro
18799,Spark,Liza Soberano
18801,Huwag Kang Matakot,Elmo Magalona
18803,Ako Sa'yo,Sue Ramirez
18804,Beauty And The Beast,"Ariana Grande, John Legend"
18805,Titig Ng Pag-Ibig,McLisse and MayWard
18806,Tayo Lang Ang May Alam,Peryodiko
18810,Don't Say Goodbye,Ylona Garcia
18814,Everyday,Ariana Grande ft Future
18817,Mahal Kita,Andrew E.
18818,Habang Buhay Ay Ikaw,Ariel Rivera
18819,Sidekick,Dawin
18822,Nasaan Ka,Eloisa
18824,John Wayne,Lady Gaga
18825,We Know The Way,"Opetaia Foa'i, Moana"
18827,Waterfall,Stargate ft. Pink & Sia
18829,Touch,Little Mix
18832,Our Day Will Come,The Carpenters
18835,Mapagmahal Ako,April Boys
18838,How Far I'll Go,Janella Salvador
18841,Never Alone,Lady Antebellum
18842,Oo Nga Pala,Marion
18844,Dahil Sa'yo,Inigo Pascual
18845,'Pag Pwede Na Ang Puso Mo,Tim Pavino
18847,Walang Hanggan,Quest
18848,All The Love In The World,The Outfield
18850,Paano Ka Magiging Akin,True Faith
18852,This Will Be,Natalie Cole
18853,No Doubt About It,Empire Cast
18854,One After 909,The Beatles
18858,Pananagutan,Jireh Lim
18860,Things Are Getting Complicated,Rivermaya
18862,Lambing,Silent Sanctuary
18864,I Love You,Eddie Peregrina
18865,Within,Sarah Geronimo
18866,Mr. Kupido,Rachel Alejandro
18867,Shape Of My Heart,Sting
18873,Itulog Mo Na Yan,Moonstar88
18875,Scars,Papa Roach
18880,Time Machine,The Click Five
18882,Days Of Wine And Roses,Andy Williams
18883,Al Di La,Connie Francis
18884,Blue Eyes Blue,Eric Clapton
18888,Do You Believe In Us,Jon Secada
18892,Ba't Di Mo Nasabi,Myrus
18893,Ano Nga Ba Tayo,Jona
18895,Parang Tayo Pero Hindi,Angeline Quinto & Michael Pangilinan
18896,May The Good Lord Bless And Keep You,Jose Mari Chan
18897,Someday,Juris
18899,Di Kita Ma Reach,April Boys
18900,One Way Or Another,Blondie
18904,I Can Wait Forever,Simple Plan
18907,Everything You Do,M2M
18908,Nobody But You,Monica Cuenco
18909,Paalam Na,MYMP
18910,Kissing Strangers,DNCE ft Nicki Minaj
18911,Rainbow,Colbie Caillat
18913,Somewhere Along The Way,Manilyn Reynes
18914,Physical,The Aces
18915,Golden,Sia ft Travie McCoy
18916,Freedom,Wham
18918,Happy Heart,Andy Williams
18921,Can't Stay Away From You,Gloria Estefan
18924,Issues,Julia Michaels
18925,Mark My Words,Justin Bieber
18927,When I Need You,Leo Sayer
18931,I'm a Lady,Meghan Trainor
18933,Pusuan Mo,KJ Reyes
18934,Body Like A Back Road,Sam Hunt
18935,Find Someone,Sheppard
18936,Something Just Like This,The Chainsmokers & Coldplay
18937,Brave,Jennifer Lopez
18939,Run Every Time,Gavin DeGraw
18940,End Of The Line,Honeyz
18941,Please Don't Go,Joel Adams
18943,The Way I Do,Marcos Hernandez
18944,Hanggang Kailan,Michael Pangilinan
18945,Misteryo,Sarah Geronimo
18946,Girl In The Mirror,Sophia Grace ft Silento
18948,Kung Maibabalik Ko Lang,LDS ft Yeng Constantino
18951,Hiling,Mark Carpio
18952,Come With Me,Martin Nievera
18953,My Dilemma 2.0,Selena Gomez
18954,My Guy,Mary Wells
18962,Pink White Blue,Mayonnaise
18964,Muli,Parokya Ni Edgar
18965,Someday (You'll Want Me To Want You),Ricky Nelson
18966,It's True,Backstreet Boys
18968,Tumalon,Ella Cruz & Julian Trono
18971,Lead Me On,Maxine Nightingale
18972,Di Ko Alam,Enchong Dee
18973,Attention,Charlie Puth
18975,Do You Believe In Magic,The Lovin' Spoonful
18979,Imagination,Shawn Mendes
18983,C'mon Through,Lasse Lindh
18984,Sa 'Yo Na Lang Ako,Dennis Trillo
18985,Lonely Street,Andy Williams
18986,At Ang Hirap,Angeline Quinto
18987,"Pagputi Ng Uwak, Pag-itim Ng Tagak",Basil Valdez
18988,Somebody Done Somebody Wrong Song,BJ Thomas
18989,Langit Ang Pag-ibig,Donna Cruz
18990,Other Side Of The Sun,Janis Ian
18991,Any Dream Will Do,Jason Donovan
18992,Pangarap,Maricris Garcia
18993,Love Of My Life,Michael Smith
18995,If I Could Reach You,The 5th Dimension
18996,I'm Coming Home,Tom Jones
18998,Bakit Ikaw Pa Rin,Sharon Cuneta
18999,Evidence Of Love,Air Supply
26001,I Can Hear Music,Beach Boys
26002,Call Me,Regine Velasquez
26003,Kapit,Christian Bautista
26004,Brighter Than The Sun,Colbie Caillat
26005,I Do,Colbie Caillat
26008,I Feel Blue,Eddie Peregrina
26010,Only Memories Are Our Friends,Heintje
26012,Nothing But Love,Mr. Big
26013,Dito,Inigo Pascual
26014,Kung Pwede Lang,Alexa Ilacad
26015,Alangan,Zsaris
26018,There's Nothing Holdin' Me Back,Shawn Mendes
26019,Catch Your Wave,The Click Five
26021,How Can I,Martin Nievera
26023,Stay,"Zedd, Alessia Cara"
26024,Greedy,Ariana Grande
26026,It Ain't Me,Kygo ft. Selena Gomez
26027,Finesse,Bruno Mars
26030,Malibu,Miley Cyrus
26031,Green Light,Lorde
26032,Cold,Maroon 5
26033,Nasaan Ka Man,Martin Nievera
26037,So Good,Zara Larsson ft Ty Dolla Sign
26039,In Love Again,Colbie Caillat
26040,There's Always Me,Elvis Presley
26041,Sexy Lady,Jessie J
26042,Leave (Get Out),JoJo
26043,Fly Tonight,Ylona Garcia
26044,Unli,BoybandPH
26045,Stuck With Each Other,Shontelle  ft. Akon
26046,Paano Na Ako,Susan Cuevas
26048,Kiss In The Rain,Billie Myers
26049,Don't You Give Up On Me Now,Lissie
26050,The Painter,O-Town
26051,Raise Your Glass,Pink
26054,Guilty,Barabara Streisand & Barry Gibbs
26056,Yours,Callum Scott
26057,Hindi Mo Na Ba Minamahal,Dingdong Avanzado
26058,Believe Me,Eddie Peregrina
26060,You're Still Here,Kathy Troccoli
26061,You're Not There,Lukas Graham
26062,Landas,Marco Sison
26063,Kay Tagal,Mark Carpio
26065,Buhay Ng Buhay Ko,Regine Velasquez
26068,I Want You To Want Me,Solid Harmonie
26069,Standing Right Next To Me,Karla Bonoff
26071,Summertime Sadness,Lana Del Rey
26073,Heto,Thyro & Yumi
26074,When I'm Missing You,A1
26076,Walang Dahilan,Gimme 5
26077,I Have You To Thank,Gavin DeGraw
26079,Lutang,Ely Buendia And Itchyworms
26082,I Look To You,Whitney Houston
26084,All I Need,Side A
26085,"Alone, (Why I Must Be Alone)",Sheperd Sisters
26086,Bakit Hindi Mo Na Kaya,Sherwin Baguion
26090,Everyone's Gone To The Moon,Jonathan King
26091,Broken Vow,Josh Groban
26092,Somebody Waiting,Karen Wyman
26094,Akala Ko,uess
26095,The Morning After,Maureen McGovern
26096,Vaya Con Dios,Nat King Cole
26099,God Gave Me You,Regine Velasquez-Alcasid
26100,I Wouldn't Beg For Water,Sheena Easton
26102,Hinahanap Pa Rin,Morissette
26104,Kung Sakali Man,Angeline Quinto
26108,Life Goes On,Fergie
26113,Pusong Babae,Donita Nose
26114,Sumilong Ka,Angelina Cruz
26115,Why Can't It Be,Kaye Cal
26116,'Til The End Of Time,Jona
26117,Mahika,TJ Monterde
26118,Manila,Rivermaya
26122,Ikaw Pa Rin,Val John
26124,Heart (Don't Change My Mind),Diana Ross
26125,I Never Told You,Colbie Cailat
26131,When Summer Is Gone,Gary Lewis And The Playboys
26132,Cool Down,James Reid
26138,Kung Mababalik,604
26139,Wonderland By Night,Engelbert Humperdinck
26140,Come Back Home,Lauv
26141,Strip That Down,Liam Payne ft. Quavo
26143,Can We Still Be Friends,Toni Gonzaga
26144,Perfect,Ed Sheeran
26147,Last Night,The Vamps
26148,Lose Your Way,Sophie B. Hawkins
26149,Missed You,Sam Concepcion
26150,No Good In Goodbye,The Script
26151,No More Tears (Enough Is Enough),Donna Summer
26153,Things I'll Never Say,Avril Lavigne
26154,Where You Are,Gavin DeGraw
26158,Yellowbird,Brothers Four
26160,Bituin,Shehyee ft Keiko Necesario
26161,Toinks,Maymay Entrata
26162,Go With The Flow,Poppert
26163,I'll Be Your Everything,Tommy Page
26165,Spell,Marie Digby
26166,Straight To My Heart,Backstreet Boys
26168,Tama O Mali,Thyro & Yumi
26172,Here In My Heart,Mayonnaise
26173,Slow Hands,Niall Horan
26175,Bahaghari,Spongecola
26179,Two Rivers,The Adventures
26182,Why Don't You Love Me,Hot Chelle Rae ft Demi Lovato
26183,After All,Linda Eder
26185,Better Than I Know Myself,Adam Lambert
26188,You (You Are The Only One),Albert West
26189,All Of My Life,Marco Sison
26193,Emily,Andy Williams
26196,Everywhere I Go,Katherine Mcphee
26197,Forever And A Day,Aiza Seguerra
26199,Holiday,Bee Gees
26201,Bistado Na Kita,Boyfriends
26207,I Should Have Known Better,Jim Diamond
26208,The Way You Look Tonight,Michael Buble
26209,If We Fall In Love,McLisse
26210,Naririnig Mo Ba,Julie Anne San Jose
26211,Balisong,The Juans
26212,Isang Tingin,Ella Cruz and Julian Trono
26214,Love Is All There Is,The Boss
26218,Hindi Na Magbabago,Erik Santos
26220,I Can't Make You Love Me,Boyz II Men
26221,I Never Said Goodbye,Engelbert Humperdinck
26222,If I Fall,Kavana
26223,I'll Be Waiting,Adele
26230,Wild Thoughts,DJ Khaled ft. Rihanna Bryson Tiller
26231,Two Of Us,Eddie Peregrina
26233,Lady,Austin Mahone ft Pitbull
26234,The Other,Lauv
26235,Word Up,Little Mix
26236,Unleash The Diva,4th Impact
26237,Could This Be Love,Seduction
26238,Fetish,Selena Gomez ft Gucci Mane
26239,Somebody Else,The 1975
26244,If It Kills Me,Jason Mraz
26245,Love Me Or Leave Me,Little Mix
26246,Someday,Michael Buble ft Meghan Trainor
26247,Bad Liar,Selena Gomez
26249,Langit,Agot Isidro
26251,No More,A1
26252,Once Again,Southborder
26258,Salawahan,Boyfriends
26259,Home,Brian Mcknight
26261,Narda,Daryl Ong
26263,Pusong Ligaw,Jona
26267,Love Makes The World Go Round,Everly Brothers
26268,"Baby, Baby, Baby",TLC
26269,Sa Ngalan Ng Pag-ibig,Acel Bisa
26270,Sandali Lang,Silent Sanctuary
26272,Square Rooms,Al Corey
26273,Sukob Na,Aiza Seguerra
26276,Is this Love,Callalily
26279,Playing God,Paramore
26282,Whenever You Close Your Eyes,Tommy Page
26291,All The Way,Celine Dion and Frank Sinatra
26293,Say You Will,Billy Gilman
26294,Forget Him,Bobby Rydell
26295,We'll Meet Again,Eddie Peregrina
26296,Until It's Time For You To Go,Elvis Presley
26297,Pangarap Ko Ang Ibigin Ka,Erik Santos
26298,Angel Of My Dream,Joel Trinidad
26300,Kahit Hindi Naging Tayo,Willie Revillame
26301,Only You,Peter Hewlett and Josie Aiello
26304,Ang Tunay Na Pagmamahal,Bobby Duran
26305,Everlasting Love,Andy Gibb
26306,Favorite Girl,Justin Bieber
26307,Found My Smile Again,Karylle
26310,Boys,Charli XCX
26313,Venus,Frankie Avalon
26321,Power,Little Mix ft Stormy
26322,Back To You,Louis Tomlinson ft Bebe Rexha and Digital Farm Animals
26326,Bibia Be Ye Ye,Ed Sheeran
26327,A Little More Love,Olivia Newton John
26328,Pwede Ba,Willie Revillame
26329,Something Big,Shawn Mendes
26330,All Too Well,Taylor Swift
26331,The Coconut Nut,Smokey Mountain
26333,Happier,Ed Sheeran
26334,Why Must I,Eddie Peregrina
26338,I Can't Make You Love Me,Adele
26339,Ibig Kong Ibigin Ka,Anthony Castelo
26340,If I Had You,Adam Lambert
26341,Ikaw Ang Aking Mundo,Angeline Quinto
26343,Itatama Pa Ba O Tama Na,Donnalyn Bartolome
26344,Something To Remember,Kygo & The Chainsmokers ft  ZAYN
26350,Kumakaba,Sassa
26352,Try A Little Love,Oscar Harris And The Twinkle Stars
26355,Listen To The Man,George Ezra
26359,Lihim,Milk 'N Money
26362,My Boy,Elvis Pesley
26364,New Day,Alicia Keys
26365,Parang 'Di Ko Na Kaya,April Boys
26366,Pretty Hurts,Beyonce
26369,I Will Come To You,Hanson
26372,Walang Kapalit,Dingdong Avanzado
26375,Will You Still Love Me Tomorrow,Juris
26376,Praying,Kesha
26377,Down,Fifth Harmony
26378,Kulay,Young JV
26379,Haplos,Maja Salvador
26380,Tumahan Ka Na,Noven Belleza
26381,No Vacancy,One Republic
26383,Para Sa 'Yo,Randy Santiago
26384,Ligaw Tingin,Smokey Mountain
26385,Stay,Miley Cyrus
26386,Tersera,Mayonnaise
26388,Perfume,New Hope Club
26389,Walang Basagan,Rico Blanco
26390,Somewhere Over The Rainbow,Ariana Grande
26391,Babalik Kang Muli,Angeline Quinto
26392,Because We Can,Bon Jovi
26394,How Does A Moment Last Forever,Celine Dion
26395,Recovering,Celine Dion
26396,Time For Love,Air Supply
26397,Never Turn Back,Al Hibbler
26398,Narito Na Ang Pasko (Paglamig Ng Hangin),Ariel Rivera
26399,Do I Make You Wanna,Billy Currington
26401,Precious And Few,Climax
26402,Oh My Papa,Everly Brothers
26405,"Kumusta Ka, Mahal",Victor Wood
26406,Pasko Sa Pinas,Yeng Constantino
26409,Everglow,Coldplay
26410,Can't Get Over You,Harana
26413,Two Less Lonely People In The World,KZ Tandingan
26414,Habulan,Maja Salvador
26416,L.O.V.E,Michael Buble
26417,Torete,Moira Dela Torre
26420,Put The Cuffs On Me,The Tide
26421,Most Girls,Hailee Steinfeld
26423,Pasko Sa Bawat Kalye Ng Mundo,The Clingy Bunch
26424,Oh Girl,Paul Young
26425,What About Us,Pink
26426,Ready For It,Taylor Swift
26433,Gusto Kita,Ara Mina
26434,Hoedown Throwdown,Miley Cyrus
26435,Hummingbird Heartbeat,Katy Perry
26436,I Just Wanna Be Your Everything,Andy Gibb
26441,Put It In A Love Song,Alicia Keys ft Beyonce
26443,Wedding Song,Davey Langit
26444,If I Never Knew You Cared,Eddie Peregrina
26446,Baby It's You,Jojo
26448,I'll Be Loving You(Forever),New Kids On The Block
26453,Love Has Come My Way,Heart Evangelista
26455,Maniwala Ka,Hungry Young Poets
26456,Mr. Jones,Counting Crows
26457,Ngayong Pasko Magniningning Ang Pilipino,Toni Gonzaga and Gary V.
26458,Not Even The King,Alicia Keys
26459,Outlaws Of Love,Adam Lambert
26460,Pagdating Ng Pasko,Jose Mari Chan
26461,Pwede Bang Ako Nalang Ulit,Bugoy Drilon
26463,Just Fall In Love Again,Angeline Quinto
26467,Losing My Mind,Charlie Puth
26468,I Think I'm In Love,Kat Dahlia
26471,Look What You Made Me Do,Taylor Swift
26472,Our Moment,Kyle Echarri
26473,Di Magbabago,Teejay Marquez
26474,Bon Appetit,Katy Perry
26475,Haplos,Maja Salvador
26479,Swish Swish,Katy Perry ft. Nicki Minaj
26480,Too Good At Goodbyes,Sam Smith
26483,Show Me How You Burlesque,Christina Aguilera
26484,Helium,Sia
26486,Take It All,Adele
26488,Waiting,Beyonce
26492,Break Na Tayo,Alex Gonzaga
26494,I'll Be Loving You Forever,Westlife
26495,Dance For You,Beyonce
26496,Doesn't Mean A Thing,Alicia Keys
26497,Elevator,David Archuleta
26500,Thank You For The Broken Heart,J Rice
26502,Autograph,John Denver
26503,At Last,Nat King Cole
26505,Sa Lahat Ng Iba,Aicelle Santos
26507,Good Time Baby,Bobby Rydell
26510,Ready Or Not,A1
26514,'Di Ako F'ckboy,JRoa & Emcee Rhenn ft Agsunta
26517,What Lovers Do,Maroon 5 ft SZA
26518,Titibo-tibo,Moira Dela Torre
26519,Huling Gabi,Moira Dela Torre & Quest
26520,Getting To Know Each Other,Xian Lim
26524,Rain,The Script
26527,Sakto Ka Na,Hashtags
26528,Skyscraper,Boyce Avenue ft. Megan Nicole
26530,Mobe,Enrique Gil
26531,Got You,Toni Gonzaga
26532,I Am A Good Girl,Christina Aguilera
26534,I Found A Boy,Adele
26535,I Miss You,Beyonce
26536,I'm Ok,Christina Aguilera
26537,How Would You Feel,Ed Sheeran
26538,Young Dumb & Broke,Khalid
26539,Balang Araw,Julian Trono
26540,Last Message,Jona
26541,You And I,Petula Clark
26542,The Labo Song,Kaye Cal
26545,Kaibigan Blues,Zelle
26546,Let It Snow,Michael Buble
26549,Love Was Born On Christmas Day,Regine Velasquez
26550,Love You Anyway,Boyzone
26552,Inspired,Miley Cyrus
26553,Million Dollar Bill,Whitney Houston
26555,Mistletoe,Justin Bieber
26556,My Everything,Ariana Grande
26557,My Grown Up Christmas List,Kelly Clarkson
26559,On The Radio,Donna Summer
26560,Pag-Agos,Up Dharma Down
26561,Can't Help Falling In Love,Richard Marx
26563,Sana'y Kapiling Ka,Angeline Quinto
26564,Mi Gente,"J Balvin, Willy William ft. Beyonce"
26566,Wow Na Feelings,Janella Salvador
26568,I Have Questions/Crying In The Club,Camila Cabello
26569,Turning Up,James Reid
26570,Tadhana,Regine Velasquez-Alcasid
26571,Nakakalokal,Ogie Alcasid
26574,Runaway Love,Justin Bieber
26575,Sa Puso Ko'y Ikaw,0.071527778
26580,Sunglasses At Night,Corey Heart
26583,This Gift,98 Degrees
26584,To Forget You,Sitti
26585,What If,Colbie Caillat
26586,When A Child Is Born,Jose Mari Chan
26588,Why Try,Ariana Grande
26589,Words Of Love,The Beatles
26592,Ben,Boyzone
26593,All Of My Life,Diana Ross
26594,Don't Ever Leave Me,Eddie Peregrina
26596,Where Do Broken Hearts Go,Erik Santos
26597,Kahit Mali Ang Puso,Garry Cruz
26600,Let Me Get To Know You,Paul Anka
26602,Sa Totoo Lang,Susan Cuevas
26603,Daughter Of Darkness,Tom Jones
26605,Escape (The Pina Colada Song),Rupert Holmes
26606,Forevermore,Juris
26607,Sundo,Moira Dela Torre
26609,No Other Love,Barry Manilow
26611,He Could Be The One,Hannah Montana
26614,Okay Na Ako,Kim Chiu
26616,Hey,Matteo Guidicelli
26617,Bes,Migz Haleco
26618,Naririnig Mo Ba,Morissette
26620,Otherside,Red Hot Chili Peppers
26621,Pray,Sam Smith
26622,Pledging My Love,Tom Jones
26629,Baliw (Acoustic),Maymay & Edward
26630,Tadhana,Noel Cabangon
26631,Bridge Of Light,Pink
26636,Hello,Kuh Ledesma
26638,Hiwaga,Up Dharma Down
26639,I Do,Westlife
26640,I Only Want To Be With You,Vonda Shepard
26641,Ikaw Ang Langit Ko,Celeste Legaspi
26642,It's A Beautiful Day,Michael Buble
26643,Mesmerize,Ja Rule ft. Ashanti
26644,Your Song,Rita Ora
26645,Call It What You Want,Taylor Swift
26646,End Game,Taylor Swift Ft Ed Sheeran & Future
26647,Hearts Don't Break Round Here,Ed Sheeran
26648,Supermarket Flowers,Ed Sheeran
26649,I'll Never Love This Way Again,Gary Valenciano
26650,Malayo Na Tayo,Silent Sanctuary
26651,Tunay Na Pag-ibig,Sam Milby
26652,The Game,Freakshow ft Ed Sheeran
26653,Tanghaling Tapat,UNIT 406
26654,What Do I Know,Ed Sheeran
26655,Kailan Pa,Parokya Ni Edgar
26658,Missing You Now,Michael Bolton
26661,One Of This Day,Whitney Houston
26663,Where Did The Feeling Go,Air Supply
26666,Huling Gabi,Maja Salvador
26668,Snow In The Sahara,Anggun
26669,Bad At Love,Halsey
26670,Sampu,Jona
26671,First Day Out,Kodak Black
26672,With Love,Marlo Mortel & Kristel Fulgar
26673,Gorgeous,Taylor Swift
26675,Shadows,Westlife
26676,Some Good Things Never Last,Barbra Streisand
26677,Someone You Love,Nat King Cole
26681,There's No Gettin Over Me,Ronnie Milsap
26682,Time Machine,Six Part Invention
26683,Street Beat,Toni Basil
26684,Too Little Too Late,JoJo
26686,Tutulungan Kita,Roel Cortez
26687,Two Hearts,Phil Collins
26692,You're All I Need,Eddie Peregrina
26693,Until,Air Supply
26696,She,Elvis Costello
26697,Narito Ako,Erik Santos
26699,She's A Lady,Tom Jones
26700,(The Man Who Shot) Liberty Valance,Gene Pitney
26701,Time For Miracles,Adam Lambert
26703,Painted Tainted Rose,Al Martino
26704,Maging Superhero,Daniel Padilla
26706,Have I Told You Lately That I Love You,Micheal Buble
26707,Kaya Mo,"Mark Bautista, Rico Blanco, James Reid, Nadine Lustre, Yassi Do"
26708,Make Me Yours,Sarah Geronimo
26711,How Long,Charlie Puth
26713,Let Me Go,Hailee Steinfeld Alesso ft. Florida Georgia Line watt
26714,Istorya,The Juans
26717,Tempura,Sponge Cola
26719,Paano,Janno Gibbs ft. Freestyle
26721,Little Star,Pops Fernandez
26722,Randomantic,James Reid
26723,Mr. Moonlight,The Beatles
26726,Animations,Dawin
26728,Can I Be Him,James Arthur
26730,Younger Now,Miley Cyrus
26732,Bedroom Floor,Liam Payne
26734,Wolves,Selena Gomez ft Marshmello
26735,Personal,The Vamps
26738,Pwede Bang Malaman,0.071527778
26742,Spanish Guitar,Toni Braxton
26743,Dalangin Ko,Zander Kahn
26746,Dusk Till Dawn,Zayn ft. Sia
26748,Almost Like Praying,Lin-Manuel Miranda
26749,Till I Met You,Kuh Ledesma
26753,Oh Lori,Alessi Brothers
26756,Live For Love,Nonoy Zuniga
26758,Just What I Needed,The Cars
26759,A Shoulder To Cry On,Tommy Page
26760,Lonely Teardrops,Victor Wood
26761,We Could Happen,AJ Rafael
26762,Losing Grip,Avril Lavigne
26764,Lights Down Low,Max ft Gnash
26765,Pinipigil,Yeng Constantino
26766,One Last Song,Sam Smith
26768,Nasa Atin Ang Panahon,Noel Cabangon
26770,Tibok Ng Puso,M.Y.M.P.
26772,Only Gonna Love You,Kyla feat. REQ
26773,If I Am,Nine Days
26774,Seven Years,Norah Jones
26776,Victor Could,Parokya ni Edgar
26777,Graduation (Friends Forever),Vitamin C
26779,You Don't Know My Name,Alicia Keys
26781,Finesse Remix,Bruno Mars ft Cardi B
26784,Ikaw Lang Ang Mamahalin,KZ Tandingan
26785,KNKLG,Julian Trono
26792,Kahit Kunwari,TJ Monterde
26793,Salot,Siakol
26797,Love Me Now And Forever,Romeo Miranda
26799,Ikaw Ang Buhay Ko,King
26800,Makakaya Ko Ba,Roselle Nava
26801,Para Kang,0.071527778
26802,Diwata,Jireh Lim
26803,Liability,Lorde
26804,Close Enough,Christian Bautista
26805,Tampo,Princess Velasco
26807,Sinungaling Mong Puso,Sheryn Regis
26808,Turn The Beat Around,Laura Branigan
26809,What About Now,Westlife
26814,She's Got A Way,Billy Joel
26816,Devil Woman,Cliff Richards
26818,Blame It On The Bossa Nova,Eydie Gorme
26819,I Can't Turn You Loose,Otis Redding
26820,Mr. Love,Connie Francis
26822,Say Something,Justin Timberlake ft. Chris Stapleton
26824,Asian Moon,Lobo
26825,ST4Y UP,Nadine Lustre
26828,IDGAF,Dua Lipa
26829,Dito Sa Kanto,Noel Cabangon Feat Chito Miranda
26832,Kalsada,Sam Concepcion
26833,Under The Same Sun,Scorpions
26834,After,Eddie Peregrina
26835,Dito Lang Sa Aking Tabi,Marte
26837,Wag Ka Nang Umuwi,Matteo Guidicelli
26839,Blow Your Mind Mwah,Dua Lipa
26841,Kanlungan,Hannah Precillas
26842,My My My,Troye Sivan
26843,Sick Boy,The Chainsmokers
26845,She Used To Be Mine,Sara Bareilles
26846,Never Gonna Let You Down,Colbie Caillat
26849,Pangako (Ikaw Lamang),Jovit Baldivino
26850,Yung Pakiramdam,Jona
26851,Be My Fairytale,Janella Salvador
26852,Together,Ne-Yo
26854,Walang Ganon,Siakol
26855,Someday,All 4 One
26856,Who Was I,Juris
26858,Crazy For You,Sponge Cola
26859,Nagmamakaawa,Roselle Nava
26862,Awit ni Lira (Sa Pangarap Lang),Mikee Quintos
26865,More Than A Band,Lemonade Mouth
26868,We Could Be Together,Debbie Gibson
26872,Here I Am,Eddie Peregrina
26873,Let Me Into Your Life,Engelbert Humperdink
26875,Love Is In Your Eyes,Gerard Joling
26878,I Just Fall In Love Again,Sarah Geronimo
26883,Mahal Na Mahal Kita,Dingdong Avanzado
26885,Holiday,Scorpions
26886,Tagpuan,Moira Dela Torre
26887,Tagu-Taguan,Moira Dela Torre
26888,Miss You,Louis Tomlinson
26889,Dying Inside,Darren Espanto
26892,8 to 5,Rivermaya
26894,Sana,Up Dharma Down
26898,Hurts So Good,Astrid S
26901,Capital Letters,Hailee Steinfeld ft BloodPop
26902,For You,Rita Ora & Liam Payne
26904,The Life,James Reid
26905,Love Lies,Khalid & Normani
26906,When Doves Cry,Prince
26908,Pray For Me,The Weeknd & Kendrick Lamar
26909,Too Good,Drake Ft. Rihanna
26911,Psycho,Post Malone ft. Ty Dolla Sign
26914,Lie To Me,Brook Benton
26915,Never Enough,Loren Allred
26916,Kung Sakali,Pabs Dadivas
26917,Move On,Sponge Cola Ft Jane Oineza
26918,One Last Kiss,Bobby Vee
26922,No One Else Like You,Adam Levine
26923,On The Radio,Donna Summer
26924,Tsismis,Siakol
26925,Sunday Morning,No Doubt
26929,"Umaga, Tanghali, Gabi",0.071527778
26930,After All,Peter Cetera and Cher
26932,Better Off Alone,Marie Digby
26933,Don't Stop,Fleetwood Mac
26934,Kaibigan,Anthony Castello
26936,Two Different Worlds,Engelbert Humperdink
26937,Don't Let The Sun Catch You Crying,Gary and the Pacemakers
26938,Buhay Ng Buhay Ko,Leah Navarro
26939,Hindi Ko Akalain,Leslie Montes
26940,Whispers In The Wind,Lobo
26943,My Friend My Friend,Matt Monro
26944,Ramblin' Rose,Nat King Cole
26947,Up On The Roof,The Drifters
26949,Ako Muna,Yeng Constantino
26950,No Tears Left To Cry,Ariana Grande
26952,Mine,Bazzi
26953,Kathang Isip,Ben&Ben
26956,From Now On,Hugh Jackman & The Greatest Showman Ensemble
26957,Better With You,Jesse McCartney
26960,Tightrope (from The Greatest Showman),Michelle Williams
26961,Opposites Attract,McLisse
26971,Ain't My Fault,Zara Larsson
26972,Gave It All Away,Boyzone
26974,"Kahit Saan, Kahit Kailan",Alexa Ilacad
26975,All We Know,The Chainsmokers ft Phoebe Ryan
26977,Scars To Your Beautiful,Alessia Cara
26980,The Middle,Zedd ft Maren Morris Grey
26982,I Wish,Cher Lloyd ft T J
26986,No Excuses,Meghan Trainor
26987,Delicate,Taylor Swift
26989,Selfie,The Chainsmokers
26991,Ok Na 'Ko Pag Nawala Ka,Yeng Constantino
26992,Casablanca,Bertie Higgins
26997,Trust Fund Baby,Why Don't We
26999,Remember Me (Duo) (from Coco),Miguel ft Natalia Lafourcade
27001,Wonderland,Taylor Swift
27002,Ulan,Parokya ni Edgar
27004,Baby Ko,Zandro
27005,Why,Andra
27007,Hindi Ko Kaya,Angeline Quinto
27014,Una,Spongecola
27017,Someone To Love Me (The Prisoners Song),Brenda Lee
27019,Peksman,Ogie Alcasid
27021,Jennifer,Bobby Sherman
27022,Who's Sorry Now,Connie Francis
27023,Yesterday's Dream,Donna Cruz
27026,Baka Ikaw,The Company
27027,In My Blood,Shawn Mendes
27029,One Day,Bugoy Drilon
27030,This Song Saved My Life,Simple Plan
27037,Hey Stephen,Taylor Swift
27038,It's Gotta Be You,Isaiah
27042,Never Be the Same,Camila Cabello
27043,Bernadine,Pat Boone
27044,Unreleased (Mahirap Na),Kakaiboys
27046,Empire State of Mind,Alicia Keys
27047,I Drove All Night,Celine Dion
27048,Goodnight My Love,Gloria Estefan
27049,It's Over,Jesse McCartney
27050,You Don't Own Me,Lesley Gore
27051,Hair Too Long,The Vamps
27054,Litrato,Callalily
27056,Pangako Ko,April Boy Regino
27057,Let The Love Begin,Kyla and Jerome John Hughes
27058,Kagandahan,Bea Alonzo
27060,I Will Be Here For You,Kaligta
27061,Make It To Me,Sam Smith
27065,Akin Ka,Bobby Duran
27068,Let Me,ZAYN
27070,Patience,Shawn Mendes
27071,Ashes,Celine Dion
27074,Unang Pag-ibig,Claire dela Fuente
27078,Begin,Morissette
27079,Come Dance With Me,Michael Buble
27080,Habang Buhay,Circa
27082,Don't Forget Me,Captain & Tennille
27085,Life Will Go On,Barry Manilow
27086,If I Give My Heart To You,Doris Day
27087,Pledging My Love,Elvis Presley
27089,Love At 30000 Feet,Jose Mari Chan
27090,I'll Know Her,Matt Monro
27091,The Song Of My Life,Petula Clark
27092,I'll Be There For You,The Rembrandts
27102,Don't Let Me Be Yours,Zara Larsson
27103,Simple Girl,Zia Quizon
27105,Like That,Kris Wu
27107,You Are The Reason,Calum Scott and Leona Lewis
27108,Start Again,OneRepublic ft Logic
27109,Sangria Wine,Pharrell Williams ft. Camila Cabello
27110,Anywhere,Rita Ora
27111,Entertainer,ZAYN
27112,Don't Go Breaking My Heart,Backstreet Boys
27114,Paranoid,Lauv
27115,Girls Like You,Maroon 5 ft Cardi
27117,Sige na Tuloy Pa,Siakol
27124,Demons,Boyce Avenue ft. Jennel Garcia
27126,This Town,Kygo ft. Sasha Sloan
27127,Oops,Little Mix ft Charlie Puth
27129,Walk Away,Paula Deanda
27134,Girls,"Rita Ora ft. Cardi B, Bebe Rexha & Charli XCX"
27135,Us,James Bay
27136,Superhero Mo,ExBatallion ft. Alden Richards
27137,Pare Mahal Naman Kita,Michael Pangilinan
27139,Yakapin Mo Ako,Joey Albert
27140,Who You Are,Morrisette Amon
27144,Kung 'Di Rin Lang Ikaw,December Avenue ft. Moira Dela Torre
27146,Midnight Sky,Unique
27147,Hooked,Why Don't We
27149,Nervous,Shawn Mendes
27150,Dambana,Silent Sanctuary ft Aia De Leon
27151,God Is A Woman,Ariana Grande
27153,Kahit Maputi Na Ang Buhok Ko,Noel Cabangon
27155,All I Have To Do Is Dream,Everly Brothers
27156,The Light Is Coming,Ariana Grande ft. Nicki Minaj
27157,I Won't Say Goodbye,Bernie Gala
27159,BOY,Charlie Puth
27160,Happily Ever After,David Choi
27169,In The Beginning,Victor Wood
27170,BED,Nicki Minaj feat Ariana Grande
27171,Back To You,Selena Gomez
27174,Kunwari,Spongecola
27175,Cherish This Love,A1
27176,Kuya,Davey Langit
27179,Prom,James Reid & Nadine Lustre
27180,Shanawa Sana S'ya,Maymay Entrata
27181,Walang Papalit,Music Hero
27183,We Both Know,Colbie Caillat ft Gavin DeGraw
27184,Sober,Demi Lovato
27186,Follow My Lead,ExBattalion ft. Chicser and Sachzna Laparan
27189,Did You,Donny Pangilinan
27190,Alone At Last,Neil Sedaka
27193,Paano,APO Hiking Society
27194,Araw Gabi,Nonoy Zuniga
27195,Don't Forget I Still Love You,Bobbi Martin
27196,Losing You,Brenda Lee
27197,This Diamond Ring,Gary Lewis and the Playboys
27198,Isang Iglap,Roel Cortez
27199,Puso Ko'y Sumisigaw,Zander Kahn
27202,From Here To Eternity,Frank Sinatra
27203,Something's Gotten Hold Of My Heart,Gene Pitney
27207,I Love The Little Things,Matt Monro
27209,Someone To Love Me,Brenda Lee
27211,Rise,Jonas Blue ft. Jack & Jack
27213,Ex,Callalily
27217,2002,Anne-Marie
27221,Poison,Darren Espanto
27223,OZONE (Itulak Ang Pinto),UNIQUE
27224,All I Ever Need,Austin Mahone
27226,My Gospel,Charlie Puth
27227,Travellin' Light,Cliff Richard
27232,Tayong Dalawa,Julie Anne San Jose
27235,My Story,Loren Gray
27238,Kabaduyan,Maymay Entrata
27242,Breathin',Ariana Grande
27243,When I'm With You,Ariel Rivera
27244,Leaves,Ben And Ben
27245,A Little Love Goes A Long Way,DoReMi
27247,Let You Be Right,Meghan Trainor
27249,Talk,Why Don't We
27250,I Believe,DJ Khaled ft. Demi Lovato
27251,Kiss Me Kiss Me,Sarah Geronimo
27252,Pangako,Kyle Echarri
27254,Mahal Na Mahal,Archie D.
27256,Hindi Laro Ang Ibigin Ka,Anthony Castelo
27257,In Our Hands,David Pomeranz
27259,Sabay Tayo,Pamboy Lorenzo
27266,April Boys Mega Medley,April Boys
27267,Run To You,Bryan Adams
27269,Laughing On The Outside (Crying On The Inside),Nat King Cole
27271,Shadow Of Time,Raymond Lauchengco
27272,Pagmamahal Na Walang Wakas,Zsa Zsa Padilla
27275,Beautiful,Bazzi ft.Camila
27279,I Know How To Love,Kara Hesse
27282,Just My Type,The Vamps
27284,Kahit Ayaw Mo Na,This Band
27285,I Believe In You And Me,Whitney Houston
27293,Rewind,BBS ft. Kean Cipriano
27294,Eastside,Benny Blanco Halsey & Khalid
27296,Kahit Maputi Na Ang Buhok Ko,Moira Dela Torre
27298,Thanks To You,Richard Marx
27299,Pagka't Nariyan Ka,Sam Mangubat
27300,Memories,Joey Albert
27301,Real Friends,Camila Cabello
27302,Lake Effect Kid,Fall Out Boy
27303,You Are My Sunshine,Moira Dela Torre
27304,Dahil Nariyan Ka,Noel Cabangon
27305,Ikaw Na Nga Talaga,0.071527778
27306,The Last Goodbye,Atomic Kitten
27308,Walang Kapalit,Julie Anne San Jose
27309,Isa Pang Araw,Sarah Geronimo
27310,Tahimik,Yeng Constantino
27311,Akala,Marion
27312,Head Above Water,Avril Lavigne
27313,Bibingka,Ben and Ben
27316,Panaginip,Morissette
27317,Itatago Na Lang,Sassa
27318,Ever My Only Love,Zion Aquino
27319,Sino Ako Sa'yo,Angeline Quinto
27320,The Shadow Of Your Smile,Matt Monro
27321,Ang Babaeng Hinugot Sa 'King Tadyang,Anthony Castelo
27323,Ikaw Ang Lahat Sa Akin,Regine Velasquez
27326,Kailan Sasabihing Mahal Kita,Sharon Cuneta
27327,Follow Me (Dj Homicide Remix),Uncle Kracker
27328,Pagsinta'y Pang-araw At Ulan,Basil Valdez
27330,Warm,Johnny Mathis
27332,Clueless,Sam Mangubat
27335,Moonlight,Ariana Grande
27337,Without Me,Claire Marlo
27339,Hati Na Lang Tayo Sa Kanya,Eumee ft JC Santos
27340,Dalawang Pag-ibig Nya,Krystal Brimner & Sheena Belarmino ft MNL48
27341,Para Sa Tabi,BoyBandPh
27342,Tinatapos Ko Na,Jona
27343,Wala Kang Alam,Sam Mangubat
27344,Kababata,Kyla and Kritiko
27348,Sugarol,Maris Racal
27349,Feels,"Calvin Harris, Pharrell Williams, Katy Perry"
27356,This Feeling,The Chainsmokers ft. Kelsea Ballerini
27357,Maybe The Night,Ben&Ben
27358,Without Me,Halsey
27359,Thunderclouds,"LSD ft. Sia, Diplo, Labrinth"
27360,Miracle,Martin Nievera
27361,The Way I Am,Charlie Puth
27363,Silent Night Na Naman,Sexbomb Girls
27364,Malay Ko,Daniel Padilla
27366,Something I Need,Moira Dela Torre
27367,1901,Birdy
27370,Is That Alright,Lady Gaga
27376,Naked,James Arthur
27380,There's No Way,Lauv
27381,Susi,Ben&Ben
27382,You Belong With Me,Taylor Swift
27383,I'll Never Love Again,Lady Gaga
27385,Pagbigyang Muli,Regine Velasquez and Erik Santos
27386,People,Barbra Streisand
27390,Litrato Ngayong Pasko,TJ Monteverde
27391,Paskong Wala Ka,Donnalyn Bartolome
27392,Mahal Pa Rin Kita,Divo Bayer
27394,Last Young Renegade,All Time Low
27395,Skinny Love,Birdy
27396,Smile,Daniel Skye
27397,Himala Ay Nawala,Toto Sorioso
27398,"Thank You, Next",Ariana Grande
27403,Sun In Our Eyes,M0 Diplo
27417,Ako Ako,Feel Day ft Hans Dimayuga
27419,Pilipit,Julian Trono
27420,Laon Ako,Kakai Bautista
27421,Tama Na,Katrina Velarde
27422,Sunrise,Ben&Ben
27426,Di Makatulog,SUD
27427,As You Are,Charlie Puth feat. Shy Carter
27429,Huwag Mong Bitawan,Kristine Dera
27432,Not A Damn Thing Changed,Lukas Graham
27433,With You,Mariah Carey
27436,Gisingin Mo Na Lang Ako,Eevee
27439,The Lorelei,Jack Jones
27440,On The Street Where You Live,Nat King Cole
27442,Sylvia,Elvis Presley
27443,You And Me,The Rainmakers
27444,Mahal Kita (Marimar Theme),Maricris Garcia
27445,Superhero,Jed Madela
27446,Consequences,Camila Cabello
27450,Ikaw Ang Musika Ko,Daniel Padilla
27451,Call Me Irresponsible,Michael Buble
27452,Biyaya,Janine Berdin
27453,Habang May Buhay,Regine & Jaya
27455,New Man,Ed Sheeran
27456,Strange Birds,Birdy
27457,Keep Talking,Cyrus
27459,Chances,Backstreet Boys
27461,"Sit Still, Look Pretty",Daya
27462,Strip,Little Mix ft Sharaya J
27463,1999,Charli XCX & Troye Sivan
27464,Sweetener,Ariana Grande
27466,Woman Like Me,Little Mix ft. Nicki Minaj
27467,Chambe,Alex Gonzaga
27468,Lost In Japan,Shawn Mendes
27469,8 Letters,Why Don't We
27470,Do You Really Want Me,Robyn
27471,Don't Push Me,Sweetbox
27472,Don't Mess With My Love,M2M
27477,What Good Is A Heart,Code Red
27480,Secret Love,JoJo
27482,'Di Maiwasan,Hashtags
27483,Better Place,Rachel Platten
27484,Mawala Ka,Silent Sanctuary
27485,Cinderella,Steven Curtis Chapman
27487,Valentine,Five Seconds Of Summer
27490,More Than Friends,Jason Mraz ft. Meghan Trainor
27495,Lumang Tugtugin,Inigo Pascual
27500,Green Grass,Gary Lewis & The Playboys
27501,The Voice Of Love,Johnny Nash
27502,Back In My Arms Again,The Supremes
27503,My Promise,Victor Wood
27506,Sad Songs (Say So Much),Elton John
27508,Yours,Engelbert Humperdinck
27511,My Love And Devotion,Matt Monro
27512,This Never Happened Before,Paul McCartney
27513,Heatwave,Phil Collins
27514,Terrible Love,Birdy
27515,When I Find Love Again,James Blunt
27519,Pauwi Nako,O.C. Dawgs ft Yuri Dope Flow G
27521,7 Rings,Ariana Grande
27522,When I Was Older,Billie Eilish
27530,The Way I Are,Bebe Rexha ft. Lil Wayne
27532,You're No Good,Linda Ronstadt
27533,Juice,Lizzo
27535,When The Party's Over,Billie Eilish
27536,"Dear Maria, Count Me In",All Time Low
27539,Summer Love,One Direction
27544,Stay With Me,Colbie Caillat
27549,No Matter What,Calum Scott
27550,Satisfaction,ZAYN
27552,Dancing With A Stranger,Sam Smith & Normani
27554,Dear Teresa,Victor Wood
27557,Lollipop,The Chordettes
27558,Let's Dance,Chris Montez
27560,Rosemary Blue,Neil Sedaka
27562,Rewrite The Stars,Zac Efron & Zendaya
27563,A Million Dreams,The Greatest Showman
27564,The Greatest Show,The Greatest Showman Cast
27566,Happy Birthday My Darling,Victor Wood
27571,Lupa Man Ay Langit Na Rin,Leah Salonga
27572,Kung Sakali,Michael Pangilinan
27573,It's All In The Game,Nat King Cole
27580,Empty Space,James Arthur
27581,Talk,Khalid
27585,I'm So Tired,Lauv & Troye Sivan
27586,Pag-ibig Fortune Cookie,MNL48
27590,Check On It,"Beyonce ft Bun B, Slim Thug"
27595,Hello My Love,Westlife
27597,Big Plans,Why Don't We
27599,Say It Again,Marie Digby
27600,Together,Ne-yo
27601,Out Of My League (Piano),Stephen Speaks
27602,Somebody Out There,A Rocket To The Moon
27603,Needy,Ariana Grande
27604,Di Ka Mahirap Mahalin,Silent Sanctuary
27606,Planes,Yuna
27607,Gusto Ko Lang,Mayonnaise
27608,Break Up With Your Girlfriend I'm Bored,Ariana Grande
27612,Lie To Me,5SOS
27618,Naaalala Ka,Alden Richards
27619,Cradle,Atomic Kitten
27621,This Song Is For You,Erick Santos
27622,When Susannah Cries,Espen Lind
27623,Moon Glow,Rod Stewart
27625,Portrait of My Love,Steve Lawrence
27626,I Went To Your Wedding,Victor Wood
27627,Penguin's Game,Gelato
27628,Your World And My World,Albert Hammond
27629,Paraisong Parisukat,Basil Valdez
27633,Kung Masasabi Ko Lang,Jolina Magdangal
27635,Hulog Ka Ng Langit,Regine Velasquez
27636,Ikaw Lang At Ako,Kyline Alcantara
27637,Dito Na Lang,Bugoy Drilon
27641,Sucker,Jonas Brothers
27642,All The Ways,Meghan Trainor
27643,No More Sad Songs,Little Mix ft. Machine Gun Kelly
27644,Sasamahan Kita,Loisa Andalio
27645,Who Do You Love,The Chainsmokers ft. 5 Seconds Of Summer
27647,Look Back At It,A Boogie Wit Da Hoodie
27648,Feel Something,Adam Lambert
27650,Bloodline,Ariana Grande
27651,Fake Smile,Ariana Grande
27655,Balang Araw,I Belong To The Zoo
27656,Middle Of The Night,The Vamps ft Martin Jensen
27657,I Like You So Much You'll Know It,Ysabelle Cuevas
27658,Almusal,Ken Chan and Rita Daniela
27663,Oh Boy,Sabrina
27664,Panaginip,Mayonnaise
27666,Love You Anymore,Michael Buble
27667,Ikaw At Ako,Moira and Jason
27668,Phantoms,Sponge Cola
27670,We're In This Together,Catriona Gray
27671,Speedy Gonzales,Pat Boone
27673,Tahanan,TJ Monterde
27674,NASA,Ariana Grande
27675,Bury A Friend,Billie Eillish
27680,Summer,Nadine Lustre & James Reid
27683,Kapag Ako Ay Nagmahal,Juris
27684,Mahal Kita Pero Konti Na Lang,Kyla
27685,Come On To Me,Paul McCartney
27689,"Ano, Bakit, Paano",Jona
27690,Fragments Of Forever,Nonoy Zuniga
27691,Oh Me Oh My,Tina Arena
27692,Much Better,Skuzta Clee
27693,That Don't Impress Me Much,Shania Twain
27694,I Need You (That Thing You Do),The Wonders
27695,When We Say,AJ Rafael
27699,Imagine,Ariana Grande
27702,Tell Me How You Feel,Joy Enriquez
27704,Filipina Girl,Billy Crawford ft Marcus Davis & James Reid
27706,Me!,Taylor Swift ft. Brendon Urie
27709,Palusot Ko'y Maybe,MNL48
27710,Bad Guy,Billie Eilish
27712,Kakayanin Kaya,Maymay Entrata
27713,Nais,Erik Santos
27714,One Less Day,Rob Thomas
27717,Pabango Ng Yong Mata,Orange and Lemons
27719,No Place,Backstreet Boys
27720,Be Somebody,Boyce Avenue
27722,Anxiety,Julia Michaels ft Selena Gomez
27723,A Love To Last A Lifetime,Juris
27724,Someone You Loved,Lewis Capaldi
27726,Almost Unreal,Roxette
27731,Lovely,Billy Eillish with Khalid
27732,Bad Things,Machine Gun Kelly & Camilla Cabello
27733,Abot Langit,Maris Racal x Rico Blanco
27735,Think About Us,Little Mix ft Ty Dollar Sign
27736,Hustle,Pink
27738,Sayaw Sa Hangin,Dennis Trillo
27739,Sembreak,Moonstar88
27741,Tuloy Pa Rin,"Thyo, Yumi, Donnalyn Bartolome & Sh"
27743,Blue Moon,Rod Stewart
27744,Miracle,Celine Dion
27745,To Love Again,Daryl Ong
27746,Huling Muli,Kyla
27748,I Don't Care,Ed Sheeran ft Justin Bieber
27749,Babae (Ugat Ng Pagkakasala),Anthony Castelo
27750,Let There Be Love,Bee Gees
27751,All Right,Christopher Cross
27754,Answer Me,Nat King Cole
27756,The Wonder Of You,Victor Wood
27757,Change The World,Westlife
27759,Rhythm Of My Heart,Rod Stewart
27760,So Am I,Ava Max
27762,Blame It On My Youth,Blink-182
27769,Hindi Na Nga,This Band
27770,Wooden Heart,Elvis Presley
27771,A Whole New World,ZAYN Zhavia & Ward
27773,Paasa,Kurei
27775,Sa Susunod Na Lang,Skusta Clee ft Yuri
27777,All You Good Friends,Kevin Simm
27780,Remember I Told You,"Nick Jonas ft Anne Marie, Mike Posner"
27783,Simula,Karylle
27784,Fool's Gold,One Direction
27788,Pagtingin,Ben&Ben
27789,Bellyache,Billie Eilish
27790,Ocean Eyes,Billie Eilish
27791,Grow Young,Brynn Cartelli
27792,After The Afterparty,Charli XCX ft Lil Yachty
27793,Fall In Line,Christina Aguilera ft. Demi Lovato
27794,Sixteen,Ellie Goulding
27798,Sino,Unique
27799,Regrets,Julie Ann San Jose
27800,Love At Second Sight,David Foster and Vicky Moss
27801,In Love Alone,Dionne Warwick
27804,Nais Ko,Basil Valdez
27805,Puzzle Of My Heart,Westlife
27806,Where You Are,Whitney Houston
27902,Suliran,Carmelita Alburo
27915,Kung Di Man Gani Kita,Davelyn Cuenco
27923,Habak,Gasser Perez
27937,Suwart Ni Maria,Joe Branzuela
27941,In Love Ra Kutob,Kurt Fick
27942,Puhon,Kurt Fick
27948,Baga Ka'g Face,Malaya Macaraeg
27995,Pep Pep,Kenneth Corvera
27997,Worth It Ang Tanan,Kurt Fick ft Jacky Chang
28003,Lulua,Melody Santiago
28010,Di Na Babalik,This Band
28011,idontwannabeyouanymore,Billy Eilish
28013,Clouds Across The Moon,RAH Band
28016,I'll Fall In Love Again,Lani Hall
28017,Everything's Okay,Lenka
28019,Copycat,Billie Eilish
28021,Cross Me,Ed Sheeran ft Chance The Rapper & PnB Rock
28023,Bounce Back,Little Mix
28025,Love Someone,Lukas Graham
28026,Speechless,Naomi Scott
28027,Pag Tumingin Ka Akin Ka,Princess Thea
28028,Senorita,"Shawn Mendes, Camila Cabello"
28029,Calypso,John Denver
28034,Good As Hell,Lizzo
28036,Cool,Jonas Brothers
28037,No Walls No Ceiling No Floors,Orsa Lia
28038,One More Time,Kenny G ft Chante Moore
28045,Love Me Anyway,Pink
28046,Wag Mong Isipin Yon,Siakol
28048,Bad Idea,Ariana Grande
28050,First Love,Kristy Mc Nichol & Christopher Atkins
28053,Never Really Over,Katy Perry
28055,Two Of Us,Louis Tomlinson
28058,You Need To Calm Down,Taylor Swift
28061,Wala Nang Hahanapin Pa,True Faith
28062,A Woman In Love,Kasey Cisyk
28063,Home,Barbra Streisand
28066,The Day I Fall In Love,James Ingram and Dolly Parton
28068,I'm Your Man,Michael Buble
28069,A Tear Fell,Teresa Brewer
28082,This Must Be Love,David Foster
28083,Mahal Mo Pa Ba Ako,Klarisse De Guzman
28085,You And I,Morissette
28087,When You Find Your Voice,Rachel Ann Go
28093,Spirit (from Disney's The Lion King),Beyonce
28096,Cha Cha Cha,Finzi Contini
28100,Paradise,Bazzi
28101,Same Blood,Aloe Blacc
28103,Be Nice,The Black Eyed Peas ft. Snoop Dogg
28104,Truth Hurts,Lizzo
28106,Brown Skin Girl,Beyonce SAINt JHN Wizkid
28107,Beautiful People,Ed Sheeran feat Khalid
28109,Ba't Gano'n,Miguel Tanfelix
28111,No Apology (Wala Akong Paki),Karencitta
28112,Sasamahan Kita,Quest
28115,I.F.L.Y.,Bazzi
28118,Uh Huh,Julia Michaels
28120,Going Going Gone,Maddie Poppe
28124,Hate Me,Ellie Goulding ft. Juice Wrld
28127,I Didn't Mean To Love You,Helen Reddy
28128,One Thing Right,Marshmello x Kane Brown
28129,Patawad Paalam,Moira x I Belong To The Zoo
28132,Goodbyes,Post Malone ft. Young Thug
28135,Changes,Carla Martinez
28136,I Can,Janella Salvador
28137,That's All,Michael Buble
28138,I'd Give You Anything,Rodway
28148,Pag Sure Uy,Zhalia
28157,Anong Nangyari,Ariel Rivera
28158,Isang Pangako,Ato Arman
28159,My Heart Belongs To Me,Barbra Streisand
28160,Alipin Mo Hanggang Ngayon,Geraldine
28161,Sana,J. Brothers
28162,"Lady, Lady, Lady",Joe Esposito
28163,Ikaw Lang Sa Buhay Ko,Mark Bautista
28165,If You Go Away,Tom Jones
28168,Bangkang Papel,Anne Jomeo
28169,Tayo Na Lang,Michael Pangilinan
28172,I Wasn't The One Who Say Goodbye,Peter Cetera & Agnetha
28174,Can You Feel The Love Tonight,"Beyonce, Donald Glover"
28175,"F*ck, I'm Lonely",Lauv ft Anne Marie
28177,Only Friends,The Lettermen
28179,How Do You Sleep,Sam Smith
28182,Itanong Mo Sa Mga Bata,Glaiza De Castro
28186,Lover,Taylor Swift
28188,That's When I Think Of You,1927
28189,Nakapagtataka,April Boys
28192,The Archer,Taylor Swift
28195,Mabagal,Daniel Padilla & Moira dela Torre
28196,I Will Never Leave You,Erik Santos
28197,Halik Sa Hangin,KZ Tandingan
28198,Find You Again,Mark Ronson ft Camilla Cabello
28200,Run Like The River,Meghan Trainor
28202,Buhat,Rico J. Puno
28204,Magnetic Moon,Tiffany Young
28206,I Wish,Stevie Wonder
28207,All Comes Back To You,Tina Charles
28209,Para Sa 'Yo,April Boys
28210,All My Love,Cliff Richard
28211,Winter World Of Love,Engelbert Humperdinck
28222,Let It Snow,Christina Perri
28223,But Beautiful,Bing Cosby
28226,Sweetheart,Engelbert Humperdinck
28227,Awit Sa Marawi,Esang De Torres
28228,Thief In Paradise,Fra Lippo Lippi
28230,Kahit Na,Sarah Geronimo
28231,A Thousand Stars In The Sky,Kathy Young & The Innocents
28232,I Must Be Dreaming,Neil Sedaka
28235,It's Not Goodbye,Laura Pausini
28239,Honest,The Chainsmokers
28241,Sleigh Ride,Johnny Mathis
28242,Totoo,Soapdish
28244,Please Lang,Alex Gonzaga ft Toni Gonzaga
28245,Dont Call Me Angel,"Ariana Grande, Miley Cyrus, Lana Del Rey"
28246,Have Yourself A Merry Little Christmas,Christina Perri
28248,Hurt Me,Meghan Trainor
28249,Nirvana,Sam Smith
28250,Please Come Home For Christmas,Bon Jovi
28251,Kung 'Di Mo Natatanong,BoybandPH
28252,Break This Down,From Descendats 3
28254,Graveyard,Halsey
28255,Nung Tayo Pa,Janella Salvador
28256,Poetry In Motion,Johnny Tillotson
28257,Memories,Maroon 5
28258,Ikaw At Ikaw Pa Rin,Sam Mangubat
28259,Manok Na Pula,Tagalog Parody Song
28260,O Come All Ye Faithful,David Archuleta
28261,I Need You More Today,Caleb Santos
28267,Dito Ka Lang Sa Tabi,Yeng Constantino
28271,Bitaw Na,This Band
28275,Isa Pang Ikaw,Justin Vasquez
28276,Small Talk,Katy Perry
28279,Hollywood's Bleeding,Post Malone
28280,A Dream(Dumio),Robert Grace
28281,Now That I Have You,The Company
28283,Magiging Akin Ba,Bugoy Drilon
28284,I'll Never Smile Again,Frank Sinatra with the Pied Pipers
28285,Too Young,Nat King Cole
28293,One Love,Carpenters
28295,Simula Ng Dulo,Davey Langit
28297,I'm In The Mood For Love,Nat King Cole
28298,Naluluha Ako,Kim Molina
28299,Match Made In Heaven,Mohombi
28300,Wala Nang Kulang Pa,Moira de la Torre ft Sam Milby
28302,Steal Away,Robbie Dupree
28303,Hindi Tayo Pwede,The Juans
28307,My Heart Is A Bar,Old Dominion
28310,I Will Reach You,Westlife
28313,Sana Bumalik,SUD
28314,Binalewala,Michael Dutchi Libranda
28318,Feelings,Lauv
28321,If I Can't Have You,Shawn Mendes
28322,Zebbiana,Skusta Clee
28323,Araw-araw,Ben&Ben
28327,Harleys In Hawaii,Katy Perry
28328,Di Lahat,Donnalyn Bartolome
28331,Paano Ba,Vanya Castor
28332,Ikaw At Ako,0.071527778
28333,Hay Nako,Lj Manzano
28334,Bakit 'Di Natin Ulitin,April Boys
28338,You Don't Own Me,Kristin Chenoweth ft. Ariana Grande
28340,Hanggang Kailan Kaya,BoybandPH
28341,Die For Me,Post Malone ft. Halsey and Future
28343,Bitter Song,Callalily Ft. Maychelle Baay
28344,Autumn Leaves,Ed Sheeran
28347,You and Me,Dough Phillips
28349,Sam,Olivia Newton John
28361,Is She Thinking About Me?,Jose Mari Chan
28363,Parang Bula,Jovit Baldivino & Juana Cosme
28364,Not 20 Anymore,Bebe Rexha
28365,Easy,Camila Cabello
28367,Orphans,Coldplay
28373,Bluebird,Miranda Lambert
28374,Wanted,OneRepublic
28375,Kinfolks,Sam Hunt
28380,Lonely,"Diplo, Jonas Brothers"
28382,Rock Me Amadeus,Falco
28383,Into The Unknown,"Idina Menzel, AURORA"
28384,Patron Tequila,Paradiso Girls
28385,Look At Her Now,Selena Gomez
28387,When Somebody Cares For You,Donny & Marie Osmond
28389,Shameless,Camila Cabello
28390,"10,000 Hours",Dan + Shay Justin Bieber
28391,Don't Start Now,Dua Lipa
28395,Palace,Sam Smith
28400,Di Sapat Pero Tapat,This Band
28402,Sixteen,Vilma Santos
28403,Let Me Down Slowly,Alec Benjamin
28404,Better,Khalid
28405,Ikaw At Linggo,Eamarie
28407,Lights Up,Harry Styles
28408,Ocean,Lady Antebellum
28410,Lose You To Love Me,Selena Gomez
28412,Our First Time,Bruno Mars
28413,Bless The Beast And The Children,Carpenters
28418,You'll Never Walk Alone,Louis Armstrong
28420,Liwanag,Sarah Geronimo and Ronnie Liang
28421,Huwag Kang Magalit,Miguel Vera
28422,Aanhin Pa,Rey Valera
28427,Lahat Sa Akin Ay Ikaw,Zander Khan
28430,Okay,"Lany, Julia Michaels"
28432,Mother's Daughter,Miley Cyrus
28434,Nagbabalik,"Rico Blanco, IV Of Spades"
28435,Never Be Sorry,Old Dominion
28436,"Hey Look Ma, I Made It",Panic! At The Disco
28437,Living Proof,Camila Cabello
28443,Pangarap Kong Pangarap Mo,Zephanie
28444,Paradise,Phoebe Cates
28450,Roxanne,Arizona Zervas
28452,Shake Shake,Go Girls
28454,Simula Pa Nung Una (Sad Version),Patch Quiwa
28455,Treat Myself,Piper Rockelle
28456,I Feel Love,Sam Smith
28457,Dance Monkey,Tones And I
28459,Yellow Hearts,Ant Saunders
28460,Watermelon Sugar,Harry Styles
28461,Up All Night,Khalid
28463,Remembering Sunday,All Time Low
28464,Best Mistake,Ariana Grande ft. Big Sean
28466,Masaya Ka Na Ba,Joe Vince
28467,Your Song (My One And Only You),Julie Anne San Jose
28469,Pag-Ibig Sa Tabing Dagat,Orange & Lemons
28470,Masyado Pang Maaga,Ben&Ben
28471,I Wanted You,Ina
28473,Mean It,Lauv & LANY
28474,Seasons Of Love,Rent
28476,I Think Of You,Susan Cowsill
28477,Kahit Kaibigan Lang,Ted Ito
28478,It's All In The Game,Tommy Edwards
28479,Head Over Heels,Abba
28480,Maghihintay Itong Puso,April Boys
28483,Wala Na Talaga,Klarisse De Guzman
28484,Ikaw Lamang,Marco Sison
28486,Hot Girl Bummer,Blackbear
28487,Nobody But You,Blake Shelton duet with Gwen Stefani
28488,Options,Inigo Pascual
28489,Live Forever,"Liam Payne, Cheat Codes"
28490,Hurts 2B Human,Pink ft Khalid
28491,Can't Get Used To Losing You,Andy Williams
28492,Sweet But Psycho,Ava Max
28493,If Walls Could Talk,Celine Dion
28495,Itutulog Nalang (Live),The Juans
28496,Make It With You,Ben&Ben
28497,Looking For Love,Ray Conniff
28498,Push My Luck,The Chainsmoker
28499,Balewala,Brisom
28501,Six Feet Under,Billie Eilish
28502,Done For Me,Charlie Puth ft. Kehlani
28503,Kiss And Make Up,"Dua Lipa, Blackpink"
28504,SUGA's Interlude,Halsey
28505,Yummy,Justin Bieber
28509,Cut You Off,Selena Gomez
28510,Fly,Avril Lavigne
28512,Adore You,Harry Styles
28516,Crowded Room,Selena Gomez
28518,Body Language,Andrew E.
28519,My Oh My,Camila Cabello
28524,Sa Hindi Pag-alala,Munimuni
28528,Right As Rain,Adele
28529,Pa'no Ba,BoybandPH
28532,Sound Of Silence,Pentatonix
28533,KLWKN,Music Hero
28535,Ako Na Lang Sana,Mark Carpio
28536,All I Want,Olivia Rodrigo
28537,You Are Lovely,Rico J. Puno
28541,Just One Touch,Phoebe Cates and Billy Wray
28542,I Love You Too,Rey Valera
28543,Interlude,Timi Yuro
28544,ghostin,Ariana Grande
28550,Ruin My Life,Zara Larsson
28551,Alab (Burning),SB19
28553,Fools,Troye Sivan
28554,Dear Heart,Andy Williams
28555,Walk Me Home,Pink
28556,Invisible Tears,Ray Conniff
28557,Love In The Dark,Adele
28558,Magkaibang Mundo,Katrina Velarde
28560,Boyfriend,"Ariana Grande, Social House"
28561,No Time To Die,Billie Eilish
28562,First Man,Camila Cabello
28564,Sasagipin Kita,Darren Espanto
28565,Rare,Selena Gomez
28566,Chills,Why Don't We
28567,Liar,Camila Cabello
28568,Physical,Dua Lipa
28569,Intentions,Justin Bieber ft. Quavo
28572,Nice to Meet Ya,Meghan Trainor ft. Nicki Minaj
28574,Candy Store,Faber Drive ft. Ish
28577,One Man Band,Old Dominion
28578,Sana Na Lang,Yeng Constantino
28579,Hay Nako,Lj Manzano
28582,Alaala,Rico Blanco
28584,Sabihin Mo Sa Akin,Klarisse De Guzman
28586,Wicked Game,Chris Isaak
28590,Tupperware Party,Rivermaya
28592,When You Kiss Me,Shania Twain
28594,Give Thanks,Janella Salvador
28597,Kwento Nating Dalawa,Paolo Santos
28598,Why,Tina Charles
28599,Bad To You,Ariana Grande ft Normani & Nicki Minaj
28602,Worry About Me,Ellie Goulding
28605,Broken & Beautiful,Kelly Clarkson
28606,Everything I Wanted,Billie Eilish
28608,Get Me,Justin Bieber ft Kehlani
28609,Habitual,Justin Bieber
28610,Born To Be Yours,Kygo and Imagine Dragon
28611,Changes,Lauv
28613,Bad Child,Tones And I
28615,Fantasy,George Michael ft Nile Rodgers
28617,You Look Good,Lady Antebellum
28624,Tiwala,Breezy Boyz ft Kejs Breezy
28626,I Love Me,Demi Lovato
28628,Sad Forever,Lauv
28631,The Kids Are Coming,Tones And I
28632,Fall,Ben&Ben
28636,Nasasaktan Ako,MJ
28638,Mama,Sarah Geronimo
28639,Mayonnaise Medley,Mayonnaise
28641,Theres Something Special,Pharrell Williams
28642,Crazy For You,Adele
28643,Anyone,Demi Lovato
28646,To Die For,Sam Smith
28647,Only The Young,Taylor Swift
28649,Friendzone Mo Mukha Mo,Parokya Ni Edgar
28650,Ngayon,Rico Blanco
28651,My Heart Is Open,Maroon 5 ft. Gwen Stefani
28656,Nandito Pa Rin Ako,Manilyn Reynes
28660,Kahapon Ngayon At Bukas,Ebe Dancel & Rachel Alejandro
28661,Love Is All,Engelbert Humperdinck
28663,Binago Mo,Juana Cosme
28665,Sana,Amy Nobleza
28666,Open Your Heart,Westlife
28667,Original,Sia
28668,Go Up,SB19
28669,Champion,Sarah Geronimo
28672,All Around Me,Justin Bieber
28674,Side Effects,The Chainsmokers
28677,Hatid,The Juans
28678,Every Morning,Sugar Ray
28681,Thumbs,Sabrina Carpenter
28683,Man,Jojo
28686,Honeymoon Avenue,Ariana Grande
28687,The Man,Taylor Swift
28692,She Was Mine,Aj Rafael ft. Jesse Barrera
28694,If We Never Met,"John K, Kelsea Ballerini"
28698,I Love You,The Zombies
28700,Kaakbay,Inigo Pascual
28701,Iniismol,Ryle Santiago
28703,Downtown's Dead,Sam Hunt
28704,Young Once,Sam Hunt
28705,Say You'll Never Go,Erik Santos
28706,Only You,Selena Gomez
28709,Blinding Lights,The Weeknd
28714,Happy For You,Jayda
28715,Akala Mo,Juris
28716,Saglit,Moira dela Torre
28717,Paano Kung Malaman Mo,Tin Reyes
28718,Gusto Kita,Angeline Quinto
28721,Lovin' So Hard,Becky G
28724,Hurtin' Inside,Dave Clark Five
28725,Lost In Your Light,Dua Lipa ft. Miguel
28726,For No One,The Beatles
28728,Back To Me,Lindsay Lohan
28732,Laughter In The Rain,Ray Conniff
28733,Unbelievable,Why Don't We
28734,Lost In The Fire,Gesaffelstein & The Weeknd
28735,Afterlife,Hailee Steinfeld
28739,True Love Ko,Angel Macatuno And Ron Antonio
28740,Where Is Tomorrow,Cilla Black
28741,There's A Kind Of Hush,Carpenters
28743,What A Man Gotta Do,Jonas Brothers
28745,Stuck With U,"Justin Bieber, Ariana Grande"
28746,Queen Elizabeth,Cheat Codes
28747,Say So,Doja Cat
28748,SoulMate,Justin Timberlake
28752,Sa Susunod Na Habang Buhay,Ben&Ben
28753,Love Is Trippy,Amy Kunney
28754,Love Struck,Boyz II Men
28756,Falling,Harry Styles
28757,Come Around Me,Justin Bieber
28758,Dying In LA,Panic At The Disco
28762,Monsters,All Time Low ft. Blackbear
28766,Paalam,Moira Dela Torre x Ben&Ben
28767,Fire On Fire,Sam Smith
28771,Langit Lupa,Moira Feat.Inigo Pascual
28772,Dahil Sa 'Yo Natutong Magmahal,Julie Anne San Jose
28773,Will You Wait For Me,Kavana
28775,Maghintay Ka Lamang,Roel Manlangit
28777,Huwag Magbago,Zander Kahn
28781,Doing It,Charli XCX ft. Rita Ora
28782,Put It All On Me,Ed Sheeran & Ella Mai
28783,Beerhouse Ng Pag-ibig,Joel Trinidad
28786,Why Can't I Cry,Petula Clark
28787,Music To Watch Girls By,Andy Williams
28790,Someday,Kygo & Zac Brown
28794,Mood Ring,Britney Spears
28797,High Tension,MNL48
28799,Honey (I Miss You),Ray Conniff
28802,Never Too Far,Mariah Carey
28808,I'm Ready,"Sam Smith, Demi Lovato"
28810,All The Good Girls Go To Hell,Billie Eilish
28812,Savage Love,Jason Derulo
28817,As You Need,Alex Aiono
28823,Anna,Top Suzara
28825,This I Promise You,Ronan Keating
28827,Falling,Trevor Daniel
28830,Lifetime,Ben&Ben
28832,Bawal Lumabas (The Classroom Song),Kim Chui
28834,Pahirapan,Mayonnaise ft I Belong To The Zoo
28836,Nice and Easy,Frank Sinatra
28841,Original Sin,Elton John
28844,Make It Feel Like Home Again,Russel Hitchcock
28846,Darling I Love You,The Classic Illustration
28847,Over Me,Al Corley
28855,2016,Sam Hunt
28859,Take Yourself Home,Troye Sivan
28860,I Cry,Usher
28863,"My Love, My Life",ABBA
28864,Free As The Wind,Engelbert Humperdinck
28867,Baliw,SUD
28872,Underdog,Alicia Keys
28876,Girlfriend,Charlie Puth
28882,It's You,Ali Gatie
28883,Runaway,Written By The Stars
28888,Before The Worst,The Script
28889,Flame,Tinashe
28890,Landas,Magnus Haven
28893,Hulog Ng Langit,Angeline Quinto
28895,Babe I Love You,Chad Borja
28897,If You Leave My World,Michael Learns To Rock
28900,Kings & Queens,Ava Max
28901,Alaala,Alekzandra
28902,Kaputol Ng Isang Awit,Nonoy Zuniga
28903,Music From Across The Way,Andy Williams
28905,Take Good Care Of You And Me,Dionne Warwick & Jeffrey Osborne
28906,Saan Darating Ang Umaga,Lani Misalucha
28907,On Days Like These,Matt Monro
28909,Two Rivers,The Adventures
28911,Wild In The Streets,Bon Jovi
28912,Invisible,Zara Larson
28917,Kimi No Torik,Rizky Ayuba
28918,Sa'yo,Southborder
28924,Hindi Na Nga,Sam Mangubat
28925,Smile,Katy Perry
28926,Beautiful Scars,Max Millian
28927,Sunday Best,Surfaces
28928,Cardigan,Taylor Swift
28929,Funny,Zedd and Jasmine Thompson
28930,Chinita Girl,LiL Vinceyy feat Guel
28932,Daisies,Katy Perry
28934,Nakikinig Ka Ba Sa Akin,Ben&Ben
28943,Hard To Forget,Sam Hunt
28944,Just Hold On,Steve Aoki & Louis Tomlinson
28949,Boyfriend,Selena Gomez
28954,I Will Be Here,Alessandra De Rossi & Paolo Contis
28957,Ikaw Ang Akin,Yeng Constantino
28959,Ba't Nahayaan Ka,Renz Verano
28962,Pay My Rent,DNCE
28967,Sana Tayo Na,Darren Espanto ft. Jayda
28968,"Sometime, Somewhere",Basil Valdez
28969,The Way Love's Meant To Be,Regine Velasquez
28970,Tinamaan Ng Lintik,Ringo Marquez
28971,Great Big Storm,Nate Ruess
28972,Upang Muli Ay Magmahal,Roselle Nava
28973,It's The Most Wonderful Time Of The Year,Andy Williams
28975,Champagne Night,Lady Antebellum
28980,Before It Sinks In,Moira Dela Torre
28981,Where I Belong (You Always Make My Day),Sam Concepcion
28982,Like It's Christmas,Jonas Brothers
28983,Sana'y Di Nalang,Bandang Lapis
28985,Never Met,CMTEN
28986,Midnight Sky,Miley Cyrus
28989,I'll Never Stop Loving You,Britney Spears
28992,Broken Glass,"Kygo, Kim Petras"
28994,Nobody's Love,Maroon 5
28997,Vie (Sabihin Mo Kung),Nobita
29001,Dont Wanna,HAIM
29002,Isang Kahapon,Kell Gatdula
29003,Estella,Philia
29007,Breaking Up Was Easy In The 90s,Sam Hunt
29011,Kill My Mind,Louis Tomlinson
29013,Win,Brian McKnight
29015,Now That You're Gone,Juris
29017,Pangako Ko,OJ Mariano
29018,Pinay Sa Japan,Roel Cortez
29019,I've Fallen For You,Toni Gonzaga
29022,Having You Near Me,Bugoy Drilon
29034,Close To Me,"Ellie Goulding, Diplo, Swae Lee"
29035,Holiday,Little Mix
29037,I Want You,Bon Jovi
29043,Hiding Away From Life,Michael Learns to Rock
29044,Better Man,Westlife
29045,Over Now,"Calvin Harris, The Weeknd"
29048,Perfect For Me,Justin Timberlake
29052,War,Ben&Ben
29054,If He Won't,Guy Sebastian
29055,Sa Kabilang Buhay,Bandang Lapis
29058,Chasing,Chad Gould
29065,Ikaw Pa Rin,Freshmen
29066,Before You Go,Lewis Capaldi
29068,Minsan (Lang Ako Umibig),True Faith
29070,Kumander,Mayonnaise
29073,Mess We've Made,Aj Rafael feat. Toni Kelly
29074,Over The Mountains,Bosson
29076,Crazy Beautiful,David Pomeranz
29077,I Need Your Love,Gloria Estefan and The Miami Sound Machine
29078,Sayaw Ng Mga Tala,Matty Juniosa
29079,L.O.V.E.,Nat King Cole
29087,Ikaw Ang Langit Ko,Celeste Legaspi
29092,Puhon,TJ Monterde
29116,Araw At Gabi,Nyt Lumeda
29119,Love Again,Regine Velasquez
29121,Remember The Magic,Brian McKnight
29125,Find Yourself,"Before You Exit, Great Good Fine Ok"
29126,Shenanigans,Dawin
29127,In Common,Alicia Keys
29128,I'll Wait,"Kygo Sasha, Sloan"
29130,Blaze Of Glory,Bon Jovi
29131,Dumito Ka Muna,Hulo
29132,Wrong Direction,Hailee Steinfeld
29134,Last First Kiss,One Direction
29135,Umaasa,Skusta Clee
29142,Paubaya,Moira Dela Torre
29144,As Long As You Care,Ruel
29147,Ngiti Sa Ulan,Brisom & Silent Sanctuary
29149,It's Not For Me,Maris Racal
29150,Smash Into You,Beyonce
29154,Holiday (Acoustic),Little Mix
29156,Nang Iwan,This Band
29159,Changes,Justin Bieber
29163,Anything But Ordinary,Avril Lavigne
29165,Starting Over,Chris Stapleton
29168,Kung San Ka Masaya,Bandang Lapis
29170,OK,Iyaz
29171,Hold Me Now,Dan Hill ft Rique Franks
29172,My Pledge of Love,Edgar Mortiz
29173,Lonely,Justin Bieber and Benny Blanco
29174,The 1,Taylor Swift
29176,My Future,Billie Eilish
29178,Pangarap Ko'y Ikaw,Regine Velasquez
29179,The Healing Power Of Love,Dan Hill
29181,"Baby, I'm Jealous",Bebe Rexha ft. Doja Cat
29184,Hummingbird,Ben&Ben
29185,Dear Diary,M2M
29188,Married In Vegas,The Vamps
29194,Salt,Ava Max
29197,Forever Loving You,Freestyle
29198,Holy,Justin Bieber ft Chance The Rapper
29201,Back To You,Louis Tomlinson ft Bebe Rexha
29203,Daylight,Taylor Swift
29204,I Dare You,Kelly Clarkson
29206,From Now On,Michael Bolton & Suzie Benson
29207,Someone's Always Saying Goodbye,Morisette
29213,I Need You,Westlife
29215,Hindi Tayo Pwede,Ysabelle Cuevas
29218,Better,ZAYN
29219,Wonder,Shawn Mendes
29220,Only When You Leave,Spandau Ballet
29223,Ayoko Na,The Boss
29224,GodSent,Ben and Ben
29229,Nobody Loves Me Like You Do,Whitney Houston & Jermaine Jackson
29230,Out Of Love,Alessia Cara
29231,Nais Kong Malaman Mo,Daryl Ong
29233,Reason Enough,Regine Velasquez
29236,I Want You Back Here With Me,Albert Hammond
29237,Dating Angkin,Antenorcruz
29239,I'll Never Love This Way Again,Jona
29240,Iniibig Kita,Paul Sapiera
29242,Spanish Eyes,Engelbert Humperdinck
29243,One More Chance,Air Supply
29244,Higa,Arthur Nery
29246,Doors,Ben&Ben
29247,Faith,Celine Dion
29251,Restless Heart,Peter Cetera
29252,Bangon,Sarah Geronimo
29253,BTNS (Bakit 'to Nangyari Sa'tin),The Juans ft. Janine Tenoso
29254,Don't You Worry 'Bout A Thing,Tori Kelly
29257,Wingman,Wonggoys ft. Lourdes
29258,Last Hurrah,Bebe Rexha
29261,I Will Still Love You,Freestyle
29262,Next To Me,Emeli Sande
29264,Drugs & The Internet,Lauv
29268,Kings & Queens,Ava Max
29273,Love Looks Better,Alicia Keys
29274,Ang Kutis,Mayonnaise x Barbie Almalbis
29275,I Need You,The Beatles
29281,Falling Like The Stars,James Arthur
29282,Hawak Bitaw,LaLuna
29283,MALI VODKA,Andrew E.
29291,Haplos,Aicelle Santos
29292,Anyone At All,Carol King
29294,Million Miles Away,Gino Padilla
29295,Buksan Mo Na,Roel Cortez
29296,It's Never Too Late,Air Supply
29299,Roots,Ben&Ben
29300,These Days,Bon Jovi
29302,We Remain,Christina Aguilera
29303,Reservations For Two,Dionne Warwick & Kashif
29304,Miss Missing You,Fall Out Boy
29305,Golden,Harry Styles
29308,Lust For Life,Lana Del Rey ft. The Weeknd
29310,Can You Feel The Sun,MISSIO
29311,Burning Bridges,OneRepublic
29314,Diamonds,Sam Smith
29315,When You Came Into My Life,Scorpions
29316,Touch In The Night|,Silent Circle
29317,Bloodstream,The Chainsmokers
29318,Chemicals,The Vamps
29320,Today,Bobby Goldsboro
29321,Somewhere Over the Rainbow,Katherine Mcphee
29322,Forever,Lewis Capaldi
29327,A Thousand Bad Times,Post Malone
29329,Ilomilo,Billie Eilish
29332,Supalonely,BENEE ft Gus Dapperton
29334,Dance With You,Skusta Clee ft. Yuri Dope
29337,Puso Para Sa Bayan,Willie Revillame
29340,Sweetest Surprise,Michael Learns To Rock
29344,Paris In The Rain,Lauv
29347,Kiss The Rain,Billie Myers
29348,Drift Away,Dobie Gray
29354,Nina Pretty Ballerina,ABBA
29364,Sika Laeng Iti Biag,Noel Cabangon
29381,Mahal Kita Walang Iba,K4AD
29391,Kuyogi Ko,Gerlyn Abano
29399,Tonto Nga Gugma,Rocky Santino & Dharling Kho
29401,Ikaw Pa Rin Ang Mahal Ko,Bobby Duran
29402,Minsan Pa,Zsa Zsa Padilla
29406,Tuloy Pa Rin Ako,Side A
29407,Positions,Ariana Grande
29410,The Flight,Perri
29412,Teach Me How To Love,Shawn Mendes
29416,Anyone,Justin Bieber
29419,Driver's License,Olivia Rodrigo
29420,We Are Here,Alicia Keys
29421,34+35,"Ariana Grande ft. Doja Cat, Megan Thee Stallion"
29422,Therefore I Am,Billie Eilish
29423,Leave The Door Open,"Bruno Mars, Anderson Paak"
29424,Hindi Ako Bibitaw,Paul Ramirez
29426,Prisoner,Miley Cyrus ft. Dua Lipa
29427,You Broke Me First,Tate McRae
29428,Fly Away,Tones And I
29432,La La Lost You,NIKI
29434,De Una Vez,Selena Gomez
29436,Lies,Thomson Twins
29437,Moral Of The Story,Ashe ft Niall Horan
29438,My Head & My Heart,Ava Max
29439,Let's Love,David Guetta and Sia
29443,Love Is,Vanessa Williams and Brian Mcknight
29445,Panalo Ka,Gameboys OST
29447,Sa Muling Pagkikita,Toto Sorioso
29452,Monster,"Shawn Mendes, Justine Bieber"
29453,Robbers,The 1975
29454,Sabi-Sabi,Moira Dela Torre
29455,Backyard Boy,Claire Rosinkranz
29458,Plastic Hearts,Miley Cyrus
29459,BS,Still Woozy
29460,Willow,Taylor Swift
29461,Lotus Inn,Why Don't We
29464,'Di Ka Sayang,Ben&Ben
29467,Kids Again,Sam Smith
29468,Sweetheart Lab na Lab Kita,April Boy Regino
29469,Rythm Divine,Enrique Iglesias
29475,Meko Keni Tara Na,Bea Austria
29485,One Of Us,ABBA
29487,Bawat Saglit,Romeo Quinones
29488,As Long As I Can Dream,Expose
29489,Marahil Ay Ikaw Parin,Louie Heredia
29492,Hanggang Sa Huli,SB19
29495,Suko Na Ang Puso,Faith Cuneta
29496,Ibang Planeta,ZILD
29499,Wings,Little Mix
29501,Slide Away,Miley Cyrus
29502,Unti-Unti,Up Dharma Down
29506,Treat People With Kindness,Harry Styles
29510,Homesick,Dua Lipa
29512,Manalangin,The Juans
29513,Wondering,Olivia Rodrigo and Julia Lester
29514,True Colors,Cyndi Lauper
29517,Save Your Tears,The Weeknd
29518,"Baby, I'm Jealous",Bebe Rexha ft. Doja Cat
29519,Kahit Anong Sabihin,Seth Fedelin
29520,Not The End Of The World,Katy Perry
29521,What If I Never Get Over You,Lady Antebellum
29522,Hold Me While You Wait,Lewis Capaldi
29525,Each Time,East 17
29529,Panaginip,Lapis
29530,Patawad,Moira Dela Torre
29538,Titig,"MC Einstein ft. Flow G, Yuri Dope & Jekkpot"
29541,Close,Scrubb
29542,Together,Scrubb
29543,My Oxygen,Supanut
29545,Park Chaeyoung,Mayonnaise X Chino David X Julia Daniel
29546,Grateful,Rita Ora
29549,We're Good,Dua Lipa
29550,As I Am,Justin Bieber  ft Khalid
29553,Can't Let You Go,Ali Gatie
29555,Slumber Party,Ashnikko ft Princess Nokia
29559,Silence Speaks A Thousand Words,Debbie Gibson
29560,Fever,Dua Lipa & Angele
29561,Drunk (And I Don't Wanna Go Home),Elle King & Miranda Lambert
29562,Follow You,Imagine Dragons
29563,I Like Me Better,Lauv
29570,Uh Ah,Michael Pangilinan
29571,Talk About Love,Zara Larsson ft. Young Thug
29572,Vibez,Zayn
29573,Edge Of Great,Julie and the Phantoms
29574,Dream It Possible,Delacey
29576,Shake Your Love,Debbie Gibson
29578,Peaches,"Justin Bieber ft. Daniel Caesar, Giveon"
29579,On The Ground,ROSE
29580,Naked,Ava Max
29582,It's Time To Go,Taylor Swift
29583,Binibini,Zack Tabudlo
29584,If The World Was Ending,"JP Saxe, Julia Michaels"
29585,Byahe,JRoa
29586,Never Worn White,Katy Perry
29587,Tattoos Together,Lauv
29593,I'm Not Pretty,Jessia
29594,Older,Sasha Sloan
29595,Kapit,Armi Millare
29596,Kilometer Zero,Ian Pangilinan
29597,Until You,Shayne Ward
29598,Ulan,Skusta Clee ft Leslie
29599,Show Her,Ronnie Milsap
29600,Way Back Home,Shaun ft. Conor Maynard
29601,Snowman,Sia
29604,Medicine,James Arthur
29606,Beautiful Mistakes,Maroon 5 ft. Megan Thee Stallion
29607,Welcome To Wonderland,Anson Seabra
29608,Ika'y Babalik Pa Ba,Juris
29609,Easy,"Demi Lovato, Noah Cyrus"
29610,LazyBaby,Dove Cameron
29611,Gabay (From Raya and the Last Dragon),Kz Tandingan
29612,Lead the Way (From Raya and the Last Dragon),Jhene Aiko
29613,Confetti,Little Mix ft. Saweetie
29614,Way Too Long,Nathan Dawe x Anne-Marie x MoStack
29615,Skin,Sabrina Carpenter
29618,Eloise,Barry Ryan
29620,All Alone Am I,Brenda Lee
29621,Till The End Of Time,Frank Sinatra
29623,Without You,Matt Monro
29625,You Don't Have To Say You Love Me,Dusty Springfield
29626,Let's Talk About Love,Celine Dion
29627,Woman Woman,Gary Puckett & The Union Gap
29630,Sa Piling Mo,Sheryn Regis
29631,Bedroom,JJ Lin ft. Anne Marie
29636,Cameras On,AJ Mitchell
29638,I Choose,Alessia Cara
29639,Girl From Rio,Anitta
29640,Sabotage,Bebe Rexha
29641,Branches,Ben&Ben
29643,Your Power,Billie Eilish
29644,Dear John,Taylor Swift
29645,Dancing With The Devil,Demi Lovato
29646,Disco Fever,VST & Co
29648,Selfish Love,DJ Snake & Selena Gomez
29649,Streets,Doja Cat
29650,Levitating,Dua Lipa ft. DaBaby
29651,Walang Aminan,huhsmile
29655,Deja Vu,Olivia Rodrigo
29656,Happier,Olivia Rodrigo
29657,Even When/The Best Part,Olivia Rodrigo & Joshua Basset
29660,Lonely,Prettymuch
29662,What Other People Say,"Sam Fischer, Demi Lovato"
29663,We Are Tomorrow,Sarah Geronimo
29664,Floating Through Space,Sia and David Guetta
29665,Slower,Tate Mcrae
29669,Wonderful Life,Zendaya
29672,We And Us,Moira Dela Torre
29673,Bed On Fire,Teddy Swims
29680,Resignation,Morissette Amon
29681,Look Up At The Stars,Shawn Mendes
29682,Daddy,Charlotte Cardin
29683,I'm Serious,Kyle Echerri
29685,Selfish,Nick Jonas
29686,good 4 U,Olivia Rodrigo
29687,Patience,KSI ft YUNGBLUD & Polo G
29688,What,SB19
29689,Hey Boy,Sia feat. Burna Boy
29696,It's My Party,Jessie J
29698,Angels Like You,Miley Cyrus
29700,Bungantulog,Zild
29702,I Love You,Romeo Quinones
29704,Kiss Me Kiss Me,Efren Montes
29705,Betty,Taylor Swift
29706,Be My Forever,Christina Perri Ft. Ed Sheeran
29713,Kissing A Fool,George Michael
29717,Break My Heart Myself,Bebe Rexha ft. Tavis Barker
29718,Upuan,Ben&Ben
29719,Di Kawalan,Maymay Entrata
29721,Ikaw Ay Umalis,Skusta Clee
29724,Huminga,Zild
29725,Magpahinga,Ben & Ben
29726,Para Lang Sa Yo,Mark Carpio
29729,Paraluman,Adie
29733,Build A Bitch,Bella Poarch
29736,I Will,David Foster & Chris Kirkpatrick
29738,Kiss Me More,Doja Cat ft. SZA
29743,Feel Something,Joshua Bassett
29744,Hold On,Justin Bieber
29750,Bangin,Paul Pablo
29752,MAPA,SB19
29753,Lagi,Skusta Clee
29754,Won't Sleep,Tones And I
29756,Hindi Ko Kaya,Zack Tabudlo
29757,Our Song,Anne-Marie & Niall Horan
29758,Till Forever Falls Apart,Ashe & FINNEAS
29759,Ganito Na Pala Ang Pag-Ibig,Marika
29763,Wired For Sound,Cliff Richard
29768,Enough For You,Olivia Rodrigo
29769,Ako,Sexbomb Girls
29771,Nangangamba,Zack Tabudlo
29774,dinosaurs (s4e7),salem ilese
29784,Pangaku,Sasa Buenaventura
29791,Palsintang Dalaga,Jomar Dela Pena
29796,Ika,Kate Ibanez
29811,Duyan,Jong & Pxrple
29812,Bukid,Jong ft. Pxrple & Prince Ben
29823,Born To Win,BINI
29825,Come Into My Life,Joe Esposito & Laura Branigan
29826,Love Again,Dua Lipa
29827,Bad Habits,Ed Sheeran
29830,Holiday,KSI
29831,No One Can Love You More,Menudo
29833,SOUR Prom,Olivia Rodrigo
29835,On Paper,3 O'Clock
29837,Dangerously In Love,Beyonce Knowles
29839,Tama Na,Darren Espanto
29846,Di Lang Ikaw,Migz Haleco
29847,Never My Love,Kathy Troccoli
29850,So Sorry,Brian McKnight
29851,When A Man Loves A Woman,Michael Bolton
29852,Iyong Iyo,Zack Tabudlo
29853,Time After Time,INOJ
29854,Skate,"Bruno Mars ft Anderson .Paak, Silk Sonic"
29856,All Your Exes,Julia Michaels
29861,Magazines,Anson Seabra
29864,A Little Bit of Ecstasy,Jocelyn Enriquez
29866,Soda,James Reid
29868,"Baby, I Love Your Way",Will To Power
29869,Everyday,Labuyo
29870,Love Race,Machine Gun Kelly ft. Kellin Quinn
29871,All I Know So Far,Pink
29872,Sigurado,Belle Mariano
29873,Alalahanin,Zild
29874,Ako Naman Muna,Angela Ken
29875,Astronomy,Conan Gray
29881,EveryTime I Cry,Ava Max
29888,September,James Arthur
29889,Like My Father,Jax
29891,2 Much,Justin Bieber
29892,Hindi Para Sa'Yo,Kithara
29894,Sun Goes Down,Lil Nas X
29897,Love Me Again,Lani Hall
29898,Reckless,Madison Beer
29899,Lost,Maroon 5
29902,Nang Dumating Ka,Bandang Lapis
29903,Run,OneRepublic
29904,You for Me,"Sigala, Rita Ora"
29905,Kung Tayo,Skusta Clee
29906,Ulap,Rob Deniel
29909,"Strong, Strong Wind",Air Supply
29912,Kiss My (Uh Oh),Anne-Marie & Little Mix
29913,NDA,Billie Eilish
29914,Don't Go Yet,Camila Cabello
29915,Higher Power,Coldplay
29916,Walk In Love,David Batteau
29921,I Say A Little Prayer,Dionne Warwick
29924,Bahala Ka,MC Einstein ft. Yuridope x Jekkpot x Flow G
29925,Dumb Love,Mimi Webb
29926,Pasalubong,Ben&Ben
29931,Weekend,TAEYEON
29936,My Eyes Adored You,Frankie Valli
29944,Wish I Loved You In The 90s,Tate McRae
29949,Saan Na Nga Bang Barkada,Spongecola
29950,Without You,The Kid Laroi
29957,Aabutin,Jennifer Maravilla
29958,I Don't Do Drugs,Doja Cat ft. Ariana Grande
29966,Cover Me In Sunshine,Pink
29968,Just To See Her,Smokey Robinson
29969,Run,Sorn
29970,Stay,Dreamhouse
29972,Take All The Love,Arthur Nery
29973,working,"Tate McRae, Khalid"
29975,Hold Me Like You Used To,Zoe Wees
29976,Everybody's Twistin,Frank Sinatra
29977,I Think That You're Losing The Feeling,Bobby Goldsboro
29979,Love Me Like There's No Tomorrow,Freddie Mercury
29989,Seasons Change,Expose
29990,Fall,Siljie Nergaard
29996,Cry Me A River,Justin Timberlake
29997,LALISA,LISA
38001,I Believe,Tata Young
38003,People Watching,Conan Gray
38004,Memory,Kane Brown ft. Blackbear
38005,Oras Na,Esseca
38008,Gonna Catch You,Lonnie Gordon
38014,Kayumanggi,Ben&Ben
38015,American Honey,Lady Antebellum
38019,(One Of Those) Crazy Girls,Paramore
38026,Kampay,Christian Quizon
38029,Mamasku Ta Pampanga,Jonas David
38031,Mekeni o Jo,Ara Muna
38050,Inday,TJ Monterde
38076,Ulahipan,Joel Rongcales
38078,Walang Makakapigil,Arra San Agustin
38079,Daisy,Ashnikko
38080,I Like That,Bazzi
38081,Sugat,Ben&Ben ft. Munimuni
38083,Do Re Mi,Blackbear ft. Gucci Mane
38085,Can't Stop Thinking About Love,Regine Velasquez
38087,I Guess I'm In Love,Clinton Kane
38088,Pinag-isa,Crystal Paras
38092,Hello,James Reid
38095,I'm Still Here,John Reznik
38097,Kapit Lang,Bini
38101,Let Me Know,LANY
38102,Love (Sweet Love),Little Mix
38103,Di Mawawala,Mikee Quintos and Kelvin Miranda
38107,Selos,Kokoy de Santos
38112,Waving Through A Window,Owl City
38113,Till We Meet Again,Connie Francis
38114,My Destiny,Katherine McPhee
38115,Stand By Me,Mickey Gilley
38116,Dream Girl,Kolohe Kai
38117,Dulo,The Juans
38119,Gunita,Kyryll
38121,Ghost,Justin Bieber
38123,Sa Panaginip,Katrina Velarde
38124,The Lucky One,Laura Branigan
38125,Let Them Know,Mabel
38127,Ate Sandali,Maris Racal
38129,"New York, Rio, Tokyo",Peter Fessler
38130,Please Don't Suck,Noa Kirel
38131,Ikaw Lang,Nobita
38132,Unang Sayaw,Nobita
38134,Pagsamo,Arthur Nery
38135,Shivers,Ed Sheeran
38137,The Baddest,BGYO
38139,Human Touch,Warren Wiebe
38141,Here's Your Perfect,Jamie Miller
38142,The Way You Felt The Word,Alec Benjamin
38143,Love Is My Decision,Chris de Burgh
38145,Found My Friends,Hayley Kiyoko
38147,Who's In Your Head,Jonas Brothers
38149,Pov,Ariana Grande
38151,Ilang Tulog Na Lang,Ben&Ben
38152,Easy On Me,Adele
38153,Dumaloy,SUD
38155,STAY,The Kid LAROI Justin Bieber
38156,Beautiful,Anne-Marie
38157,I Like You,DJ Trix
38161,Butterflies,MAX & Ali Gatie
38162,999,"Selena Gomez, Camilo"
38163,Pretty Girl,Maggie Lindemann
38164,Mapa (Band Version),SB19 and Ben&Ben
38165,Lunod,Ben&Ben ft. Zild and Juan Karlos
38171,Kahit Na Anong Sabihin Ng Iba,Unit 406
38172,Asa Naman,Maris Racal
38173,Hey It's Me,Tom Rodriguez
38174,Pag-uwi,Raven
38175,Don't Go Changing,Ylona Garcia
38176,Ang Puso Kong Ito'y Sa'Yo,Thea Astley
38184,Ikaw Pa Rin,Moira Dela Torre ft. Erik Santos
38186,Pangalawang Bitaw,The Juans
38188,Bakit Ikaw Pa,April Boy Regino
38189,Now Is The Hour,Connie Francis
38190,Tammy,Debbie Reynolds
38191,Hold Me In Your Arms,Doris Day
38193,Before You Say Goodbye,Martin Nievera
38194,The Rose Song,Olivia Rodrigo
38195,Orange Colored Sky,Natalie Cole
38196,Take Me To Your Heart,Rick Astley
38197,Bazinga,SB19
38201,Yakap,Alex Bruce
38202,Ba't Ganto Ang Pag-ibig,Zack Tabudlo 
38203,Binhi,Arthur Nery
38204,Birthday,Anne-Marie
38206,Summertime,Cinnamons x Evening Cinema
38210,Visiting Hours,Ed Sheeran
38213,Family,"David Guetta (feat. Bebe Rexha, Ty Dolla "
38216,COMING HOME,HONNE ft. NIKI
38217,Hung Up,Arthur Nery
38218,Karma,Skusta Clee ft. Gloc 9
38219,Love You Different,Justin Bieber
38221,My Universe,Coldplay ft. BTS
38223,Phoenix,Morissette
38224,traitor,Olivia Rodrigo
38226,AMAKABOGERA,Maymay Entrata
38227,Nandito Lang Ako,"Skusta Clee, Jnske, Leslie, Honcho, Bullet D, Flow G"
38229,Sexy Girl,DJ Snake Ozuna Megan Thee Stallion LISA of BLACKPINK
38231,Bambi,Baekhyun
38240,Tomorow,STATION CHANYEOL
38243,MONEY,LISA
38246,Kasayaw,Ben&Ben
38248,"1 Step Forward, 3 Steps Back",Olivia Rodrigo
38250,Happier Than Ever,Billie Eilish
38251,Kapangyarihan,"Ben&Ben, SB19"
38252,Melon Cake,Demi Lovato
38254,Bite Me,Avril Lavigne
38257,Happy For You,Lukas Graham
38258,Sabi Ng Lola,Moira Dela Torre
38259,Tonight,Air Supply
38260,Aloha Oe (Farewell to Thee),Andy Williams
38261,New York State Of Mind,Billy Joel
38264,Die For You,Justin Bieber
38265,Remedy,Maroon 5 ft. Stevie Nicks
38266,Wag Na Lang,MC Einstein ft. Skusta Clee
38268,Hold Me In Your Arms,Rick Astley
38269,Sonata Of Love ,Victor Wood
38271,You,KSI
38272,After Last Night,"Bruno Mars, Anderson Paak, Silk Sonic w/ Thundercat & Bootsy"
38277,Free,Julie Anne San Jose
38278,Is This Love,Kolohe Kai
38279,Just Look Up,Ariana Grande & Kid Cudi
38280,Love Will Keep Us Together,Captain & Tennille
38281,Neverland,Inigo Pascual
38282,Dynamite,Sean Paul ft. Sia
38285,No,Little Mix
38287,Not My Problem,Dua Lipa ft. JID
38289,brutal,Olivia Rodrigo
38290,One Light,Maroon 5 ft. Bantu
38291,Rosas,Parokya Ni Edgar
38292,Sad Boy,"R3HAB & Jonas Blue ft. Ava Max, Kylie Cantrall"
38294,Simula Palang Nung Una,Zack Tabudlo
38295,SOS,James Arthur
38300,Theraphy,Anne Marie
38301,Unstable,Justin Bieber
38302,Wala Na Talaga,Parokya Ni Edgar
38303,When You're Awake,Selena Gomez x Marshmello
38304,worst behavior,Ariana Grande
38305,Candyman,Zedd & Aloe Blacc & Grey
38306,Innocence,Avil Lavigne
38307,Falling Fast,Avril Lavigne
38309,First Times,Ed Sheeran
38310,Love Not War,Jason Derulo
38313,I Don't Want To Be A Hero,Johnny Hates Jazz
38314,New Normal,Khalid
38315,Dancing In The Kitchen,LANY
38317,Butterfly Carnival,Sandwich
38321,Para Sa Mga Ex,Zack Tabudlo
38323,Habang Buhay,Zack Tabudlo
38324,ICU Madisons Lullabye,Demi Lovato
38325,Don't Let Me Change The Way You Are,Gloria Loring
38326,Raglan Road,Ronan Keating
38327,Angels On My Side,Rick Astley
38328,Halong,SUD
38329,Tuloy Tuloy,Quest
38331,Come Home,Ava Max
38334,Narcissist,No Rome ft. The 1975
38335,Together,Sia
38339,Prinsesa,6cyclemind
38340,If I Knew,Bruno Mars
38343,Ride Home,Ben&Ben
38355,Invisible,Anna Clendening
38358,Sa Tuwina,TJ Monterde
38359,Iwas,Aurora
38360,Bad Boy,Chungha and Christopher
38361,KAYUMANGGI,Ben&Ben x National Geographic
38362,Baby Come Back,Renz Verano
38363,The Art of Starting Over,Demi Lovato
38365,Pakisabi,Dr. Pocket
38366,abcdefu,GAYLE
38367,Kahit Kailan,Bianca Umali
38368,Kailanman,Kawago
38369,Halfway,Mimi Webb
38371,Di Na Mag-iisa,Nobita
38374,Hoax,Taylor Swift
38376,Better Man,Taylor Swift
38378,Sweet Dream,Alessia Cara
38379,Alive,Ace Banzuelo
38380,All Night,Steve Aoki & Lauren Jauregui
38383,Stig,Bugoy na Koykoy ft. Flow G
38386,Deja Vu,James Arthur
38387,Dungaw,Adie
38392,Huwag Mong Pahulain,Zack Tabudlo
38393,I Just Wanna Be Happy,Gloria Estefan
38394,That's What I Want,Lil Nas X
38395,Ikaw Lang,Quest
38396,Isa Lang,Arthur Nery
38400,Kiss of Life,Kylie Minogue & Jessie Ware
38403,Ligaya,SB19
38406,Lowkey,Niki
38407,Justify My Love,Madonna
38410,No Stopping You,SB19
38411,One Right Now,Post Malone and The Weeknd
38412,Overpass Graffiti,Ed Sheeran
38413,Pano,Zack Tabudlo
38416,safety net,Ariana Grande ft. Ty Dolla Sign
38417,Hold Me,Savage Garden
38418,Sunday,KYLE
38419,Tahanan,Adie
38422,This Is Heaven,Nick Jonas
38427,WIN,Press Hit Play
38430,The Old Songs,Barry Manilow
38432,Heart Of Mine,Boz Scaggs
38434,Ain't Shit,Doja Cat
38435,Maniwala Ka,Donnalyn Bartolome
38436,In Love Ako Sa'yo,Eurika ft. Euann
38437,Kulay,BGYO
38438,Queen of Disaster,Lana Del Rey
38439,Makudonarudo,Namawee
38442,Never Be What You Want (Acoustic),We Are The In Crowd
38444,Faking Love,Anitta feat Saweetie
38445,What I Put You Through,Conor Maynard
38446,"Eyes, Nose, Lips",Kristel Fulgar
38447,Boyz,Jesy Nelson ft Nicki Minaj
38449,Mr. Blue,Michael Franks
38450,Queendom,Red Velvet
38452,My Heart Beat Like A Drum,A Touch of Class
38453,Freaking Me Out,Ava Max
38455,Wandered To LA,Juice WRLD ft. Justin Bieber
38456,Between Us,Little Mix
38457,Heartbreaker,Mariah Carey feat. Jay Z
38458,Run (Taylor's Version),Taylor Swift & Ed Sheeran
38459,Rule The World,The Wanted
38460,I Bet You Think About Me,Taylor Swift
38466,Sabi Da,Romeo B. Canilao
38473,Sana,Sheila Patungan
38492,Love It When You Hate Me,Avril Lavigne ft. blackbear
38494,Glitter,BENEE
38496,Huling Mensahe,Bandang Lapis
38497,Sana'y Iyong Mapansin,Nyt Lumenda
38498,Getaway Car,Taylor Swift
38499,It's You,Sezairi
38501,There's A Rising Moon,Doris Day
38502,My Love , Julio Iglesias And Stevie Wonder
38503,Kahit Sandali,Ariel Rivera
38504,Walang Kapantay,Romeo Quinones
38507,Duyan,Sarah Geronimo
38511,Cure For Me,AURORA
38513,Before 4:30 (She Said),Mew Suppasit & Sam Kim
38515,It'll Be Okay,Shawn Mendes
38516,Love Back,Why Don't We
38517,No Lie,"Sean Paul, Dua Lipa"
38518,Sahara Night,F.R. David
38520,Tanging Dahilan,Belle Mariano
38521,Telepath,Conan Gray
38522,The Anonymous Ones,SZA
38523,Chain My Heart,Topic x Bebe Rexha
38524,Sawa Na,Adie
38526,Male Fantasy,Billie Eilish
38528,Little Did I Know,Julia Michaels
38529,Anyo Ng Pag-ibig,Sexbomb Girls
38530,Baliw,True Faith
38533,KAYA NATIN,Skusta Clee
38536,Always You And I,98 Degrees
38538,Emily,James Arthur
38541,Ayoko Na,Libre
38547,Walk Away Renee,Rick Price
38552,IDK You Yet,Alexander 23
38555,Oh My God,Adele
38558,HATDOG,Zack Tabudlo ft James Reid
38559,Really Love,KSI ft. Craig David & Digital Farm Animals
38560,I'm Just A Kid,Simple Plan
38562,Luha,Adie
38564,Heather,Conan Gray
38565,Unstoppable,James Blunt
38568,Him,Rupert Holmes
38572,Innamorata,Dean Martin
38574,You Are to Me,Martin Nievera
38575,True Love Ways,Mickey Gilley
38579,Malupit Na Pag-Ibig,Victor Wood
38583,Break My Heart,Dua Lipa
38585,For You Page,Zius List
38586,Gusto Ko Nang Bumitaw,Morissette
38588,I Lost Myself In Loving You,Jamie Miller
38589,Life Goes On,Oliver Tree
38590,The Lonely Guy,Max Carl
38591,Mrs. Magic,Strawberry Guy
38596,Tipints,Alex Gonzaga
38600,Iba,Zack Tabudlo ft Moira dela Torre
38602,Deal With It,Ashnikko
38608,The Megamix,Little Mix ft. Saweetie
38614,Ginhawa,SUD
38615,Ambon,True Faith
38618,Gasoline,The Weeknd
38620,Mad At Disney,Salem Ilese
38625,Take Cover,Mr. Big
38629,Huwag Lang Ikaw,Eevee
38630,Pagmamahal Mo Lang,O.C. Dawgs ft. Flow G
38631,Mag-Ingat,Ben&Ben
38632,Bam Bam,Camila Cabello ft. Ed Sheeran
38634,As It Was,Harry Styles
38635,We're All In This Together,High School Musical Cast
38637,If You Were My Baby,Rick Price
38638,Ikaw Lamang,Willie Garte
38639,Kabataang Pinoy,BINI x SB19 x Jonathan Manalo
38641,Last Call,Khalid
38644,Nasaan Na Ang Puso Mo,Pops Fernandez
38645,Can't Help Me Now,Rob Thomas
38646,I Have A Dream,Westlife
38647,Heart Can't Lose,Zach Tabudlo
38649,Baby Got Back,Sir Mix-A-Lot
38652,Without You,Air Supply
38653,You Belong To Me,Dean Martin
38655,I Can't Believe,Eddie Peregrina 
38656,Lonely Nights,Mickey Gilley
38657,White Dove,Scorpions
38660,Amfee,Alex Gonzaga
38668,Attention,Omah Lay & Justin Bieber
38669,Paagi,Up Dharma Down
38671,3 A.M.,We Three
38673,Die For A Man,Bebe Rexha
38674,Just A Mess,Tones and I
38675,New Shapes,Charli XCX ft. Christine and the Queens and Caroline Polachek
38676,Panic Attacks In Paradise,Ashnikko
38679,Shattered Like,Rivermaya
38681,911,Teddy Swims
38682,Classic Male Love Songs Medley,Medley Song
38685,Can I Get It,Adele
38686,Without Your Love,Ariel Rivera
38687,Sun and Moon,Anees
38688,Flying On My Own,Celine Dion
38689,I Choose You,Ryann Darling
38690,The Other Side Of The Door,Taylor Swift
38692,Like That,Doja Cat ft. Gucci Mane
38696,Just a Girl,No Doubt
38698,Ipagpatawad Mo,Mayonnaise
38699,Na-Try Mo Na Ba Ako,Andrew E.
38700,Green-Tinted Sixties Mind,Mr. Big
38703,Someone You Like,The Girl And The Dreamcatcher
38704,It's My Life,Talk Talk
38707,When You're Gone,Shawn Mendes
38714,Aussie Aussie,Andrew E
38717,Ginintuang Tanawin,Marc Alfaro
38725,Anghel,The Juans
38730,Where I Stand,Mia Wray
38738,Mon Soleil,Ashley Park
38739,Dalampasigan,Anji Salvacion
38740,Ikaw Pala,Roselle Nava
38742,Iniibig Kita,Maricris Garcia
38748,Cowboys Don't Cry,Oliver Tree
38752,Langit Na,Rachel Alejandro
38757,coney island,Taylor Swift ft. The National
38759,The Same Love,The Jets
38760,Ayaw Kong Mawalay Ka,Tootsie Guevarra
38763,Asan Ka Na Ba,Zack Tabudlo
38764,Bakit Mahal Pa Rin Kita,Mariane Osabel
38765,Break Up Song,Little Mix
38767,Diwata,Sam Concepcion
38772,If Ever You're In My Arms Again,Regine Velasquez
38773,If You Ever Change Your Mind,Calum Scott
38774,Kailan,MYMP
38775,Last Call,Jamie Miller
38776,Let Somebody Go,Coldplay X Selena Gomez
38777,Light Switch,Charlie Puth
38778,LOUD,Sofia Carson
38779,Million To One,Camila Cabello
38780,Sigue,J Balvin & Ed Sheeran
38782,Unstoppable,Sia
38783,Ur Just Horny,GAYLE
38784,Wishes,Jamie Miller
38785,You're All I Need,Zephanie
38787,Rock Your Body,Justin Timberlake
38789,Butterflies,Abe Parker
38791,Brave,Ella Henderson
38795,PROBINSYANA,VVS Collective
38796,All Too Well (10 Mins Version),Taylor Swift
38797,Torn,Ava Max
38798,Do You Want My Love,Coco Lee
38799,I Need You,Mark Bautista
38801,High,The Chainsmokers
38803,Nandito Na,The Juans
38807,Make It Shine,Victoria Justice
38809,Pabalik-Balik,Faith Da Silva
38810,Ruin My Life,Simple Plan feat. Deryck Whibley
38812,Alone With You,The Outfield
38813,UNA,JRoa and Raina
38816,Basta Masaya Tayo,Mikee Quintos
38820,About Damn Time,Lizzo
38823,Fuck You,Lily Allen
38826,It's Okay Not To Be Okay,Angela Ken
38829,Payapa,SUD
38830,Rosas,Nica Del Rosario
38844,CEBUANA,SOUTHVIBES ft. Kyle Zagado & Prince Ben
38851,Grow As We Go,Ben Platt ft. Sara Bareilles
38852,Something Beautiful,Benedict Cua
38853,Ganon Paren To,Bugoy na Koykoy
38858,I Ain't Worried,OneRepublic
38859,Give Me Your Love,Bryan Adams
38862,Angel Baby,Troye Sivan
38865,Call On Love,Michael Learns To Rock
38868,2step,Ed Sheeran
38870,As You Are,Zach Tabudlo
38871,Bad Boy,Pop Girls
38874,Hanggang Dito Na Lang,TJ Monterde
38875,Hanggang Sa Muli,Angela Ken
38876,Heaven,Calum Scott
38880,It Is What It Is,Jamie Miller
38881,Do You Remember,"Jay Sean ft. Sean Paul, Lil John"
38882,Love Me More,Sam Smith
38884,Maybe You're The Problem,Ava Max
38886,Sariling Wika,Thyro Alfaro
38889,That's Hilarious,Charlie Puth
38891,Je Me Casse,Destiny
38892,feel like shit,Tate McRae
38895,Livin It Up,Young Thug (with Post Malone & ASAP Rocky)
38896,Goodbye,LP
38897,Baby Blue Eyes,A Rocket to the Moon
38899,Don't Wait Up,Shakira
38904,Bang,G22
38906,Let Me Be With You,Jerry Fuller
38908,Speak Up,Miquela
38910,Kahit Pa Ikaw,SUD
38912,How Could It Be,Eddie Murphy
38914,Shut Up,Mia Rodriguez
38915,Higher,Michael Buble
38917,Paninindigan Kita,Ben&Ben
38918,Pinakahihintay,The Juans
38919,Until I Found You,Stephen Sanchez
38920,Psychofreak,Camila Cabello ft Willow
38925,maybe,Machine Gun Kelly ft. Bring Me The Horizon
38928,Wake Me Up (When This Nightmare's Over),Simple Plan
38932,Good Vibes,East of Heaven feat. Russel Vista
38934,Aking Pagmamahal,Angeline Quinto x LADZKIE
38936,So Much In Love,Timothy B. Schmit
38938,Miss You Like Crazy,Erik Santos
38939,Your Baby Never Looked Good In Blue,Expose
38941,Di Namalayan,Benedict Cua
38947,Let Me Entertain You,Robbie Williams
38948,This Love,Taylor Swift
38951,Play Date,Melanie Martinez
38952,The Only Heartbreaker,Mitski
38954,All Night Parking,Adele
38955,Anghel,Zack Tabudlo
38958,Best Time,BGYO
38961,Carolina,Taylor Swift
38962,Closer,Belle Mariano
38966,Dito Sa Puso Ko,Ogie Alcasid
38967,Enchanted,Taylor Swift
38968,Fantasy,Mariah Carey
38970,HayPa,MMJ
38971,Here We Go,4TH IMPACT
38972,I Love U,The Chainsmokers
38975,Late Night Talking,Harry Styles
38976,Ligaw Tingin,Zildjian
38977,Liwanag,The Juans
38979,more than life,Machine Gun Kelly ft. glaive
38980,Muli,Ace Banzuelo
38986,Rise,Belle Mariano
38987,Run2U,Stayc
38988,Rush,Raveena
38990,This City,Sam Fischer
38993,What Am I,Why Don't We
38994,Who's Laughing Now,Ava Max
38999,Let Me Know,Surfaces
39001,Left And Right,Charlie Puth ft. Jung Kook
39002,You Let Me Down,Alessia Cara
39003,Ano Ba,Jong Madaliday
39004,Totoo,NOBITA
39005,Eyes For You,Perkins
39006,SABIK,The Juans
39008,ABKD,Alamat
39009,Shadow Of Mine,Alec Benjamin
39011,Itigil Mo Na,Bianca Umali
39013,Cold Heart,"Elton John, Dua Lipa"
39016,Walong Bilyon,TJ Monterde
39018,Just Friends,WHY DON'T WE
39022,Mamma Mia,A-Teens
39023,Anybody Else,Faouzia
39027,Sleep Tight,Holly Humberstone
39036,Ignorance,Paramore
39038,Kumpas,Moira Dela Torre
39039,Mahika,Adie and Janine Berdin
39040,Matilda,Harry Styles
39043,Telling Myself,Joshua Bassett
39044,Missing Piece,Vance Joy
39048,Ang Wakas,Arthur Miguel ft. Trisha Macapagal
39051,Kiss Of Fire,Georgia Gibbs
39052,I Can't Stop Loving You,Tom Jones
39054,Ligaya,mrld
39056,Pag-Ibig,Francine Diaz
39059,All I Want Is You Today,South Border
39060,what would you do?,Tate McRae
39062,Dark Moon,Chris Isaak
39064,Put Your Dreams Away,Mickey Gilley
39067,Bad For Me,Meghan Trainor
39068,BREAK MY SOUL,Beyonce
39071,chaotic,Tate McRae
39074,Did Somebody Say,Katy Perry & Just Eat
39075,Dolls,Bella Poarch
39077,Dyosa,Skusta Clee ft. Zeinab Harake
39080,favorite crime,Olivia Rodrigo
39082,Give Me The Reason,James Bay
39085,Hinga,Minaw
39089,"Kahit Na, Kahit Pa",Belle Mariano
39090,Langyang Pag-Ibig,Ben&Ben
39091,Maaari Ba,Wilbert Ross
39093,NO WAY MAN,MNL48
39094,off the table,"Ariana Grande, The Weeknd"
39095,"Oh, Jo",Magnus Haven
39096,One Life,Ed Sheeran
39097,Paano Uusad,NOBITA
39100,Potion,"Calvin Harris, Dua Lipa, Young Thug"
39101,Sabel,"Ben&Ben, KZ Tandingan"
39104,Vibin,Ylona Garcia
39105,Want To,Dua Lipa
39107,Woman,Doja Cat
39109,Bad Little Thing,Noa Kirel
39112,Ghost Town,Benson Boone
39113,Take It Home,Mabel
39116,Ikaw Lamang,Myrus
39117,"Dito, Sa Ilalim Ng Buwan",Arthur Miguel
39120,Go,Cat Burns ft Sam Smith
39122,FOREVER LOVE,"Suppasit Jongcheveevat, Bumkey"
39126,Heart,Sabrina
39133,Dream About You,Selena Gomez ft. ZAYN
39136,Stand,R.E.M.
39137,SUBSTANCE,Demi Lovato
39139,Your New Boyfriend,Wilbur Soot
39141,My Favorite Movie,Gilyan Saludes
39142,If You Love Her,Forest Blakk & Meghan Trainor
39143,Kung Alam Mo Lang,Bandang Lapis
39144,Larawan,JRoa and Flow G
39150,Black Man Ray,China Crisis
39151,Concrete and Clay,Unit 4 plus 2
39153,7 Things,Miley Cyrus
39154,Show Me The Meaning Of Being Lonely,Backstreet Boys
39156,Bow Chicka Bow Wow ,Mike Posner Feat.Lil Wayne
39163,Comfort Crowd,Conan Gray
39164,Boyfriend,Dove Cameron
39166,I Feel Like Dancin',All Time Low
39168,Keep Me,Khalid
39169,Larawan Mo,Anthony Rosaldo
39170,All 4 Nothing,Lauv
39171,If You Love Me Let Me Know,Olivia Newton John
39177,DI NA PWEDE,Lil Vinceyy ft. Boss B
39178,Easy Lover,Ellie Goulding
39180,Flowers Lauren,Spencer-Smith
39183,Grey,Why Don't We
39187,Lagi,BINI
39190,Never Let You Go,ROLE MODEL
39193,Smells Like Me,Charlie Puth
39198,Thought About That,Noa Kirel
39200,Wish You Were Sober,Conan Gray
39201,Yours,Conan Gray
39202,Tunay Na Minamahal,Zephanie
39204,Hold On,Julie Anne San Jose
39208,Feels Like Home,Jonny Houlihan
39210,Sunroof,"Nicky Youre, Dazy"
39213,Agad (Ring Ring),Skusta Clee ft. Flow G & HONCHO
39215,Good Day,AREA 52 ft Nik Makino
39218,Psycho,Mia Rodriguez
39219,PS5,"Alan Walker, Salem Ilese, and TOMORROW X TOGETHER"
39220,Don't Change,Why Don't We
39222,For My Hand,Burna Boy feat Ed Sheeran
39225,Lost Without You,Kygo ft. Dean Lewis
39226,I Like You,Post Malone ft. Doja Cat
39229,Like You Never See Me Again,Alicia Keys
39231,Living Hell,Bella Poarch
39233,Babalik Sa'yo,Moira Dela Torre
39235,Dating Tayo,Bandang Lapis
39241,Maligayang Pagkunwari,mrld
39243,The Ones We Once Loved,Ben&Ben
39246,Akala Ko Nung Una,O.C. Dawgs ft. Future Thug
39248,Fingertips,Tom Gregory
39249,LDR-(Laging Di Ramdam),Music Hero
39253,When I'm Gone,Simple Plan
39254,When It's Over,Sugar Ray
39255,When You Said Goodbye,Julie Anne San Jose
39256,Whenever You Need Somebody,Rick Astley
39257,Bad Decisions,"benny blanco, BTS & Snoop Dogg"
39258,Beautiful Love (Free Fire),Justin Bieber
39260,Say U Love Me',ALAMAT
39261,Higher,Albert Posis
39263,"Bibitaw, aasa",Arthur Miguel
39265,Overdrive,Conan Grey
39268,Becky's So Hot,FLETCHER
39271,Araw,juan karlos
39272,you're not special,Maggie Lindemann
39273,Next Week,Moonstar88
39274,Sorry,Paolo Sandejas
39276,Gabi,Rob Daniel
39277,because i liked a boy,Sabrina Carpenter
39278,Would You,The Vamps
39283,Bakit 'Di Na Lang Tayo,Muriel Lomadilla
39285,Dandelions,Ruth B
39286,Danny Boy,Tom Jones
39287,Dare You To Doubt Me,The Script
39291,Dito Ka Lang (In My Heart),Moira Dela Torre
39292,dlma,Bazzi ft. LANY
39293,Don't I Make It Look Easy,Meghan Trainor
39295,Falling Slowly,Ashley Park and Kevin Dias
39296,fmk,GAYLE with blackbear
39297,Forever Drunk,Peach PRC
39298,Forget Me,Lewis Capaldi
39299,fun out of it,"Johnny Orlando, BENEE"
39300,GINTO,BRUSKO BROS.
39301,Hard Out Here,RAYE
39302,Highly Strung,Spandau Ballet
39304,I'm Not Dead Yet,Mike Posner
39307,Kahit Magdusa Pa,Luke Mejares
39309,Lobby,Anitta x Missy Elliott
39310,Mahiyain,DENY
39311,Make Your Mind Up,"Zom Marie, Maximillian"
39313,Mind Games,88rising & MILLI ft. Jackson Wang
39318,San Francisco Street,Sun Rai
39320,So Good,Halsey
39321,SUNSHINE,NSB
39322,Superficial Love,Ruth B
39323,Tell Me Where It Hurts,MYMP
39328,Unholy,Sam Smith ft. Kim Petras
39330,Waking Up Dreaming,Shania Twain
39331,Wish You Were Here,Lukas Graham ft. Khalid
39332,Glad It's Over,Julie Anne San Jose
39334,ASA,Jroa
39338,Ikaw Na Sana,Ella Cruz  Julian Trono
39339,Smoke Slow,Joshua Bassett
39340,Byahe,Kunnns
39341,Mr Nice Guy,Wengie x Inigo Pascual
39342,WYAT (Where You At),SB19
39343,Million Dollar Baby,Ava Max
39345,Skyline,Khalid
39346,Let Me Be The One,Julie Anne San Jose
39351,Only Fan,Bazzi ft. Cordae
39353,Satellite,Khalid
39357,Anti-Hero,Taylor Swift
39359,Bigger Than Me,Louis Tomlinson
39362,Especially For You,MYMP
39367,Umaasa,Calein
39369,Higit Sa Sapat,This Band
39372,Summertime Madness,Lana del Ray
39374,Made You Look,Meghan Trainor
39376,Dance With Me Tonight,Olly Murs
39377,Chinita,Raf Davis ft. Nik Makino & MSTRYO
39380,That's Why You Go Away,Elha Nympha
39381,LANGGA,Wilbert Ross
39383,Aswang',ALAMAT
39386,Cuore,Sarah Geronimo
39387,Di Ka Akin,Julie Ann San Jose ft. Gary Valenciano
39389,Gimme Love,Carly Rae Jepsen
39391,Gumamela,Jireh Lim
39392,Hold Me Closer,Elton John & Britney Spears
39393,Ikaw,Arthur Miguel
39394,I'll Never Get Over You Getting Over Me,MYMP
39395,Golden Hour,JVKE
39396,Karma,Taylor Swift
39398,Lift Me Up,Rihanna
39400,My Mind & Me,Selena Gomez
39401,Never Gonna Not Dance Again,PINK
39406,Payapa Lang,Angela Ken
39407,SHAWTY,Donnalyn
39409,SHUT UP,Simple Plan
39410,Then You Look At Me,Celine Dion
39412,Walang Himala,Ace Banzuelo
39413,Woke Up in Love,"Kygo, Gryffin, Calum Scott"
39416,Be With You,Akon
39417,Heaven,Bazzi
39418,Celestial,"Ed Sheeran, Pokemon"
39420,Dangerous,Madison Beer
39422,Take Me Back,Zack Tabudlo ft. Yonnyboii
39423,When You're Sad Im Sad,Charlie Puth
39425,Happy W U,Arthur Nery ft Jason Dhakal
39427,Before I Met You,Selena Gomez x Khalid
39429,Malay Mo Tayo,TJ Monterde
39430,No More Drama,Charlie Puth
39433,Fallen,Lola Amour
39436,Alay,Silent Sanctuary
39437,Buti Pa Noon,Angela Ken
39439,Charlie Be Quiet!,Charlie Puth
39440,Di Man,Arthur Miguel
39441,I'm a Mess,Avril Lavigne with YUNGBLUD
39442,Miracle,Bon Jovi
39443,Teenage Mona Lisa,Alfie Castley
39445,29,Demi Lovato
39447,Come Back Home,Sofia Carson
39452,Ikaw Pa Rin,mrld
39453,People pleaser,Cat Burns
39454,Sinta,Rob Deniel
39455,Cloud 9,Beach Bunny
39459,Sneakers,Knox
39463,SNAP,Rosa Linn
39464,YOU AGAINST YOURSELF,Ruel
39465,Hey Siri,Salem Ilese
39466,You Never Stop Me From Loving You,SONIA
39467,Summer Rampapam,RK Kent x DJ Danz
39468,Tampisaw,This Band
39469,Lavender Haze,Taylor Swift
39470,Mahal Mo Parin Ako,Unit 406
39474,Bigger Than The Whole Sky,Taylor Swift
39476,Daddy's Eyes,Zoe Wees
39477,Dancing On Cars,Olly Murs
39478,Dati-Dati,Sarah Geronimo
39480,Don't Leave Me Lonely,Clean Bandit ft. Elley Duhe
39485,I Just Want a Lover,Noah Cyrus
39486,Kill Bill,SZA
39487,Labyrinth,Taylor Swift
39489,Let It Die,Ellie Goulding
39490,Love The Way You Love (Remix),"Olivia King, Alayna Grace"
39494,Nagloko Ka Rin Naman 'di Ka Lang Nahuli,Humphrey Lofranco
39495,Not Alone (from Devotion),Joe Jonas & Khalid
39496,Pira-piraso,Mariane Osabel
39500,Shortcut To Heaven,lullaboy
39501,STAR WALKIN',Lil Nas X
39503,uh oh,Tate McRae
39505,Worst Day Of My Life,Alec Benjamin
39506,You,Jona
39507,True Colors,Zedd ft Kesha
39511,Mercury In Retrograde,Avril Lavigne
39514,White Lies,Katie Gregson-MacLeod
39515,Pointless,Lewis Capaldi
39516,Born Again,Rihanna
39519,Everywhere,Fleetwood Mac
39521,Good Hands,Kylie Morgan
39522,I Didn't Know,Sofia Carson
39523,U & I,James Reid
39525,Showed Me (How I Fell In Love With You),Madison Beer
39526,Tell It To My Heart,Taylor Dayne
39527,Maroon,Taylor Swift
39532,Pinadama,Zack Tabudlo
39535,Ever Ever After,Carrie Underwood  
39536,Another Heart,ILIRA
39537,Beach House,Carly Rae Jepsen
39538,By My Side,Zack Tabudlo ft. Tiara Andini
39539,Come First,Astrid S
39550,Girl Like Me Dove,Cameron
39556,Bulalakaw,Matthew Hermosura
39559,Wala Kana,Michael Dutchi Librada
39561,Blame's On Me,Alexander Stewart
39566,Do It Like A Girl,Morgan St. Jean
39568,Ghost of You,Mimi Webb
39569,Golden Age,Rosie Darling
39570,Good Time,Dua Lipa
39571,Hotter Than Hell,Dua Lipa
39572,I Love You's,Hailee Steinfeld
39576,Nakalimutan,Noah Raquel
39578,'Nyebe',SB19
39580,Paper Crown,Alec Benjamin
39581,Photo ID,Remi Wolf
39582,Red Eye,Justin Bieber
39584,Runaway,Aurora
39585,Scandalous,Gryffin & Tinashe
39586,Seat At The Table,The Vamps
39589,Solo,Skusta Clee
39591,Testing,Skusta Clee
39592,worst enemy,Jake Clark
39593,Kiss You,Caity Baser
39596,Heartbeat,James Arthur
39598,Flowers,Miley Cyrus
39599,Aking Habangbuhay,Moira
39600,Ikaw At Sila,Moira
39601,Hanggang Sa Huli,Moira
39604,Welcome To My Island,Caroline Polachek
39605,Summer Is Over,KSI
39606,Ballerina,MAGIC
39610,Hide & Seek,Stormzy
39612,Dear,Ben&Ben
39617,HOMETOWN,Sponge Cola
39620,Malayo,Ace Banzuelo
39625,Love Like Woe,The Ready Set
39626,Home Movies,Lukas Graham & Mickey Guyton
39627,When I Get There,PINK
39629,The Loneliest Time,Carly Rae Jepsen ft. Rufus Wainwright
39630,AKIN KA,Zack Tabudlo
39631,Best Friend,Shania Twain
39636,Fly As Me,Bruno Mars
39638,Gimme,"Sam Smith, Koffee & Jessie Reyez"
39640,Good Care,"HYBS, slchld, asiatic.wav"
39641,I Don't Know What You See in Me,Belle and Sebastian
39642,I Made It,Tones And I
39643,Love's Train,"Bruno Mars, Anderson .Paak, Silk Sonic"
39644,No New Friends,"Lsd Ft. Labrinth, Sia & Diplo"
39645,Nothing Left To Lose,Everything But The Girl
39646,Omo,Donnalyn
39647,One Of Us,Ava Max
39648,Radio,"Sigala, MNEK"
39649,Red Flags,Mimi Webb
39650,Sa Pinakamahirap,Juan Caoile
39653,Voices,KSI ft. Oliver Tree
39663,Memory Lane,Old Dominion
39664,Lagi Na Lang,Leah Navarro ft. Basil Valdez
39666,TRUSTFALL,Pink
39667,You Only Love Me,Rita Ora
39668,Who We Love,"Sam Smith, Ed Sheeran"
39671,Ghost,Ava Max
39673,Boys Will Be Boys,Dua Lipa
39677,I'm Not Here to Make Friends,Sam Smith
39678,Give Me Your Forever,Zack Tabudlo
39682,Hands Of Love,Miley Cyrus
39683,Pasilyo,SunKissed Lola
39684,White Toyota,SunKissed Lola
39685,Coast,Hailee Steinfeld
39690,4 U,Dixzie Cruel
39691,G.K.Y.A.M,Adie
39694,Close to You,Sam Milby
39698,Pearls,Jessie Ware
39704,If We Ever Broke Up,Mae Stephens
39705,Roles Reversed,Mimi Webb
39707,Entablado,Noah Alejandre
39708,Over Tonight,Stacey Ryan
39709,Raining Sunshine,Miranda Cosgrove
39710,Sweat You Out My System,MAY-A
39711,Alam,Sarah Geronimo ft. John Roa
39716,Entertain Me,Ylona Garcia
39717,Gonna Be Okay,Brent Morgan
39718,Here,Tom Grennan
39719,HILING,LIL VINCEYY ft. Jhonmark
39720,Himig Ng Puso,Sarah Geronimo
39721,I like U,NIKI
39723,Ice Cream Man,Raye
39725,Love is in the Air,Billy Crawford
39726,Make Me Feel,The Chainsmokers
39727,MANATILI,Alisson Shore
39728,Perfect For You,Peach PRC
39731,Tahimik Lamang,TOTHAPI
39732,Walang Pagsisisi,Angeline Quinto
39734,SAD B!TCH,Anne-Marie
39736,Tadhana,Ace Banzuelo
39737,Dancings Done,Ava Max
39740,Sige Padayon,JRoa
39741,In love With That Bitch,Skusta Clee
39746,Old Love,Yuji ft. Putri Dahila
39749,Love Again,The Kid LAROI
39754,Baka Tayo,Hey Its Je
39756,Like A Saviour,Ellie Goulding
39759,The Ballet Girl,Aden Foyer
39760,EME,Moira
39763,Sugar Sweet,Benson Boone
39764,California Girl,Crash Adams
39765,Still Alive,Demi Lovato
39766,Eyes Closed,Ed Sheeran
39767,Hold Me Like A Grudge,Fall Out Boy
39769,Habang Buhay,Sarah Geronimo
39770,Wings,Jonas Brothers
39771,Jaded,Miley Cyrus
39773,Kalangitan,NOBITA
39774,Ang Pagibig,Rob Deniel
39775,Baka Bukas,SUD
39778,Die 4 Me,Halsey
39779,Down for Me,Julie Anne San Jose ft. Fern
39781,Eyes Like Yours,Shakira
39784,Good Ones,Charli XCX
39785,Happy Now,Kygo ft. Sandro Cavazza
39787,Here We Go Again,Oliver Tree & David Guetta
39789,Nandito Ulit,Wevier
39791,Smokin Out The Window,"Bruno Mars, Anderson .Paak, Silk Sonic"
39795,Journey to the Past,Anastasia
39796,Muli,Angeline Quinto
39797,Straight Up and Down,Bruno Mars
39798,I'll Be Waiting,Cian Ducrot
39799,Leaving the Lights On,Etham Basden
39800,Summer Wind,Frank Sinatra
39803,Goodbye,Regine Velasquez
39804,Enemy,Sandro Cavazza
39806,Hindi Ko Kaya,Vina Morales & Denise Laurel
39809,Round Round,Sugababes
39811,ASA,Jroa
39812,Loved Me Back To Life,Celine Dion
39816,Remind Me To Forget,Kygo ft. Miguel
39817,Hype Boy,NewJeans
39822,Dahil Mahal Kita,Angelo Garcia
39824,Kung Nakikita Mo Lang,Angelo Garcia
39826,Body Better,Maisie Peters
39827,Don't Go Wasting Time,New Hope Club
39829,Ganito Pala,Marion Aunor
39830,I Will Remember You,Ryan Cabrera
39831,No One Can Break A Heart Like You,Dave Clark Five
39833,Expectations,"Anne-Marie, MINNIE ((G)I-DLE)"
39836,The Race,Chris James
39838,Ilang Beses Kita Mamahalin?,December Avenue
39839,FACE MYSELF,"Elley Duhe, Teddy Swims"
39840,By The End Of The Night,Ellie Goulding
39841,Mrs. Hollywood,Go-Jo
39842,SunKissing,Hailee Steinfeld
39844,Pahina,Jireh Lim
39845,How I'm Feeling Now,Lewis Capaldi
39849,We'll Be The Stars,Sabrina Carpenter
39851,Always Remember,Mona Gonzales
39852,Bodyguard Medley,Charice ft. David Foster
39856,Don't Be Sad,Scotty Sire
39858,Freezing,Mimi Webb
39862,Maan Meri Jaan (Afterlife),King x Nick Jonas
39863,me,Kelly Clarkson
39864,Mother,Meghan Trainor
39868,Promiscuous,Timbaland ft. Nelly Furtado
39870,SO WHAT,Boys World
39871,Softest Touch,Khalid
39872,Sweet Sorrow,"Selena Gomez, Sia"
39874,That's Not How This Works,Charlie Puth ft. DAN + SHAY
39875,Till Death Do Us Part,Post Malone ft. Dua Lipa
39876,Undeniable,Kygo ft. X Ambassadors
39877,Waffle House,Jonas Brothers
39882,Habang Ako'y Nabubuhay,Sanshai
39883,Miss Na Miss Kita,Sanshai
39886,Diba,Zack Tabudlo
39893,Fly Baby,Supafly ft. Sica
39897,Detroit City,Tom Jones
39898,Eyes Wide Open,Sabrina Carpenter
39902,Elyu,Ben&Ben
39903,Crashing,Kyle Juliano
39906,Mas Mahal Na Kita Ngayon,Young Men
39908,Aalis Ka Ba,April Boy Regino
39914,Best Friend Breakup,Lauren Spencer Smith
39915,Wish You The Best,Lewis Capaldi
39918,Funhouse,Pink
39922,Sadyang Sinayang Mo,Nyt Lumenda
39924,Cherry Wine,grentperez
39925,Ciao Adios,Anne-Marie
39926,Cruel Summer,Taylor Swift
39932,Forever Young,UNDRESSD
39934,GENTO,SB19
39936,Masungit,Jireh Lim
39937,mine,Kelly Clarkson
39940,Only Girl,Stephen Sanchez
39945,Right People Wrong Time,Lachie Gill
39946,Safe Haven,Kat
39947,Satellite,Harry Styles
39951,Song To Myself,Picture This
39953,That Kind Of Woman,Dua Lipa
39954,The Gift,Celine Dion
39957,Walkashame,Meghan Trainor
39959,Weapons,Ava Max
39960,Women In My Life,Sam Hunt
39962,A Year Ago,James Arthur
39964,Last Train To London (I Won't Look Back),Mimi Webb
39965,Bad For Me,Stacey Ryan
39967,Daylight,David Kushner
39971,Saw It Coming,Victoria Nadine
39975,Gift Of A Friend,Demi Lovato
39976,Someone Will Love You Better,"Johnny Orlando, Zack Tabudlo"
39977,Summer Baby,Jonas Brothers
39980,Meltdown,Niall Horan
39981,Other Side Of The Moon,Aden Foyer
39987,Withdrawal,Austin Mahone
39990,Francesca,Hozier
39991,goodbye & thank u,Kira Kosarin
39993,Haven't You Ever Been In Love Before?,Lewis Capaldi
39995,Middle Ground,Maroon 5
39996,Howling At The Moon,"Mike Posner, Salem Ilese"
39998,Pretty's On The Inside,Chloe Adams
40001,Wag Ka Nang Umiyak,Bandang Lapis
40002,Dapat Ka Bang Mahalin,Angeline Quinto 
40006,Alright,"Sam Fischer, Meghan Trainor"
40007,Be The One,Bree Runway & Khalid
40009,Dance The Night,Dua Lipa
40010,Finally,Jonas Blue ft. RANI
40014,I WANT YOU,SB19
40015,LDR (Sped Up),Shoti
40016,Low tide,Supafly x Because
40017,missin u,Tori Kelly
40018,Mourning,Post Malone
40019,Padam Padam,Kylie Minogue
40020,Por Favor,"Pitbull, Fifth Harmony"
40022,Rocket to Uranus,Vengaboys
40023,Self Destruction Mode,"The Chainsmokers, bludnymph"
40025,Steal The Show,Lauv
40027,That Part,Lauren Spencer Smith
40029,Touching Yourself,The Japanese House
40030,TRAINWRECK,Anne-Marie
40031,Vampire,Olivia Rodrigo
40032,VULGAR,"Sam Smith, Madonna"
40033,Waiting For A Star To Fall,Boy Meets Girl
40035,WHAT THE HELL ARE WE DYING FOR ?,Shawn Mendes
40036,When Love Sucks,Jason Derulo ft. Dido
40037,UNHEALTHY,Anne-Marie ft. Shania Twain
40038,Seasons,Bebe Rexha & Dolly Parton
40041,Glad U Came,Jason Derulo
40042,Just Because,Sadie Jean
40043,Messy,Savana Santos
40044,Gusto,Zack Tabudlo ft. Al James
40045,Cold As Ice,Ava Max
40047,Boomerang,G22
40051,Buti Ka Pa Ok Na,"Still One, Joshua Mari, Arjay"
40054,Celeste,Tothapi
40055,If I Killed Someone For You,Alec Benjamin
40057,Kyusi,Zild
40059,RUNAWAY,OneRepublic
40062,Party In The U.S.A.,Miley Cyrus
40064,Ano Ba Ang Nangyari,April Boys
40065,Curtains,Ed Sheeran
40067,Ok Sa Akin,The Rainmakers
40069,What Was,Benson Boone
40070,Shut Me Up, Nicky Youre
40073,Gotta Be A Reason,Alec Benjamin
40074,Must Have Been The Wind,Alec Benjamin
40075,Take Me Out,Carrie Underwood
40076,Red Wine Supernova,Chappell Roan
40077,Never Ending Song,Conan Gray
40080,Kahit Konting Pagtingin,Angeline Quinto
40083,Fantasy,Lauren Spencer Smith with GAYLE & Em Beihold
40085,Champions,Sponge Cola
40088,bad idea right?,Olivia Rodrigo
40093,Can You See,Fifth Harmony
40095,Choose Your Fighter,Ava Max
40096,Cool With You,NewJeans
40097,Could Be Something,Ben&Ben
40098,Desire,"Calvin Harris, Sam Smith"
40099,Don't Think Twice,Rita Ora
40101,Fallin,Zack Tabudlo ft. Nasty C
40102,favorite kind of high,Kelly Clarkson
40108,I'm Coming Home Cindy,Trini Lopez
40111,Man I Am,Sam Smith
40112,MIND YOUR BUSINESS,"will.i.am, Britney Spears"
40113,Mr Right,"Mae Stephens, Meghan Trainor"
40114,My Sweet Lord,Troye Sivan
40115,Nag-iisa Lang,Regine Velasquez x Jonathan Manalo
40116,Nasa'king Damdamin,Arthur Nery
40120,I Choose You,Andy Grammer
40121,What Was I Made For?,Billie Eilish
40122,Hilom,Moira Dela Torre
40124,Sagot Sa Dalangin,Maricris Garcia
40126,Battle Scars,Guy Sebastian feat. Lupe Fiasco
40129,Only Love Can Save Us Now,Kesha
40130,Daleng Dale,MMJ
40133,Runaway,Sebastian Yatra Daddy Yankee Natti Natasha ft. Jonas Brothers
40135,Mastermind,Taylor Swift
40141,Crazy Beautiful,Andy Grammer
40147,Wala Nang Iba,December Avenue x Belle Mariano
40148,We Didn't Start the Fire,Fall Out Boy
40149,Okay Lang Ako 3,Inigo Pascual
40150,One & Only,Oliver Tree
40151,Good Mood,Adam Levine
40152,Ikaw Ang Aking Mahal,Reymond Sajor
40153,Sakto,Sitti
40154,Chicken Little,Spencer Sutherland & Meghan Trainor
40155,I Can See You,Taylor Swift
40156,Seasons,Thirty Seconds To Mars
40159,Ako Nalang Kasi,Zack Tabudlo
40160,Be More,Stephen Sanchez
40161,Loyal Brave True,Christina Aguilera
40162,Early In The Morning,Cliff Richards
40163,all-american bitch,Olivia Rodrigo
40167,Body Count,Jason Derulo
40168,Bubble,STAYC
40169,Coming Your Way,"Michael Brun, AnneMarie, Becky G"
40171,Feather,Sabrina Carpenter
40172,I'll Be There,Backstreet Boys
40173,I'm Yours,David Archuleta
40174,Lipad Ng Pangarap,Regine Velasquez
40175,Lipstick,Charlie Puth
40179,Paradise,Idina Menzel ft. Nile Rodgers
40180,Perfect,"Sam Smith, Jessie Reyez"
40183,Rush,Troye Sivan
40184,Single Soon,Selena Gomez
40185,Spinnin,Madison Beer
40187,THE GREATEST,TONES AND I
40188,Used To Be Young,Miley Cyrus
40189,Video Games,Lana Del Rey
40190,Voices In My Head,Ashley Tisdale
40192,Kasunod,Erik Santos
40193,Swerte Swerte Lang,Joel Navarro
40195,Love Like This,ZAYN
40200,BRING IT ON,Tones and I BIA  Diarra Sylla
40201,Day And Night,Alamat
40202,Dancing's Done,Ava Max
40206,Hard 2 Forget,Steps
40209,End Of Time,Zara Larsson
40210,Believe In Love,Scorpions
40214,Love U Like That,Lauv
40218,Balse Ng Gabi,Cesca with Maki
40220,American Town,Ed Sheeran
40221,Hello,Fred Engay
40222,Isipin Mo Mahal Ko,Sanshai
40225,life with u,lullaboy
40227,Napakasakit,Sanshai
40229,Luna,SunKissed Lola
40231,I Wish You Cheated,Alexander Stewart
40234,Crush,Bella Poarch & Lauv
40235,DICE,NMIXX
40238,get him back!,Olivia Rodrigo
40239,Liar Liar,DYLAN
40240,OFW AKO,Still One
40241,OMG,NewJeans
40245,Right There,Ariana Grande ft. Big Sean
40249,Treading Water,Sarah Geronimo and Bamboo
40250,True Babe,Gwen Stefani
40251,Water,Tyla
40254,logical,Olivia Rodrigo
40255,Ngayong Wala Ka Na,Rey Valera
40256,Gimme Love,Sia
40258,Daydreamin',Ariana Grande
40262,Tension,Kylie Minogue
40263,Let You Break My Heart Again,Laufey and Philharmonia Orchestra
40264,Sweet Relief,Madison Beer
40267,Better Place,NSYNC
40268,Essence,Oliver Tree
40270,Get A Guitar,RIIZE
40274,Pano Maging Tayo,"This Band, Anthony Meneses"
40275,So Close,Sponge Cola
40281,Night Dancer,Imase
40282,Unlearn You,Keenan Te
40284,Summertime Friends,The Chainsmokers
40286,Wankata,Willie Revillame
40287,Sorry For The Drama,Zoe Wees
40290,Ang Wakas,Arthur Miguel ft Trisha Macapagal
40294,Don't Say Love,Leigh-Anne
40300,In The City,Charli XCX & Sam Smith
40301,Karera,BINI
40302,Kiss Me,Empress Of ft. Rina Sawayama
40303,Lil Boo Thang,Paul Russell
40304,Loka Loka,Queen Manica
40307,Only Place,Jamie Miller
40310,SAGUTIN,SV SQUAD
40311,Sana'y Kapiling Ka,Nonoy Pena
40315,We Go Down Together,"Dove Cameron, Khalid"
40316,You & I,Rita Ora
40317,Sa Kabila ng Lahat,Rey Valera
40321,Hold On To Now,Kylie Minogue
40323,LUXURY LIFE,Busta Rhymes & Coi Leray
40329,Makeout With A Stranger,EMELINE
40330,Kisame,Rhodessa
40333,Pink Champagne,Nick Lopez
40334,Blindside,James Arthur
40338,At Your Worst,Calum Scott
40341,Maybe Next Time,Jamie Miller ft. Moira
40342,Iingatan Kita,Jireh Lim ft. Nik Makino
40343,Dependent,Keenan Te
40344,Laban,Not Informed
40348,Pangako,Moira Dela Torre
40350,Ano Ba Meron Tayong Dalawa,Zack Tabudlo
40352,Arrow,Laura Marano
40353,Bibitaw Na,Darren Espanto
40354,Billie Bossa Nova,Billie Eillish
40356,Dollhouse,The Weeknd & Lily-Rose Depp
40357,Doo Wop (That Thing),Lauryn Hill
40358,exes,Tate McRae
40360,Getting Older,Billie Eillish
40361,Houdini,Dua Lipa
40364,Lihim,Arthur Miguel
40366,Making The Bed,Olivia Rodrigo
40367,Memories,Conan Gray
40369,Realize,Colbie Caillat
40373,Superbloodmoon,"Holly Humberstone, d4vd"
40375,The Grudge,Olivia Rodrigo
40376,Think Of Us,The Chainsmokers ft. GRACEY
40380,Truth or Dare,tyla
40381,Undo,Sanna Nielsen
40382,Vicious,Sabrina Carpenter
40383,When We Were Young,David Guetta & Kim Petras
40385,You're Losing Me,Taylor Swift
40386,Stand By You,Rachel Platten
40387,You & I,Anne-Marie feat. Khalid
40388,Lethal Woman,Dove Cameron
40390,Hands On Me,Jason Derulo & Meghan Trainor
40391,Hard Feelings,Miquela
40392,ETA,NewJeans
40395,Escapism,RAYE & 070 Shake
40396,Live It Up (High Tide),Surfaces
40398,Someone,Calein
40401,Homecoming,James Arthur
40402,this is what autumn feels like,JVKE
40403,Forgot About Us,Keenan Te
40404,chemistry,Kelly Clarkson
40405,California and Me,Laufey ft. Philharmonia Orchestra
40406,I'll Wait For You,Michael Learns To Rock
40407,Turn Back Time,Zack Tabudlo ft. Violette Wautier
40410,Be With U,KD Estrada
40411,Bigger Person,Lauren Spencer Smith
40414,Good Times Go,Nicky Youre
40415,greedy,Tate McRae
40416,Guilty,TAEMIN
40418,In The Stars,Benson Boone
40421,Memory Lane,Zara Larsson
40423,Overthinking,Zoe Wees
40427,She Loves Control,Camila Cabello
40428,Smoke,Victoria Monet ft. Lucky Daye
40430,Stick Season,Noah Kahan
40431,The Girl That Never Was,James Blunt
40432,This Moment,Mimi Web
40433,White Glove,Dove Cameron
40434,Why Can't I Have Two? (2468),Caity Baser
40442,Dance With Me,Blink 182
40444,Run,Maisie Peters
40445,MY HOUSE,Beyonce
40449,Emails I Cant Send,Sabrina Carpenter
40450,Afterglow,Sam Fischer
40455,You Could Start A Cult,Niall Horan with Lizzie McAlpine
40456,Keep Going Up,"Timbaland, Nelly Furtado & Justin Timberlake"
40457,Kursunada,Adie
40459,Heartbroken,Diplo ft. Jessie Murph & Polo G
40461,All My Broken Pieces,James Bay
40462,Strong Enough,Jonas Brothers ft. Bailey Zimmerman
40463,XXL,LANY
40464,Sad Forever,Lauren Spencer Smith
40465,sa'yong sa'yo lang ako,rhodessa ft. mrld
40466,Dal'wang Patinig,SunKissed Lola
40470,LOVE IS DEAD,Zack Tabudlo
40472,Backseat,Charli XCX ft. Carly Rae Jepsen
40475,Everything He Needs,Carly Rae Jespsen
40477,Fast Times,Sabrina Carpenter
40481,One of Your Girls,Troye Sivan
40482,Other Boys,"Marshmello, Dove Cameron"
40484,"No body, No crime",Taylor Swift
40485,TOO MUCH,"The Kid LAROI, Jung Kook, Central Cee"
40486,With You,Oliver Tree
40489,Control,Zoe Wees
40491,Mantrum,Boys World
40492,Im Not Crazy,Charlieonnafriday
40493,Remember When Push Rewind,Chris Wallace
40494,Poetry Glass,Peyton Parrish
40495,Nonsense,Sabrina Carpenter
40496,Mamma Knows Best,Jessie J
40498,Now and Then,The Beatles
40500,Fallin,"Skusta Clee, Bosx1ne, Emcee Rhenn & Flow-G ft. JRoa"
40501,Fantasize,Ariana Grande
40502,LWKY,Teys ft. Keith
40507,"Yes, And?",Ariana Grande
40509,Intrusive Thoughts,Natalie Jane
40513,Lagabog,Skusta Clee ft. Illest Morena
40517,Pick Me,Alec Benjamin
40519,Autumn,Ben&Ben
40520,Bad Woman,Paloma Faith
40521,Beautiful Things,Benson Boone
40522,Leave Me Alone,Caity Baser
40523,Can't Catch Me Now,Olivia Rodrigo
40524,Killing Me,Conan Gray
40525,Bitter Sweet Love,James Arthur
40526,Friend Of Mine,Jess Glynne
40527,Kasing Kasing,juan karlos ft. Kyle Echarri
40528,Change,Kodi Lee
40531,Anything,Mayonnaise
40532,Forever Was Never Enough,Peder Elias
40539,ADHD,Mae Stephens
40540,All Out Of Fight,Pink
40541,Bulletproof,Jamie Fine
40544,Golden Child,Alicia Keys
40546,"He Loves me, He Loves me not",Jessica Baio
40547,"I Love You, Please Don't Hate Me",Sam Fischer
40549,Real Love,The Beatles
40552,Strangers,Lewis Capaldi
40553,Tayo Na Lang,NOBITA
40558,J CHRIST,Lil Nas X
40560,Beez In The Trap,Nicky Minaj ft. Chainz
40561,DASH,NMIXX
40562,Rebel,TVXQ
40571,Dance Alone,Kylie Minogue and Sia
40575,Selos,Shaira
40576,Hawak Mo,Lyka Estrella
40579,STAY,CHA EUN-WOO
40580,BITTERSWEET,Clinton Kane
40581,Car's Outside,James Arthur
40583,Ngayon,Golden Canedo 
40584,NOWHERE,TJ Monterde
40585,Overdrive,Post Malone
40586,RomCom,Rob Deniel
40588,2 die 4,Addison Rae ft. Charli XCX
40589,Train Wreck,James Arthur
40590,Babaero,Gins & Melodies
40593,Enough,Jess Glynne
40594,Eternal Sunshine,Ariana Grande
40595,Freaking Out,Tom Walker
40596,From The Start,Laufey
40599,Love On,Selena Gomez
40601,Marikit Sa Dilim,Juan & Kyle ft. JAWZ
40603,"Me, Myself & I",Mae Muller
40604,My Love,Leigh-Anne ft. Ayra Starr
40605,Pulso,Zack Tabudlo
40608,Tayo Na Lang Dalawa,Calein
40610,We can't be friends (wait for your love),Ariana Grande
40612,Back Home,Andy Grammer
40614,Seven,Taylor Swift
40615,Training Season,Dua Lipa
40618,Kapit,Alamat & Dwta
40623,Of All The Things,Regine Velasquez
40624,Alienated,ZAYN
40625,Been Like This,"Meghan Trainor, T-Pain"
40626,Cry,Benson Boone
40627,Espresso,Sabrina Carpenter
40629,Illusion,Dua Lipa
40630,lavender,JVKE ft. Pink Sweats
40631,My Oh My,Ava Max
40632,obsessed,Olivia Rodrigo
40633,Pantropiko,BINI
40634,Slow It Down,Benson Boone
40638,Different Kind Of Beautiful,Alec Benjamin
40639,Believing In Magic (Yakap Mo),Alexa Ilacad
40640,Nais,Ben&Ben
40641,16 CARRIAGES,Beyonce
40642,Don't Let Me Go,Cigarettes After Sex
40643,Free Falling,James Arthur
40647,A Cure For Minds Unwell,Lewis Capaldi
40649,A Man Like Me,Johnny Orlando
40652,ART,Tyla
40653,Beside You,James Blunt
40656,bye,Ariana Grande
40657,Cheeky But Charming,Mae Stephens ft. KUROMI
40659,Damn It Feels Good To Be Me,Andy Grammer
40660,Doctor (Work It Out),"Pharrell Williams, Miley Cyrus"
40665,Ikaw Na Ba,Norhana
40667,Love Should Be Easy,Zoe Wees
40668,Lupit Ng Pag-ibig,Vanessa
40669,Medisina,Zild
40670,"Nangako Ka, Sa Iba Mo Lang Tinupad",Norhana
40671,"Oo Sige Na, Mahal Na Mahal Kita",Mother Nature
40674,Plastic Palm Trees,Tate McRae
40676,Run Back To You,"LAY, Lauv"
40677,Sabihin Mo Na Lang,Zephanie
40678,Selfish,Justin Timberlake
40679,STUPID IN LOVE,MAX ft. HUH YUNJIN of LE SSERAFIM
40680,Sugal,Maja
40683,Touch In The Night (remix),Silent Circle 
40685,What I Am,ZAYN
40687,Turn the Lights Back On,Billy Joel
40688,Deserve,Skusta Clee & Flow G
40692,You're Hired,NEIKED feat. Ayra Starr
40694,Highlights,Sasha Alex Sloan
40696,Tejano Blue,Cigarettes After Sex
40697,II MOST WANTED,"Beyonce, Miley Cyrus"
40698,Ikaw Na,Calvin ft. Rovilyn
40700,losing a friend,elijah woods
40701,Lead Me On,FLETCHER
40702,I Forgive You,Sia
40703,In The Cards,Jamie Miller
40705,Talk About Love,Kate Hudson
40706,Home To Another One,Madison Beer
40708,Ikaw Lang At Ako,UPGRADE
40711,Backwards,Alexander Stewart
40714,Don't Let Me Down,Surfaces ft. JVKE
40717,HE KNOWS,Camila Cabello ft. Lil Nas X
40721,Immortal Queen,Sia ft. Chaka Khan
40722,Lonely Dancers,Conan Gray
40723,Lose My Breath,Stray Kids ft. Charlie Puth
40724,LUNCH,Billie Eilish
40730,No One There,Dionne Warwick
40731,Powerful Women,Pitbull x Dolly Parton
40733,SARILING MUNDO,TJ Monterde
40734,Saturn,SZA
40735,Stardust,ZAYN
40736,Stargazing,Myles Smith
40745,Ways To Go,Alec Benjamin ft. Khalid
40747,How I Love You,Engelbert Humperdinck
40750,Thing U Do,Tori Kelly
40751,PAPALAYO,Zack Tabudlo
40754,Guilty as Sin,Taylor Swift
40755,Ready,apl.de.ap SB19
40756,"Salamin, Salamin",Bini
40760,Say You'll Never,Lian Ross
40761,Before You Leave Me,Alex Warren
40762,Malabong Ugnayan,Arthur Miguel ft. Jikamarie
40763,TEXAS HOLD 'EM,Beyonce
40764,BIRDS OF A FEATHER,Billie Eilish
40765,Living Proof,Bon Jovi
40766,Alley Rose,Conan Gray
40767,These Walls,Dua Lipa
40769,I Want You (She's So Heavy),The Beatles
40771,Teardrops,Liam Payne
40773,Tiger,Mayonnaise
40775,All The Love That I Ever Needed,James Blunt
40779,Chanel No.5,Camila Cabello
40781,cut!,Maren Morris & Julia Michaels
40782,GIRLS,The Kid LAROI
40783,Humankind,David Kushner
40785,Loca Toca,Ladita
40788,Multiply,Becky Hill 
40791,ROCKSTAR,LISA
40792,Suddenly,Ashley Tisdale
40794,The Door,Teddy Swims
40796,To The Moon,Meghan Trainor
40800,Ask & You Shall Receive,Rita Ora
40801,How Dare You,Alexander Stewart
40805,Toro,Remi Wolf
40806,No Shade at Pitti,The Chainsmokers
40809,I Feel Good,BINI
40810,Isang Pagkakataon,Marco Sison
40813,Bejeweled,Taylor Swift
40814,Please Please Please,Sabrina Carpenter
40815,Pwede ba,Maymay Entrata
40816,My Mind,Sarah Geronimo and Billy Crawford
40817,Lose Control,Teddy Swims
40818,Palagi,TJ Monterde
40819,BLUE,Billie Eilish
40820,Roots,Calum Scott
40821,Things You Said,Cody Fry ft. Moira Dela Torre
40823,Iyo,Darren Espanto
40824,Skin and Bones,David Kushner
40827,Sinners,James Arthur
40828,Pulot,Jireh Lim
40832,Hurt,OneRepublic
40839,Before You Leave Me,Alex Warren
40843,Expectation,Glaceo & Tim Riehm
40846,Highschool,Shanti Dope
40849,Popular,"The Weeknd, Madonna, Playboi Carti"
40850,Rich (fake it till you make it),Lolene
40851,Sabik Na Puso,Marco Sison
40856,WOMAN'S WORLD,Katy Perry
40860,Wag Muna Tayong Umuwi,BINI
40861,Saan Kakapit,Lola Amour
40862,Ano? Bakit? Paano?,Lyka Estrella
40864,Babaero,The BloomFields
40865,Cherry On Top,BINI
40867,Galaxy,The Juans
40868,Moonlight,SB19
40872,My Oh My,"Kylie Minogue, Bebe Rexha & Tove Lo"
40873,Na Na Na,BINI
40875,ALIBI,SEVDALIZA FT. PABLLO VITTAR & YSEULT
40878,Hammer To The Heart,Teddy Swims
40883,Antidote,Guy Sebastian ft. Sam Fischer
40887,AU,Nica del Rosario
40889,How Far Is Your Love,Surfaces
40890,X's,Cigarettes After Sex
40891,Medyo Ako,juan karlos ft. Moira Dela Torre
40898,Dancing With Your Ghost,Sasha Alex Sloan
40899,Die With A Smile,"Lady Gaga, Bruno Mars"
40902,Funeral,Teddy Swims
40903,Gimme Hope Jo'anna,Eddy Grant
40905,Halfway There,Victor Ray
40906,Hero,David Kushner
40907,HOT UPTOWN,Camila Cabello ft. Drake
40909,know that you're not alone,Cat Burns
40911,LIFETIMES,Katy Perry
40912,LMK,Calista
40913,Make A Move,Meghan Trainor
40915,NEW WOMAN,LISA ft. Rosalia
40919,Please Don't Fall In Love With Me,Khalid
40920,Resonate,John Summit & Kaskade ft. Julia Church
40922,See You In The Afterlife,Foster The People
40924,Sorry Ain't Enough,Michael Gerow
40928,Who I Am,"Alan Walker, Putri Ariani, Peder Elias"
40929,Why Why Why,Shawn Mendes
40930,Witness Me,"Jacob Collier ft. Shawn Mendes, Stormzy & Kirk Franklin"
40931,Angas,Skusta Clee & Flow G
40935,Slippin',Paul Russell ft Meghan Trainor
40936,Fortnight,Taylor Swift ft. Post Malone
40937,KNT (Kanta ng Tanga),VXON
40939,Alone,Bee Gees
40941,"You'll Be OK, Kid",Demi Lovato
40942,I Think We're Alone Now,Tiffany
40944,her,JVKE
40946,Sink Or Swim,OneRepublic
40948,Sana Ikaw Na Nga,Marlo Mortel
40949,I Can Do It With A Broken Heart,Taylor Swift
40950,Home Is Where the Hurt Is,The Script
40951,Isa Dalawa Tatlo,Zack Tabudlo
40952,No Gravity,Zedd ft. Bava
40954,Ayokong Masanay,Jireh Lim ft. Jikamarie
40955,Biglaan,Belle Mariano
40956,Dirty Diana,Michael Jackson
40957,Ditto,NewJeans
40961,feelslikeimfallinginlove,Coldplay
40962,Ghost City Tokyo,Ayase
40963,Healing,GORDO x Drake
40965,"I'M HIS, HE'S MINE",Katy Perry ft. Doechii
40973,MOONLIT FLOOR,LISA
40978,Taste,Sabrina Carpenter
40982,Medicine,Behani
40995,Curious,UNIS
40997,SOS (Sex on Sight),Victoria Monet ft. Usher 
41004,Sandal,James Reid
41008,LAMBALAK,MC Einstein X Kyla
41009,The Baddest,Muni Long
41012,La Luna,Skusta Clee ft. Ron Henley & Yuridope
41013,Stay Awhile,The Bells
41014,Dancing In The Flames,The Weeknd
41015,Laman ng Panaginip,Sponge Cola
41016,45849,Toneejay
41018,Akon's Beautiful Day,Akon
41019,All For the Feeling,Clair Marlo
41022,DARATING DIN,TJ Monterde
41025,Goldrush,Taylor Swift
41027,I Like It,Stray Kids
41029,Make Me Happy,Jason Derulo & Jawsh 685
41030,No One Like You,Scorpions
41034,Shine Your Way,Owl City ft. Yuna
41036,Some Things I'll Never Know,Teddy Swims
41037,"Sunflower, Vol. 6",Harry Styles
41043,Arrowmance,Rob Deniel
41044,Look What You've Done To Me,Boz Scaggs
41045,My Kink Is Karma,Chappell Roan
41049,The Last Day On Earth,Kate Miller-Heidke
41051,Falling Behind,Laufey
41052,Fragile,Laufey
41053,Valentine,Laufey
41054,Don't Stop 'Til You Get Enough,Michael Jackson
41056,How Sweet,NewJeans
41057,Pagbilang Ng Tatlo,Bandang Lapis
41060,Pasko Ng Mga Pinoy,Ogie Alcasid
41067,Bewitched,Laufey
41071,Dead Man,Alessia Cara
41072,broken by you,Alexander Stewart
41073,My World,Calum Scott
41077,Up All Night,James Bay with The Lumineers & Noah Kahan
41078,SILENT CRIES,JOSH CULLEN
41080,Where Do We Go Now?,Lil Nas X
41083,San Ka Na,Moira
41086,number one girl,ROSE
41087,Go Find The Hero In You,Ryan's World
41088,Sana Tayo Ulit,Still One Ft. Joshua Mari
41089,Nobody Knows,Shawn Mendes
41090,Bad Dreams,Teddy Swims
41091,the cutest pair,Regina Song
41092,Tears,Tyla
41103,"LOVE, MONEY, FAME",SEVENTEEN ft. DJ Khaled
41108,Somewhere in Vegas,Crash Adams
41109,Tama Ka Na,The Juans
41110,The People's House,Bon Jovi (with The War And Treaty)
41111,TILALUHA,SB19
41113,She's Crazy But She's Mine,Alex Sparrow
41117,Fallin' for You,Colbie Caillat
41118,My Blood,Ellie Goulding
41119,When I'm With You,Faber Drive
41124,Champagne Problems,Taylor Swift
41126,August,Taylor Swift
41130,We're Back,"Auli'i Cravalho, Moana 2"
41134,Run It,Jelly Roll
41136,First Heartbreak,Lauv
41138,Suntok Sa Buwan,Paolo Santos
41139,Happy Ending,Rob Deniel
41140,Heart of Gold,Shawn Mendes
41141,Panata,Tothapi
41142,Anong Daratnan,Belle Mariano ft. Te Vaka
41143,Beautiful That Way,Miley Cyrus
41144,Beyond,Auli'l Cravalho
41145,Bighani,Ace Banzuelo
41155,Ihilak Lang Na,Morissette
41156,I'm Like A Lawyer With The Way I'm Always Trying...,Fall Out Boy
41157,Inggit,Skusta Clee
41159,Ligaw Na Bullet,Skusta Clee Ft. Denise Laurel
41160,Love Isn't,Same Same
41166,OK,Katy Perry
41170,Porcelain,JoJo
41171,SLOW IT DOWN,"The Kid LAROI, Quavo"
41175,toxic till the end,ROSE
41177,End Of Beginning,Djo
41178,I Still Believe In Us Together,Hiyas
41180,Dreamer,Laufey
41184,Dasal Kasal,Zild
41185,Mikazuki,Ayaka
41187,I Miss You,Darren Hayes
41188,Best Friend,Jason Chen
41189,Can I Have This Dance,Vanessa Hudgens & Zac Efron
41190,stay a little longer,ROSE
41192,Sa 'Yo Pa Rin Uuwi,ALAMAT
41193,Burning Down,Alex Warren (with Joe Jonas)
41195,Andito Lang,BGYO
41200,Di Bale,James Reid
41202,DELUSIONAL,Kesha
41204,Perpektong Tao,Maris Racal
41205,manila to LA,Paolo Sandejas
41208,Sandy,John Travolta
41209,Rollin' Right Along,Shawn Mendes
41211,2 hands,Tate McRae
41212,Popular,Ariana Grande
41216,Are You Even Real,Teddy Swims ft. Giveon
41217,blue,yung kai
41218,Boy For a Day,Kylie Cantrall
41230,It's ok I'm ok,Tate McRae
41231,Make It Up To You,"Khalid, Ayra Starr"
41232,Oscar Winning Tears,Raye
41234,Shushhh,"Skusta Clee, Jnske & Yuridope"
41240,Down Bad,Taylor Swift
41241,Blooming,BINI
41242,ALL MY LOVE,Coldplay
41243,This Is What Forever Feels Like,"JVKE, Nick Jonas"
41245,Hanamizuki,Yo Hitoto
41247,Biyahe,Josh Santana
41249,Liberty,Sam Hunt
41252,New Dimensions,Ben&Ben
41253,21st Century Cool Girl,Chloe Qisha
41254,Di Mapakali,Pattia
41257,ADHD,James Arthur
41263,bottomline,Tori Kelly ft. JoJo
41265,Blink Twice,BINI
41266,Celebrate,James Arthur
41267,Defying Gravity,Ariana Grande & Cynthia Erivo
41268,Girl U Gotta Go,Bugoy na Koykoy feat. Jp Bacallan
41274,Open arms,SZA
41279,Sa Bawat Sandali,Amiel Sol
41280,Seven,Natalie Jane
41281,Shadowboxing,Tom Grennan
41282,Snake,Nora Fatehi & Jason Derulo
41286,Slow Motion,Alessia Cara
41287,Maling Panahon,Arthur Miguel
41290,Boys Love Girls,4EVE
41292,Another Lonely Night,Adam Lambert
41293,Diet Pepsi,Addison Rae
41294,Head Down,Cher Lloyd
41299,ACTIN UP,Tommy Richman
41303,Boy In Love,Elliot James Reay
41307,Tomorrow With You,Ben & Ben
41309,Maria,Oliver Cronin Feat. Lola Amour
41311,Kalimutan ka,Skusta Clee
41312,Ordinary,Alex Warren
41313,I Think They Call This Love,Eliot James Reay
41314,Who Believes In Angels?,"Elton John, Brandi Carlile"
41315,Hanggang Kaibigan,Steven Nicole Pedro
41317,Hope,James Bay
41318,Heatstroke,Khalid
41319,Bored,Laufey
41320,Magkabilaan,Zephanie ft. Apoc the Death Architect
41323,M.I.N.O.Y.,mrld
41325,Roll With The Punches,Bryan Adams
41327,Scared of Loving You,"Selena Gomez, benny blanco"
41332,3am,ROSE
41333,Alas Dose,Calista
41334,Butata,Pablo
41336,Can't Take My Eyes Off You,Frankie Valli
41337,Dam,SB19
41340,Gigil,BGYO
41342,I Wouldn't Mind,He is We
41344,Mentally Cheating,Natalie Jane
41346,Sports car,Tate McRae
41349,twilight zone,Ariana Grande
41351,I'm Okay,Moira
41352,Gaslighter,Moira
41356,I Lost You,Darin
41358,Pakiusap Lang,Josh Cullen
41359,When We Kiss,Olly Alexander
41361,Dream,LISA
41362,Handlebars,"JENNIE, Dua Lipa"
41363,like JENNIE,JENNIE
41364,Ruby,JENNIE
41366,Bandaid,Moira
41367,Man In The Moon,Coldplay
41368,Tunnel Vision,Beach Bunny
41369,GIRLS!,Cat Burns
41371,Ready for Love,Matthew Ifield
41373,Miss Miss,Rob Deniel
41375,Tibok,Earl Agustin 
41378,Lonely with Our Love,Charlotte Cardin
41379,Hiwaga,Siakol
41381,James,Laufey
41385,Take you to the moon,Lipta ft. James Alyn
41386,Crazier,Arthur Miguel
41390,Beautiful People,David Guetta & Sia
41391,End of the World,Miley Cyrus
41392,Foolish,Arthur Nery
41394,Handa Na Ako,Atasha Muhlach
41397,Iced Coffee,Pixie
41403,James Dean & Audrey Hepburn (Acoustic version),Sleeping With Sirens
41406,Ano Ba Talaga Tayo,The Juans
41407,Saranggola,Ben&Ben
41409,15 Minutes,Sabrina Carpenter
41410,Don’t Wanna Cry,Selena Gomez and Benny Blanco 
41411,Pinagtagpo,Alisson Shore
41412,Don't Panic,Anne-Marie
41413,Will You Always Love Her,Bella Poarch
41414,Kaleidoscope,Chappell Roan
41424,Mahalaga,Rene Puno
41425,PDKL,Arthur Miguel
41426,Nahanap Kita,Amiel sol 
41427,Ang Iwasan,Moira Dela Torre
41429,Diyan Ka Lang,BINI
41430,Pink Pony Club,Chappell Roan
41431,"Good Luck, Babe",Chappell Roan
41433,What More Can I Say,Gary Valenciano
41434,Miss Pakipot,Adie
41435,Karaoke,James Arthur
41436,3,Britney Spears
41437,Fire,Alessia Cara
41438,Magparaya,BAN
41439,HOT TO GO!,Chappell Roan
41442,Dati'y Hindi Kulang,Rene Puno
41444,Honey Honey,ABBA
41447,FALLIN',Leroy Sanchez
41448,Girl in Your Dreams,M2M
41449,Tsada Mahigugma,Maymay Entrata
41452,Mayonaka no Door (Stay with Me),Miki Matsubara
41454,Long Live,Taylor Swift
41456,No No,Westlife
41458,43x,"Skusta Clee, Flow G, Emcee Rhenn, Brando & King Badger"
41459,AVA,Natalie Jane
41460,Azizam,Ed Sheeran
41462,Cruel,James Arthur
41463,DUNGKA,SB19
41465,"Halika Na, Lika Na",Maxie Andreison
41466,I Need You,Sam Mangubat
41467,IF KARMA DOESN'T GET YOU,Lauren Spencer Smith
41470,Kalakip Ng Awitin,Moira Dela Torre
41471,Makasama Sandali,"Robledo Timido, Elhe"
41475,Nasaan ang Hiling,Maymay Entrata
41476,No Secrets,Jessie J
41478,Paradise,Maymay Entrata
41479,That's What You Get,Anne-Marie
41480,Till my heartaches End,KZ Tandingan
41481,Time,SB19
41484,You You You,Lukas Graham
41486,Last Dance,Dua Lipa
41487,Numbers,KZ Tandingan
41488,Dance with My Mistakes,Lola Amour
41489,Juno,Sabrina Carpenter
41491,Paalam Muna Sandali,Darren Espanto
41493,Priceless,Maroon 5 & LISA
41495,Me Most Nights,Old Dominion
41496,Lovesick,Laufey
41500,Sorry I'm Here For Someone Else,Benson Boone
41501,Pag-ibig ng Ikaw at Ako,Earl Agustin
41502,Good Graces,Sabrina Carpenter
41504,Stages,Nick Carter
41505,High Infidelity,Taylor Swift
41510,Sparkle,Jesse Barrera
41513,Drew Barrymore,SZA
41514,Is it over now?,Taylor Swift
41520,Dear God,Tate McRae
41521,Die Young,Chappell Roan
41524,Here We Go Again,Sofia Camara
41528,Mystical Magical,Benson Boone
41529,"Good Luck, Babe!",Chappell Roan
41530,Special,Absnt Mind
41531,Dressing Room,Natori
41532,Old Phone,Ed Sheeran
41538,Busy Woman,Sabrina Carpenter
41540,please you,Jae K
41541,You're So Pretty,Mehro
41545,Liham Sa Ulap,Kylix
41546,Safe,Moira Dela Torre
41547,1999,JOSH CULLEN
41552,Minamahal,Earl Agustin
41553,Regine Velasquez Medley,Andrea
41554,Manloloko,Zack Tabudlo
41556,Reyna,Michelle Dee
41557,Bida,Jayda
41561,Body Language,Dooleys
41568,Young & Dumb,Avril Lavigne feat. Simple Plan
41570,Fade Away,Darin
41573,No One's Gonna Love You Like I Do,Amy Cruz
41575,Tayong Dalawa,Earl Agustin
41577,You And I,John Davidson
41579,Grand Piano,Niki Minaj
41580,If You Ever Come Back,The Script
41582,Yes You Do,Maureen Kelly
41583,Umaaligid,Sarah Geronimo & SB19
41584,Under the Tree,Ed Sheeran
41588,Permanent Scars,Christopher
41590,A Guy Like You,Emily Linge
41597,Back and Forth,Halle
41598,Casual,Chappell Roan
41601,Falling for You,Devin Kennedy
41602,Flaws,Calum Scott
41603,Headphones On,Addison Rae
41604,Hero,Charlie Puth
41605,Inside Out,The Script
41606,Is It Just Me?,Mike Posner
41608,Lay,William Singe
41613,Bad Chem,Sabrina Carpenter
41620,Naglahong Ligaya,Bert Dominic
41622,Shot Puno,Cianne
41623,Di Makaramdam,DARREN
41624,Ina,Dia Mate ft. Regine Velasquez-Alcasid
41627,Aya,Earl Agustin
41629,Hele,TONEEJAY
41630,MAY NANALO NA,Loonie ft. Frizzle Anne
41632,Gabriela,KATSEYE
41633,Gameboy,KATSEYE
41635,Goodbye Is Not Forever,Erik Santos
41636,Hanggang Sa Magsawa,mrld
41640,Vampire Diaries,mgk
41641,Nothing Changes,Simple Plan
41643,No Time To Talk,Jonas Brothers
41645,Survive,Lewis Capaldi
41646,Rain,Sarah Geronimo
41647,KALAKAL,SB19 & GLOC-9
41648,Lover Girl,Laufey
41650,Manchild,Sabrina Carpenter
41651,Mayakap Kang Muli,Marlo Mortel
41652,Midnight Sun,Zara Larsson
41653,Nagmamahal Lang Ako,KZ TANDINGAN
41655,You'll Be in My Heart,NIKI ft. Phil Collins
41656,Lulay,Nowan
41657,On My Mind,Alex Warren & ROSE
41658,Overjoyed,Devin Velez
41659,Paano Kung Tayo Na Lang,DARREN
41665,Follow Your Heart,Unicorn Academy
41666,Whatever This Is,Fern
41667,Beautiful Horizon,Eden Golan
41669,Could You Love Me,Elijah Woods
41670,Lost Your Faith,Ava Max
41673,Romeo,Dove Cameron
41674,FIRST PLACE,Justin Bieber
41679,K.,Cigarettes After Sex
41682,Just One Kiss,Nick Carter
41684,Perfect to Me,Michael Sanzone
41687,WALKING AWAY,Justin Bieber
41689,Found A Love,Moira Dela Torre
41692,Fame is a Gun,Addison Rae
41694,How Does It Feel To Be Forgotten,"Selena Gomez, benny blanco"
41695,I Don't Like Your Boyfriend,Anne-Marie
41696,WALANG KABA,Marina Summers
41697,Was it easy to forget,Billie Eilish
41698,IS IT,Tyla
41700,Lovin Myself,Ava Max
41701,Sweet Delusion,Bella Poarch
41702,Magpahinga,Ben&Ben
41703,Naked in Manhattan,Chappell Roan
41706,Filipina Queen,G22
41710,Minamahal,Ashtine Olviga & Andres Muhlach
41718,Every Girl You've Ever Loved,Miley Cyrus ft. Naomi Campbell 
41721,Orange,7!!
41727,Hindi Tayo Pwede,Katrina Velarde
41728,Mad,Renee Rapp
41729,FIRE,Alyn Sano 
41730,Strawberries and Cigarettes,Troye Sivan
41732,You Are My Everything,Julie Ann San Jose
41733,Out Of My Head,BINI
41734,California,Chappell Roan
41735,Messy,ROSE
41736,Tears,Sabrina Carpenter
41737,Mamma Mia,ripley alexander
41738,Tunay,Lance Santdas
41739,Sweetness,Elliot James Reay
41740,God Went Crazy,Teddy Swims
41742,Pagtibok Ng Puso,Boyfriends
41743,Sa Aking Pag Iisa,Nonoy Pena
41746,You Love Who You Love,Zara Larsson
41749,Can't Hold Us,Macklemore & Ryan Lewis ft Ray Dalton)
41751,Don't Put It All On Me,"Noah Cyrus, Fleet Foxes"
41753,I Just Don't Know You Yet,Absolutely
41755,THE ONE,Kesha
41757,Even Angels Let Go,Benson Boone
41758,For Always,Ed Sheeran
41761,Rest of My Life,Keenan Te
41763,how do you dance,yung kai
41764,In Other Words,Ed Sheeran
41766,Apocalypse,Cigarettes After Sex
41769,GPT,STAYC
41773,Touch,KATSEYE
41776,Yellowstone (Holding You),Matt Hansen
41777,1998,Michael Pangilinan
41779,Ako Na Lang,The Juans
41780,Ang Rosas,Rob Deniel
41782,Ayoko Na,Zion Aguirre
41783,DEPRESSED,Anne-Marie
41784,Di Nakakasawa,Arthur Nery
41786,Dito Sa'kin,Earl Agustin
41788,First Luv,BINI
41790,Alon,JL
41791,Pahuway,RAIN
41793,Ikaw sana,Rob Deniel
41797,Overthink,Kai Montinola
41798,KINAKABAHAN,LILY
41799,Lipstick Na Itim,Kyle Echarri
41805,Naiwan,The Juans
41807,Hanggang Dito Na Lang Ba Tayo,Ogie Alcasid
41811,Penny Lover,Lionel Richie
41813,Puso,Rob Deniel
41814,Healing,Rico Blanco
41816,Shagidi,BINI
41818,Take A Chance With Me,NIKI
41819,The Life of a Showgirl,Taylor Swift feat Sabrina Carpenter
41820,Sandalan,Truefaith
41821,Walls,Yumi Lacsamana & Soc Villanueva
41822,What If Tayo?,"Mika Salamanca, Brent Manalo"
41823,Kunwari Lang,Zephanie
41825,I Can Do It With a Broken Heart,Taylor Swift
41828,Bed of Lies,Alice Chater
41828,Bed of Lies,Alice Chater
41829,Best Friend,Jason Chen
41829,Best Friend,Jason Chen
41830,Die For You,Calum Scott
41830,Die For You,Calum Scott
41831,Take Me Dancing,Doja Cat ft. SZA
41831,Take Me Dancing,Doja Cat ft. SZA
41835,When The Darkness Comes,Colbie Coilat
41836,On The Beach,Caroline Polachek
41836,On The Beach,Caroline Polachek
41837,Celebrate Our Love,A1
41837,Celebrate Our Love,A1
41838,Changes,Charlie Puth
41838,Changes,Charlie Puth
41839,Cry,Cigarettes After Sex
41839,Cry,Cigarettes After Sex
41840,EYES CLOSED,JISOO & ZAYN
41840,EYES CLOSED,JISOO & ZAYN
41842,In Another World,EJAE
41842,In Another World,EJAE
41846,Easy Lover,Miley Cyrus
41846,Easy Lover,Miley Cyrus
41847,Sick To My Stomach,Natalie Jane
41847,Sick To My Stomach,Natalie Jane
41848,Sober,Selena Gomez
41848,Sober,Selena Gomez
41849,The Fate of Ophelia,Taylor Swift
41849,The Fate of Ophelia,Taylor Swift
41851,Bliss,Tyla
41851,Bliss,Tyla
41854,Don't Leave,Cheat Codes
41854,Don't Leave,Cheat Codes
41855,IRL,Lizzo ft. Zsa
41855,IRL,Lizzo ft. Zsa
41861,Bad Honey,Justin Bieber
41861,Bad Honey,Justin Bieber
41868,Gnarly,KATSEYE
41868,Gnarly,KATSEYE
41871,bandaids,Katy Perry
41871,bandaids,Katy Perry
41872,On and On and On,Klara Hammarstrom
41872,On and On and On,Klara Hammarstrom
41873,Lemonade,Louis Tomlinson
41873,Lemonade,Louis Tomlinson
41874,Making Good Time,Old Dominion
41874,Making Good Time,Old Dominion
41875,Opalite,Taylor Swift
41875,Opalite,Taylor Swift
41876,"Segundo, Siguro",Arthur Nery
41876,"Segundo, Siguro",Arthur Nery
41877,Aloe Vera,BGYO
41877,Aloe Vera,BGYO
41878,Ako Lang,dia mate
41878,Ako Lang,dia mate
41879,Dominga,La Mave  Ft. Nateman
41879,Dominga,La Mave  Ft. Nateman
41881,Ginintuang Tanawin,Wilbert Ross
41881,Ginintuang Tanawin,Wilbert Ross
41891,Wasak Na Puso,Six Part Invention
41891,Wasak Na Puso,Six Part Invention
41894,Umpisa,Moira ft. Adie
41894,Umpisa,Moira ft. Adie
41898,Young Turks,Rod Stewart
41898,Young Turks,Rod Stewart
41899,She's Mine,Sean Thomas
41899,She's Mine,Sean Thomas
41900,Silver Spoon,Erin LeCount
41902,Wala Na Bang Pag-ibig,Rob Deniel
41902,Wala Na Bang Pag-ibig,Rob Deniel
41903,Whisper In The Waves,Olly Alexander
41903,Whisper In The Waves,Olly Alexander
41904,You Are Loved,Josh Groban
41904,You Are Loved,Josh Groban
41905,Younger And Hotter Than Me,"Selena Gomez, benny blanco"
41905,Younger And Hotter Than Me,"Selena Gomez, benny blanco"
41906,"You're A Liar, You Love Me",Cil
41906,"You're A Liar, You Love Me",Cil
41910,WILDFLOWER,Billie Eilish
41912,Carry You Home,Alex Warren
41913,Good Morning Sunshine,Aqua
41914,Before I Knew You,Ben Platt
41918,Someone Else's Favorite,Michal Leah
41920,Satellites,The Script
41921,Island,The XX
41923,Forever,Mariah Carey
41924,Chasing Paradise,"Kygo, OneRepublic"
41925,Don't Talk To Me,Tre Coast ft Lycia Faith
41928,Head Down,Cher Lloyd
41931,Insomnia,Ashley Tisdale
41932,Polaroid,Imagine Dragons
41938,Hallucinate,Dua Lipa
41940,Heaven,Julia Michaels
41941,High Fashion,Addison Rae
41943,Intro (end of the world),Ariana Grande
41951,Why,M2M
41954,Midnight Rain,Taylor Swift
41955,Every Girl You've Ever Loved,Miley Cyrus ft. Naomi Campbell
41957,Ang Huling Chacha,BINI
41960,Gunita,Sponge Cola
41961,Gusto Ko Nang Bumitaw,Sheryn Regis
41962,I Love You Babe,Ranier Castillo
41966,Maharani,ALAMAT
41969,Nandito Ako,Rob Deniel
41970,Pagsisisi,Bandang Lapis
41972,Ikaw Sana and Nandito Ako,Rob Deniel
41973,Sandali,mrld
41975,Smilky,SUD
41978,The Boy Who Cried Wolf,Pablo
41980,Spies,Robbie Williams
41981,The Subway,Chappell Roan
41982,Love in real life,Lizzo
41983,Tokyo Town,Sarah
41984,Touch,Cigarettes After Sex
41985,Tough Luck,Laufey
41986,Wood,Taylor Swift
41987,Sa Ugoy ng Duyan,Aiza Seguerra
41988,the boy is mine,Ariana Grande
41991,Solo,Blanka
41993,Tahan,Bryan Chong
41999,Did You Like Her In The Morning,NIKI
42001,PALAGI,TJxKZ
42002,The Mountain,Shawn Mendes
42003,WAY IT IS,"Justin Bieber, Gunna"
42004,Sapphire,Ed Sheeran
42005,Femininomenon,Chappell Roan
42008,Memories We'll Never Make,Michael Minelli
42009,Nice Knowing You,Sadie Jean
42010,So Easy (To Fall In Love),Olivia Dean
42011,Sunset Blvd,"Selena Gomez, benny blanco"
42015,God Of Music,SEVENTEEN
42017,Here With You,BINI
42018,House Tour,Sabrina Carpenter
42019,I Just Might,Bruno Mars
42020,If He Wanted To He Would,Perrie
42021,Ikaw,Andrew E
42022,ILAW,SB19
42025,Jai Ho,"A.R. Rahman, The Pussycat Dolls ft. Nicole Scherzinger"
42030,Silver Lining,Laufey
42031,Trouble,Laufey
42034,Kasama Ka,Marko Rudio
42035,Minsan Isang Araw,The Company
42037,Man I Need,Olivia Dean
42039,Nobody's Son,Sabrina Carpenter
42041,In The Air Tonight,Phil Collins
42042,Love's Got A Hold On My Heart,Steps
42045,Sama-Sama,14-K
42047,Where Is My Husband,Raye
42051,Wish List,Taylor Swift
42052,The Cut That Always Bleeds,Conan Gray
42053,There's A Kind Of Hush,Engelbert Humperdinck
42054,Unang Halik,TJ Monterde 
42055,Whine Up,Kat DeLuna ft. Elephant Man 
42056,You Can Be A Hero,Miles Bonham
