2,SULTANS OF SWINGS,DIRE STRAITS,,
4,I Love Rock And Roll,Joan Jett,,
12,Ballad Of John & Yoko,Beatles,,
13,"Paint It, Black",The Rolling Stones,,
14,Jumping Jack Flash,Rolling Stones,,
17,Baby You're A Rich Man,Beatles,,
23,St. Elmo's Fire,John Farr,,
28,Till They Take My Heart Away,Claire Marlo,,
30,Breaking Up Is Hard To Do,N. Sedaka,,
49,Woman,John Lennon,,
50,Bad Girls,Donna Summer,,
59,Joy to the World,Three Dog Night,,
63,COTTON FIELDS,CCR,,
75,A Hazy Shade of Winter,Bangles,,
81,A Big Hunk of Love,Elvis Presley,,
86,Yakap-Yakap,Randy Santiago,,
89,18 and Life,Skidrow,,
90,25 OR 6 TO 4,CHICAGO,,
92,1999,Prince,,
102,Kasalanan,Orient Pearl,,
103,Nosi Balasi,Sampaguita,,
105,Next In Line,After Image,,
109,Pagtawid,After Image,,
116,Pag-ibig Ko Sa'yo'y Di Magbabago,Men Oppose,,
120,Laki Sa Layaw,Mike Hanopol,,
122,LAKLAK,THE TEETH,,
139,Lagim,Siakol,,
151,Mahal Na Mahal Kita,Aegis,,
164,Spring Summer Winter and fall,Aphrodite's Child,,
168,Nothing's Gonna Change My Love For You,Glen Medeiros,,
172,Strong Enough,Sheryl Crow,,
185,I'm A Believer,Neil Diamonds/The Monkees,,
187,Indian Reservation,Paul Revere,,
192,Listen To The Music,Doobie Brothers,,
193,LITTLE DARLIN',MAURICE WILLIAMS,,
195,Nights In White Satin,Moody Blues,,
197,One,Three Dog Knight,,
199,Romeo And Juliet,Dire Strait,,
211,Young Love,Tab Hunter,,
212,Solitary Man,Neil Diamond,,
215,Glory Of Love,Peter Cetera,,
216,Hold The Line,Toto,,
218,Jump,Van Halen,,
223,Line To Heaven,Introvoys,,
233,Money For Nothing,Dire Strait,,
237,Back In the USSR,Beatles,,
248,CATHY'S CLOWN,EVERLY BROTHERS,,
256,Walk Right Back,Everly Brothers,,
276,Straight From The Heart,Bryan Adams,,
287,Can't We Try,Dan Hill and Vonda Shepard,,
289,Don't Talk To Strangers,Rick Springfield,,
291,Oh My Love,John Lennon,,
307,Elesi,Rivermaya,,
336,Dream On,Aerosmith,,
354,MOONLIGHT FLOWER,MICHAEL CREATU,,
357,Suzie Q,CCR,,
358,STORMY MONDAY,ALLMAN BROTHERS,,
374,ABACAB,GENESIS,,
375,Bad Case Of Loving You,Robert Palmer,,
381,CARRIE,EUROPE,,
384,JANE,JEFFERSON STARSHIP,,
388,SYMPATHY,RAREBIRD,,
390,Before The Dawn,Judas Priest,,
391,I Shot The Sheriff,Eric Clapton,,
392,I Get Around,Beach Boys,,
394,HELLO I LOVE YOU,DOORS,,
395,HEARTBREAK HOTEL,ELVIS PRESLEY,,
396,Hang on Sloopy,Rick Derringer,,
397,Good Molly Miss Molly,Little Richard,,
398,"Girl, you'll Be A Woman Soon",Neil Diamonds,,
399,Jail House Rock,Elvis Presley,,
400,LOVE ON THE ROCKS,NEIL DIAMOND,,
402,"SPRING, SUMMER WINTER AND FALL",APHRODITE'S CHILD,,
408,LOVE ME DO,BEATLES,,
414,House Of The Rising Sun,Animals,,
416,I'M ON FIRE,BRUCE SPRINGSTEEN,,
418,Lookin' Out My Back,CCR,,
419,DRIVE MY CAR,BEATLES,,
420,ELEANOR RIGBY,BEATLES,,
421,Get Back,The Beatles,,
422,Good Day Sunshine,Beatles,,
423,GOT TO GET YOU INTO MY LIFE,BEATLES,,
424,HERE COMES THE SUN,BEATLES,,q
427,LUCY IN THE SKY WITH DIAMONDS,BEATLES,,
428,NORWEGIAN WOOD,BEATLES,,
429,Paper Back Writer,The Beatles,,
432,Do You Wanna Dance,Mamas & The Papas,,
434,SHE'S A LADY,RICHARD SANDERSON,,
435,Addicted To Love,Robert Palmer,,
436,COMING UP,WINGS,,
437,DAYDREAM BELIEVER,THE MONKEES,,
438,Don't Be Cruel,Elvis Presley,,
439,BIG GIRLS DON'T CRY,FOUR SEASONS,,
440,BE BOP A LULA,GENE VINCENT,,
441,HONKY TONK WOMEN,THE ROLLING STONES,,
443,Great Balls Of Fire,Jerry Lewis,,
444,Lodi,CCR,,
450,Under my Thumb,Rolling Stones,,
451,Tutti Frutti,Little Richard,,
453,TEDDY BEAR,ELVIS PRESLEY,,
455,ONE OF THESE NIGHTS,Henley Frey,,
456,MY HOMETOWN,BRUCE SPRINGSTEEN,,
466,Faithful,Go West,,
472,Sometimes Love Just Ain't Enough,Patty Smith,,
476,However Which Way,Introvoys,,
477,Stupid Cupid,Connie Francis,,
479,Put Your Head On My Shoulder,Paul Anka,,
485,Salamat,The Dawn,,
487,GIVE ME THE NIGHT,THE DAWN,,
488,THE REASON WHY,JOHN FARNHAM,,
495,Tuloy Pa Rin,Randy Santiago,,
511,Break It Down Again,Tears For Fears,,
512,All I Want,Toad The Wet Sprocket,,
513,Creep,Radiohead,,
514,People Are Strange,Doors,,
532,What's Up,4 Non Blondes,,
539,EVERYBODY WANTS TO RULE THE WORLD,TEARS FOR FEARS,,
541,HEAD OVER HEELS,TEARS FOR FEARS,,
544,Kiss,Tom Jones,,
556,SPICKS AND SPECKS,THE BEE GEES,,
568,Too Much Love Will Kill You,Brian May,,
573,I Want To Break Free,Queen,,
587,Something To Say,Harem Scarem,,
598,STAY (I MISSED YOU,LIZA LOEB,,
614,THE MORE YOU IGNORE ME,MORRISSEY,,
617,Please Mr. Postman,Carpenters,,
618,THE POWER OF LOVE,CELINE DION,,
622,Tag-ulan,After Image,,
635,Baby I Don't Care,Elvis Presley,,
643,Good Luck Charm,Elvis Presley,,
657,Muntik Ng Maabot Ang Langit,True Faith,,q
662,WHY DO FOOLS FALL IN LOVE,FRANKIE LYNON,,
663,SEPTEMBER MORN',NEIL DIAMOND,,
669,Footloose,Kenny Loggins,,
689,I COULD EASILY FALL IN LOVE,CLIFF RICHARD,,
694,The Next Time I Fall,Peter Cetera And Amy Grant,,
701,Two Steps Behind,Def Leppard,,
706,How Sweet It Is (To Be Loved By You),James Taylor,,
708,I Can See Clearly..,Hothouse Flowers,,
727,First Time,Styx,,
741,Leader Of The Band,Dan Fogelberg,,
749,Mahal Na Mahal Kita,Aegis,,
750,POOR BOY,ELVIS PRESLEY,,
751,"WHEN IT RAINS, IT REALLY POURS",ELVIS PRESLEY,,
752,Smoke On The Water,Deep Purple,,
761,THE LOGICAL SONG,SUPERTRAMP,,
767,WEAR MY RING AROUND...,ELVIS PRESLEY,,
775,I Want You,Elvis Presly,,
784,AN OLD FASHIONED LOVE SONG,TREE DOG NIGHTS,,
800,Do You Think I'm Sexy,Rod Stewart,,
802,All I've Got To Do,BEATLES,,
803,OLD TIME ROCK AND ROLL,BOB SEEGER,,
805,EYE OF THE TIGER,SURVIVOR,,
806,Can't Help Fallin' I Love With You,Elvis Presley,,
809,LIGHT MY FIRE,DOORS,,
812,LAYLA,ERIC CLAPTON,,
816,Obladi Oblada,Beatles,,
819,BAD MOON RISING,J.C FOGETTY,,
820,Born To Be Wild,Stephen Wolffe,,
821,Bus Stop,Till Dawn,,
828,DANCING IN THE DARK,Bruce Springsteen,,
829,Fun Fun Fun,Beach Boys,,
830,AFTER MIDNIGHT,ERIC CLAPTON,,
831,Give Peace A Chance,John Lennon,,
832,Hound Dog,Elvis Presley,,
833,Wanted Dead Or Alive,Bon Jovi,,
834,Viva Las Vegas,Elvis Presley,,
836,THE MIDNIGHT SPECIAL,CCR,,
837,Manic Monday,Bangles,,
841,Last Train To Clarksville,The Monkees,,
842,Here I Go Again,White Snake,,
843,Heartache Tonight,Eagles,,
844,GLORY DAYS,BRUCE SPRINGSTEEN,,
846,Walk Of Life,Dire Straits,,
847,Gimme Shelter,Rollin' Stones,,
848,AT THE HOP,DANNY AND JRS.,,
852,AND WHEN I DIE,BLOOD SWEAT AND TEARS,,
855,Color My World,Chicago,,
859,Dude Looks Like A Lady,Aerosmith,,
862,Faith,George Michael,,
863,For My Lady,Moody Blues,,q
871,I Can Dream About You,Dan Hartman,,
872,I Understand,Herman's Hermit,,
879,Knockin' On Heaven's Door,Guns N' Roses,,
887,Lucille,Little Richard,,
888,Make Me Smile,Chicago,,
896,Open Arms,Journey,,
897,MY OLD SCHOOL,STEELY DAN,,
898,ONLY THE LONELY,ROY ORBISON,,
899,Paradise City,Guns N' Roses,,
901,Poor Man's Moody Blues,B.J. Harvest,,
903,Private Dancer,Tina Turner,,
904,Purple Rain,Prince,,
907,Raspberry Beret,Prince,,
908,Reelin' In The Years,Steely Dan,,
910,Sea Of Heartbreak,Poco,,
912,She's Gone,Black Sabbath,,
919,Final Countdown,Europe,,
921,Up Where We Belong,Joe Cocker,,
925,Willie And The..,Eric Clapton,,
929,COCAINE,ERIC CLAPTON,,
930,Don't Let Me Be Misunderstood,David Soul,,
932,Midnight Rider,Allman Brothers,,
933,Don't Lose My Number,Phil Collins,,
934,THE HEART OF ROCK AND ROLL,HUEY LEWIS,,
935,JOHNNY B GOOD,CHUCK BERRY,,
937,Legs,Aegis,,
939,Owner Of A Lonely Heart,Yes,,
940,CHERRY CHERRY,NEIL DIAMOND,,
944,Devil With A Blue Dress On,Mitch Ryder,,q
945,INVISIBLE TOUCH,GENESIS,,
947,Pinball Wizard,Elton John,,
948,All I've Got To Do,BEATLES,,
949,FEELING ALL RIGHT,JOE COCKER,,
952,Burning Love,elvis Presley,,
968,Black Or White,Michael Jackson,,
970,Heart And Soul,Huey Lewis,,
971,HELP ME RHONDA,BEACH BOYS,,
973,IF THIS IS IT,HUEY LEWIS,,
974,I'll Supply The Love,TOTO,,
976,BABY FACE,U2,,
980,Man In The Mirror,Michael Jackson,,
982,ONE NIGHT,ELVIS PRESLEY,,
998,Down In Brazil,Michael Franks,,
1006,Fever,Elvis Presley,,
1009,Girl,Immaculate,,
1010,Gold,Spandau Ballet,,
1012,Hand In My Pocket,Alanis Morissette,,
1018,Ironic,Alanis Morissette,,
1024,More Than You'll Ever Know,Michael Ruff,,
1026,My Life,Billy Joel,,
1033,RIP IT UP,ELVIS PRESLEY,,
1036,Summer Nights,Olivia Newton John,,
1039,Song Sung Blue,Neil Diamond,,
1080,No Touch,Mike Hanopol,,
1082,PARA SA `YO,PRETTIER THAN PINK,,
1110,Pagsubok,Orient Pearl,,
1127,Long Hair,Weed,,
1135,Ang Himig Natin,Juan dela Cruz Band,,
1182,ALWAYS IN MY HEART,TEVIN CAMPBELL,,
1184,Pagibig,APO,,
1203,AFTERTHOUGHT ON A TV ShowJ,OSE MARI CHAN,,
1308,Banal Na Aso Santong Kabayo,Yano,,
1310,Muntik Ng Maabot Ang Langit,True Faith,,q
1313,Sana Dalawa Ang Puso Ko,Bodjie's Law Of Gravity,,
1317,Amazing,Aerosmith,,
1336,Hindi Magbabago,Randy Santiago,,
1337,SINCE I DON'T HAVE YOU,GUN 'N ROSES,,
1340,Dreamin',Cliff Richard,,
1348,Fixing A Broken Heart,Indecent Obsession,,
1352,A Groovy Kind Of Love,Phil Collins,,
1365,Sometimes Love Just Ain't Enough,Patty Smith,,
1419,Was I Dreamin',The Cascades,,
1452,Deep In My Soul,Acosta & Russell,,
1471,Banal Na Aso Santong Kabayo,Yano,,
1474,About A Girl,Nirvana,,
1484,EYE IN THE SKY,ALAN PARSONS PROJECT,,
1485,My Fair Share,Seals & Crofts,,
1488,HABANG MAY BUHAY,A+P592+C613:J+C613:M613,,
1493,If Looks Could Kill,Heart,,
1503,Love Is All Around,Wet Wet Wet,,
1506,The Moment Of Truth,Survivor,,
1507,MULTO SA PANINGIN,The Youth,,
1514,NO RAIN,BLIND MELON,,
1516,NOTHIN' AT ALL,HEART,,
1528,Time,Alan Parsons Project,,
1534,Huwag Na Lang Kaya,True Faith,,
1535,What About Love,Heart,,
1539,Devoted To You,Everly Brothers,,
1543,Forever,Rex Smith,,
1544,AIN'T THAT A SHAME,FATS DOMINO,,
1546,Baby I Don't Care,Elvis Presley,,
1547,BARBARA ANN,BEACH BOYS,,
1551,BLUEBERRY HILL,FATS DOMINO,,
1552,Blue Suede Shoes,Elvis Presley,,
1566,HARD HEADED WOMAN,ELVIS PRESLEY,,
1571,KISS ME QUICK,ELVIS PRESLEY,,
1574,All Apologies,Nirvana,,
1577,Don't Fade Away,Acosta & Russel,,
1579,IF I SING YOU LOVE SONG,BONNIE TYLER,,
1587,I LOVE ROCK 'N..,JOAN JETT,,
1596,Muntik Nang Maabot Ang Langit,True Faith,,
1599,NEXT DOOR TO ANGEL,NEIL SEDAKA,,
1609,All Shook Up,Elvis Presley,,
1628,Constantly,Cliff Richard,,
1647,Always Something There To Remind Me,Naked Eyes,,
1663,Where Are You Now,Jimmy Harnen,,
1669,WAIT TILL YOU SEE,NEIL SEDAKA,,
1672,HEAVENLY ANGEL,MENUDO,,
1673,HOLD ME,MENUDO,,
1676,Happy Birthday Sweet Sixteen,Paul Anka,,
1682,To Be With You,Mr. Big,,
1683,TOO MUCH,ELVIS PRESLEY,,
1684,RETURN TO SENDER,ELVIS PRESLEY,,
1685,All I Wanna Do,Sheryl Crow,,
1689,BAD,MICHAEL JACKSON,,
1694,CRAZY IN LOVE,KIM CARNES,,
1700,I Can't Be With You,The Cranberries,,
1715,HIP TO BE SQUARE,HUEY LEWIS,,
1723,Almost Paradise,Mike Reno ft. Ann Wilson,,
1750,Gold,Spandau Ballet,,
1761,BATIBOT,ALAMID,,
1765,All I Want Is Everything,Def Leppard,,
1766,3 A.M.,Matchbox 20,,
1771,Mmmm Sarap,Kamikazee,,
1846,Anytime,Kelly Clarkson,,
2139,TODO A PULMON,MIGUEL RIOS,,
2360,ME CUESTA TANTO OLVIDARTE,MECANO,,
2534,AND I LOVE HER,BEATLES,,
2538,As tears go by,Rolling Stones,,
2545,Bye Bye Love,Everly Brothers,,
2555,Don't Let Me Be Misunderstood,Shocking Blue,,
2575,Have you Ever Seen The Rain,CCR,,
2580,house of The Rising Sun,Animals,,
2581,Hotel California,Eagles,,
2587,Imagine,John Lennon,,
2590,Just When I Needed You Most,Randy Vanwarmer,,
2607,Midnight Blue,E.L.O.,,
2611,Only You,Platters,,
2615,Reality,Richard Sanderson,,
2617,Rain and Tears,Aphrodite's Child,,
2629,Stand By Me,John Lennon,,
2652,BECAUSE I LOVE YOU,SHAKIN' STEVENS,,
2654,HOW CAN I TELL HER,LOBO,,
2658,GIRL YOU ARE MY LOVE,Pink Boys,q,
2659,Black Is Black,Joy,,
2660,WITHOUT YOU,Harry Nilsson,,
2664,Within You'll Remain,Tokyo Square,,
2691,LET'S TWIST AGAIN,CHUBBY CHECKER,,
2693,BOULEVARD,DAN BYRD,,
2701,Because,The Dave Clark Five,,
2702,Crying In The Rain,Everly Brothers,,
2717,Jambalaya,Carpenters,,
2719,Sorry Seems To Be The Hardest Word,Elton John,,
2720,HEART OF GOLD,NEIL YOUNG,,
2731,Moonlight Lady,David Bowie,,
2752,Sweet Caroline,Neil Diamond,,
2753,Come Together,Beatles,,
2756,EVERY TIME YOU GO AWAY,PAUL YOUNG,,
2757,Livin' On A Prayer,Bon Jovi,,
2770,Lipstick On Your Collar,Connie Francis,,
2780,Soldier Of Fortune,Deep Purple,,
2784,The One You Love,Glenn Frey,,
2789,Don't Let The Sun Go Down On Me,ELTON JOHN,,
2790,Beat It,Michael Jackson,,
2791,ISLAND GIRL,ELTON JOHN & BERNIE TAUPIN,,
2792,Suspicious Mind,Elvis Presley,,
2824,I Just Died In Your Arms Tonight,Cutting Crew,,
2826,Unchain My Heart,Joe Cocker,,
2831,I HATE MYSELF FOR LOVING YOU,JOAN JETT,,
2843,CROCODILE ROCK,ELTON JOHN & BERNIE TAUPIN,,
2844,GOODBYE YELLOW BRICK ROAD,Elton John,,
2856,BLUEBIRD,PAUL McCARTNEY,,
2863,I PUT A SPELL ON YOU,CCR,,
2865,Long Cool Woman,The Hollies,,
2866,My Love,Paul McCartney,,
2870,Telephone Line,ELO,,
2871,Rhiannon,Steve Nicks,,
2874,You Give Love A Bad Name,Bon Jovi,,
2876,All I Ever Need Is You,Sonny And Cher,,
2884,The Air that I Breath,The Hollies,,
2888,Cry Me A River,Joe Cocker,,q
2889,All Right Now,Free,,
2890,When I Was Young,The Animals,,
2893,Runaway,Del Shannon,,
2894,Dizzy,Tommy Roe,,
2896,SOMETHING 'BOUT YOU..,RICHARD SUPA,,
2897,CANDLE IN THE WIND,ELTON JOHN,,
2898,Sexy Eyes,Dr. Hook,,
2906,OBLADI OBLADA,BEATLES,,
2907,LOVE POTION No.9,THE SEARCHERS,,
2911,Easy Lover,Phil Collins,,
2912,Limbo Rock,Chubby Checker,,
2921,I've Got The Music In Me,KKI DEE BAND,,
2934,We Belong Together,Pat Benatar,,
2935,Steamy Windows,Tina Turner,,
2940,Laughter In The Rain,Neil Sedaka,,
2942,I Love How You Love Me,Paris Sisters,,
2945,A Hard Days Night,Beatles,,
2950,In My Life,Beatles,,
2964,Help,Beatles,,
2973,Blue Monday,Fats Domino,,
2986,Hot Girls In Love,Loverboy,,
2989,Alive And Kicking,Simple Minds,,
2992,Working For The Weekend,Lover Boy,,
3013,There's A Kind Of Hush,Herman's Hermit,,
3033,A Big Hunk O' Love,Elvis Presley,,
3046,All Shook Up,Elvis Presly,,
3052,Angel Of Harlem,U2,,
3058,BAD MOON RISING,J.C FOGETTY,,
3060,Bakit Ba?,Siakol,,
3083,Cocaine,Eric Clapton,,
3092,DANCE ON LITTLE GIRL,PAUL ANKA,,
3093,"DANCE, DANCE, DANCE",Brian Wilson / Carl Wilson,,
3094,Desire,U2,,
3099,DON'T,ELVIS PRESLEY,,
3101,DON'T BE CRUEL,Elvis Presley,,
3103,Don't Speak,No Doubt,,
3106,Enter Sandman,Metallica,,
3114,Eveytime You Go Away,Paul Young,,
3119,Final Countdown,Europe,,
3122,Fortess ArounD Your Heart,Sting,,
3126,Fun Fun Fun,Beach Boys,,
3134,GOOD LUCK CHARM,ELVIS PRESLEY,,
3140,Hard Headed Woman,Elvis Presley,,
3143,HELP ME RHONDA,BEACH BOYS,,
3147,Hound Dog,Elvis Presley,,
3155,I Get Around,Beach Boys,,
3158,I Kept On Loving You,R. Carpenter,,
3173,Im Still Standing,Elton John,,
3183,Jailhouse Rock,Elvis Presley,,
3211,Miss You LIke Crazy,The Moffats,,
3216,Mother Freedom,David Gates,,
3220,New Years Day,U2,,
3224,One of Us,Joan Orborne,,
3226,Oras Na,Coritha,,q
3232,Perfect,True Faith,,
3235,PRESENCE OF THE LORD,ERIC CLAPTON,,
3236,Pretty Woman,Roy Orbison,,
3248,SILVERTOES,PAROKYA NI EDGAR,,
3265,Tag-araw,After Image,,
3271,The Soul Cages,Sting,,
3281,Torn,Natalie Imbruglia,,
3282,Travelin' Band,CCR,,
3286,UP AROUND THE BEND,J.C. Fogerty,,
3289,We Are The Champions,Queen,,
3290,What Matters Most,Kenny Rankin,,
3291,Where The Streets Have No Name,U2,,
3293,With Or Without You,U2,,
3300,Breakfast In America,SuperTramp,,
3302,It's Raining Again,Supertramp,,
3304,Give A Little Bit,Supertramp,,
3305,Take the Long Way Home,Supertramp,,
3306,School,Supertramp,,
3308,86,Green Day,,
3315,Song Title,Rolling Stones,,
3318,Living In America,Neil Diamond,,
3322,Any Dream Will Do,Boston,,
3327,Babushka,Kate Bush,,
3329,Baby Come Back,Player,,
3330,Bad Love,Eric Clapton,,
3332,Get it On,Marc Bolan,,
3335,SULTANS OF SWINGS,DIRE STRAITS,,
3336,Beautiful Goodbye,Amanda Marshall,,
3342,Big Yellow Taxi,Joni Mitchell,,q
3343,Another One Bites The Dust,Queen,,
3347,Black Velvet,ALLANAH MYLES,,
3365,Can't Stand Losing You,Police,,
3368,Carry On,Sailor Moon Theme,,
3370,Cats In The Cradle,Ugly Kid Joe,,
3374,Champagne Supernova,Oasis,,
3381,China Grove,Doobie Brothers,,
3382,I Think I'm A Clone Now,Wierd Al,,
3388,Crazy Little Thing Called Love,Queen,,
3389,Cream,Police,,
3390,THESE ARE THE DAYS OF OUR LIVES,QUEEN,,
3393,DIRTY LAUNDRY,DON HENNLEY,,
3401,Down Under,Men At Work,,
3407,Dream A Little Dream,Beautiful South,,
3408,DREAMS,EDWARD VAN HALEN,,
3411,Eight Miles High,The Byrds,,
3413,ELEANOR RIGBY,BEATLES,,
3415,Everybody's Talkin',Harry Nilson,,
3420,Faithfully,Journey,,
3421,Can't Help Falling In Love,Elvis Presley,,
3424,Ferry Cross The Mecry,Gerry And The Pacemaker,,
3429,Fortunate Son,CCR,,
3438,Gimme Three Steps,Lynard Skynard,,
3441,Gold Dust Woman,Stevie Nicks,,
3442,Good,Better Than Ezra,,
3443,Good Times Bad Times,Led Zeppelin,,
3446,She's Got The Power,Sailormoon US,,
3453,Into The Wide Open,Tom Petty,,
3457,Happy Xmas (War Is Over),"John  & Yoko, The Plastic Ono Band",,
3459,Heart Of Glass,Blondie,,
3460,The Headline News,Weird Al,,
3461,Head Over Feet,Alanis Morisette,,
3462,Heart Shape Box,Nirvana,,
3466,Hey Tonight,CCR,,
3469,House Of The Rising Sun,Animals,,
3471,I Can't Dance,Genesis,,
3475,I HEAR YOU KNOCK,FATS DOMINO,,
3476,Immigrant Song,Led Zeppelin,,
3481,In Too Deep,Phil Collins,,
3485,Its I His Kiss,Cher,,
3487,I Was Made For Loving You,Kiss,,
3497,Bad Case Of Loving You,Robert Palmer,,
3501,Kansas City,Fats Domino,,
3502,Kayleigh,Marillion,,
3508,Lady Jane,Rolling Stones,,
3510,LAGRANGE,ZZ TOP,,
3511,Lake Of Fire,Nirvana,,
3517,Lithium,Nirvana,,
3518,Live And Let Die,Guns N' Roses,,
3519,THE LOGICAL SONG,SUPERTRAMP,,
3520,LOLA,THE KINKS,,
3524,Losing My Religion,R.E.M.,,
3531,MACARTHUR PARK,JIM WEBB,,
3536,MARGARITAVILLE,JIMMY BUFFET,,
3539,Memphis Tenessy,Johnny Rivers,,
3540,Message In A Bottle,Police,,
3550,Please Mr. Postman,Carpenters,,
3555,My Generation,The Who,,
3561,November Rain,Guns N' Roses,,
3568,Paint It Black,Rolling Stones,,
3569,Papa Don't Preach,Madonna,,
3570,Peg,Steely Dan,,
3572,Penny Royal Tea,Nirvana,,
3579,Pulling Teeth,Green Day,,
3580,PURPLE HAZE,JIMI HENDRIX,,
3583,Rape Me,Nirvana,,
3587,You Really Got Me,The Nicks,,
3590,Revolution,The Beatles,,
3592,Riders On The Storm,Doors,,
3597,We Will Rock You,Queen,,
3602,"Ruby, Don't Take Your",Elvis Prestley,,
3611,SHATTERED DREAMS,JOHNNY HATES JAZZ,,
3615,SHOULD I STAY OR SHOULD I GO,THE CLASH,,
3619,SINCE I'VE BEEN LOVING YOU,LED ZEPPELIN,,
3621,Sledge Hammer,Peter Gabriel,,
3626,So Loney,Police,,
3629,SON OF A SON OF A..,JIMMY BUFFET,,
3632,Spinning Wheel,And Tears,,
3633,SPIRITS IN THE..,THE POLICE,,
3634,Spirits In The Material World,Police,,
3637,Strange Currencies,R.E.M.,,q
3640,Summer In The City,Joe Cocker,,
3643,SUPERSTITIOUS,STEVIE WONDER,,
3648,Sweet home Alabama,Lynard Skynard,,
3650,Take It On The Run,REO SPEEDWAGON,,
3652,The Beat Goes On,Sonny & Cher,,
3653,Smells Like Teen Spirit,Nirvana,,
3654,Try A Little Tenderness,Kiss,,
3656,That'll Be The Day,LINDA RONSTADT,,
3660,Simply The Best,Tina Turner,,
3662,The Man Who Sold The World,Nirvana,,
3665,THE RIVER,BRUCE SPRINGSTEEN,,
3666,These Boots Are Made For Walkin',Nancy Sinatra,,
3670,That Thing You Do,The Wonders,,
3671,The Thin Ice,Pink Floyd,,
3678,Two Out Of Three Ain't Bad,Meatloaf,,
3681,Under Pressure,Queen,,
3682,Under The Bridge,Red Hot Chili Peppers,,
3685,Walking On The Moon,Police,,
3687,ANOTHER BRICK IN THE,PINK FLOYD,,
3689,The Wanderer,Dion,,
3693,WE BUILT THIS CITY,JEFFERSON STARSHIP,,
3694,WE CAN WORK IT OUT,BEATLES,,
3700,When I Come Around,Greenday,,
3703,Whipping Post,Allman Brothers,,
3707,Whole Lotta Love,Led Zeppelin,,
3710,The Wind Cries Mary,Jimmy Hendrix,,
3713,Witchy Woman,Eagles,,
3720,Wrapped Around Your Finger,Police,,
3723,Yellow Brick Road,Elton John,,
3724,You Can Leave Your Hat On,Joe Cocker,,
3725,You Drive Me Crazy,Shakin Stevens,,
3729,Your Time Is Gonna Come,Led Zeppelin,,
3731,You've Lost That Lovin' Feeling,Righteous Brothers,,
3732,Your Wildest Dreams,Moody Blues,,
3751,Ulan,Rivermaya,,
3775,BLASK AND WHITE,3 DOG NIGHT,,
3788,Changes,Black Sabbath,,
3801,DARKTOWN STRUTTERS BALL,FATS DOMINO,,
3811,DREAM POLICE,CHEAP TRICK,,
3857,HOT CHILD IN THE CITY,NICK GILDER,,
3858,Hot Stuff,Donna Summer,,
3871,I Understand,Herman's Hermit,,
3872,I want to walk you home,Fats Domino,,
3876,I'm Gonna Be A Wheel,Fats Domino,,
3904,July Morning,Uriah Heep,,
3928,LOAD OUT & STAY,Jackson Brown,,
3931,Longer Than,Dan Fogelberg,,
3987,Oh Pretty Woman,Roy Orbison,,
3988,Oh Pretty Woman,Roy Orbison,,
3995,ONCE BITTEN TWICE SHY,GREAT WHITE,,
3999,Original Prankster,Offspring,,
4017,Poor man's moody blues,Barclay James Harvest,,
4038,REFLECTIONS OF MY LIFE,Marmalade,,
4045,Rhiannon,Fleetwood Mac,,
4059,SATURDAY NIGHT,BAY CITY ROLLERS,,
4095,Starting Over,John Lennon,,
4110,The Best Of Times,Styx,,
4120,THE KID IS HOT TONITE,LOVER BOY,,
4133,THE TEMPLE OF THE KING,RAINBOW,,
4145,Twist And Shout,The Beatles,,
4174,WHO CAN IT BE NOW,MEN AT WORK,,
4175,WHO'S CRYIN' NOW,JOURNEY,,
4176,Whole Lotta Loving,Fats Domino,,
4195,DOWN ON THE CORNER,CCR,,
4204,Have you Ever Seen The Rain,CCR,,
4206,HOPE YOU'RE FEELING BETTER,SANTANA,,
4210,I Still Haven't Found What Im Looking For,U2,,
4211,I WANT YOU...,ELVIS PRESLEY,,
4214,IF YOU LOVE SOMEBODY SET THEM FREE,STING,,
4225,Kung Ikaw,Lito Camo,q,
4233,ONE,U2,,
4235,PRIDE,U2,,
4244,SUNDAY BLOODY SUNDAY,U2,,
4245,Sweet Little 16,Chuck Berry,,
4250,Walkin' The Dog,Rolling Stones,,
4253,WHITE ROOM,ERIC CLAPTON,,
4256,CRASH BOOM BANG,ROXETTE,,
4257,CINNAMON GIRL,NEIL YOUNG,,
4266,25 6 to 4,Chicago,,
4272,START ME UP,THE ROLLING STONES,,
4275,Hey Tonight,CCR,,
4288,Tears In Heaven,Eric Clapton,,
4311,The Animal Song,Savage Garden,,
4319,Iris,Goo Goo Dolls,,
4322,Buses And Train,Bachelor Girl,,
4331,Always Something There To Remind Me,Naked Eyes,,
4354,ONE OF US,JOAN OSBOURNE,,
4362,Head Over Feet,Alanis Morissette,,
4391,A Big Hunk O' Love,Elvis Presley,,
4403,All Day And All Of The Night,The Kinks,,
4405,You're All I Need,White Lion,,
4429,BLACK NIGHT,DEEP PURPLE,,
4433,BLUEBIRD,PAUL McCARTNEY,,
4434,Bohemian Rhapsody,Queen,,
4435,BOHEMIAN RHAPSODY,QUEEN,,
4460,Fool's Parade,Tom Petty,,
4471,GET DOWN MAKE LOVE,Freddie Mercury,,
4473,GETTING CLOSER,PAUL McCARTNEY,,
4482,GOODNIGHT TONIGHT,WINGS,,
4495,HEART FULL OF SOUL,THE YARDBIRDS,,
4502,HOLD ME,MENUDO,,
4508,HOT CHILD IN THE CITY,NICK GILDER,,
4511,HOW DO YOU DO!,Per Gessle,,
4523,I Don't Wanna Miss A Thing,Aerosmith,,
4526,I GOT YOU,James,,
4544,IF IT MAKES YOU HAPPY,SHERYL CROW,,
4546,I'M WALKIN',FATS DOMINO,,
4562,It's All Coming Back To Me Now,Celine Dion,,
4572,JACK AND DIANE,John Cougar Mellencamp,,
4574,Jennifer Eccles,The Hollies,,
4575,JET AIRLINER,Paul Pena,,
4578,JUNIOR'S FARM,WINGS,,
4580,JUST CAME BACK,COLLIN JAMES,,
4587,LAUGHING,GUESS WHO,,
4593,LET 'EM IN,PAUL McCARTNEY,,
4594,LET HER CRY,HOOTIE AND THE BLOWFISH,,
4595,LET HER CRY,HOOTIE AND THE BLOWFISH,,
4607,Living In America,Neil Diamond,,
4638,MISSIONARY MAN,Annie Lennox,,
4657,NEW WORLD MAN,RUSH,,
4661,NO SUGAR TONIGHT,GUESS WHO,,
4662,NO TIME,GUESS WHO,,
4664,NOTORIOUS,DURAN DURAN,,
4685,PARANOID,Black Sabbath,,
4686,PARDON ME SIR,Joe Cocker,,
4692,PERFECT,ALANIS MORISSETTE,,
4697,PICASSO'S LAST WORDS,PAUL McCARTNEY,,
4699,PLEASANT VALLEY SUN,THE MONKEES,,
4711,RED SECTOR A,Rush,,
4732,SCHOOL'S OUT,ALICE COOPER,,
4736,SHE,KISS,,
4742,Silly Love Songs,Paul McCartney,,
4745,SLEEPING IN MY CAR,ROXETTE,,
4810,THE TURN OF A FRIENDLY CARD,Alan Persons Project,,
4824,THESE EYES,GUESS WHO,,
4828,THIS COULD BE THE NIGHT,Paul Dean,,
4833,TIGER FEET,Chapman,,
4834,TIME STAND STILL,Rush,,
4842,TUBTHUMPING,CHUMBAWAMBA,,
4849,UNDERGROUND,Colin Hay,,
4850,UNION OF THE SNAKE,Bates,,
4854,VENUS AND MARS,McCartney,,
4868,WHAT GOES UP,ALAN PARSONS PROJECT,,
4872,WHAT KIND OF FOOL..,RICK SPRINGFIELD,,
4888,WILD THING,JIMI HENDRIX,,
4891,WOMAN TO WOMAN,Joe Cocker,,
4892,Wonderwall,Oasis,,
4907,YOU'RE MY BEST FRIEND,QUEEN,,
4926,Its My Life,Bon Jovi,,
4949,HEARTACHE TONIGHT,EAGLES,,
4953,I'll Be There For You,The Moffatts,,
4954,I'll Do Anything For Love,Meatloaf,,
4975,Life Is A Rollercoaster,Ronan Keating,,
4990,BASANG-BASA SA ULAN,AEGIS,,
5001,HALIK,AEGIS,,
5010,MUNTING PANGARAP,AEGIS,,
5018,Sinta,Aegis,,
5024,CONSTANTLY,CLIFF RICHARD,,
5026,Little Old Lady From Pasadena,Jan And Dean,,
5057,Rosanna,ToTo,,
5086,HELP ME RHONDA,BEACH BOYS,,
5104,Here For You,Fire House,,
5120,Sundot,Aegis,,
5162,Kisapmata,Rivermaya,,
5171,Luha,Aegis,,
5190,Nosi Balasi,Sampaguita,,
5198,Picha Pie,Parokya Ni Edgar,,
5200,PRETTY BOY,M2M,,
5205,SABI MO AKO LAMANG,MEN OPPOSE,,
5212,Sinta,Aegis,,
5217,Torn,Natalie Imbruglia,,
5220,Wag Mo Na Sana,Parokya Ni Edgar,,
5303,If I Could,Jonathan Davis,,
5304,Inuman Na,Parokya Ni Edgar,,
5310,ORDINARY WORLD,DURAN DURAN,,
5314,POSTCARDS FROM HEAVEN,LIGHTHOUSE FAMILY,,
5315,Push,Matchbox 20,,
5318,SA LANGIT WALA NG BEER,BIG TIME,,
5334,Belinda Bye Bye,Barbie's Cradle,,
5348,Best That You Can Do,Michael Ruff,,
5353,Does Anybody Knows What Time Is It,Chicago,,
5366,In My Dreams,Reo Speedwagon,,
5375,THE HEAT IS ON,GLEN FREY,,
5383,Wild World,Mr. Big,,
5389,A Collection,Marillion,,
5391,NO ONE CAN,MARILLION,,
5392,The Memory Remains,Metallica,,
5393,Don't Look Back In Anger,Oasis,,
5394,Hot Legs,Rod Stewart,,
5396,ARE YOU GONNA GO MY WAY,LENNY KRAVITZ,,
5397,All The Girls Love Alice,Elton John,,
5399,CUTS LIKE A KNIFE,BRYAN ADAMS,,
5401,All I Wanna Do Is Make Love To You,Heart,,
5404,NOBODY WINS,ELTON JOHN,,
5406,Againts The Wind,Bob Segar,,
5407,PLASTER CASTER,KISS,,
5410,MAHAL NA MAHAL KITA,AEGIS,,
5411,You Oughta Know,Alanis Morissette,,
5412,HE KNOWS YOU KNOW,MARILLION,,
5416,YOU GOT IT,ROY ORBISON,,
5417,Affairs Of The Heart,Fleetwood Mac,,
5419,To The Moon And Back,Savage Garden,,
5421,BEHIND BLUE EYES,THE WHO,,
5423,BURN DOWN THE MISSION,ELTON JOHN,,
5424,Heart Of The Sunrise,Yes,,
5426,Love Her Madly,Doors,,
5428,Pictured Life,Scorpions,,
5430,SO EMOTIONAL,WHITNEY HOUSTON,,
5432,YOU CAN'T DO THAT,BEATLES,,
5435,Again,Lenny Kravitz,,
5449,If You're Gone,Matchbox,,
5454,LIVING ON A JET PLANE,JET PANGAN GROUP,,
5458,LOVE SOMEBODY,RICK SPRINGFIELD,,
5461,Maneater,Hall And Oates,,
5468,Stuck In A Moment You Can't Get Out Of,U2,,
5471,The Only One,Chicago,,
5475,Where Are You Now,Nazareth,,
5476,Wild Boys,Duran Duran,,
5485,BULOY,PAROKYA NI EDGAR,,
5495,LAKAS TAMA,SIAKOL,,
5526,Torete,Moonstar 88,,
5530,Bitch,Meredith Brooks,,
5533,I'm Like A Bird,Nelly Furtado,,
5535,SWEET CHILD O' MINE,GUNS N' ROSES,,
5638,Prinsesa,The Teeth,,
5664,TUBTHUMPING,CHUMBAWAMBA,,
5677,Sinta,Aegis,,
5686,HIMALA,RIVERMAYA,,
5709,Bonggahan,Sampaguita,,
5734,Nena,Banyuhay,,
5737,SABI MO AKO LAMANG,MEN OPPOSE,,
5748,Uninvited,Alanis Morissette,,
5749,All For Love,Brian Adams,,
5764,THANK YOU,ALANIS MORISSETTE,,
5770,All The Small Things,Blink 182,,
5772,Jaded,Aerosmith,,
5774,TUBTHUMPING,CHUMBAWAMBA,,
5783,MMM BOP,HANSON,,
5788,Wishing I Was There,Natalie Imbruglia,,
5822,I'll Never Go,Nexxus,,
5849,Sana'y Bigyan Mo Ng Pansin,Mystica,,
5869,WALANG KASING TAMIS,MIKE HANOPOL,,
5872,214,Rivermaya,,
5875,ESEM,YANO,,
5879,IIYAK KA RIN,ARNEL PINEDA,,
5898,PANAHON,MIKE HANOPOL,,
5900,PASENSYA NA,MIKE HANOPOL,,
5907,Sweet Child O' Mine,Guns N' Roses,,
5934,AWIT AT PAG-IBIG,AEGIS,,
5942,BASANG-BASA SA ULAN,AEGIS,,
5946,BUHAY AMERIKA,MIKE HANOPOL,,
5963,HESUS,AEGIS,,
5965,Himala,Rivermaya,,
5967,I Can't Find The Words To Say Goodbye,David Gates,,
5969,I Love You Na Lang Sa Tago,AEGIS,,
5972,In The End,Linkin' Park,,
5980,Kanto,Siakol,,
5999,PAIKOT-IKOT,RANDY SANTIAGO,,
6000,Peksman,Siakol,,
6012,Simply Jessie,Rex Smith,,
6021,Final Countdown,Europe,,
6062,Enter Sandman,Metallica,,
6072,All The Small Things,Blink 182,,
6092,All The Small Things,Blink 182,,
6111,Inday,Juan De La Cruz Band,,
6113,How Do You Want Me To Love you,911,,
6125,LITTLE HONDA,BEACH BOYS,,
6130,Namumuro Ka Na,Lukas,,
6143,Project,Juan Dela Cruz,,
6157,A DREAM GOES ON FOREVER,TODD RUNDGREN,,
6158,A MAN I'LL NEVER BE,BOSTON,,
6166,Ashes To Ashes,David Bowie,,
6168,BAD COMPANY,BAD COMPANY,,
6170,Bad Lands,Bruce Springsteen,,
6171,BEEP BEEP,JUAN DELA CRUZ,,
6173,Brain Damage,Pink Floyd,,
6174,BRAIN STEW,GREEN DAY,,
6175,Breakfast In America,SuperTramp,,
6185,DEUCE,KISS,,
6188,DIRTY LAUNDRY,DON HENNLEY,,
6189,DISCOTHEQUE,U2,,
6192,DOMINO,KISS,,
6197,Dumb,Nirvana,,
6198,EASTER,MARILLION,,
6201,Enter Sandman,Metallica,,
6202,Enter Sandman,Metallica,,
6204,GOD OF THUNDER,KISS,,
6217,JINGO,SANTANA,,
6220,JUST A BOY,KISS,,
6222,JUST FOR THE RECORD,MARILLION,,
6225,Kanto,Siakol,,
6227,Kind Of A Drag,The Buckinghams,,
6232,LADY IN BLACK,URIAH HEEP,,
6237,LAND OF CONFUSION,GENESIS,,
6244,THE LOGICAL SONG,SUPERTRAMP,,
6246,LONG LIVE ROCK,THE WHO,,
6247,THE LONG RUN,EAGLES,,
6248,LONG TIME,BOSTON,,
6252,Lover's Moon,Glen Frey,,
6254,Low Man's Lyric,Metallica,,
6256,LYING EYES,EAGLES,,
6257,MAGIC MAN,HEART,,
6260,Mamasyal Sa Pilipinas,Juan Dela Cruz,,
6261,MANIWALA KA,AEGIS,,
6265,MIND GAMES,JOHN LENNON,,
6266,MOON AGE DAYDREAM,DAVID BOWIE,,
6275,Mr. Speed,Kiss,,
6281,Mysterious Ways,U2,,
6283,Neon Knights,Black Sabbath,,
6288,No More Mr. Nice Guy,Alice Cooper,,
6291,Nobody's Wife,Amoks,,
6297,ONE,U2,,
6299,ONE NIGHT,ELVIS PRESLEY,,
6300,Only The Beginning,Chicago,,
6301,OPIUM,DANIEL BELANGER,,
6304,PAG-IBIG KO SA IYO'Y DI MAGBABAGO,MEN OPPOSE,,
6305,PAGTAWID,AFTER IMAGE,,
6306,PANAHON,Juan Dela Cruz,,
6308,Peace Of Mind,Boston,,
6310,PLANET CARAVAN,BLACK SABBATH,,
6311,Pleasant Valley Sunday,THE MONKEES,,
6314,POWER OF LOVE,HUEY LEWIS,,
6323,Room With A View,Tony Carey,,
6326,Ruby Tuesday,Rolling Stones,,
6327,Runaway,Bon Jovi,,
6330,SALVATION,THE CRANBERRIES,,
6334,SIMPLY THE BEST,TINA TURNER,,
6335,SINCE I'VE BEEN LOVING YOU,LED ZEPPELIN,,
6336,SISTERS OF THE MOON,FLEETWOOD MAC,,
6343,Starman,David Bowie,,
6345,STEAMY WINDOWS,TONY JOE WHITE,,
6370,WHEN WILL I BE LOVED,EVERLY BROTHERS,,
6385,Hungry Like A Wolf,Duran Duran,,
6386,Never Say Goodbye,BonJovi,,
6392,Affirmation,Savage Garden,,
6400,BAKIT,AEGIS,,
6414,Di Mo Ba Alam,Siakol,,
6415,HONESTLY,HAREM SCAREM,,
6425,IF LIFE IS SO SHORT,THE MOFFATTS,,
6432,KING CREOLE,ELVIS PRESLEY,,
6453,So Sad,Everly Brothers,,
6464,CENTERFOLD,J.  GEILS BAND,,
6469,KUMUSTA MGA KAIBIGAN,WENCY CORNEJO,,
6475,Sa May Bintana,James Coronel,,
6496,Patawarin Mo,Rockstar 2,,
6500,Sayang Na Sayang,Aegis,,
6526,ADRIENNE,The Calling,,
6550,Complicated,Avril Lavigne,,
6552,Crazy Love,POCO,,
6554,DANCE WITH ME TONIGHT,THE WONDERS,,
6558,Don't Dream Its Over,Crowded House,,
6566,Hindi Magbabago,Randy Santiago,,
6577,I'm With You,Avril Lavigne,,
6596,MY CONFESSION,RICHARD MARX,,
6598,Never Surrender,Corey Hart,,
6602,Objection Tango,Shakira,,
6618,Somewhere I Belong,Linkin Park,,
6638,USAPAN,AEGIS,,
6640,VICTIMS OF LOVE,JOE LAMONT,,
6644,Welcome To The Fun Club,Meja,,
6651,Wherever You Will Go,The Calling,,
6657,Yellow,Coldplay,,
6658,A MAN I'LL NEVER BE,BOSTON,,
6665,Jannie's Got A Gun,Aerosmith,,
6669,All The Small Things,Blink 182,,
6672,Magmahalan Na,Dyna Souls,,
6676,ONE STEP CLOSER,LINKIN PARK,,
6678,Pink,Aerosmith,,
6680,BATIBOT,ALAMID,,
6687,Thank You,Alanis Morissette,,
6689,What's My Age Again,Blink 182,,
6690,YOU LEARN,ALANIS MORISSETTE,,
6699,Usok,Aegis,,
6700,Mahal Na Mahal Kita,Aegis,,
6704,LAKAS TAMA,SIAKOL,,
6705,Namumuro Ka Na,Lukas,,
6711,Buloy,Parokya ni Edgar,,
6717,Without You,After Image,,
6721,Ano Ang Babaguhin Ko...,Siakol,,
6725,Aso,Siakol,,
6728,AYOKO NA SA YO,SIAKOL,,
6730,Bagong Taon Na Naman,Siakol,,
6741,Diyan Sa Buhay Mo,Siakol,,
6750,Hit Me With Your Best Shot,Pat Benatar,,
6752,Magbago Ka,Sampaguita,,
6757,Pakyut,Joey De Leon,,
6789,Estudyante Blues,Sampaguita,,
6790,Everly Brothers Medley,E.Brothers,,
6791,Everybody Loves A Clown,The Playboys,,
6799,The Search Is Over,Survivor,,
6815,COOL KA LANG,PRETTIER THAN PINK,,
6821,Next In Line,After Image,,
6835,Lagim,Siakol,,
6841,BLACK MAGIC WOMAN,SANTANA,,
6851,Adrienne,The Calling,,
6853,Patawarin Mo,Rockstar 2,,
6859,Electrical Storm,U2,,
6862,Everywhere,Michelle Branch,,
6865,Hitchin' A Ride,Greenday,,
6869,In My Place,Cold Play,,
6876,MY SWEET LORD,GEORGE HARRISON,,q
6884,Peksman,Siakol,,
6886,Rock DJ,Robbie Williams,,
6892,Summer Of '69,Bryan Adams,,
6896,The Scientist,Cold Play,,
6902,Unwell,Matchbox 20,,
6906,What's My Age Again,Blink 182,,
6912,By The Way,Red Hot Chili Peppers,,
6923,Californication,Red Hot Chili Peppers,,
6926,Disease,Matchbox 20,,
6934,Clocks,Cold Play,,
6939,I'll Be,Edwin McCain,,
6957,Dukha,Aegis,,
6965,CRY,MANDY MOORE,,
6969,Don't Cry,Gun's N' Roses,,
6973,Elvis Presley Medley,Elvis Presley,,
6989,Patience,Guns N' Roses,,
6996,Buy 1 Take 1,Grin Department,,
7001,A Matter Of Trust,Billy Joel,,
7002,All Star,Smash Mouth,,
7003,Minahal Kita,Aegis,,
7008,Sayang Na Sayang,Aegis,,
7010,Sinta,Aegis,,
7014,SUSPICIOUS MINDS,ELVIS PRESLEY,,
7016,Tao(Unplugged),Aegis,,
7017,TAYO'Y MGA PINOY,AEGIS,,
7020,Try A Little Tenderness,Kiss,,
7027,WILD WORLD,MR. BIG,,
7043,You're So Square Baby I Don't Care,Elvis Presley,,
7052,Pasko Ang Araw Ng Pag-ibig,Siakol,,
7053,HERO OF THE DAY,METALLICA,,
7054,SEEK AND DESTROY,METALLICA,,
7056,Caught In A Web,DreamTheater,,
7061,Summer's Son,Texas,,
7065,Maligayang Pasko,Siakol,,
7068,AND WHEN I DIE,BLOOD SWEAT AND TEARS,,
7076,Kun'di Rin Lang Ikaw,True Faith,,
7086,Numb,Linkin Park,,
7107,86,Green Day,,
7116,The Memory Remains,Metallica,,
7124,ANGIE,ROLLING STONES,,
7142,Another Brick In The Wall,Pink Floyd,,
7144,Any Dream Will Do,Boston,,
7163,Back In the USSR,The Beatles,,
7168,Bakit(Acoustic),Aegis,,
7169,Bakit(2),Aegis,,
7171,BARBARA ANN,BEACH BOYS,,
7172,BASANG-BASA SA ULAN,AEGIS,,
7189,Breaking Up Is Hard To Do,N. Sedaka,,
7195,Buses And Train,Bachelor Girl,,
7207,HALIK,AEGIS,,
7209,Heart Of Glass,Blondie,,
7216,Luha,Aegis,,
7218,May Bukas Pa,Aegis,,
7221,Ako'y Isang Pinoy,Chico Chikas,,
7236,Ang Buhay Ko,Aegis,,
7241,Kung Ok Lang Sayo,True Faith,,
7269,Basang-Basa Sa Ulan,Aegis,,
7280,Halik,Aegis,,
7291,Have you Ever Seen The Rain,CCR,,
7298,SHATTERED DREAMS,JOHNNY HATES JAZZ,,
7320,A Collection,Marillion,,
7323,AFFAIRS OF THE HEART,STEVE NICKS,,
7376,Anytime,Kelly Clarkson,,
7395,Gold,Spandau Ballet,,
7397,Di Mo Ba Alam,Siakol,,
7401,BATIBOT,ALAMID,,
7411,The Yes Yes Show,Parokya Ni Edgar,,
7430,Back To You,John Mayer,,
7451,I GOT YOU BABE,SONNY & CHER,,
7453,Insensitive,Jann Arden,,
7470,All Those Years Ago,George Harrison,,
7479,BUHAY SEAMAN,MKE HANOPOL,,
7491,FOOLS RUSH IN,RICK NELSON,,q
7506,Just Tell Her Jim Said Hello,Elvis Presley,,
7514,MY WORLD KEEPS GETING SMALLER,NEIL SEDAKA,,
7516,Old And Wise,Alan Parsons Project,,
7520,The Day We Caught The Train,Ocean Colour Scene,,q
7534,I Just Died In Your Arms Tonight,Cutting Crew,,
7539,2001 C.C. RIDER,ELVIS PRESLEY,,
7543,A Kind Of Magic,Queen,,
7549,A Well Respected Man,Gary Lewis,,
7582,Pretend That I Don't Love You,Cookie Chua,,
7596,Bring Me Down,Rivermaya,,
7599,Classic,Adrian Gurvitz,,
7622,Breath,Michelle Branch,,
7630,Are You Happy Now,Michelle Branch,,
7659,Picha Pie,Parokya Ni Edgar,,
7669,Your Body Is A Wonderland,John Mayer,,
7674,THE ZEPHYR SONG,RED HOT CHILI PEPPERS,,
7683,All You Wanted,Michelle Branch,,
7684,Back To You,John Mayer,,
7686,BRING ME TO LIFE,EVANESCENCE,,
7692,No Such Thing,John Mayer,,
7695,Goodbye To You,Michelle Branch,,
7704,Noypi,Bamboo,,
7711,Breaking The Habit,Linkin Park,,
7758,Limang Dipang Tao,Barbie's Cradle,,
7766,Bati Na Tayo,Agaw Agimat,,
7796,Drive,Incubus,,
7798,Bent,Matchbox 20,,
7799,Kryptonite,3 Doors Down,,
7801,Sway,Bic Runga,,
7825,Bakal Na Rehas,No Bail Band,,
7831,Burn+B6052:C6111 Out,Sugar Free,,
7857,This Love,Maroon 5,,
7862,A THOUSAND MILES,VANESSA CARLTON,,
7865,Biglaan,6cycle Mind,,
7866,Bringing Heartbreak,Mariah Carey,,
7867,The Reason,Hoobastank,,
7870,Faint,Linkin Park,,
7871,Find My Way Back,Michelle Branch,,
7885,Mr. Clay,Bamboo,,
7888,Our Lives,The Calling,,
7892,Penny And Me,Hanson,,
7895,She Will Be Loved,Maroon 5,,
7928,I Hate Everything About You,Ugly Kid Joe,,
7931,YOU ARE SO BEAUTIFUL,JOE COCKER,,
7935,Lana,Roy Orbison,,
7938,Sad But True,Metallica,,
7942,Road Trippin',Red Hot Chili Peppers,,
7947,Teacher I Need You,Elton John,,
7951,First Day Of My Life,Rasmus,,
7952,Walking Contradiction,Greenday,,
7956,Batibot,Alamid,,
7962,Crying,Roy Orbison,,
7963,Wall,Kansas,,
7964,I'm Walking,Fats Domino,,
7967,Smoke,Natalie Imbruglia,,
7969,HELLO AGAIN,NEIL DIAMOND,,
7978,SUMMER BREEZE,SEALS & CROFTS,,q
7980,KING OF PAIN,ALANIS M.,,
7984,Mony Mony,Tomy James Shondells,,
7985,The Sweetest Thing,U2,,
7987,Jump,Van Halen,,
7999,Walk Like An Egyptian,Bangles,,
8002,Pieces of Me,Ashly Simpson,,
8018,How Can I Forget You,Nexxus,,
8028,I Remember You,Skidrow,,
8031,I Want You,Savage Garden,,
8038,Nativity In Black,Black Sabbath,,
8047,Pagbabalik,Aegis,,
8053,Look What You've Done,Jet,,
8058,Awit Ng Kabataan,Rivermaya,,
8060,Bilanggo,Rizal Underground,,
8061,Bulakbol,Mongols,,
8080,Natutulog Kong Mundo,Wolfgang,,
8081,It Won't Be Long,Beatles,,
8083,Sulat,Moonstar 88,,
8085,Your Love,Alamid,,
8086,Plush,Stone Temple Pilots,,
8098,Wag Na Wag Mong Sasabihin,Kitchie Nadal,,
8109,Speechless,Thomas Mason,,
8118,Could It Be Any Harder,The Calling,,
8119,Harder To Breathe,Maroon 5,,
8123,Sometimes You CAn Make It..,U2,,
8129,Liwanag Sa Dilim,Rivermaya,,
8130,Turn,Mojo Fly,,
8131,Sunday Morning,Maroon 5,,
8133,KLSP,Sponge Cola,,
8134,Leaving You,Session Road,,
8135,Lunes,Sponge Cola,,
8137,Bulong,Kitchie Nadal,,
8141,Suntok Sa Buwan,Session Road,,
8150,Hari Ng Sablay,Sugar Free,,
8153,Don't Chain My Heart,Toto,,
8159,Sweetest Goodbye,Maroon 5,,
8169,True Love,All About Eve,,q
8172,I Believe In The Thing Called Love,The Darkness,,
8175,Untitled,Simple Plan,,
8191,La La,Ashly Simpson,,
8199,Same Ground,Kitchie Nadal,,
8205,Beautiful Soul,Jesse Mccartney,,
8209,The Day You Said Goodnight,Hale,,
8210,Hallelujah,Bamboo,,
8214,Scooter Boy,Mojo Fly,,
8217,The Unforgiven,Metallica,,
8219,Fighter,Christina Aguilera,,
8220,Warpigs,Black Sabbath,,
8221,Behind these Hazel Eyes,Kelly Clarkson,,
8223,The Next Best Superstar,Mel C.,,
8227,WISHING I WAS THERE,NATALIE IMBRUGLIA,,
8228,Don't Let Me Get Me,Pink,,
8232,Minamalas,Mojofly,,
8233,Feel Good Inc.,Gorillaz,,
8234,Helena,My Chemical Romance,,
8238,Jopay,Mayonaise,,
8239,Mata,Mojo Fly,,
8242,Masaya,Bamboo,,
8246,Akap,Imago,,
8254,Sorry,Cueshe',,
8257,High,The Speaks,,
8259,Stay,Cueshe',,
8262,Basket Case,Greenday,,
8265,Dangerous,Roxette,,
8267,Don't Stop Believing,Journey,,
8270,Every Rose Has Its Thorn,Poison,,
8272,Break Away,Kelly Clarkson,,
8274,Beautiful Disaster,Kelly Clarkson,,
8275,Hard To Handle,Black Crowes,,
8299,You're Beautiful,James Blunt,,
8300,Wake Me Up When September Ends,Greenday,,
8301,Lonely No More,Rob Thomas,,
8308,Since You've Been Gone,Kelly Clarkson,,
8322,Because Of You,Kelly Clarkson,,
8325,Eddie's Song,Mayonnaise,,
8334,Kitchie Nadal Medley,Kitchie Nadal,,
8335,These Days,Bamboo,,
8336,Sunshine,Bamboo,,
8345,Mang Jose,Parokya Ni Edgar,,
8347,Harapin Ang Liwanag,The Dawn,,
8350,Ulan,Cueshe,,
8352,Jeepney,Spongecola,,
8354,Chicksilog,Kamikazee,,
8359,Love Ko 'To,Kitchie Nadal,,
8374,Here Without You,3 Doors Down,,
8381,Much Has Been Said,Bamboo,,
8382,Waiting In Vain,Bamboo,,
8383,F.U.,Bamboo,,
8384,Narda,Kamikazee,,
8385,Lagi Mo Na Lang Akong Dinededma,Rocksteddy,,
8386,Tulog Na,Sugarfree,,
8387,I (Ay),6 Cyclemind,,
8389,Love Me Now Hate Me Soon,Cueshe',,
8397,Anino,Imago,,
8399,Iisang Bangka,The Dawn,,
8400,Sometimes A Fantasy,Billy Joel,,
8411,Beer,Itchyworms,,
8419,Don't Stop Believing,Journey,,
8424,Pretty Vegas,Inxs,,
8428,Walk Away,Kelly Clarkson,,
8430,Because You Live,Jesse McCartney,,
8438,Makulay Na Buhay,Kitchie Nadal,,
8444,Akin Ka Na Lang,Itchy Worms,,
8445,241 (My Favorite Song),Rivermaya,,
8446,24 Hour Ago,Cueshe',,
8447,Dahil Ikaw,True Faith,,
8452,Toll Gate,Hale,,
8453,Order Taker,Paokya Ni Edgar and Kamikazee,,
8455,Trip,6 Cycle Mind,,
8456,Can't Let You Go,Cueshe,,
8458,Truth,Bamboo,,
8471,YOU AND ME,LIFEHOUSE,,
8474,Blue Sky,Hale,,
8479,DOO BIDOO,KAMIKAZEE,,
8480,MARTYR NYEBERA,KAMIKAZEE,,
8485,BACK TO ME,CUESHE',,
8488,FIRST OF SUMMER,URBANDUB,,
8492,Interstate Love Song,Stone Temple Pilots,,
8493,STARS,CALLALILY,,
8498,TEARS,X-JAPAN,,
8506,PANALANGIN,MOONSTAR 88,,
8510,TARALETS,IMAGO,,
8511,WALTZ,HALE,,
8513,BITIW,SPONGE COLA,,
8530,EVERSINCE THE WORLD BEGUN,SURVIVOR,,
8531,HOLDING OUT FOR A HERO,BONNIE TYLER,,
8532,ALL OVER YOU,LIVE,,
8535,RICH GIRL,GWEN STEFANI,,
8538,WELCOME TO THE BLACK PARADE,MY CHEMICAL ROMANCE,,
8541,Nakapagtataka,Sponge Cola,,
8542,DVD X,SANDWICH,,
8550,PINTURA,KJWAN,,
8551,DEFINE,HILERA,,
8554,Kung Ayaw Mo Na Sa Akin,Sugarfree,,
8555,AMBISYOSO,KAMIKAZEE,,
8556,HOW TO SAVE A LIFE,THE FRAY,,
8557,FAMOUS LAST WORDS,MY CHEMICAL ROMANCE,,
8560,LIPS OF AN ANGEL,HINDER,,
8570,GRACE KELLY,MIKA,,
8575,Walang Yamang Mas Hihigit Sa Iyo,Cueshe,,
8576,HIDE AND SEEK,HALE,,
8577,BORROWED TIME,CUESHE,,
8579,TATSULOK,BAMBOO,,
8587,UPSIDE DOWN,2 MINDS CRACK,,
8593,Love Team,Itchyworms,,
8594,Tuliro,Spongecola,,
8595,Magbalik,Callalily,,
8597,LONG LONG TIME,LINDA RONSTADT,,
8599,WHEN LOVE AND HATE COLLIDE,DEF LEPPARD,,
8603,ROUND AND ROUD,SPANDAU BALLET,,
8604,Wasted Time,Skidrow,,
8609,WHAT I'VE DONE,LINKIN PARK,,
8610,MAKES ME WONDER,MAROON 5,,
8611,FOR YOU,THE CALLING,,
8613,CHINA EYES,ALAMID,,
8619,Bakit,Cueshe,,
8629,PASENSYA NA,CUESHE,,
8630,Charing (Bisaya),1017,,
8778,TEENAGERS,MY CHEMICAL ROMANCE,,
8785,SKY,CUESHE,,
8789,BREAK NA TAYO,ROCKSTEDDY,,
8797,SONG FOR YOU,CHAD PERALTA,,
8799,ALE,THE BLOOMFIELDS,,
8830,BLUE JEANS,ROCKSTEDDY,,
8832,Charing (Tagalog),1017,,
8836,EWAN,IMAGO,,
8840,Home,Chris Daughtry,,
8842,WAITING ON THE WORLD TO CHANGE,JOHN MAYER,,
8851,PROBINSYANA,BAMBOO,,
8855,SONG FOR YOU,SESSION ROAD,,
8862,AKO,RJ JIMENEZ,,
8866,VACATION,CONNIE FRANCIS,,
8871,Just Like A Pill,Pink,,
8876,THROUGH THE BARRICADES,SPANDAU BALLET,,
8880,WAKE UP CALL,MAROON 5,,
8886,IT'S NOT OVER,DAUGHTRY,,
8887,WALA NG IBA,THE BLOOMFIELDS,,
8895,SEASON OF SMILE,ITCHYWORMS,,
8899,ASA KA PA,BLUE KETCHUP,,
8900,AS THE MUSIC PLAYS THE BAND,BAMBOO,,
8901,SEKSI SEKSI,AMIKAZEE,,
8902,INIHAW (LUPET NA HUMAHAGUPET),SIAKOL,,
8903,BERTING (Tagalog),1017,,
8905,WAG KA NG UMIYAK,SUGARFREE,,
8908,Sanctuary,Callalily,,
8923,Charing (Tagalog),1017,,
8926,Inihaw(Hagupit),Siakol,,
8928,Mukhang Pera,The Youth,,
8932,LIGHT YEARS,BAMBOO,,
8940,WALANG MYSTERYO,IMAGO,,
8942,Bisrock,Indephums,,
8951,ALA-ALA,KOLLIDE,,
8957,DIRECTOR'S CUT,KAMIKAZEE,,
8961,ISIPIN,MIGUEL ESCUETA,,
8970,SENTI,YANO,,
8971,SO FAR AWAY,BAMBOO,,
8976,Berting,1017,,
8988,Wala Ng Iba,Bloomfields,,
9004,Falling Away,Miguel Escueta,,
9007,Iskul Bukol,The Bloomfields,,
9017,Salawikain,MCoy of Orange & Lemons,,
9019,Ulaw-Ulaw,Assembly Language,,
9030,ONE LOOK,KWAN,,
9031,PAGBABALIK NG KWAGO,KAPATID,,
9033,REBOUND,SILENT SANCTUARY,,
9039,DON'T GIVE UP ON US BABY,DAVID SOUL,,
9066,KABATAANG PINOY,ITCHYWORMS,,
9082,NILAMON NG GABI,THE PAIN UP GIRLS,,
9090,SANA NAMAN,SESSION ROAD,,
9098,SUNDO'T HATID,KAYE & THE BOXERS,,
9120,PANAHON,Juan Dela Cruz,,
9130,Desert Rose,Sting,,
9195,In Despair,Victor Wood,,
9218,Tinig,Join The Club,,
9241,INTO THE NIGHT,CHAD KROEGER FT. SANTANA,,
9243,HEY THERE DELILAH,PLAIN WITE T'S,,q
9250,Guillotine,Urbandub,,
9258,Nangangawit,SugarFree,,
9264,Aaminin Ko,6 Cycle Mind,,
9268,Your Guardian Angel,The Red Jumpsuit Apparatus,,
9269,Ang Iyong Paalam,The Dawn,,
9270,Last Look,Chicosci,,
9271,Heto Na,Concrete Sam,,
9278,Under Repair,Imago,,
9294,Kasalanan Ba?,Guji Lorenzaa,,
9298,Will You Ever Learn,Typecast,,
9304,Dear Kuya,Sugarfree,,
9307,Hiram,Session Road,,
9310,Princesa,Itchyworms,,
9314,SHADOW OF THE DAY,LINKIN' PARK,,
9316,Take Me There,Miguel Escueta,,
9317,MIGRAINE,MOONSTAR 88,,
9319,ORDINARY DAY,DOLORES O'RIORDAN,,
9320,ANG SARAP DITO,PROJECT 1,,
9326,Superstar,RJ Jimenez,,
9341,BRING ME DOWN,CUESHE,,
9350,BLEED IT OUT,LINKIN PARK,,
9351,WHAT I'VE DONE,LINKIN PARK,,
9356,SUMMER SONG,SILENT SANCTUARY,,
9370,Mata Ng Diyos,WolfGang,,
9382,Midinite Special,Jeepney Joyride,,
9383,I Kissed A Girl,Katy Perry,,
9385,Betamax,Sandwich,,
9408,Laya,Imago,,
9409,Penge Naman Ako Niyan,Itcyworms,,
9416,Handa,Miguel Escueta,,
9419,Teka,Paraluman,,
9430,Kailan,Bamboo,,
9435,Stop And Stare,One Republic,,q
9440,So What,Pink,,
9442,The Fight Is Over,Urbandub,,
9447,Pataasan Ng WeeWee,Itchyworms,,
9450,Yugto,Rico Blanco,,
9456,What About Now,Chris Daughtry,,
9461,Steady Lang Tayo,Itchyworms,,
9463,After All These Years,Arnel Pineda,,
9468,Sinungaling,Mayonaise,,
9471,Your Universe,Rico Blanco,,
9473,Boy Kulot,Rocksteddy,,
9481,Nahuli Mo Na Ba Ako,Itchyworms,,
9483,Grace,Kitchie Nadal,,
9484,Invitation,Kjwan,,
9508,Novus Is Burning,Wolfgang,,
9509,SUPERSTAR,Cueshe,,
9522,Bitin,Mayonnaise,,
9525,SAY YOU DO,The Bloomfields,,
9527,SUPER NOVA,Rocksteddy,,
9532,INIIBIG KITA,Kitchie Nadal,,
9533,Forever,Kenny Loggins,,
9535,WHAT ABOUT NOW,Chris Daughtry,,
9543,Fire And Ice,Poison,,
9548,Message In A Bottle,The Dawn,,
9549,Di Na Mababawi,Spongecola,,
9552,Basted,Siakol,,
9555,Halik Ni Hudas,Wolfgang,,
9569,GUITAR ADIK,Manibela,,
9579,HIGHWAY,Kitchie Nadal,,
9580,FALLING AWAY,Miguel Escueta,,
9587,Tikman,Sugarfree,,
9589,One,Cueshe,,
9590,DRIFT,Cueshe,,
9593,Bugbog Sarado,Itchyworms,,
9598,Love Bug,Jonas Brothers,,
9603,Ang Himig Natin,Juan dela Cruz Band,,
9605,Another Goodbye Song,Van Louelle Pojas,,
9613,The Greatest Day,Kitchie Nadal feat Barbie Almabis,,
9649,Use Somebody,Kings Of Leon,,
9656,Last Days On A Cruise Ship,Bamboo,,
9657,Antukin,Rico Blanco,,
9684,Happy Christmas,Noel Cabangon,,q
9702,LOVE LETTER,Kitchie Nadal,,
9747,Paris,Chicosci,,
9753,Tumatakbo,Mojofly,,
9756,My Life Would Suck Without You,Kelly Clarkson,,
9763,44317,Archipelago,,
9774,Miskol,Kerubin,,
9775,Tabi,Paraluman with Kean of Callalily,,
9782,Love Will Set Us Free,The Dawn,,
9785,So Be It,Hilera,,
9787,Manila,Sandwich,,
9797,Wala,Kamikazee,,
9813,No Surprise,Daughtry,,
9815,Gusto Ko Lamang Sa Buhay,Itchyworms,,
9821,Highway Star,Deep Purple,,
9841,Leslie,Rocksteddy,,
9842,Maalala Mo Sana,Silent Sanctuary,,
9853,Idlip,Imago,,
9870,Hindi Mo Ba Alam,Siakol,,
9895,Give Me One Reason,Tracy Chapman,,
9896,Cast Of Clowns,Wolfgang,,
9898,Best Of Both Worlds,Miley Cyrus,,
9900,Every Time You Turn Around,Daughtry,,
9901,Ghost Of Me,Daughtry,,
9902,Life After You,Daughtry,,
9905,Kasalanan,6 Cyclemind ft. Gloc 9,,
9908,50 Ways To Leave Your Lover,Bamboo,,
9912,Poison,Alice Cooper,,
9913,All The Young Dudes,Mott The Hoople,,
9914,Dancing Shoes,Arctic Monkeys,,
9915,I Bet You Look Good On The Dance Floor,Arctic Monkeys,,
9916,Because You're,Babybird,,
9918,Chelsea Dagger,The Fratellis,,
9926,Greased Lightnin',Grease Movie OST,,
9927,Sit Down (Next To Me),James,,
9930,I Predict A Riot,Kaiser Chiefs,,
9931,Ruby,Kaiser Chiefs,,
9934,Three Lions (Football's Coming Home),Lightning Seeds,,
9938,All About You,Mcfly,,
9939,In Bloom,Nirvana,,
9940,The Riverboat Song,Ocean Colour Scene,,q
9944,Flash (Flash Gordon Theme),Queen,,
9950,Killer,Seal,,
9954,I Wanna Be Adored,Stone Roses,,
9961,I Don't Like Mondays,The Boomtown Rats,,
9967,Valerie,The Zutons,,
9968,"You Will, You Won't",The Zutons,,
9976,Stigmatized,The Calling,,
9977,Count On You,Tommy Shaw,,
9980,Speed Of Sound,Coldplay,,
9981,Viva La Vida,Coldplay,,
9986,Best Of Both Worlds,Miley Cyrus,,
9987,Rockstar,Nickelback,,
9991,Salita,Angulo,,
9996,Misis Fely Nimfa Ang Pangalan,Itchyworms,,
9997,Hanggang Tingin,Kamikazee,,
10023,Angay Na Ba,Indephums,,
10051,Bisan Pa,Wet Slippers,,
10053,Bisyoso,Toothpick Band,,
10058,Buak,Indephums,,
10077,Di Madutlan,Assembly Language,,
10136,Istorya,Assembly Language,,
11004,21 Guns,Greenday,,
11010,Lifeline,Kjwan,,
11015,Hay Buhay,Sugarfree,,
11016,Hatak,The Dawn,,
11030,Unang Tikim,Kamikazee,,
11032,Muli,Bamboo,,
11036,Torres,Mayonnaise,,
11048,Gusto Ko Lang Ng Girlfriend,Eevee,,
11058,Araw-Araw Na Lang,Aegis,,
11059,Wind It Up,Gwen Stefani,,
11060,Who I Am,Nick Jonas,,
11068,Who Knew,Pink,,
11071,Gotta Be Somebody,Nickelback,,
11073,Photograph,Nickelback,,
11081,U & Ur Hand,Pink,,
11083,Kalayaan,Bamboo,,
11084,Binguel Binguel,U-Kiss,,
11085,Kahit Na,Kiss Jane,,
11088,All Summer Long,Kid Rock,,
11092,High,James Blunt,,
11093,If Everyone Cared,Nickelback,,
11097,Never Say Never,The Fray,,
11098,Nobody's Perfect,Hannah Montana,,
11100,Over My Head,The Fray,,
11104,Suddenly I See,KT Tunstall,,
11109,Gives You Hell,All American Rejects,,
11114,I Do Not Hook Up,Kelly Clarkson,,
11117,It Ends Tonight,All American Rejects,,
11120,Love Drunk,Boys Like Girls,,
11122,Never Again,Kelly Clarkson,,
11123,Where Are You Now,Honor Society,,
11133,Rewind,Paolo Nutini,,
11135,Never Forget You,Noisettes,,
11137,Last Request,Paolo Nutini,,
11138,New Shoes,Paulo Nutini,,
11151,Drops Of Jupiter,Train,,
11152,Two Is Better Than One,Boys Like Girls ft Taylor Swift,,
11153,Neutron Star Collision(Love Is Forever),Muse,,
11158,Working On A Dream,Bruce Springsteen,,
11159,Candy,Paulo Nutini,,
11167,Half Of My Heart,John Mayer ft Taylor Swift,,
11169,Don't Tell Me That It's Over,Amy MacDonald,,
11180,Gaan,Archipelago,,
11192,Old Photographs,Jim Capaldi,,
11196,Darkside Of The Sun,Tokio Hotel,,
11205,Red Heaven,General Luna,,
11208,Baliw,Kiss Jane,,
11210,Suplado Ka Pala Sa Personal,Itchyworms,,
11213,Dreaming With A Broken Heart,John Mayer,,
11220,If Today Was Your Last Day,Nickelback,,
11221,I'm Feeling You,Carlos Santana Feat. Michelle Branch & The Wreckers,,
11223,Invisible,Ashlee Simpson,,
11227,Move Along,The All-American Rejects,,
11230,Savin' Me,Nickelback,,
11231,Say,John Mayer,,
11232,The Great Escape,Boys Like Girls,,
11239,Alay,Kamikazee,,
11245,SPOLIARIUM,IMAGO,,
11248,Meron Ba,Kjwan,,
11268,Wait for Me,Bob Seger,,
11269,S.O.S.,Jonas Brothers,,
11274,Sorry,Buckcherry,,
11275,These Hard Times,Matchbox Twenty,,
11293,February Song,Josh Groban,,
11329,Hangover,Sugarfree,,
11350,Misery,Maroon 5,,
11352,Monsoon,Tokio Hotel,,
11353,Hero,Nickelback,,
11356,Fire With Fire,Scissor Sisters,,
11358,Magic,Selena Gomez,,
11361,Umbrella,The Baseballs,,
11362,Heartbreak Warfare,John Mayer,,
11366,Stay The Night,James Blunt,,
11370,Waiting For The End,Linkin' Park,,
11377,Na na na,My Chemical Romance,,
11381,Ang Huling Yakap Ng Mundo,Imago,,
11385,Never Again,Nickleback,,
11391,Mistake,Nickelback,,
11396,Ayos Lang Ako,Rocksteddy,,
11401,Paano,Letter Day Story,,
11405,This Kind Of Silence,Typecast,,
11412,What's Your Poison,Chicosci,,
11415,Nandito,General Luna,,
11429,Head Over Heels,The Go Go's,,
11435,War Of My Life,John Mayer,,
11437,Do You Know Me,John Mayer,,
11462,Shine A Light,McFly ft Taio Cruz,,
11469,Lagi,Kiss Jane,,
11470,Lumapit,Archipelago,,
11473,Ituloy Mo Lang,Siakol,,
11474,We Belong Together,Miguel Escueta,,
11485,Do You Know Me,John Mayer,,
11490,Just Take My Heart,Mr. Big,,
11491,Marry Me,Train,,
11493,Dont Want To Leave You,Scouting For Girls,,
11496,Porque,Maldita,,
11498,Porque (Full Tagalog),Maldita,,
11501,Tambay,Spongecola,,
11507,Paasa,All For Patricia,,
11508,Airplanes Part 1,B.O.B Feat Hayley Williams,,
11512,One Day,Charice,,
11522,Express Highway,Bloomfields,,
11533,Tila,General Luna,,
11545,War Of My Life,John Mayer,,
11546,Tropa,Siakol,,
11547,Landi,Hansom,,
11552,Ligaw,Ney Dimaculangan,,
11559,Drive,Chris Cayzer,,
11560,Born Free,Kid Rock,,
11568,Meron Akong Ano,Kamikazee,,
11573,Bamboo Medley,Bamboo,,
11575,Eraserheads Medley,Eraserhead,,
11580,The Dawn Medley,The Dawn,,
11608,You and I,Lady Gaga,,
11609,Sari-saring Kwento,Champ Lui Pio feat. Noel Cabangon and Gloc 9,,
11626,TAMALEE,HIJO,,
11628,Never Gonna Leave This Bed,Maroon 5,,
11633,Waiting Outside The Lines,Greyson Chance,,
11636,Goin Where The Wind Blows,Mr. Big,,
11639,Gaano Ko Ikaw Kamahal,ItchyWorms,,
11643,Paano,Jovit Baldivino,,
11645,Bagong Sigaw,Bamboo,,
11652,Amanda,Boston,,
11655,Come As You Are,Nirvana,,
11661,Welcome To The Jungle,Guns N' Roses,,
11665,Fly Away,Lenny Kravitz,,
11670,Yan Naman,Rizal Underground,,
11673,Cool Off,Session Road,,
11677,Elevation,U2,,
11679,Kay Tagal Kitang Hinintay,Sponge Cola,,
11690,Questions,Bamboo,,
11692,Bleed For Me,Saliva,,
11700,What Are Words,Chris Medina,,
11705,Every Teardrop Is A Waterfall,Coldplay,,
11706,Paradise,Coldplay,,
11707,I Fall Over Again,Dan Hill,,
11715,Sleeping With You,Firehouse,,
11721,Hold On Til The Night,Greyson Chance,,
11726,Adolescents,Incubus,,
11727,Megalomaniac,Incubus,,
11736,Halik,Kamikazee,,
11737,My Tender Bear,Kamikazee,,
11739,Stonger (What Doesn't Kill You),Kelly Clarkson,,
11757,Kapitan,Paraluman,,
11760,Please Don't Stop Remembering,Randy Edelman,,
11773,Chasing The Sun,The Calling,,
11776,Why Do We Always Hurt The Ones We Love,Dan Hill,,
11782,Born In The U.S.A.,Bruce Springsteen,,
11783,Time After Time,Cindy Lauper,,
11789,Titser's Enemy No. 1,Juan Dela Cruz Band,,
11794,Bagsakan,Parokya Ni Edgar Ft Francis M. & Gloc 9,,
11814,Asahan Mo,Siakol,,
11816,This Is What Rock N Roll Looks Like,Porcelain Black,,
11829,Tagpuan,Kamikazee,,
11834,Breathe Again,Chicosci,,
11845,Di Mo Na Kaya,Hijo,,
11869,1985,Bowling for Soup,,
11870,Know Your Enemy,Green Day,,
11873,Boulevard Of Broken Dreams,Green Day,,
11876,Gotta Be Somebody,Nickelback,,
11880,I Was Made For Loving You,Kiss,,
11881,All The Right Moves,One Republic,,
11882,Moving Closer,Never The Strangers,,
11883,You Shook Me All Night Long,AC DC,,
11884,A Beautiful Lie,30 Seconds To Mars,,
11888,Poison,Alice Cooper,,
11889,Distraction,Angels & Airwaves,,
11905,Batang-Bata Ka Pa,Sugarfree,,
11909,Mahirap Magmahal Ng Syota Ng Iba,Hilera,,
11911,Salawikain,Spaceflower Show with Mcoy,,
11912,Bawat Bata,The Dawn,,
11924,Killing In The Name Of,Rage Against The Machines,,
11940,Everybody Talks,Neon Trees,,
11956,Upside Down,6 Cycleminds,,
11964,Ikot Ng Mundo,Bamboo,,
11965,Peace Man,Bamboo,,
11970,Minsan,Callalily,,
11974,Huling Pag-ibig,Circa,,
11980,Dream On,Nazareth,,
11988,Different Corners,General Luna Band,,
11992,Hinahanap Hanap Kita,Rivermaya,,
11994,Huling Sayaw,Kamikazee Feat. Kyla,,
11999,Daughters,John Mayer,,
12062,ALL,TO THE ENDS,,
12335,FUEL,TOM WUEST,,
12449,Hide And Seek,Dondie Catan,,
12697,LEAD ME,Steve Taylor,,
13536,All Shook Up,Elvis Presly,,
13568,Any Dream Will Do,Boston,,
14006,CARRIE,EUROPE,,
14012,CREEP,Radiohead,,
14020,Footloose,Kenny Loggins,,
14021,LEADER OF THE BAND,DAN FOGELBERG,,
14024,EYE OF THE TIGER,SURVIVOR,,
14025,Born To Be Wild,Stephen Wolffe,,
14026,HEARTACHE TONIGHT,EAGLES,,
14030,FEVER,ELVIS PRESLEY,,
14037,All Apologies,Nirvana,,
14040,All I Wanna Do,Sheryl Crow,,
14044,Come Together,Beatles,,
14049,All Shook Up,Elvis Presly,,
14050,Another One Bites The Dust,Queen,,
15005,Dark Side,Kelly Clarkson,,
15011,Burn It Down,Linkin Park,,
15014,It Sure Took A Long Long Time,Lobo,,
15021,Payphone,Maroon 5 ft Wiz Khalifa,,
15029,Home,Philip Philips,,
15033,Amats,Rico Blanco,,
15040,Biyaheng Impiyerno,Siakol,,
15045,Sweet Painted Lady,Elton John,,
15048,Difference,The Dawn,,
15051,Girl Of My Dreams,The Moffatts,,
15053,One Headlight,The Wallflowers,,
15057,Drive By,Train,,
15065,Sandata,Wolfgang,,
15069,There Ain't No Way,Lobo,,
15077,One More Night,Maroon 5,,
15080,XGF,Sponge Cola Feat. Chito Miranda and Los Magno,,
15087,50 Ways To Say Goodbye,Train,,
15099,Blanko,Session Road,,
15101,Pasasalamat,Callalily,,
15114,Mahiwaga,Join The Club,,
15119,Live While We're Young,One Direction,,
15120,Pa'no Nangyari Yun,Mayonnaise,,
15121,Give It Away,Red Hot Chili Peppers,,
15122,Hump De Bump,Red Hot Chili Peppers,,
15124,Gising Na,Rocksteddy,,
15129,"Endless, A Silent Whisper",Urbandub,,
15133,Too Close,Alex Clare,,
15134,Blow Me (One Last Kiss),Pink,,
15155,It's Time,Imagine Dragon,,
15158,Better With You,Kris Allen,,
15175,Umagang Kay Ganda,Bamboo,,
15178,The Ghost In You,Psychedelic Furs,,
15184,Every Beat Of My Heart,Chris Rea,,
15186,Fix You,Coldplay,,
15187,The Dolphin's Cry,Live,,
15192,Sunshine And City Lights,Greyson Chance,,
15193,Radioactive,Imagine Dragons,,
15200,Catch My Breath,Kelly Clarkson,,
15201,Run,Kitchie Nadal,,
15204,Daylight,Maroon 5,,
15208,Try,Pink,,
15220,The Best Of Me,Olivia Newton David Foster,,
15237,Pwede Ako,Gracenote Feat Kean Cipriano,,
15239,Help,John Farnham,,
15240,Oras,Mic Llave,,
15246,Kunwari,Kamikazee Feat. Gloc 9,,
15248,Sleep All Day,Jason Mraz,,
15249,Wo Oh,Kamikazee,,
15251,Standing In The Dark,Lawson,,
15252,Love Kita Noon,Haganas,,
15257,Your Silence Is Your Villain,Your Imaginary Friends,,
15266,After All This Time,Itchyworms,,
15276,Song For You,Chicago,,
15277,Diamond Shotgun,Chicosci,,
15283,Easy Pare,Sampaguita,,
15288,I Just Cant Let Go,Ambrosia,,
15291,KPL,The Oktaves,,
15295,Miss U (Miss Miss Sa Loob ng Jeepney),Grin Department,,
15297,Mottaka,Cheese,,
15313,Addicted,Simple Plan,,
15318,In This Life,Bamboo,,
15322,Sabi Nila,Agaw Agimat,,
15323,Receive,Alanis Morissette,,
15331,I Like That,Before You Exit,,
15339,Maria,General Luna,,
15358,Learn To Love Again,Lawson,,
15360,More Than Words Can Say,Alias,,
15373,Take A Chance,Luigi 'D Avola,,
15376,If You Could See Me Now,Script,,
15389,Pilot Of The Airwaves,Charlie Dore,,
15390,Jenny,Click Five,,
15392,First Love,Seals And Crofts,,
15393,Happy Birthday,Click Five,,
15395,If This Day Was The Last Day,General Luna,,
15396,Demons,Imagine Dragons,,
15414,Madness,Muse,,
15423,Sabihin Mo Lagi,Men Oppose,,
15424,Sama-sama,Rocksteddy,,
15427,Absolute Reality,The Alarm,,
15430,Six Degrees Of Separation,The Script,,
15433,You Still Have A Long Way To Go,Typecast,,
15441,By Your Side,Aspen Way,,
15442,Carousel,Bamboo,,
15445,Let Your Love Flow,Bellamy Brothers,,
15446,Breaking Us In Two,Joe Jackson,,
15452,Don't Tell My Heart To Stop Loving You,Bobby Gonzales,,
15467,Brokenhearted,Lawson Feat. B.O.B.,,
15476,I Believe In You,Neil Young,,
15485,Lipat Bahay,Rico Blanco,,
15487,Stranger,Secondhand Serenade,,
15490,The Existence,Shuffled,,
15492,Tell Mama,Savoy Brown,,
15497,Tsismosa,Kley,,
15504,A Little More You,Before You Exit,,
15505,Call Me,Blondie,,
15508,Bumalik Ka Na Sa Akin,Silent Sanctuary,,
15509,Shake It Up,Cars,,
15518,Private Eyes,Hall And Oates,,
15524,Johnny B. Goode,Judas Priest,,
15533,Mission Bells,Matt Nathanson,,
15536,Napapaluha,Paula Bianca,,
15544,Can't Help,Parachute,,
15547,I'll Play For You,Seals And Croft,,
15548,King Of Nothing,Seals And Crofts,,
15549,Selosa,Sicarius,,
15559,Whip It,Devo,,
15577,Feels Like The First Time,Foreigner,,
15587,Tamis,Kamikazee,,
15588,Space,Banda Ni Kleggy ft Kian Cipriano,,
15600,Goodbye To You,Patty Smyth,,
15602,Pwede Ba,Midnight Meetings,,
15611,High,Save Me Hollywood,,
15612,Hummingbird,Seals and Croft,,q
15613,Segundo,Yael Yuzon,,
15617,When The Fog Rolls In,Train,,
15626,Rock N Roll,Avril Lavigne,,
15637,Drown,Rocksteddy,,
15639,Gabay,Siakol,,
15640,Chupoy Chupoy,Hoodlum,,
15643,Insekto,Pedicab,,
15644,It's Only Love,Junior,,
15654,Mary Jane,Aegis,,
15658,Wrecking Ball,Miley Cyrus,,
15660,Minahal Kita,Aegis,,
15661,Best Song Ever,One Direction,,
15665,Pansamantala,Callalily,,
15675,Swept Away,Christopher Cross,,
15676,Promises,Cranberries,,
15677,Can We Dance,The Vamps,,
15683,A Love Like This,Dan Fogelberg,,
15701,Believe In Me,Dan Fogelberg,,
15702,Hard To Say,Dan Fogelberg,,
15703,Same Auld Lang Syne,Dan Fogelberg,,
15704,Seeing You Again,Dan Fogelberg,,
15725,Deliverance,Kitchie Nadal,,
15726,Hintayin,Kley,,
15728,Lonely In Love,Dan Fogelberg,,
15731,Make Love Stay,Dan Fogelberg,,
15743,Run For The Roses,Dan Fogelberg,,
15758,Frailty,Urbandub,,
15787,Excuse Me,Junior,,
15789,Find Me,David Gates,,
15798,Just The Girl,Click Five,,
15807,Melody,Andy Gibb,,
15812,Never Let Her Go,David Gates,,
15815,No Boundaries,Kris Allen,,
15823,Ruby Jean & Billie Lee,Seals & Crofts,,
15827,So Close,Jon Mclaughlin,,
15828,Someday,David Gates,,
15830,Stop Stop,Gracenote,,
15833,Paakyat Ka Pa Lang Pababa Na Ako,Oktaves,,
15869,Hamon Ng Buhay,Chito Miranda,,
15872,Waiting For Superman,Daughtry,,
15896,Rakista,Join The Club,,
15899,Meron Ng Iba,Silent Sanctuary Feat. Ashley Gosiengfiao,,
15902,Pag-ibig Na Kaya Ito,J Brothers,,
15907,Kailangan Kita,Sponge Cola,,
15916,Stay The Night,Zedd ft Hayley Williams,,
15918,Say Something,A Great Big World & Christina Aguilera,,
15937,Bleeding Out,Imagine Dragons,,
15938,Feelingero,Isabelle De Leon,,
15939,Be My Number Two,Joe Jackson,,
15940,Who You Love,John Mayer ft Katy Perry,,
15951,Changes,Save Me Hollywood,,
15960,Animal Instinct,Cranberries,,
15961,The Flame,Cheap Trick,,
15982,Ayokong Tumanda,Itchyworms,,
15998,One on One,Hall and Oats,,
16000,Heart To Heart,James Blunt,,
16002,Bonfire Heart,James Blunt,,
16012,Paraan,Mayonaise,,
16016,Midnight Memories,One Direction,,
16026,Heather's Prayer,Saydie,,
16027,Bunga,Siakol,,
16028,Sino Ako,Aegis,,
16030,Sorpresa,Alon Band,,
16032,Sara,Starship,,
16033,Bird Dog,Everly Brothers,,
16038,Chocolate,The 1975,,
16042,All I Really Want,Alanis Morisette,,
16044,Beds Are Burning,Midnight Oil,,
16062,First Time,Robin Beck,,
16065,If I Could Change Your Mind,Haim,,
16072,Kislap,Kamikazee,,
16078,If You Leave,OMD,,
16088,Sumisigaw,Orient Pearl,,
16089,Telepono,Sugarfree,,
16090,Di Ko Makontrol,Moonflowers,,
16097,You Don't Bring Me Flowers,Neil Diamonds and Barbra Streisand,,
16101,Alive,Pearl Jam,,
16113,I'm Sorry,CNBLUE,,
16115,Tabing Ilog,Barbie's Cradle,,
16126,Gusto Na Kitang Makita,Session Road,,
16131,Walking On Sunshine,Katrina & The Waves,,
16133,Hiding Inside Myself,Kenny Rankin,,
16138,Parang,Mayonnaise,,
16147,Sa Isang Bote Ng Alak,Siakol,,
16155,Torpe,Barbie's  Cradle,,
16174,Empire,Shakira,,
16177,New Days,Asher Lane,,
16179,All I Need,Barbie's Cradle,,
16191,Kapit,Imago,,
16192,Friend Zone,Isabelle De Leon,,
16197,Sex On Fire,Kings Of Leon,,
16198,Pause,Kjwan,,
16206,Real,Plumb,,
16208,Smile At Me,Rocksteddy,,
16213,Girls,The 1975,,
16230,Walang-Wala,Banda Ni Kleggy,,
16255,Mr. Kenkoy,Mike Hanopol,,
16260,Raging Fire,Phillips Phillips,,
16267,Happier This Way,Save Me Hollywood,,
16271,Synesthesia,Mayonnaise,,
16281,Good Life,One Republic,,q
16282,Stereo,Gym Class Heroes ft Adam Levine,,
16286,Somebody To You,The Vamps ft Demi Lovato,,
16289,Like A Stone,Audioslave,,
16290,Bakit Part 2,Mayonnaise,,
16301,Friends Lang Tayo,Grin Department,,
16302,Nobody Home,Heart,,
16312,Maps,Maroon 5,,
16313,Beautiful Goodbye,Maroon 5,,
16320,My Hero,Paramore,,
16322,Evenflow,Pearl Jam,,
16326,All That I Bleed,Savatage,,
16330,When Will My Life Begin,Mandy Moore,,
16331,Semi Charmed Life,Third Eye Blind,,
16369,Habulan,The Dawn,,
16387,To The Sky,Owl City,,
16429,Dito,Jovit Baldivino,,
16438,Song On A Broken String,Nicole Asensio,,
16442,Crash n Burn,Savage Garden,,
16447,White Houses,Vanessa Carlton,,
16456,Man In The Box,Alice In Chains,,
16459,Time Alone With You,Bad English,,
16485,Aking Pangako,Kjwan,,
16488,Porta,Mayonnaise,,
16490,Secret Valentine,We The Kings,,
16494,Last Hope,Paramore,,
16498,Burnout,Sugarfree,,
16502,HeartBeat,The Fray,,
16503,1979,The Smashing Pumpkins,,
16517,Good Girls Go Bad,Cobra Starship,,
16518,Money Changes Everything,Cyndi Lauper,,
16528,Habang Buhay,Glenn Jacinto,,
16530,I Can't Make Up My Mind,The Zombies,,
16533,Ikot,The Oktaves,,
16534,Sobrang Init,Kamikazee,,
16546,Only Love Can Break Your Heart,Neil Young,,
16547,Patiently,Journey,,
16548,I Go Crazy,Paul Davis,,
16557,Something Blue,Neil Diamond,,
16561,Creep,Stone Temple Pilots,,
16564,I'll Be True To You,The Monkees,,
16565,Bullet With Butterfly Wings,The Smashing Pumpkins,,
16572,Broken,Seether & Amy Lee from Evanescence,,
16583,First Day High,Kamikazee,,
16589,Between The Raindrops,Lifehouse ft Natasha Bedingfield,,
16590,Pure,Lightning Seeds,,
16591,Orient Pearl,Maabot Ka Lang,,
16596,Midnight Blue,Melissa Manchester,,
16601,Postcards,James Blunt,,q
16605,Sa Puso Ko,True Faith,,
16608,Akala Ko'y Langit,Siakol,,
16613,Love Can Make You Cry,Urgent,,
16615,Wait For Me Baby,John Smith  & The New Sound,,
16617,Where Do Broken Hearts Go,One Direction,,
16621,Mangarap Ka (Full Band),After Image,,
16624,Discolamon,Banda Ni Kleggy,,
16628,Lapit,Callalily,,
16638,Sana'y Magbalik,Jovit Baldovino,,
16647,Midnight Blue,Melissa Manchester,,
16652,Hiling,Paramita,,
16656,Hindi Ko Naisip,Rockstar 3,,
16657,Without Your Love,Roger Daltrey,,
16666,Summertime,The Sundays,,
16667,Ipagdarasal Ko,The Vibe,,
16673,Darkness Fell,Wolfgang,,
16678,Maabot Ka Lang,Orient Pearl,,
16680,Syndicate,The Fray,,
16682,Somedays,Audioslave,,
16695,Mahal Kita Pramis,Banda Ni Kleggy,,
16696,Money For Food,Barbie's Cradle,,
16709,If It's Love,Train,,
16710,Falling Star,Itchy Worms,,
16722,P.I.,Siakol,,
16725,Rainy Day,Itchyworms,,
16738,Trapo,Yano,,
16740,Sound Of A Gun,Audioslave,,
16742,Walk This Way,Aerosmith ft Run DMC,,
16748,Pour Some Sugar On Me,Def Leppard,,
16753,Yesterdays,Guns N' Roses,,
16769,Let Me Down,Kelly Clarkson,,
16778,She Makes Me Feel,Matthew Fisher,,
16781,Prom,Sugarfree,,
16789,Kasalukuyan,Siakol,,
16795,Kapag Nagunaw Ang Mundo,The Youth,,
16804,Batugan,Shanghaied,,
16810,When A Blind Man Cries,Deep Purple,,
16821,Halika Na,Siakol,,
16822,Hari Ng Sari Sari,Boneheads,,
16826,I Love You,Nine Days,,
16827,I Miss You,Incubus,,
16829,Shots,Imagine Dragons,,
16831,Hold Back The River,James Bay,,
16834,Magulo Buhay Ng Tao,The Youth,,
16836,Nothing Without Love,Nate Ruess,,
16838,Fire And Ice,Pat Benatar,,
16840,Giyang,Razorback,,
16841,Munting Paraiso,Razorback,,
16849,Song For Someone,U2,,
16850,Stuff Toy,Grin Department,q,
16854,Tugtugan Na,The Teeth,,
16856,Time Space Warp,Balahibumpooza,,
16864,Arise,Wolfgang,,
16868,Ceiling,Typecast,,
16872,Praning,Datus Tribe,,
16886,Buwan,Itchy Worms,,
16887,1973,James Blunt,,
16893,Govinda,Kula Shaker,,
16906,Payaso,Razorback,,
16907,Katol,Rocksteddy,,
16925,I Don't Want To Live Without Your Love,Chicago,,
16932,First Love Never Dies,Jerry Fuller,,
16942,Let's Make A Memory,Rex Smith,,
16948,Tayo Na Lang Dalawa,Mayonnaise,,
16950,Mga Langaw,Grin Department,,
16957,Kailangan Kita,Orange And Lemons,,
16961,Room 21,Hinder,,
16963,Your Call,Secondhand Serenade,,
16964,Shout,Ross Copperman,,
16965,Shut Up And Dance,Walk The Moon,,
16968,Speechless,City Boy,,
16970,The Lucky One,Taylor Swift,,
16971,Younger Yesterday,The Meadows,,
16972,This Time I Know It's Real,Norman Saleet,,
16980,628,Europe,,
16982,Alter Bridge,Metalingus,,
16987,Nakakalitong Mga Tao,Datu's Tribe,,
16996,Syota Ng Bayan,Grin Department,q,
17011,Muling Buksan Ang Kahapon,Orient Pearl,,
17013,Pautang Ina,Manang Damo,,
17019,Sigarilyo Ni Pepe,Re-Animator,q,
17031,Basura,The Youth ft Cookie Chua,,
17033,Traffic Na Naman,Erectus,q,
17038,Kaka,Yano,,
17049,Death Metal,Datu's Tribe,,
17054,Love Grows Where Rosemary Goes,Edison Lighthouse,,
17064,B.S.U.R.(S.U.C.S.I.M.I.M),James Taylor,,
17065,Fire It Up,Joe Cocker,,
17071,Only God Knows Why,Kid Rock,,
17079,More Than A Feeling,Boston,,
17081,Secret,OMD,,
17085,Voodoo Who Do,Razorback,,
17091,Bloodstream,Stateless,,
17093,Tao Po,The Youth,,
17095,Hurt,Timi Yuro,,
17111,Animals,Maroon 5,,
17121,Roads,Lawson,,
17122,Name,Goo Goo Dolls,,
17127,Stellar,Incubus,,
17136,Love Me Somebody,Bad Company,,
17142,Drag Me Down,One Direction,,
17144,Atomica,Wolfgang,,
17152,That's The Way I Love You,Taylor Swift,,
17154,Iniwan,Grin Department,,
17159,Wake Up,Coheed And Cambria,,
17180,I've Been In Love Before,Cutting Crew,,
17190,Here Is Gone,Goo Goo Dolls,,
17191,Roots,Imagine Dragons,,
17203,Absolutely (Story Of A Girl),Nine Days,,
17209,"1, 2, 3, 4",Plain White T's,,q
17211,Whoa Pilipinas,Datus Tribe,,
17213,That's The Way I Love You,Taylor Swift,,
17216,Perpekto,Dong Abay,,
17223,14,Silent Sanctuary,,
17225,A New Tattoo,Urbandub,,
17233,Around The World,Red Hot Chili Peppers,,
17241,Dance The Night Away,Van Halen,,
17253,Fortune Teller,Maroon 5,,
17259,Heaven,Psychedelic Furs,,
17275,Sea Of Love,The Honeydrippers,,
17279,Hanep,Rouge Band,,
17299,Beginnings,Chicago,,
17313,Ever The Same,Rob Thomas,,
17338,Ex's & Oh's,Elle King,,
17340,Renegades,X Ambassadors,,
17351,Boyfriend,Ashlee Simpson,,
17388,A Call to Arms,Urbandub,,
17396,At or With Me,Jack Johnson,,q
17401,Big Machine,Goo Goo Dolls,,
17407,Brick,Ben Folds Five,,
17409,Buak,Indephums,,
17421,Crash Into Me,Dave Matthews,,
17432,Everyday Is A Winding Road,Sheryl Crow,,
17448,Picture Mo Inday,Grin Department,,
17461,Outsiders,Against The Current,,
17463,The Diamantina Drover,Redgum,,
17470,Adventure Of A Lifetime,Coldplay,,
17476,Scar Tissue,Red Hot Chili Pepper,,
17477,Come Out And Play,The Offspring,,
17489,Animals,Nickelback,,
17490,Anna Sun,Walk The Moon,,
17495,Been It,The Cardigans,,
17500,Crazy Tonite,Sampaguita,,
17505,Did You Get My Message,Jason Mraz,,
17515,Face In The Woods,Urbandub,,
17519,(Forever) Live And Die,OMD,,
17527,If You Only Knew,Gil ft Moffats,,
17538,Silakbo,Miles Experience,,
17542,Just A Feeling,Maroon 5,,
17543,Under The Sun,Lawson,,
17545,Lovefool,The Cardigans,,
17570,You Can't Be Right,Mayonnaise,,
17572,King Of The World,Weezer,,
17582,All American Nightmare,Hinder,,
17586,Are You In,Incubus,,
17591,Black Balloon,Goo Goo Dolls,,
17607,Deep Inside Of You,Third Eye Blind,,
17619,Evidence,Urbandub,,
17620,Farewell To You,White Lion,,
17632,Had Enough,Lifehouse ft Daughtry,,
17636,Hands Clean,Alanis Morissette,,
17639,I Can't Lie,Maroon 5,,
17640,I Touch Myself,Divinyls,,
17642,Dalawang Letra,Itchy Worms,,
17651,Runnin' Away,Ang Tunay Na Amo,,
17652,Muling Binuhay Mo,Ciamara Morales,,
17658,"Perhaps, Perhaps, Perhaps",Cake,,
17673,Where's The Love,Hanson,,
17677,Kurakot,Banda Ni Kleggy,,
17682,Give In To Me,Michael Jackson,,
17685,A Teenagers Romance,Ricky Nelson,,
17692,Ayang-Ayang,Boston,,
17696,Hymn For The Weekend,Coldplay,,
17707,Only You,After Image,,
17720,Out Of Touch,Hall & Oates,,
17723,Heaven In Your Eyes,Loverboy,,
17732,Takbo,The Youth,,
17739,Money,Lawson,,
17740,Love,Randy Goodrum,,
17750,Otso Pa,Grin Department,,
17768,The One You Love,Glenn Frey,,
17774,Aint Looking For Love,Loverboy,,
17776,Sa Aking Pagpikit,Midnight Meetings,,
17777,Running With The Wild Things,Against The Current,,
17779,Wild Thing,The Troggs,,
17780,Worlds Collide,Plumb,,
17794,Babaeng Sorbetes,Orient Pearl,q,
17801,Be Your Everything,Boys Like Girls,,
17802,Bennie And The Jets,Elton John,,
17807,Brandy (You're A Fine Girl),Looking Glass,,
17813,Come On Little Angel,Belmonts,,
17816,Counting Down The Days,Natalie Imbruglia,,
17818,Dancing In The Moonlight,Toploader,,
17826,Words And Music,Andy Gibbs,,q
17835,Forevermore,After Image,,
17841,Give A Little More,Maroon 5,,
17844,Guardian,Alanis Morissette,,
17853,Death Of A Bachelor,Panic At The Disco,,
17855,Two Four,Gracenote,,
17856,Crazy Eyes For You,Jimmy Wilde,,
17859,Gotten,Adam Levine ft. Slash,,
17862,Tabo,Grin Department,,
17865,Solb,Siakol,,
17879,Buddy Holly,Weezer,,
17887,One On One,Hall & Oats,,
17903,Weird,Hanson,,
17913,Sa Pag-ikot Ng Mundo,Siakol,,
17926,When I'm Gone,Before You Exit,,
17928,Up And Up,Coldplay,,
17946,Suwerte,Narda,,
17965,Swallowed,Bush,,
17966,Adam's Song,Blink 182,,
17967,Brain Stew / Jaded,Green Day,,
17968,Good Riddance (Time Of Your Life),Greenday,,
17970,Cheap Thrill,Pupil,,
17973,Five Ever,Mayonnaise,,
17978,In Too Deep,Sum 41,,
17983,Armageddon It,Def Leppard,,
17987,Blues In The Night,Chicago,,
18002,Lovers In The Wind,Roger Hodgson,,
18004,Trying To Say Goodbye,Neil Sedaka,,
18009,Gone,Urbandub,,
18011,How You Remind Me,Nickelback,,
18017,I Don't Want To Go On Without You,Nazareth,,
18023,Where My Love Goes,Lawson,,
18047,Supernova Scum,The Youth,,
18051,Heathens,Twenty One Pilots,,
18062,Superman,Joe Brooks,,
18065,Girlfriend,Kamikazee,,
18076,Blood Hands,Royal Blood,,
18077,Your Love,The Outfield,,
18078,Guillotine,Urbandub,,
18080,You Get What You Give,New Radicals,,
18097,Wait For Me,Darryl Hall & John Oates,,
18115,Di Kita 'Pagpapalit,Rockstar 2,,
18121,I Miss You,Blink 182,,
18124,Long And Lasting Love(Once In A Lifetime),Glenn Medeiros,,
18125,Longview,Greenday,,
18153,The Best Of Me,Cliff Richards,,
18155,The Pieces Don't Fit Anymore,James Morrison,,
18163,Stop This Train,John Mayer,,
18172,The Story Of Us,Taylor Swift,,
18173,We Don't Need Another Hero,Tina Turner,,
18175,Thunder,Boys Like Girls,,
18176,Let It Go,James Bay,,
18177,Summer Baby,Imago,,
18181,You Take My Breath Away,Rex Smith,,
18183,A Twist In My Story,Secondhand Serenade,,
18185,According To You,Orianthi,,
18186,Almost Grown,Chuck Berry,,
18188,Barracuda,Heart,,
18189,Give A Little Love,Bay City Rollers,,
18193,Cat And Mouse,The Red Jumpsuit Apparatus,,
18197,Falling In Love With You Tonight,Norman Saleet,,
18198,Bicycle Race,Queen,,
18215,Ikaw At Ako,Krausswind,,
18219,Sucker For Pain,Lil Wayne Wiz Khalifa & Imagine Dragons w Logic & Ty Dolla ,,
18224,Pabili Po,Banda Ni Kleggy ft Aikee,,
18227,Holiday,Green Day,,
18237,Silver Song,Johnny Flynn,,q
18243,Who Says,John Mayer,,q
18245,The Climb,Miley Cyrus,,
18252,Hiram Na Buhay,No Bail Band,,
18261,Awiting Pilipino,Mike Hanopol,,
18271,Highway To Hell,ACDC,,
18276,Wag Mong Aminin,Rico Blanco,,
18287,Christmas Bonus,Aegis,,
18294,Before We Come Undone,Kris Allen,,
18325,I'm Gonna Be (500 Miles),The Proclamers,,
18342,Gusto Ko,Gracenote ft Alexa Ilacad,,
18354,Questions,Manfred Mann,,
18357,Pare-Pareho,Banda Ni Kleggy ft Bayang Barrios,,
18359,Strangers By The Day,Shades Apart,,
18369,American Idiot,Greenday,,
18374,Pariwara,Itchyworms feat. Ely Buendia,,
18378,Tush,ZZ top,,
18392,You Were Right,Gene Cotton,,
18404,Conviction Of The Heart,Kenny Loggins,,
18405,The Heart Never Lies,McFly,,
18410,Taking Off,One Ok Rock,,
18413,Ain't Talkin' Bout Love,Van Halen,,
18418,I Can't Play The Songs,David Gates,,
18419,I Think God Can Explain,Splender,,
18420,I Write Sins Not Tragedy,Panic At The Disco,,
18424,In Your Eyes,Peter Gabriel,,
18448,I'm Gonna Find Another You,John Mayer,,
18449,Live Like We're Dying,Kris Allen,,
18463,Let's Stop Before We Fall In Love,Norman Saleet,,
18471,Misery,Moffats,,
18473,Still In Love,David Gates,,
18477,Welcome To Paradise,Greenday,,
18478,Hang,Matchbox20,,
18500,Di Na Muli,Itchyworms,,
18502,LA Devotee,Panic At The Disco,,
18514,Kiss On My List,Hall & Oates,,
18524,Hold My Heart,Sara Bareilles,,
18527,Dangerous,Before You Exit,,
18528,Doo Wah Diddy,Manfred Mann,,
18544,(You're The) Devil In Disguise,Elvis Presley,,
18547,Pause,Gracenote,,
18551,Live To Rise,Sound Garden,,
18560,Hot Blooded,Foreigner,,
18561,Ung Tagalog,Kamikazee,,
18563,Kabilang Mundo,Siakol,,
18564,Skyway Avenue,We The Kings,,
18567,The Day You Went Away,M2M,,
18571,You Said No (Crash And Burn),Busted,,
18572,Slide,Goo Goo Dolls,,
18573,She,Greenday,,
18574,Mary Jane,The Grandells,,
18577,Anak Ka Ng Ina Mo,The Youth,,
18578,Masdan Mo Ang Kapaligiran,Xanctuary,,
18589,Crashed The Wedding,Busted,,
18594,Firepower,Bamboo,,
18597,What Kind Of Man Would I Be,Chicago,,
18599,Empty,The Click Five,,
18601,Still Breathing,Green Day,,
18603,Talk Shows On Mute,Incubus,,
18607,Call,Bamboo,,
18609,My Morena Girl,Hey Joe Show,,
18614,Say You Like Me,We The Kings,,
18623,What About Love,Lemar,,
18624,Kissin' U,Miranda Cosgrove,,
18648,Cowboys From Hell,Pantera,,
18650,Time Is On My Side,Rolling Stones,,
18651,Love You Madly,Cake,,
18653,Human Highway,Neil Young,,
18666,Tayo Lang Dalawa,Kiss Jane,,
18669,Five Minutes To Midnight,Boys Like Girls,,
18670,Kapag Lasing Ka Lang Malambing,Mayonnaise,,
18676,Tsinelas,Yano,,
18680,You Are My Religion,Firehouse,,
18685,Berzerk,Eminem,,
18692,I Forgive You,Kelly Clarkson,,
18694,Suitcase,Before You Exit,,
18703,Then The Morning Comes,Smash Mouth,,
18705,Think About The Times,Ten Years After,,
18709,How Do You Talk To An Angel,The Heights,,
18735,No Plan,David Bowie,,
18738,Pain In My Heart,Arnel Pineda,,
18744,Need The Sun To Break,James Bay,,q
18745,I Will,Matchbox 20,,
18746,California,Phantom Planet,,
18747,Bang And Blame,R.E.M.,,
18751,Simply,Sara Hickman,,q
18752,Damn Regret,The Red Jumpsuit Apparatus,,
18759,King Of Anything,Sarah Bareiles,,
18761,Salisi,Isha,,
18763,Suppose,Second Hand Serenade,,
18765,Taking Over Me,Lawson,,
18766,The Sound,The 1975,,
18767,Sama-Sama,Alamid,,
18771,Come On Get Higher,Matt Nathanson,,
18772,Iniwanan,Mga Anak Ng Tupa,,
18773,Castle On The Hill,Ed Sheeran,,
18776,Padre Damaso,Warlock,,
18779,You Don't Wanna Know,Orianthi,,
18834,The Sound Of Silence,Disturbed,,
18839,Love On The Weekend,John Mayer,,
18843,Hearts,Marty Balin,,
18846,Young And Relentless,Against The Crime,,
18848,All The Love In The World,The Outfield,,
18850,Paano Ka Magiging Akin,True Faith,,
18855,Xman,2 Years Apart,,
18859,Rhythm Of Love,Plain White T's,,q
18868,If You Needed Somebody,Bad Company,,
18873,Itulog Mo Na Yan,Moonstar88,,
18874,American Girls,One Ok Rock,,
18876,Sleep Now In The Fire,Rage Against The Machine,,
18878,Bad Luck,Social Distortion,,
18879,Dirty Little Secret,The All American Rejects,,
18886,Closer,Alamid,,
18894,Don't Stop Me Now,Queen,,
18898,Back in Black,AC DC,,
18905,All Night Long,Joe Walsh,,
18906,Tsinelas,Kamikazee,,
18907,Everything You Do,M2M,,
18912,Born Under A Bad Sign,Richard Hawley,,
18920,I Wanna Rock,Twisted Sister,,
18922,Sign of the Times,Harry Styles,,
18930,Hard Times,Paramore,,
18942,Gravity,John Mayer,,
18948,Kung Maibabalik Ko Lang,LDS ft Yeng Constantino,,
18950,Loud Music,Michelle Branch,,
18958,Rockin' Into The Night,38 Special,,
18960,Before It's Too Late,Goo Goo Dolls,,
18961,Notion,Kings Of Leon,,
18962,Pink White Blue,Mayonnaise,,
18965,Someday (You'll Want Me To Want You),Ricky Nelson,,
18976,Burnin' For You,Blue Oyster Cult,,
18977,Used To,Daughtry,,
18980,Kumusta Na,Yano,,
26003,Kapit,Christian Bautista,,
26006,Over You,Daughtry,,
26012,Nothing But Love,Mr. Big,,
26016,Told You So,Paramore,,
26028,Hypnotised,Coldplay,,
26041,Sexy Lady,Jessie J,,
26048,Kiss In The Rain,Billie Myers,,
26051,Raise Your Glass,Pink,,
26052,I Still Think About You,Danger Danger,,
26053,Kwentuhan,Sugarfree,,
26070,Staring At The Sun,U2,,
26088,Charlie Brown,Coldplay,,
26103,Hell Bells,AC/DC,,
26107,Till I Kissed You,Everly Brothers,,
26110,Bilog,Gracenote ft Yeng Constantino,,
26111,Secret,Heart,,
26121,Belladona,UFO,,
26126,I Want You To Want Me,Cheap Trick,,
26127,Can I Play With Madness,Iron Maiden,,
26128,Love Sensation,911,,
26148,Lose Your Way,Sophie B. Hawkins,,
26152,Bulag Pipi At Bingi,Aegis,,
26155,Unguarded Moment,The Church,,
26156,Anybody Seen My Baby,The Rolling Stones,,
26170,Heels Over Head,Boys Like Girls,,
26171,Insomnia,Hilera,,
26172,Here In My Heart,Mayonnaise,,
26173,Slow Hands,Niall Horan,,
26176,Surrender,Billy Talent,,
26177,Payo,The Youth,,
26178,Trouble,Coldplay,,
26186,Dead,My Chemical Romance,,
26204,Come To Me,Goo Goo Dolls,,
26205,If I Keep My Heart Out Of Sight,James Taylor,,
26206,Geek in the Pink,Jason Mraz,,
26214,Love Is All There Is,The Boss,,
26215,Today,Willamette Stone,,
26225,Infatuation,Maroon 5,,
26241,In Thee,Blue Oyster Cult,,
26243,Let Me Tell Your Fortune,Gary Lewis & The Playboys,,
26244,If It Kills Me,Jason Mraz,,
26247,Bad Liar,Selena Gomez,,
26248,Jump Around,Limp Bizkit,,
26254,Macy's Day Parade,Greenday,,
26255,I've Got You,Mcfly,,
26264,Speechless,Lady Gaga,,
26267,Love Makes The World Go Round,Everly Brothers,,
26277,Candy,Iggy pop,,
26278,I Found You,Itchyworms,,
26309,Maria,Blondie,,
26316,Believer,Imagine Dragons,,
26327,A Little More Love,Olivia Newton John,,
26332,To Be Loved,Train,,
26336,Higher,Erik Gronwall,,
26337,Hudas,Bamboo,,
26355,Listen To The Man,George Ezra,,
26363,Nababaliw (Acoustic),Letterday Story,,
26369,I Will Come To You,Hanson,,
26386,Tersera,Mayonnaise,,
26404,We May Never Pass This Way Again,Seals & Crofts,,
26418,Hey Barbara,IV Of Spades,,
26424,Oh Girl,Paul Young,,
26431,Big Empty,Stone Temple Pilots,,
26436,I Just Wanna Be Your Everything,Andy Gibb,,
26437,Thunder,Imagine Dragons,,
26447,POV,McFly,,
26456,Mr. Jones,Counting Crows,,
26462,Raspberry Girl,Chicosci,,
26482,September,Daughtry,,
26522,Talking To Myself,Linkin Park,,
26525,One More Light,Linkin Park,,
26543,It Ain't Over 'Til It's Over,Lenny Kravitz,,
26558,Naroon,Yano,,
26561,Can't Help Falling In Love,Richard Marx,,
26572,Rockstar,Post Malone,,
26577,Shiver,Coldplay,,
26579,Stealing Heart,Chicosci,,
26580,Sunglasses At Night,Corey Heart,,
26581,Talaga Naman,The Dawn,,
26587,When I'm Gone,3 Doors Down,,
26591,My Generation,Limp Bizkit,,
26604,I Won't Back Down,Tom Petty & The Heartbreakers,,
26611,He Could Be The One,Hannah Montana,,
26620,Otherside,Red Hot Chili Peppers,,
26625,The Silent Man,Dream Theater,,
26632,Anino,Wolfgang,,
26634,Heaven Can Wait,We The Kings,,
26640,I Only Want To Be With You,Vonda Shepard,,
26664,When I See You Smile,Bad English,,
26679,Taong Grasa,The Youth,,
26685,Tulad Ng Dati,The Dawn,,
26687,Two Hearts,Phil Collins,,
26690,Breed,Nirvana,,
26716,Kiwi,Harry Styles,,
26750,Fight For Your Right,Beastie Boys,,
26754,You Don't Have To Paint Me A Picture,Gary Lewis,,
26773,If I Am,Nine Days,,
26793,Salot,Siakol,,
26795,Sa'yo Parin,Glaiza De Castro,,
26809,What About Now,Westlife,,
26820,Mr. Love,Connie Francis,,
26826,"Where Have You Been, My Disco",IV Of Spades,,
26830,Snow (Hey Oh),Red Hot Chili Peppers,,
26853,Dito Tayo Sa Dilim,Pedicab,,
26854,Walang Ganon,Siakol,,
26863,Love Buzz,Nirvana,,
26867,Patay Sindi,Stellar,,
26877,Afterglow,Lobo,,
26879,Ordinary Day,Vanessa Carlton,,
26888,Miss You,Louis Tomlinson,,
26893,Shiver,Maroon 5,,
26897,Skyway Avenue,We The Kings,,
26920,Vultures,John Mayer,,
26924,Tsismis,Siakol,,
26927,State U,Yano,,
26932,Better Off Alone,Marie Digby,,
26946,Photograph,Ringo Starr,,
26962,Demonyo (Redefined),Juan Karlos Labajo,,
26973,Another Day,Dream Theater,,
26976,I Am... I Said,Neil Diamond,,
27025,Ya Ya,Lee Dorsey,,
27063,Unang Araw,Sugarfree,,
27080,Habang Buhay,Circa,,
27084,To Be With You,Aegis,,
27095,We Got the Beat,The Go Go's,,
27098,Spaces,MilesExperience,,
27099,Vulnerable,Secondhand Serenade,,
27100,Ocean Avenue,Yellowcard,,
27115,Girls Like You,Maroon 5 ft Cardi,,
27117,Sige na Tuloy Pa,Siakol,,
27120,Mateo Singko,Dong Abay,,q
27123,Disconnected,The Red Jumpsuit Apparatus,,
27135,Us,James Bay,,
27150,Dambana,Silent Sanctuary ft Aia De Leon,,
27152,Buwan,Juan Karlos Labajo,,
27154,Whatever It Takes,Imagine Dragons,,
27155,All I Have To Do Is Dream,Everly Brothers,,
27172,Ang Ating Araw,Dicta License,,
27190,Alone At Last,Neil Sedaka,,
27204,Stuck With You,Huey Lewis & The News,,
27212,Sisikat Muli Ang Araw,Itchyworms,,
27213,Ex,Callalily,,
27214,Gaga,Nar Cabico,,
27227,Travellin' Light,Cliff Richard,,
27230,Natural,Imagine Dragons,,
27239,"Bes, I Ever Had",Paraluman,,
27253,Still Crazy After All These Years,Paul Simon,,
27265,Aegis Medley,Aegis,,
27267,Run To You,Bryan Adams,,
27291,High Hopes,Panic At The Disco,,
27298,Thanks To You,Richard Marx,,
27307,When You Love A Woman,Journey,,
27327,Follow Me (Dj Homicide Remix),Uncle Kracker,,
27336,Hero Heroine,Boys Like Girls,,
27337,Without Me,Claire Marlo,,
27347,Wakasan,Agsunta,,
27382,You Belong With Me,Taylor Swift,,
27389,Christmas Lights,Coldplay,,
27411,Respeto,Gracenote,,
27416,Yun Tayo,Gracenote,,
27425,The Beginning,One Ok Rock,,
27446,Consequences,Camila Cabello,,
27454,Beautiful Day,U2,,
27474,Stay Close Don't Go,Secondhand Serenade,,
27505,Part Time Love,David Gates,,
27507,99 Red Balloons,Nena,,
27515,When I Find Love Again,James Blunt,,
27517,Sometimes Always,The Jesus & Mary Chain,,
27518,0.535416667,The Strokes,,
27532,You're No Good,Linda Ronstadt,,
27537,Killing Ourselves To Live,Halestorm,,
27538,Kumusta Mga Kaibigan,Maria Cafra,,
27547,Memories Of Our Dreams,Advent Call,,
27558,Let's Dance,Chris Montez,,
27559,409,The Beachboys,,
27561,Ruby Baby,Dion and the Belmonts,,
27567,It's A Long Way To The Top,AC/DC,,
27568,Sail Around The World,David Gates,,
27576,The American Heartbeat,Survivor,,
27578,40 Boys In 40 Nights,The Donnas,,
27599,Say It Again,Marie Digby,,
27607,Gusto Ko Lang,Mayonnaise,,
27613,Sad Song,We The Kings,,
27639,Shut Up,Greyson Chance,,
27646,Waiting For Your Love,Toto,,
27661,More Love,Kim Carnes,,
27664,Panaginip,Mayonnaise,,
27665,Better Than Me,Hinder,,
27671,Speedy Gonzales,Pat Boone,,
27685,Come On To Me,Paul McCartney,,
27694,I Need You (That Thing You Do),The Wonders,,
27695,When We Say,AJ Rafael,,
27727,Spirits,The Strumbellas,,
27747,Baliw,COLN,,
27751,All Right,Christopher Cross,,
27755,Death On Two Legs,Queen,,
27781,On Top of the World,Boys Like Girls,,
27783,Simula,Karylle,,
27787,Doom Days,Bastille,,
27879,Napakyas,Absolute Failure,,
27965,Pasagdi Na Lang,Blue Fighter,,
28039,I Fought The Law,Bobby Fuller Four,,
28041,Nasilaw Sa Dilim,COLN,,
28046,Wag Mong Isipin Yon,Siakol,,
28051,Zero,Imagine Dragons,,
28060,Umaasa Pa Rin Ako,The Mike Bon Gang,,
28081,Heart Hotels,Dan Fogelberg,,
28084,Man On Your Mind,Little River Band,,
28089,Bakit Ngayon Lang,Bodjie's Law Of Gravity,,
28092,Heartlight,Neil Diamond,,
28097,Hayaan Mo Sila (Rock Cover),TUH,,
28114,Hang,Matchbox 20,,
28121,Kody,Matchbox 20,,
28125,I Did It For Your Love,Glen Frey,,
28139,"December, 1963 (Oh What a Night)",The Four Seasons,,
28164,Desiree,Neil Diamond,,
28182,Itanong Mo Sa Mga Bata,Glaiza De Castro,,
28190,Blow,Ed Sheeran With Chris Stapleton And Bruno Mars,,
28201,Circles,Post Malone,,
28205,Tomorrow Never Dies,Sheryl Crow,,
28210,All My Love,Cliff Richard,,
28236,1901,Phoenix,,q
28238,Anarchy in the UK,Sex Pistols,,
28240,There Is A Light that Never Goes Out,The Smiths,,
28263,Pag-ibig Na Walang Balik,Imago,,
28269,Lakambini Bottom,Datus Tribe,,
28270,Pyro,Kings Of Leon,,
28290,Boys Will Be Boys,Dennis Deyoung,,
28304,Darkside,Blink 182,,
28315,Take What You Want,"Post Malone ft Ozzy Osbourne, Travis Scott",,
28330,Leave Out All The Rest,Linkin Park,,
28342,Si Caloy,Haganas,,
28343,Bitter Song,Callalily Ft. Maychelle Baay,,
28345,Diksyonaryo,The Chongkeys,,
28349,Sam,Olivia Newton John,,
28365,Easy,Camila Cabello,,
28367,Orphans,Coldplay,,
28371,Come Inside Of My Heart,IV Of Spades,,
28389,Shameless,Camila Cabello,,
28406,Baso At Bote,Gracenote,,
28409,Into The Unknown,Panic At The Disco,,
28423,Everyday People,Sly & Family Stone,,
28425,Brown Eyed Girl,Van Morisson,,
28438,Everyday Life,Coldplay,,
28446,Can't Stop,Red Hot Chili Peppers,,
28476,I Think Of You,Susan Cowsill,,
28482,Inday,Juan De La Cruz Band,,
28521,Awit Ng Kambing,Dong Abay,,
28523,Mother,John Lennon,,
28526,Kahimanawari,Dong Abay,,
28530,Wish You Were Here,Incubus,,
28546,Nightmare,Halsey,,
28555,Walk Me Home,Pink,,
28558,Magkaibang Mundo,Katrina Velarde,,
28573,Just Between You And Me,April Wine,,
28575,Jealousy,Frankie Miller,,
28586,Wicked Game,Chris Isaak,,
28589,Northern Downpour,Panic! At The Disco,,
28595,One By One,Michael Quatro,,
28600,Baleleng,Aegis,,
28601,Oh Carol,Chuck Berry,,
28603,Look Away,Chicago,,
28612,I'll Never Let You Go,Steelheart,,
28620,Because The Night,Patti Smith Group,,
28622,Check Yes Juliet,We The Kings,,
28639,Mayonnaise Medley,Mayonnaise,,
28640,One Last Chance,Daughtry,,
28648,Puting Ilaw,Advent Call,,
28676,Last Nite,The Strokes,,
28697,Long Ago,The Dave Clark Five,,
28707,I'm A Believer,Smash Mouth,,
28724,Hurtin' Inside,Dave Clark Five,,
28731,Pagdating,Alamid,,
28743,What A Man Gotta Do,Jonas Brothers,,
28749,Nice To Meet Ya,Niall Horan,,
28753,Love Is Trippy,Amy Kunney,,
28784,Forbidden,Jovit Baldivino,,
28795,Blue On Black,Five Finger Death Punch,,
28801,Rubber Ball,Gary Lewis  The Playboys,,
28813,Make You Mine,Public,,
28821,Cab Driver,The Mills Brothers,,
28826,Buhol Buhol,Sandwich,,
28834,Pahirapan,Mayonnaise ft I Belong To The Zoo,,
28856,Legendary,Skillet,,
28858,Pressure,The 1975,,
28875,Why Georgia,John Mayer,,
28884,Dyad,Dong Abay,,
28886,Seven Black Roses,Chicosci,,
28888,Before The Worst,The Script,,
28892,Jumpsuit,Twenty One Pilots,,
28935,Oh My My,Blue October,,
28940,Kung 'Di Na Ako,Agsunta,,
28947,Nag-Iisang Ikaw,Aegis,,
28948,Hotel Yorba,The White Stripes,,
28956,What's A Woman,Vaya Con Dios,,
28971,Great Big Storm,Nate Ruess,,
28974,Wild Heart,Daughtry,,
28977,Warning,Incubus,,
28986,Midnight Sky,Miley Cyrus,,
28997,Vie (Sabihin Mo Kung),Nobita,,
28998,Sweet and Low,Augustana,,
29004,Honestly,Stryper,,
29006,Reason,Alamid,,
29028,Faithfully,Peter Cetera,,
29031,The Light,Disturbed,,
29036,What Could Have Been Love,Aerosmith,,
29057,Ang Sa Iyo Ay Akin,Aegis,,
29061,Something In The Way,Nirvana,,
29062,Andito Lang Ako,Five Fifty Myth,,
29063,Left Alone,Blink 182,,
29067,Los Banos,Sugarfree,,
29070,Kumander,Mayonnaise,,
29084,Reyna Prinsesa,Circle Of Willies,,
29143,Lapastangan,St. Wolf,,
29153,Last Resort,Papa Roach,,
29158,Are You Gonna Be My Girl,Jet,,
29161,Like A Knife,Secondhand Serenade,,
29162,The Boston Drama,Typecast,,
29166,Don't Treat Me Bad,Firehouse,,
29171,Hold Me Now,Dan Hill ft Rique Franks,,
29175,King Of Pain,The Police,,
29179,The Healing Power Of Love,Dan Hill,,
29191,Bad Liar,Imagine Dragons,,
29212,Agimat,Kamikazee,,
29221,My Love Is Gone,Steelheart,,
29223,Ayoko Na,The Boss,,
29250,Dulo Ng Hangganan,IV Of Spades,,
29251,Restless Heart,Peter Cetera,,
29255,Pamela,Toto,,
29274,Ang Kutis,Mayonnaise x Barbie Almalbis,,
29277,Dyin' Ain't Much Of A Livin',Jon Bon Jovi,,
29280,Alas Dose,Agsunta,,
29341,In Pieces,Linkin Park,,
29342,Loving You Is Paradise,Firehouse,,
29347,Kiss The Rain,Billie Myers,,
29350,These Days,Foo Fighters,,
29352,Heroes,The Wallflowers,,
29353,Gone Forever,Three Days Grace,,
29358,Inferno,Mrs. Green Apple,,
29413,Ao To Natsu,Mrs. Green Apple,,
29435,Someone To You,Banners,,
29450,Tabi Ng Bulkan,Razorback,,
29458,Plastic Hearts,Miley Cyrus,,
29465,Kahit Kunwari Man Lang,Agsunta and Moira Dela Torre,,
29481,Palsintang Dalaga,Joel Datus,,
29491,I Wanna Take Forever Tonight,Peter Cetera,,
29500,How,Maroon 5,,
29504,Pale Blue Eyes,Velvet Underground,,
29524,Loser,3 Doors Down,,
29532,Self Esteem,The Offspring,,
29533,Unsteady,X Ambassadors,,
29534,All That I've Got,The Used,,
29535,Sleeping With The Light On,Busted,,
29536,Only One,Yellowcard,,
29537,The Kill (Bury Me),30 Seconds To Mars,,
29544,Immaculate,The Wild Swans,,
29545,Park Chaeyoung,Mayonnaise X Chino David X Julia Daniel,,
29558,I Drove All Night,Cyndi Lauper,,
29562,Follow You,Imagine Dragons,,
29568,If You're Too Shy (Let Me Know),The 1975,,
29589,Moving On,Bad Company,,
29591,Heavy Is The Crown,Daughtry,,
29606,Beautiful Mistakes,Maroon 5 ft. Megan Thee Stallion,,
29640,Sabotage,Bebe Rexha,,
29675,Help Is On The Way,tobyMac,,
29686,good 4 U,Olivia Rodrigo,,
29698,Angels Like You,Miley Cyrus,,
29707,Hump Ahead,Cueshe,,
29712,Unstoppable,The Calling,,
29717,Break My Heart Myself,Bebe Rexha ft. Tavis Barker,,
29727,Forever In Blue Jeans,Neil Diamond,,
29746,Leave Before You Love Me,Marshmello x Jonas Brothers,,
29760,Hot Love (A Side),T. Rex,,
29761,TLKDN,St. Wolf,,
29767,Sigurado,Imago,,
29773,Spiderwebs,No Doubt,,
29834,I Wanna Be Sedated,Ramones,,
29857,Blinded By The Light,Manfred Mann's Earth Band,,
29858,Regret,New Order,,
29862,As If My Heart Were Not My Own,Randy Vanwarmer,,
29878,Wait A Minute My Girl,Volbeat,,
29882,Distorted Light Beam,Bastille,,
29903,Run,OneRepublic,,
29907,Rock And Roll Music,Chuck Berry,,
29915,Higher Power,Coldplay,,
29922,Beggin,Maneskin,,
29929,Promise Ain't Enough,Hall & Oates,,
29933,All I Want Is You,U2,,
29941,I'll Never Fall In Love Again,Deacon Blue,,
29945,Play That Song,Train,,
29948,Kayabangan,Mike Hanopol,,
29952,Bakit Ba Ganyan,Imago,,
29954,I'll Stand By You,Carrie Underwood,,
29961,Boston,Juan Karlos,,
29983,Plans,Birds Of Tokyo,,
29985,Weather With You,Crowded House,,
38018,Love Is Always Seventeen,David Gates,,
38115,Stand By Me,Mickey Gilley,,
38131,Ikaw Lang,Nobita,,
38132,Unang Sayaw,Nobita,,
38163,Pretty Girl,Maggie Lindemann,,
38169,Luhang Umaapaw,St. Wolf,,
38211,Enemy,Imagine Dragons x JID,,
38245,Jeremy,Pearl Jam,,
38262,You've Lost That Lovin' Feeling,Daryl Hall,,
38265,Remedy,Maroon 5 ft. Stevie Nicks,,
38276,Nice To Know You,Incubus,,
38289,brutal,Olivia Rodrigo,,
38295,SOS,James Arthur,,
38307,Falling Fast,Avril Lavigne,,
38317,Butterfly Carnival,Sandwich,,
38337,A.I.D.S,Kamikazee,,
38354,From Yesterday,30 Seconds To Mars,,
38356,Feelings,Datus Tribe,,
38371,Di Na Mag-iisa,Nobita,,
38373,Party Doll,Mick Jagger,,
38376,Better Man,Taylor Swift,,
38377,Back In The Saddle,Aerosmith,,
38381,Bodies,Drowning Pool,,
38386,Deja Vu,James Arthur,,
38389,Happy Death Day,Xdinary Heroes,,
38399,Coming Home,Keith Urban ft. Julia Michaels,,
38420,Tequila,The Champs,,
38433,Hush,Deep Purple,,
38441,Birds Fly (Whisper To A Scream),The Icicle Works,,
38460,I Bet You Think About Me,Taylor Swift,,
38467,Oras,Mernuts,,
38500,Something Beautiful,Tom Walker,,
38530,Baliw,True Faith,,
38539,Estranged,Guns N' Roses,,
38545,Pollyanna,Green Day,,
38560,I'm Just A Kid,Simple Plan,,
38563,Boston,Augustana,,
38565,Unstoppable,James Blunt,,
38590,The Lonely Guy,Max Carl,,
38599,Wait a Minute!,Willow Smith,,
38611,Aegis Medley 2,Aegis,,
38615,Ambon,True Faith,,
38622,Cherry Pie,Warrant,,
38625,Take Cover,Mr. Big,,
38626,War of Hearts and Minds,Bamboo,,
38627,Bale Wala,Rocksteddy,,
38642,All I Need Is A Miracle,Mike & The Mechanics,,
38684,How's It Gonna Be,Third Eye Blind,,
38698,Ipagpatawad Mo,Mayonnaise,,
38700,Green-Tinted Sixties Mind,Mr. Big,,
38701,R U Mine?,Arctic Monkeys,,
38702,Showdown,Electric Light Orchestra,,
38705,The Unforgiven II,Metallica,,
38706,Wala Nang Hihilingin,Sugarfree,,
38708,WON'T STAND DOWN,Muse,,
38718,Stand My Ground,Zach Williams,,
38753,Come and Get Your Love,Redbone,,
38756,The First Cut Is The Deepest,Sheryl Crow,,
38796,All Too Well (10 Mins Version),Taylor Swift,,
38807,Make It Shine,Victoria Justice,,
38808,Original Fire,Audioslave,,
38815,When We Die,Bowling For Soup,,
38819,Better Be Home Soon,Crowded House,,
38827,Kings And Queens,Thirty Seconds To Mars,,
38833,Wellerman,Nathan Evans,,
38850,Feel Like Making Love,Bad Company,,
38858,I Ain't Worried,OneRepublic,,
38863,Coloratura,Coldplay,,
38864,Carry On Wayward Son,Kansas,,
38896,Goodbye,LP,,
38906,Let Me Be With You,Jerry Fuller,,
38922,Hold My Hand,Lady Gaga,,
38927,Revelations,Audioslave,,
38931,Fall At Your Feet,Crowded House,,
38933,Jack & Diane,John Mellencamp,,
38949,Do I Wanna Know,Arctic Monkeys,,
38956,Another Man's Jeans,Ashe,,
38976,Ligaw Tingin,Zildjian,,
38996,Can We Still Be Friends,Robert Palmer,,
39004,Totoo,NOBITA,,
39024,Coming Of Age,Damn Yankees,,
39028,SUPERMODEL,Maneskin,,
39029,That Girl,McFly,,
39032,It's Only Rock 'N' Roll (But I Like It),The Rolling Stones,,
39036,Ignorance,Paramore,,
39037,Kono Yakusoku,Typecast,,
39043,Telling Myself,Joshua Bassett,,
39047,Accidentally In Love,Counting Crows,,
39062,Dark Moon,Chris Isaak,,
39095,"Oh, Jo",Magnus Haven,,
39097,Paano Uusad,NOBITA,,
39128,Sharks,Imagine Dragons,,
39132,Be Like That,3 Doors Down,,
39136,Stand,R.E.M.,,q
39137,SUBSTANCE,Demi Lovato,,
39159,Bad Time,Grand Funk Railroad,,
39173,All I Want,Kodaline,,
39207,Love of Mine,Imagine Dragons,,
39217,Cracker Island,Gorillaz ft Thundercat,,
39232,Mahal Kita (ILY),Iktus,,
39237,Don't Pass Me By,Georgia Satellites,,
39240,I WANNA BE YOUR SLAVE,Maneskin,,
39252,This Side Of Paradise,Coyote Theory,,
39253,When I'm Gone,Simple Plan,,
39262,Another Man's Jeans,Ashe,,
39264,Angry Woman,Ashe,,
39269,Hold The Dream,Firehouse,,
39271,Araw,juan karlos,,
39273,Next Week,Moonstar88,,
39319,Sinong Nagsabi,The Miguel Project,,
39325,There'd Better Be A Mirrorball,Arctic Monkeys,,
39335,I'm In Love With You,The 1975,,
39348,curious/furious,WILLOW,,
39349,Everybody Have Fun Tonight,Wang Chung,,
39356,Unstoppable,Disturbed,,
39366,O KAY GANDA,BLASTER,,
39370,I Don't Like Myself,Imagine Dragons,,
39409,SHUT UP,Simple Plan,,
39433,Fallen,Lola Amour,,
39438,Careless Whisper,Seether,,
39441,I'm a Mess,Avril Lavigne with YUNGBLUD,,
39445,29,Demi Lovato,,
39447,Come Back Home,Sofia Carson,,
39455,Cloud 9,Beach Bunny,,
39511,Mercury In Retrograde,Avril Lavigne,,
39517,The Best Is Yet to Come,Tom Walker,,
39518,Body Paint,Arctic Monkeys,,
39530,EDGING,blink-182,,
39533,THE LONELIEST,Maneskin,,
39551,Gabi Man May Araw,Ely Buendia,,
39554,Chosen,Maneskin,,
39555,MAMMAMIA,Maneskin,,
39611,Bihag,EarlySeven,,
39613,Lux Eterna,Metallica,,
39614,Shot Puno,juan karlos,,
39621,Uhaw (Tayong Lahat),Dilaw,,
39623,GOSSIP,Maneskin ft. Tom Morello,,
39686,Face It Alone,Queen,,
39702,Lost,Linkin Park,,
39703,Call Me What You Like,Lovejoy,,
39706,Heaven,Niall Horan,,
39709,Raining Sunshine,Miranda Cosgrove,,
39722,I Wanna Be Yours,Arctic Monkeys,,
39751,Separate Ways,Daughtry ft. Lzzy Hale,,
39765,Still Alive,Demi Lovato,,
39771,Jaded,Miley Cyrus,,
39773,Kalangitan,NOBITA,,
39827,Don't Go Wasting Time,New Hope Club,,
39831,No One Can Break A Heart Like You,Dave Clark Five,,
39846,If Darkness Had a Son,Metallica,,
39889,Seven Days,Sting,,
39896,Could Have Been Me,The Struts,,
39899,Hollow Years,Dream Theater,,
39905,Jumper,Third Eye Blind,,
39907,Overkill,Men at Work,,
39911,Fighting Myself,Linkin Park,,
39918,Funhouse,Pink,,
40004,Tabatha Twitchit,The Dave Clark 5,,
40033,Waiting For A Star To Fall,Boy Meets Girl,,
40061,Walking The Wire,Imagine Dragons,,
40069,What Was,Benson Boone,,
40072,Away From The Sun,3 Doors Down,,
40076,Red Wine Supernova,Chappell Roan,,
40088,bad idea right?,Olivia Rodrigo,,
40137,A Part of Me,Neck Deep,,
40138,Pork and Beans,Weezer,,
40139,Any Way You Want It,Journey,,
40144,Timebomb,WALK THE MOON,,
40181,Perhaps,Guns N' Roses,,
40194,The Show,Niall Horan,,
40208,It's Not Living (If It's Not With You),The 1975,,
40215,Still Waiting,Sum 41,,
40216,Tomorrow Is Closed,Nothing But Thieves,,
40227,Napakasakit,Sanshai,,
40230,Tapusin Na Natin To,juan karlos ft. Paolo Benjamin,,
40238,get him back!,Olivia Rodrigo,,
40249,Treading Water,Sarah Geronimo and Bamboo,,
40250,True Babe,Gwen Stefani,,
40257,Atomic City,U2,,
40261,Children Of The Sky (A Starfield Song),Imagine Dragons,,
40276,ERE,juan karlos,,
40277,Addicted to Romance,Bruce Springsteen,,
40280,Mary On A Cross,Ghost,,
40285,Sweet Sounds Of Heaven,The Rolling Stones ft. Lady Gaga & Stevie Wonder,,
40335,Never There,Sum 41,,
40339,Fat Lip,Sum 41,,
40349,WHAT JUST HAPPENED,The Kid LAROI,,
40384,Your Side of Town,TheKillersMusic,,
40394,Nothing But,Young K,,
40422,OFF MY FACE,Maneskin,,
40471,Notion,The Rare Occasions,,
40476,Fall For You,Secondhand Serenade,,
40484,"No body, No crime",Taylor Swift,,
40493,Remember When Push Rewind,Chris Wallace,,
40497,HONEY (ARE U COMING),Maneskin,,
40528,Change,Kodi Lee,,
40531,Anything,Mayonnaise,,
40550,Sharp Dressed Man,ZZ Top,,
40553,Tayo Na Lang,NOBITA,,
40617,Mother Nature,MGMT,,
40626,Cry,Benson Boone,,
40632,obsessed,Olivia Rodrigo,,
40648,Catching Fire,Sum 41,,
40663,Friendly Fire,Linkin Park,,
40672,Overcompensate,Twenty One Pilots,,
40707,King for a Day,Pierce the Veil,,
40710,Animal I Have Become,Three Days Grace,,
40712,Can We?,Lemmy,,
40727,MINE,CHNDTR,,
40728,Monster,Skillet,,
40738,Take In,Mike And The Mechanics,,
40749,Explode,Mother Mother,,
40773,Tiger,Mayonnaise,,
40775,All The Love That I Ever Needed,James Blunt,,
40776,Angry,The Rolling Stones,,
40789,Nowhere to Run,Kings Of Leon,,
40799,Wasting My Time,Default,,
40804,Dark Matter,Pearl Jam,,
40826,Hahanapin Ko,Aegis,,
40827,Sinners,James Arthur,,
40830,Maybe Maybe,Lola Amour,,
40855,Wake Up,Imagine Dragons,,
40864,Babaero,The BloomFields,,
40938,Island in the Sun,Weezer,,
40949,I Can Do It With A Broken Heart,Taylor Swift,,
40956,Dirty Diana,Michael Jackson,,
40968,KLWKN,Rocksteddy,,
40969,Lonely is the Muse,Halsey,,
40986,Fire,Kitchie Nadal,,
40998,APT,Rose & Bruno Mars,,
41011,Leave A Light On,Papa Roach & Carrie Underwood,,
41030,No One Like You,Scorpions,,
41031,Pain,Three Days Grace,,
41035,Simple and Clean,Utada Hikaru,,
41040,Two Faced,Linkin Park,,
41066,Baby I'm Yours,Arctic Monkeys,,
41068,Walang Iwanan,J Brothers,,
41079,Lights,Journey,,
41094,Bouquet,Gwen Stefani,,
41095,Capricorn,Vampire Weekend,,
41114,I Am The Highway,Audioslave,,
41127,You Know My Name,Chris Cornell,,
41128,with you,Linkin Park,,
41164,Never Gonna Be Alone,Nickelback,,
41165,New Perspective,Panic! At The Disco,,
41169,Paladin Strait,Twenty One Pilots,,
41172,Take Me To The Beach,Imagine Dragons (feat. Ado),,
41177,End Of Beginning,Djo,,
41178,I Still Believe In Us Together,Hiyas,,
41182,Tiramisu Cake,We Are The Night,,
41183,Cough Syrup,Young the Giant,,
41199,Don't Forget Me,Imagine Dragons,,
41214,Alice of the Upper Class,Halsey,,
41220,"Build God, Then We'll Talk",Panic! At The Disco,,
41224,Dare U,"NLE Choppa, Imagine Dragons",,
41225,EVEN IF IT KILLS ME,Papa Roach,,
41266,Celebrate,James Arthur,,
41270,House Of Memories,Panic! At The Disco,,
41316,Hymn to Virgil,Hozier,,
41328,The Night Before,The Black Keys,,
41367,Man In The Moon,Coldplay,,
41379,Hiwaga,Siakol,,
41454,Long Live,Taylor Swift,,
41516,Give It Up,"Victorious Cast ft. Elizabeth Gillies, Ariana Grande",,
41548,Kailan,Ney Dimaculangan & Yeng Constantino,,
41574,In Your Arms,Stanfour,,
41639,Beautiful Journey,Ardhito Pramono,,
41651,Mayakap Kang Muli,Marlo Mortel,,
41660,Silaw,Setsuna,,
41661,Biktima,Chicosci,,
41721,Orange,7!!,,
41744,Master Of Puppets,Metallica,,
41756,Tighten up,The black keys,,
41774,Who Laughs Last,Lord Huron feat. Kristen Stewart,,q
41808,One,Metallica,,
41833,So In Love,The Moffatts,,
41833,So In Love,The Moffatts,,
41861,Bad Honey,Justin Bieber,,
41861,Bad Honey,Justin Bieber,,
41873,Lemonade,Louis Tomlinson,,
41873,Lemonade,Louis Tomlinson,,
41882,Heaven Knows,Skate Avenue PH,,
41882,Heaven Knows,Skate Avenue PH,,
41907,Always,blink-182,,
41934,Tidal Wave,Nickelback,,
41945,Nothing Lasts Forever,Goo Goo Dolls,,
41951,Why,M2M,,
41965,Lucky,KAMIKAZEE,,
41979,Take Me Away,Christina Vidal Mitchell,,
41995,Chevelle,The Red,,
42036,Nasanay Na Ang Puso Ko,Ang Demo,,
42041,In The Air Tonight,Phil Collins,,
